protein_id	gene_id	gene_symbol
FBpp0091078	FBgn0053832	His2A:CG33832
FBpp0423076	FBgn0262170	CG42878
FBpp0082341	FBgn0038189	Art6
FBpp0309543	FBgn0085193	CG34164
FBpp0111270	FBgn0085193	CG34164
FBpp0081342	FBgn0037583	Veneno
FBpp0076005	FBgn0047038	ND-13B
FBpp0078219	FBgn0044324	Chro
FBpp0311928	FBgn0044324	Chro
FBpp0078221	FBgn0044324	Chro
FBpp0078220	FBgn0044324	Chro
FBpp0304363	FBgn0044324	Chro
FBpp0291514	FBgn0038606	CG15803
FBpp0311433	FBgn0038606	CG15803
FBpp0110103	FBgn0083949	side-III
FBpp0304823	FBgn0264443	CG43861
FBpp0304822	FBgn0264443	CG43861
FBpp0311557	FBgn0264443	CG43861
FBpp0304821	FBgn0264443	CG43861
FBpp0301687	FBgn0000153	b
FBpp0080119	FBgn0000153	b
FBpp0309589	FBgn0000153	b
FBpp0085625	FBgn0034487	Efhc1.2
FBpp0082102	FBgn0038054	CG5509
FBpp0088908	FBgn0034405	Jheh2
FBpp0311868	FBgn0034405	Jheh2
FBpp0071652	FBgn0034665	CG4372
FBpp0074177	FBgn0030823	TTLL1A
FBpp0305790	FBgn0035607	CG4835
FBpp0291007	FBgn0004368	Ptp4E
FBpp0291008	FBgn0004368	Ptp4E
FBpp0070692	FBgn0004368	Ptp4E
FBpp0310133	FBgn0004368	Ptp4E
FBpp0310132	FBgn0004368	Ptp4E
FBpp0291010	FBgn0004368	Ptp4E
FBpp0070693	FBgn0004368	Ptp4E
FBpp0076378	FBgn0035906	GstO2
FBpp0076377	FBgn0035906	GstO2
FBpp0084718	FBgn0039612	Nepl19
FBpp0310884	FBgn0266488	CG45087
FBpp0307452	FBgn0031498	CG17260
FBpp0310513	FBgn0031498	CG17260
FBpp0077338	FBgn0031498	CG17260
FBpp0078240	FBgn0037409	Osi24
FBpp0309591	FBgn0034540	Lrt
FBpp0291490	FBgn0034540	Lrt
FBpp0424325	FBgn0038788	Sirt2
FBpp0424326	FBgn0038788	Sirt2
FBpp0305188	FBgn0031282	Pex12
FBpp0077675	FBgn0031282	Pex12
FBpp0080837	FBgn0032835	CG16772
FBpp0312121	FBgn0032835	CG16772
FBpp0070637	FBgn0026079	Nsun2
FBpp0077541	FBgn0026398	Or22a
FBpp0081190	FBgn0004782	Ccp84Ab
FBpp0112564	FBgn0063670	CG40228
FBpp0306003	FBgn0063670	CG40228
FBpp0306004	FBgn0063670	CG40228
FBpp0306002	FBgn0063670	CG40228
FBpp0088148	FBgn0039911	CG1909
FBpp0088149	FBgn0039911	CG1909
FBpp0077278	FBgn0031531	CG8840
FBpp0076423	FBgn0035859	CG13678
FBpp0071097	FBgn0000427	dec
FBpp0301952	FBgn0000427	dec
FBpp0071099	FBgn0000427	dec
FBpp0301548	FBgn0000427	dec
FBpp0301549	FBgn0000427	dec
FBpp0071098	FBgn0000427	dec
FBpp0075005	FBgn0036711	CG13727
FBpp0080997	FBgn0032919	pths
FBpp0075238	FBgn0036580	PDCD-5
FBpp0079248	FBgn0032004	CG8292
FBpp0071879	FBgn0034829	CG9899
FBpp0083297	FBgn0038799	MFS9
FBpp0083296	FBgn0038799	MFS9
FBpp0305672	FBgn0032586	Tpr2
FBpp0305671	FBgn0032586	Tpr2
FBpp0080424	FBgn0032586	Tpr2
FBpp0080423	FBgn0032586	Tpr2
FBpp0305670	FBgn0032586	Tpr2
FBpp0082065	FBgn0029512	Aos1
FBpp0073547	FBgn0052643	CG32643
FBpp0111390	FBgn0085309	CG34280
FBpp0307962	FBgn0039859	Mnat9
FBpp0085227	FBgn0039859	Mnat9
FBpp0072826	FBgn0035358	CG14949
FBpp0077423	FBgn0031441	CG9962
FBpp0080257	FBgn0286027	Rnmt
FBpp0311990	FBgn0039754	CG9747
FBpp0084939	FBgn0039754	CG9747
FBpp0073265	FBgn0030242	sofe
FBpp0312030	FBgn0030242	sofe
FBpp0083851	FBgn0039120	Nup98-96
FBpp0293109	FBgn0039120	Nup98-96
FBpp0306915	FBgn0039120	Nup98-96
FBpp0087603	FBgn0033423	Alp6
FBpp0291295	FBgn0266084	Fhos
FBpp0297585	FBgn0266084	Fhos
FBpp0291739	FBgn0266084	Fhos
FBpp0306020	FBgn0266084	Fhos
FBpp0297587	FBgn0266084	Fhos
FBpp0291740	FBgn0266084	Fhos
FBpp0297586	FBgn0266084	Fhos
FBpp0291296	FBgn0266084	Fhos
FBpp0306021	FBgn0266084	Fhos
FBpp0303450	FBgn0020372	TM4SF
FBpp0099644	FBgn0020372	TM4SF
FBpp0072039	FBgn0020372	TM4SF
FBpp0100162	FBgn0065109	ppk11
FBpp0091062	FBgn0053816	His1:CG33816
FBpp0070949	FBgn0029892	CG3184
FBpp0082137	FBgn0026207	mbo
FBpp0073068	FBgn0003206	Ras64B
FBpp0075687	FBgn0011279	Obp69a
FBpp0312002	FBgn0030829	CG12998
FBpp0074168	FBgn0030829	CG12998
FBpp0076848	FBgn0035600	Cyt-c1
FBpp0297223	FBgn0035600	Cyt-c1
FBpp0291400	FBgn0033087	Hsepi
FBpp0085478	FBgn0033087	Hsepi
FBpp0080101	FBgn0032519	CG16957
FBpp0309564	FBgn0032519	CG16957
FBpp0310239	FBgn0261628	CG42711
FBpp0305110	FBgn0031054	Ssu72
FBpp0074516	FBgn0031054	Ssu72
FBpp0310565	FBgn0031054	Ssu72
FBpp0082873	FBgn0051418	CG31418
FBpp0309025	FBgn0260429	CG42524
FBpp0293255	FBgn0260429	CG42524
FBpp0290076	FBgn0260429	CG42524
FBpp0308566	FBgn0050021	metro
FBpp0113061	FBgn0050021	metro
FBpp0087292	FBgn0050021	metro
FBpp0113062	FBgn0050021	metro
FBpp0302987	FBgn0019968	Khc-73
FBpp0312023	FBgn0019968	Khc-73
FBpp0302988	FBgn0019968	Khc-73
FBpp0302989	FBgn0019968	Khc-73
FBpp0086490	FBgn0019968	Khc-73
FBpp0081047	FBgn0032946	nrv3
FBpp0081046	FBgn0032946	nrv3
FBpp0305547	FBgn0032946	nrv3
FBpp0081048	FBgn0032946	nrv3
FBpp0308456	FBgn0265313	CG44286
FBpp0308457	FBgn0265313	CG44286
FBpp0310840	FBgn0265313	CG44286
FBpp0310839	FBgn0265313	CG44286
FBpp0079864	FBgn0026390	Or33c
FBpp0078739	FBgn0004620	GluRIIA
FBpp0082738	FBgn0038425	CG14881
FBpp0082739	FBgn0038425	CG14881
FBpp0312166	FBgn0036853	mRpL21
FBpp0074789	FBgn0036853	mRpL21
FBpp0305426	FBgn0036853	mRpL21
FBpp0423395	FBgn0286976	Osi10a
FBpp0075970	FBgn0052069	CG32069
FBpp0081175	FBgn0037449	CG15185
FBpp0290422	FBgn0033919	CG8547
FBpp0308989	FBgn0033919	CG8547
FBpp0290421	FBgn0033919	CG8547
FBpp0071037	FBgn0029952	CG12689
FBpp0081985	FBgn0260741	CG3281
FBpp0075895	FBgn0036146	nkt
FBpp0074715	FBgn0029094	asf1
FBpp0291576	FBgn0029094	asf1
FBpp0110074	FBgn0034195	Spn53F
FBpp0301752	FBgn0036730	qjt
FBpp0074985	FBgn0036730	qjt
FBpp0303850	FBgn0029980	Dhdds
FBpp0071083	FBgn0029980	Dhdds
FBpp0075325	FBgn0004591	Eig71Ed
FBpp0080908	FBgn0259998	CG17571
FBpp0311699	FBgn0259998	CG17571
FBpp0076146	FBgn0016081	fry
FBpp0297352	FBgn0016081	fry
FBpp0305992	FBgn0016081	fry
FBpp0297350	FBgn0016081	fry
FBpp0305993	FBgn0016081	fry
FBpp0297351	FBgn0016081	fry
FBpp0290650	FBgn0016081	fry
FBpp0305991	FBgn0016081	fry
FBpp0305898	FBgn0011837	Tis11
FBpp0073516	FBgn0011837	Tis11
FBpp0311375	FBgn0011837	Tis11
FBpp0070372	FBgn0015036	Cyp4ae1
FBpp0077145	FBgn0031606	CG15439
FBpp0075678	FBgn0036310	CG10969
FBpp0300170	FBgn0053325	CG33325
FBpp0111683	FBgn0040799	CG13051
FBpp0099441	FBgn0054030	CG34030
FBpp0304896	FBgn0002945	nkd
FBpp0074806	FBgn0002945	nkd
FBpp0304895	FBgn0002945	nkd
FBpp0081622	FBgn0037762	eloF
FBpp0070954	FBgn0029912	Tmf
FBpp0073725	FBgn0030558	Tat
FBpp0308581	FBgn0030558	Tat
FBpp0428275	FBgn0287599	CG46468
FBpp0302807	FBgn0028475	Hrd3
FBpp0083858	FBgn0028475	Hrd3
FBpp0302854	FBgn0051792	CG31792
FBpp0302855	FBgn0051792	CG31792
FBpp0073017	FBgn0035471	Sc2
FBpp0290906	FBgn0038693	unc79
FBpp0290908	FBgn0038693	unc79
FBpp0310906	FBgn0038693	unc79
FBpp0310905	FBgn0038693	unc79
FBpp0290907	FBgn0038693	unc79
FBpp0070704	FBgn0029724	CG15472
FBpp0304575	FBgn0030230	Rph
FBpp0290773	FBgn0030230	Rph
FBpp0071431	FBgn0030230	Rph
FBpp0304574	FBgn0030230	Rph
FBpp0075631	FBgn0036335	mRpL20
FBpp0080162	FBgn0027929	NimB1
FBpp0301775	FBgn0027929	NimB1
FBpp0086938	FBgn0003527	stil
FBpp0070464	FBgn0283545	vilya
FBpp0071126	FBgn0030029	CG15343
FBpp0402882	FBgn0284231	CG46315
FBpp0402881	FBgn0284231	CG46315
FBpp0309577	FBgn0265836	CG44625
FBpp0300985	FBgn0038744	CG4733
FBpp0310665	FBgn0038744	CG4733
FBpp0290339	FBgn0038744	CG4733
FBpp0300986	FBgn0038744	CG4733
FBpp0304937	FBgn0036950	CG6996
FBpp0291861	FBgn0036950	CG6996
FBpp0083415	FBgn0010770	ppan
FBpp0084847	FBgn0262112	sro
FBpp0071699	FBgn0034705	CG11170
FBpp0309746	FBgn0034705	CG11170
FBpp0309747	FBgn0034705	CG11170
FBpp0302560	FBgn0001255	ImpE3
FBpp0072467	FBgn0035138	CG13884
FBpp0071049	FBgn0260858	Ykt6
FBpp0082056	FBgn0038039	CG5196
FBpp0082057	FBgn0038039	CG5196
FBpp0076686	FBgn0286051	Rexo5
FBpp0076685	FBgn0286051	Rexo5
FBpp0293867	FBgn0028412	Mst33A
FBpp0079856	FBgn0028412	Mst33A
FBpp0079855	FBgn0028412	Mst33A
FBpp0075923	FBgn0036110	Cpr67Fb
FBpp0076444	FBgn0035855	CG7366
FBpp0080968	FBgn0266369	Mtp
FBpp0083284	FBgn0003249	Rh3
FBpp0076538	FBgn0052376	CG32376
FBpp0312436	FBgn0038033	CG10097
FBpp0310759	FBgn0038033	CG10097
FBpp0099966	FBgn0038033	CG10097
FBpp0308733	FBgn0030451	CG15717
FBpp0073554	FBgn0030451	CG15717
FBpp0310939	FBgn0030451	CG15717
FBpp0292073	FBgn0037028	CG3618
FBpp0077929	FBgn0037028	CG3618
FBpp0080044	FBgn0032509	Grx3
FBpp0308417	FBgn0033278	CG14759
FBpp0087873	FBgn0033278	CG14759
FBpp0271924	FBgn0063667	meep
FBpp0078520	FBgn0037276	Ccdc39
FBpp0080926	FBgn0032878	CG9316
FBpp0077597	FBgn0051661	CG31661
FBpp0288957	FBgn0259195	CG42299
FBpp0304447	FBgn0035854	Dhps
FBpp0076418	FBgn0035854	Dhps
FBpp0307747	FBgn0037336	CG2519
FBpp0078408	FBgn0037336	CG2519
FBpp0078409	FBgn0037336	CG2519
FBpp0099432	FBgn0054021	CG34021
FBpp0309600	FBgn0030366	Usp7
FBpp0073474	FBgn0030366	Usp7
FBpp0307436	FBgn0044511	mRpS21
FBpp0082232	FBgn0044511	mRpS21
FBpp0312069	FBgn0052672	Atg8a
FBpp0071427	FBgn0052672	Atg8a
FBpp0312070	FBgn0052672	Atg8a
FBpp0074571	FBgn0086782	amn
FBpp0292387	FBgn0030599	CG9030
FBpp0311202	FBgn0262480	CG43070
FBpp0293358	FBgn0262480	CG43070
FBpp0304847	FBgn0012036	Aldh
FBpp0079406	FBgn0012036	Aldh
FBpp0297194	FBgn0262808	CG43179
FBpp0074254	FBgn0030858	IntS2
FBpp0073066	FBgn0035498	Fit1
FBpp0073065	FBgn0035498	Fit1
FBpp0111350	FBgn0250825	CG34241
FBpp0086725	FBgn0033893	CG18371
FBpp0091051	FBgn0053803	His3:CG33803
FBpp0072659	FBgn0035272	mRpL46
FBpp0087365	FBgn0001122	Galphao
FBpp0087363	FBgn0001122	Galphao
FBpp0087362	FBgn0001122	Galphao
FBpp0087359	FBgn0001122	Galphao
FBpp0089315	FBgn0001122	Galphao
FBpp0089316	FBgn0001122	Galphao
FBpp0087361	FBgn0001122	Galphao
FBpp0087364	FBgn0001122	Galphao
FBpp0087360	FBgn0001122	Galphao
FBpp0305278	FBgn0001122	Galphao
FBpp0083897	FBgn0039135	CG13603
FBpp0309634	FBgn0015524	otp
FBpp0423156	FBgn0015524	otp
FBpp0309636	FBgn0015524	otp
FBpp0288728	FBgn0015524	otp
FBpp0309632	FBgn0015524	otp
FBpp0309637	FBgn0015524	otp
FBpp0110069	FBgn0015524	otp
FBpp0309633	FBgn0015524	otp
FBpp0309635	FBgn0015524	otp
FBpp0303956	FBgn0287585	Pss
FBpp0077872	FBgn0287585	Pss
FBpp0079353	FBgn0032058	CG9289
FBpp0079782	FBgn0032335	CG14915
FBpp0271744	FBgn0013812	Dhc93AB
FBpp0307750	FBgn0013812	Dhc93AB
FBpp0075191	FBgn0036602	CG13042
FBpp0305594	FBgn0035227	Iml1
FBpp0305593	FBgn0035227	Iml1
FBpp0072589	FBgn0035227	Iml1
FBpp0072587	FBgn0035227	Iml1
FBpp0072588	FBgn0035227	Iml1
FBpp0308654	FBgn0265373	CG44314
FBpp0308655	FBgn0265373	CG44314
FBpp0308656	FBgn0265373	CG44314
FBpp0303890	FBgn0264297	CG43775
FBpp0072044	FBgn0034928	CG13562
FBpp0297130	FBgn0034928	CG13562
FBpp0307838	FBgn0031032	CG14204
FBpp0074498	FBgn0031032	CG14204
FBpp0077307	FBgn0015521	RpS21
FBpp0307130	FBgn0015521	RpS21
FBpp0077309	FBgn0015521	RpS21
FBpp0077308	FBgn0015521	RpS21
FBpp0271801	FBgn0015521	RpS21
FBpp0084547	FBgn0039503	CG14262
FBpp0110299	FBgn0000163	baz
FBpp0310322	FBgn0000163	baz
FBpp0310323	FBgn0000163	baz
FBpp0074162	FBgn0000163	baz
FBpp0074513	FBgn0031047	Rcd-1
FBpp0306392	FBgn0031047	Rcd-1
FBpp0074512	FBgn0031047	Rcd-1
FBpp0302615	FBgn0260393	CG17147
FBpp0428257	FBgn0036348	CG17687
FBpp0080327	FBgn0001987	Gli
FBpp0080328	FBgn0001987	Gli
FBpp0310295	FBgn0001987	Gli
FBpp0080326	FBgn0001987	Gli
FBpp0080324	FBgn0001987	Gli
FBpp0085071	FBgn0003720	tll
FBpp0083530	FBgn0038902	CG6800
FBpp0074921	FBgn0036769	Tsp74F
FBpp0074920	FBgn0036769	Tsp74F
FBpp0072538	FBgn0004870	bab1
FBpp0305468	FBgn0004870	bab1
FBpp0305466	FBgn0004870	bab1
FBpp0305467	FBgn0004870	bab1
FBpp0086251	FBgn0016131	Cdk4
FBpp0309069	FBgn0016131	Cdk4
FBpp0311495	FBgn0016131	Cdk4
FBpp0086250	FBgn0016131	Cdk4
FBpp0086249	FBgn0016131	Cdk4
FBpp0075225	FBgn0036599	CG13044
FBpp0073736	FBgn0030563	betaNACtes2
FBpp0297291	FBgn0262855	CG43219
FBpp0422632	FBgn0285938	CG46335
FBpp0290779	FBgn0260870	CG42580
FBpp0304764	FBgn0031170	Abca3
FBpp0304765	FBgn0031170	Abca3
FBpp0297618	FBgn0031170	Abca3
FBpp0424328	FBgn0053143	CG33143
FBpp0309760	FBgn0053143	CG33143
FBpp0309761	FBgn0053143	CG33143
FBpp0071769	FBgn0053143	CG33143
FBpp0110263	FBgn0038435	Gyc89Da
FBpp0110262	FBgn0038435	Gyc89Da
FBpp0293248	FBgn0004901	Prat
FBpp0081261	FBgn0004901	Prat
FBpp0311128	FBgn0035238	CG12104
FBpp0072705	FBgn0035238	CG12104
FBpp0305552	FBgn0035238	CG12104
FBpp0311986	FBgn0039713	RpS8
FBpp0311987	FBgn0039713	RpS8
FBpp0301957	FBgn0039713	RpS8
FBpp0099686	FBgn0039713	RpS8
FBpp0309008	FBgn0033987	ckn
FBpp0086542	FBgn0033987	ckn
FBpp0311861	FBgn0033987	ckn
FBpp0086540	FBgn0033987	ckn
FBpp0311860	FBgn0033987	ckn
FBpp0071021	FBgn0029949	CG15035
FBpp0074380	FBgn0010383	Cyp18a1
FBpp0074381	FBgn0010383	Cyp18a1
FBpp0078666	FBgn0031677	CG14036
FBpp0300568	FBgn0039889	Arl4
FBpp0088220	FBgn0039889	Arl4
FBpp0305833	FBgn0039889	Arl4
FBpp0304934	FBgn0011836	Taf2
FBpp0076090	FBgn0011836	Taf2
FBpp0310654	FBgn0030912	CG6023
FBpp0074351	FBgn0030912	CG6023
FBpp0079519	FBgn0000180	bib
FBpp0303019	FBgn0000180	bib
FBpp0111680	FBgn0085491	CG34462
FBpp0309988	FBgn0029888	ND-ASHI
FBpp0070950	FBgn0029888	ND-ASHI
FBpp0099823	FBgn0029888	ND-ASHI
FBpp0085699	FBgn0034423	tbrd-2
FBpp0311544	FBgn0028953	CG14478
FBpp0311545	FBgn0028953	CG14478
FBpp0086077	FBgn0028953	CG14478
FBpp0086078	FBgn0028953	CG14478
FBpp0310374	FBgn0032685	CG10211
FBpp0080619	FBgn0032685	CG10211
FBpp0289287	FBgn0003984	vn
FBpp0076790	FBgn0003984	vn
FBpp0292248	FBgn0041242	Gr47a
FBpp0070285	FBgn0027793	CG14787
FBpp0079275	FBgn0032039	CG13385
FBpp0310134	FBgn0029740	CG12680
FBpp0289295	FBgn0029740	CG12680
FBpp0081382	FBgn0037591	Or85c
FBpp0074919	FBgn0036770	Prestin
FBpp0082129	FBgn0002719	Men
FBpp0303058	FBgn0002719	Men
FBpp0082130	FBgn0002719	Men
FBpp0080616	FBgn0032680	Ntf-2r
FBpp0079430	FBgn0032126	CG13113
FBpp0085008	FBgn0039774	CDase
FBpp0085011	FBgn0039774	CDase
FBpp0085007	FBgn0039774	CDase
FBpp0085009	FBgn0039774	CDase
FBpp0085010	FBgn0039774	CDase
FBpp0303775	FBgn0039774	CDase
FBpp0072806	FBgn0035355	CG16985
FBpp0087878	FBgn0033279	CG2291
FBpp0308418	FBgn0033279	CG2291
FBpp0289226	FBgn0259700	CG42354
FBpp0301998	FBgn0259700	CG42354
FBpp0301999	FBgn0259700	CG42354
FBpp0301997	FBgn0259700	CG42354
FBpp0289227	FBgn0259700	CG42354
FBpp0289228	FBgn0259700	CG42354
FBpp0074025	FBgn0040207	kat80
FBpp0074026	FBgn0040207	kat80
FBpp0309385	FBgn0040207	kat80
FBpp0303063	FBgn0051221	CG31221
FBpp0083177	FBgn0051221	CG31221
FBpp0083176	FBgn0051221	CG31221
FBpp0071508	FBgn0003891	tud
FBpp0309672	FBgn0003891	tud
FBpp0080373	FBgn0028520	CG4891
FBpp0305859	FBgn0036833	CG3819
FBpp0074815	FBgn0036833	CG3819
FBpp0297296	FBgn0262858	MtnF
FBpp0308281	FBgn0262858	MtnF
FBpp0081318	FBgn0010433	ato
FBpp0298338	FBgn0263113	Cc2d2a
FBpp0293623	FBgn0000414	Dab
FBpp0303223	FBgn0000414	Dab
FBpp0293621	FBgn0000414	Dab
FBpp0305801	FBgn0000414	Dab
FBpp0075077	FBgn0000414	Dab
FBpp0305800	FBgn0000414	Dab
FBpp0293622	FBgn0000414	Dab
FBpp0303222	FBgn0000414	Dab
FBpp0100157	FBgn0010114	hig
FBpp0087687	FBgn0010114	hig
FBpp0087688	FBgn0010114	hig
FBpp0087689	FBgn0010114	hig
FBpp0081084	FBgn0037472	CG10098
FBpp0307229	FBgn0051213	CG31213
FBpp0307228	FBgn0051213	CG31213
FBpp0079288	FBgn0051897	CG31897
FBpp0073501	FBgn0030391	Rab40
FBpp0308873	FBgn0030391	Rab40
FBpp0073502	FBgn0030391	Rab40
FBpp0311010	FBgn0029746	CG15465
FBpp0070710	FBgn0029746	CG15465
FBpp0081946	FBgn0037950	HisCl1
FBpp0089167	FBgn0037950	HisCl1
FBpp0089166	FBgn0037950	HisCl1
FBpp0291040	FBgn0037950	HisCl1
FBpp0289846	FBgn0052457	CG32457
FBpp0289847	FBgn0052457	CG32457
FBpp0290871	FBgn0003598	Su(var)3-7
FBpp0082204	FBgn0003598	Su(var)3-7
FBpp0305743	FBgn0035523	Ctl1
FBpp0073088	FBgn0035523	Ctl1
FBpp0077214	FBgn0031544	CG17593
FBpp0305448	FBgn0031544	CG17593
FBpp0073230	FBgn0035584	CG17030
FBpp0084526	FBgn0011289	TfIIA-L
FBpp0084525	FBgn0011289	TfIIA-L
FBpp0084524	FBgn0011289	TfIIA-L
FBpp0085746	FBgn0034426	AANATL5
FBpp0308492	FBgn0051441	CG31441
FBpp0081831	FBgn0051441	CG31441
FBpp0304433	FBgn0014849	Eig71Ei
FBpp0075327	FBgn0014849	Eig71Ei
FBpp0070045	FBgn0052350	Vps11
FBpp0291511	FBgn0037420	CG15597
FBpp0303600	FBgn0036621	roq
FBpp0075181	FBgn0036621	roq
FBpp0305463	FBgn0036621	roq
FBpp0305380	FBgn0259677	CG42346
FBpp0305379	FBgn0259677	CG42346
FBpp0070114	FBgn0001341	Mybbp1A
FBpp0075455	FBgn0036439	CG13474
FBpp0087737	FBgn0033355	CG13748
FBpp0081088	FBgn0011020	Sas-4
FBpp0077056	FBgn0031194	CG17598
FBpp0305865	FBgn0031194	CG17598
FBpp0073719	FBgn0030552	mRpL38
FBpp0112220	FBgn0039735	Nph
FBpp0084971	FBgn0039735	Nph
FBpp0077651	FBgn0031305	Iris
FBpp0070876	FBgn0000524	dx
FBpp0088481	FBgn0004575	Syn
FBpp0099901	FBgn0004575	Syn
FBpp0088969	FBgn0004575	Syn
FBpp0099902	FBgn0004575	Syn
FBpp0085093	FBgn0039812	CG15548
FBpp0086764	FBgn0033875	CG6357
FBpp0082131	FBgn0002905	PolQ
FBpp0311879	FBgn0284435	tyn
FBpp0099482	FBgn0284435	tyn
FBpp0309064	FBgn0284435	tyn
FBpp0311878	FBgn0284435	tyn
FBpp0309063	FBgn0284435	tyn
FBpp0099481	FBgn0284435	tyn
FBpp0401522	FBgn0023177	Pp4-19C
FBpp0311268	FBgn0023177	Pp4-19C
FBpp0077017	FBgn0023177	Pp4-19C
FBpp0312200	FBgn0023177	Pp4-19C
FBpp0077016	FBgn0023177	Pp4-19C
FBpp0072489	FBgn0028999	nerfin-1
FBpp0086837	FBgn0033830	CG10814
FBpp0080582	FBgn0243486	rdo
FBpp0309203	FBgn0243486	rdo
FBpp0073792	FBgn0030597	Eo
FBpp0080990	FBgn0010395	Itgbn
FBpp0312322	FBgn0010395	Itgbn
FBpp0084082	FBgn0039233	CG7006
FBpp0304053	FBgn0259111	Ndae1
FBpp0304048	FBgn0259111	Ndae1
FBpp0304049	FBgn0259111	Ndae1
FBpp0304052	FBgn0259111	Ndae1
FBpp0288812	FBgn0259111	Ndae1
FBpp0288814	FBgn0259111	Ndae1
FBpp0288813	FBgn0259111	Ndae1
FBpp0304050	FBgn0259111	Ndae1
FBpp0304054	FBgn0259111	Ndae1
FBpp0304051	FBgn0259111	Ndae1
FBpp0084534	FBgn0015737	Hmu
FBpp0113032	FBgn0030830	CG5172
FBpp0113031	FBgn0030830	CG5172
FBpp0306937	FBgn0039198	CG5768
FBpp0306938	FBgn0039198	CG5768
FBpp0428097	FBgn0039198	CG5768
FBpp0289201	FBgn0033000	CG14464
FBpp0311516	FBgn0033000	CG14464
FBpp0111356	FBgn0085276	CG34247
FBpp0085657	FBgn0002716	mei-W68
FBpp0077856	FBgn0036998	CG5969
FBpp0088015	FBgn0033210	U2A
FBpp0078995	FBgn0031869	CG18304
FBpp0297395	FBgn0031869	CG18304
FBpp0304604	FBgn0031869	CG18304
FBpp0304605	FBgn0031869	CG18304
FBpp0072031	FBgn0050177	CG30177
FBpp0078615	FBgn0037227	TwdlV
FBpp0297203	FBgn0262819	CG43190
FBpp0078720	FBgn0003716	tkv
FBpp0078723	FBgn0003716	tkv
FBpp0078722	FBgn0003716	tkv
FBpp0078721	FBgn0003716	tkv
FBpp0308798	FBgn0030872	Ucp4A
FBpp0074238	FBgn0030872	Ucp4A
FBpp0292605	FBgn0030872	Ucp4A
FBpp0070142	FBgn0025620	CG13360
FBpp0070726	FBgn0029747	CG5062
FBpp0072382	FBgn0035107	mri
FBpp0312194	FBgn0035107	mri
FBpp0072383	FBgn0035107	mri
FBpp0308603	FBgn0032873	CG2614
FBpp0080918	FBgn0032873	CG2614
FBpp0081216	FBgn0010282	TfIIFalpha
FBpp0310242	FBgn0030435	CG4645
FBpp0073525	FBgn0030435	CG4645
FBpp0312048	FBgn0030435	CG4645
FBpp0075848	FBgn0052087	CG32087
FBpp0070622	FBgn0029705	CG12693
FBpp0088127	FBgn0015038	Cyp9b1
FBpp0070745	FBgn0029770	CG4151
FBpp0311777	FBgn0029770	CG4151
FBpp0271906	FBgn0035770	pst
FBpp0304977	FBgn0035770	pst
FBpp0271907	FBgn0035770	pst
FBpp0289271	FBgn0259728	CG42382
FBpp0082752	FBgn0038445	CG14891
FBpp0100168	FBgn0260454	CG17139
FBpp0289590	FBgn0051262	CG31262
FBpp0291992	FBgn0051262	CG31262
FBpp0289330	FBgn0051262	CG31262
FBpp0291993	FBgn0051262	CG31262
FBpp0293587	FBgn0039492	CG6051
FBpp0112209	FBgn0039492	CG6051
FBpp0308371	FBgn0039492	CG6051
FBpp0293414	FBgn0015774	NetB
FBpp0291228	FBgn0015774	NetB
FBpp0303986	FBgn0015774	NetB
FBpp0073757	FBgn0015774	NetB
FBpp0293415	FBgn0015774	NetB
FBpp0291227	FBgn0015774	NetB
FBpp0291226	FBgn0015774	NetB
FBpp0310543	FBgn0040968	CG14933
FBpp0079858	FBgn0040968	CG14933
FBpp0309502	FBgn0016919	nompB
FBpp0290395	FBgn0016919	nompB
FBpp0290963	FBgn0260971	CG42594
FBpp0311747	FBgn0260971	CG42594
FBpp0311748	FBgn0260971	CG42594
FBpp0113023	FBgn0250732	gfzf
FBpp0290855	FBgn0250732	gfzf
FBpp0306732	FBgn0250732	gfzf
FBpp0100006	FBgn0036799	CG13380
FBpp0305091	FBgn0036799	CG13380
FBpp0310871	FBgn0036799	CG13380
FBpp0305858	FBgn0036825	RpL26
FBpp0074833	FBgn0036825	RpL26
FBpp0312574	FBgn0036825	RpL26
FBpp0309887	FBgn0034841	atlas
FBpp0071910	FBgn0034841	atlas
FBpp0080250	FBgn0032551	CG18636
FBpp0288570	FBgn0036235	CG6938
FBpp0303204	FBgn0036235	CG6938
FBpp0305742	FBgn0263605	l(3)72Dn
FBpp0075239	FBgn0263605	l(3)72Dn
FBpp0289296	FBgn0029962	CARPA
FBpp0310005	FBgn0029962	CARPA
FBpp0401602	FBgn0263654	CG43645
FBpp0296980	FBgn0262719	CG43163
FBpp0300832	FBgn0262719	CG43163
FBpp0076861	FBgn0004380	Klp64D
FBpp0288562	FBgn0035545	CG12607
FBpp0306087	FBgn0035545	CG12607
FBpp0073158	FBgn0035545	CG12607
FBpp0312389	FBgn0035976	PGRP-LC
FBpp0290987	FBgn0035976	PGRP-LC
FBpp0422539	FBgn0035976	PGRP-LC
FBpp0289518	FBgn0035976	PGRP-LC
FBpp0300668	FBgn0035976	PGRP-LC
FBpp0422538	FBgn0035976	PGRP-LC
FBpp0088998	FBgn0035976	PGRP-LC
FBpp0088492	FBgn0035976	PGRP-LC
FBpp0088491	FBgn0035976	PGRP-LC
FBpp0289519	FBgn0035976	PGRP-LC
FBpp0072263	FBgn0035004	Pgam5-2
FBpp0073178	FBgn0052243	CG32243
FBpp0311387	FBgn0037703	Kdm3
FBpp0081541	FBgn0037703	Kdm3
FBpp0072389	FBgn0035111	Dis3l2
FBpp0072388	FBgn0035111	Dis3l2
FBpp0086165	FBgn0086350	tef
FBpp0075948	FBgn0036141	wls
FBpp0075947	FBgn0036141	wls
FBpp0071528	FBgn0020306	dom
FBpp0309691	FBgn0020306	dom
FBpp0071530	FBgn0020306	dom
FBpp0071529	FBgn0020306	dom
FBpp0085913	FBgn0040465	Dlip3
FBpp0271796	FBgn0266757	mfr
FBpp0271797	FBgn0266757	mfr
FBpp0271795	FBgn0266757	mfr
FBpp0271793	FBgn0266757	mfr
FBpp0271799	FBgn0266757	mfr
FBpp0271794	FBgn0266757	mfr
FBpp0271798	FBgn0266757	mfr
FBpp0077674	FBgn0086130	Dbp21E2
FBpp0074633	FBgn0036942	CG7328
FBpp0081138	FBgn0000439	Dfd
FBpp0082328	FBgn0016672	Ipp
FBpp0312455	FBgn0037186	CG11241
FBpp0078188	FBgn0037186	CG11241
FBpp0112101	FBgn0037186	CG11241
FBpp0293356	FBgn0262478	CG43068
FBpp0085710	FBgn0034439	CG10062
FBpp0306125	FBgn0034439	CG10062
FBpp0306124	FBgn0034439	CG10062
FBpp0112365	FBgn0053181	CG33181
FBpp0305350	FBgn0053181	CG33181
FBpp0112366	FBgn0053181	CG33181
FBpp0112367	FBgn0053181	CG33181
FBpp0112364	FBgn0053181	CG33181
FBpp0305349	FBgn0053181	CG33181
FBpp0308858	FBgn0053181	CG33181
FBpp0112363	FBgn0053181	CG33181
FBpp0081291	FBgn0037552	CG7800
FBpp0077793	FBgn0025686	Amnionless
FBpp0303497	FBgn0025686	Amnionless
FBpp0289382	FBgn0259817	SteXh:CG42398
FBpp0309822	FBgn0031772	CG13994
FBpp0078819	FBgn0031772	CG13994
FBpp0289473	FBgn0259933	Dpm2
FBpp0307868	FBgn0033442	CG1690
FBpp0087580	FBgn0033442	CG1690
FBpp0087137	FBgn0033652	ths
FBpp0293164	FBgn0033652	ths
FBpp0080183	FBgn0003255	rk
FBpp0071279	FBgn0014868	Ost48
FBpp0071889	FBgn0034821	CG9876
FBpp0080148	FBgn0004406	PolG1
FBpp0087253	FBgn0033623	CG13202
FBpp0084699	FBgn0039613	Nepl20
FBpp0086332	FBgn0034099	CG15708
FBpp0081270	FBgn0037519	CG3014
FBpp0310945	FBgn0037519	CG3014
FBpp0072724	FBgn0035300	acs
FBpp0088798	FBgn0053459	CG33459
FBpp0112997	FBgn0039311	CG10513
FBpp0306576	FBgn0038100	Paip2
FBpp0082161	FBgn0038100	Paip2
FBpp0070054	FBgn0053502	CG33502
FBpp0073866	FBgn0030663	CG8117
FBpp0091066	FBgn0053820	His2A:CG33820
FBpp0297200	FBgn0262813	CG43184
FBpp0072885	FBgn0035372	CG12093
FBpp0085100	FBgn0261395	Prosalpha3T
FBpp0311950	FBgn0045827	CG13245
FBpp0080360	FBgn0045827	CG13245
FBpp0304528	FBgn0045827	CG13245
FBpp0077683	FBgn0031289	CG13950
FBpp0402782	FBgn0031289	CG13950
FBpp0290126	FBgn0037464	Mst84B
FBpp0290127	FBgn0037464	Mst84B
FBpp0081147	FBgn0037464	Mst84B
FBpp0304858	FBgn0264449	CG43867
FBpp0304855	FBgn0264449	CG43867
FBpp0304859	FBgn0264449	CG43867
FBpp0304853	FBgn0264449	CG43867
FBpp0304861	FBgn0264449	CG43867
FBpp0310016	FBgn0264449	CG43867
FBpp0304854	FBgn0264449	CG43867
FBpp0310017	FBgn0264449	CG43867
FBpp0310015	FBgn0264449	CG43867
FBpp0304860	FBgn0264449	CG43867
FBpp0289635	FBgn0053329	Sp212
FBpp0309922	FBgn0259950	CG42460
FBpp0289522	FBgn0259950	CG42460
FBpp0077540	FBgn0040719	CG15357
FBpp0305223	FBgn0040719	CG15357
FBpp0112958	FBgn0029837	Tsp5D
FBpp0070853	FBgn0029837	Tsp5D
FBpp0303596	FBgn0029837	Tsp5D
FBpp0075223	FBgn0036590	CG13065
FBpp0086294	FBgn0034118	Nup62
FBpp0309066	FBgn0034118	Nup62
FBpp0297777	FBgn0263025	HSPBAP1
FBpp0111941	FBgn0031893	MICU1
FBpp0079033	FBgn0031893	MICU1
FBpp0075736	FBgn0000594	Est-P
FBpp0305013	FBgn0264472	CG43880
FBpp0099632	FBgn0085432	pan
FBpp0088228	FBgn0085432	pan
FBpp0099631	FBgn0085432	pan
FBpp0301556	FBgn0085432	pan
FBpp0088226	FBgn0085432	pan
FBpp0111569	FBgn0085432	pan
FBpp0306416	FBgn0085432	pan
FBpp0088229	FBgn0085432	pan
FBpp0300839	FBgn0085432	pan
FBpp0087254	FBgn0050025	CG30025
FBpp0070468	FBgn0003996	w
FBpp0083185	FBgn0289122	Ino80
FBpp0292781	FBgn0030876	Srx
FBpp0292780	FBgn0030876	Srx
FBpp0074266	FBgn0030876	Srx
FBpp0292779	FBgn0030876	Srx
FBpp0309279	FBgn0051793	CG31793
FBpp0080682	FBgn0051793	CG31793
FBpp0302598	FBgn0033313	Cirl
FBpp0293618	FBgn0033313	Cirl
FBpp0302596	FBgn0033313	Cirl
FBpp0302597	FBgn0033313	Cirl
FBpp0293619	FBgn0033313	Cirl
FBpp0290577	FBgn0033313	Cirl
FBpp0288551	FBgn0033313	Cirl
FBpp0293617	FBgn0033313	Cirl
FBpp0075249	FBgn0263603	Zn72D
FBpp0302718	FBgn0263603	Zn72D
FBpp0305489	FBgn0263603	Zn72D
FBpp0302719	FBgn0263603	Zn72D
FBpp0075248	FBgn0263603	Zn72D
FBpp0305488	FBgn0263603	Zn72D
FBpp0076932	FBgn0261675	Npc1b
FBpp0300864	FBgn0039595	AstA-R2
FBpp0307766	FBgn0039595	AstA-R2
FBpp0084685	FBgn0039595	AstA-R2
FBpp0070170	FBgn0014903	CG14630
FBpp0305275	FBgn0033683	CG18343
FBpp0087090	FBgn0033683	CG18343
FBpp0303432	FBgn0283451	br
FBpp0304572	FBgn0283451	br
FBpp0289658	FBgn0283451	br
FBpp0070256	FBgn0283451	br
FBpp0428402	FBgn0283451	br
FBpp0070255	FBgn0283451	br
FBpp0292597	FBgn0283451	br
FBpp0070251	FBgn0283451	br
FBpp0289657	FBgn0283451	br
FBpp0428199	FBgn0283451	br
FBpp0070253	FBgn0283451	br
FBpp0292595	FBgn0283451	br
FBpp0289656	FBgn0283451	br
FBpp0300638	FBgn0283451	br
FBpp0070252	FBgn0283451	br
FBpp0292596	FBgn0283451	br
FBpp0087217	FBgn0033608	CG13220
FBpp0304694	FBgn0033608	CG13220
FBpp0311451	FBgn0039904	Hcf
FBpp0298368	FBgn0039904	Hcf
FBpp0088194	FBgn0039904	Hcf
FBpp0306551	FBgn0039904	Hcf
FBpp0088195	FBgn0039904	Hcf
FBpp0086539	FBgn0033985	CG10257
FBpp0071958	FBgn0034837	RpL22-like
FBpp0301714	FBgn0263647	CG43638
FBpp0084084	FBgn0039238	CG7016
FBpp0087978	FBgn0033187	PIG-G
FBpp0112865	FBgn0085693	CG41562
FBpp0290495	FBgn0038204	CG14357
FBpp0310370	FBgn0051788	CG31788
FBpp0080609	FBgn0051788	CG31788
FBpp0071380	FBgn0030195	CG2898
FBpp0081662	FBgn0037794	CG6254
FBpp0086435	FBgn0034049	bdg
FBpp0086434	FBgn0034049	bdg
FBpp0309031	FBgn0034049	bdg
FBpp0086433	FBgn0034049	bdg
FBpp0312593	FBgn0051064	CG31064
FBpp0308356	FBgn0051064	CG31064
FBpp0084496	FBgn0051064	CG31064
FBpp0308355	FBgn0051064	CG31064
FBpp0084494	FBgn0051064	CG31064
FBpp0084495	FBgn0051064	CG31064
FBpp0074511	FBgn0031045	CG14212
FBpp0290827	FBgn0029157	ssh
FBpp0290828	FBgn0029157	ssh
FBpp0084175	FBgn0029157	ssh
FBpp0084174	FBgn0029157	ssh
FBpp0305198	FBgn0035488	CG11593
FBpp0113001	FBgn0035488	CG11593
FBpp0073111	FBgn0035508	CG15005
FBpp0075301	FBgn0036499	CG7276
FBpp0082843	FBgn0051265	CG31265
FBpp0080097	FBgn0032524	Hacd2
FBpp0084838	FBgn0039670	CG7567
FBpp0112348	FBgn0052425	CG32425
FBpp0077862	FBgn0052425	CG32425
FBpp0077860	FBgn0052425	CG32425
FBpp0077861	FBgn0052425	CG32425
FBpp0077863	FBgn0052425	CG32425
FBpp0076303	FBgn0035924	CG6576
FBpp0076265	FBgn0011206	bol
FBpp0076268	FBgn0011206	bol
FBpp0076266	FBgn0011206	bol
FBpp0289689	FBgn0011206	bol
FBpp0311234	FBgn0011206	bol
FBpp0076267	FBgn0011206	bol
FBpp0304242	FBgn0011206	bol
FBpp0428497	FBgn0011206	bol
FBpp0428496	FBgn0011206	bol
FBpp0080411	FBgn0001994	crp
FBpp0310368	FBgn0001994	crp
FBpp0080016	FBgn0032476	CG5439
FBpp0078979	FBgn0031877	Hmgcl
FBpp0310331	FBgn0031877	Hmgcl
FBpp0088514	FBgn0034274	CG10931
FBpp0087831	FBgn0033297	Mal-A8
FBpp0308317	FBgn0265201	CG44261
FBpp0081319	FBgn0037562	Nazo
FBpp0304122	FBgn0004198	ct
FBpp0293664	FBgn0004198	ct
FBpp0071026	FBgn0004198	ct
FBpp0087493	FBgn0033483	egr
FBpp0087494	FBgn0033483	egr
FBpp0075275	FBgn0263601	mib1
FBpp0305755	FBgn0263601	mib1
FBpp0311668	FBgn0053548	SmydA-8
FBpp0309624	FBgn0053548	SmydA-8
FBpp0070405	FBgn0053548	SmydA-8
FBpp0070406	FBgn0053548	SmydA-8
FBpp0081384	FBgn0037608	mRpL19
FBpp0087850	FBgn0050364	hubl
FBpp0308447	FBgn0050364	hubl
FBpp0074109	FBgn0030795	ppk28
FBpp0311515	FBgn0033788	CG13323
FBpp0086910	FBgn0033788	CG13323
FBpp0111787	FBgn0264490	Eip93F
FBpp0303410	FBgn0264490	Eip93F
FBpp0083567	FBgn0264490	Eip93F
FBpp0085006	FBgn0039769	CG15534
FBpp0301588	FBgn0262144	CG42870
FBpp0291142	FBgn0004514	Oct-TyrR
FBpp0078132	FBgn0004514	Oct-TyrR
FBpp0083793	FBgn0039058	VhaAC39-2
FBpp0110084	FBgn0083943	CG34107
FBpp0081735	FBgn0037816	CG6345
FBpp0070784	FBgn0029816	CG12729
FBpp0085113	FBgn0039811	CG15550
FBpp0074331	FBgn0022355	Tsf1
FBpp0312205	FBgn0022355	Tsf1
FBpp0079728	FBgn0032303	CG6508
FBpp0084292	FBgn0051380	CG31380
FBpp0072040	FBgn0034920	CG5597
FBpp0071862	FBgn0034803	CG9849
FBpp0292026	FBgn0034803	CG9849
FBpp0077151	FBgn0031598	Vps53
FBpp0087646	FBgn0033376	CG8777
FBpp0302609	FBgn0036608	CG13040
FBpp0075189	FBgn0036608	CG13040
FBpp0289897	FBgn0025835	CG17707
FBpp0309058	FBgn0025835	CG17707
FBpp0089281	FBgn0027111	miple1
FBpp0072405	FBgn0027111	miple1
FBpp0302564	FBgn0027111	miple1
FBpp0099867	FBgn0013263	Trl
FBpp0089415	FBgn0013263	Trl
FBpp0089419	FBgn0013263	Trl
FBpp0089416	FBgn0013263	Trl
FBpp0099866	FBgn0013263	Trl
FBpp0089418	FBgn0013263	Trl
FBpp0305259	FBgn0013263	Trl
FBpp0089411	FBgn0013263	Trl
FBpp0089417	FBgn0013263	Trl
FBpp0305260	FBgn0013263	Trl
FBpp0084825	FBgn0042213	CG18731
FBpp0308773	FBgn0042213	CG18731
FBpp0112090	FBgn0036681	Obp73a
FBpp0402791	FBgn0036681	Obp73a
FBpp0291294	FBgn0034083	lbk
FBpp0086796	FBgn0033855	link
FBpp0083603	FBgn0038946	rdhB
FBpp0302621	FBgn0038946	rdhB
FBpp0077620	FBgn0031302	CG14340
FBpp0071886	FBgn0041236	Gr59d
FBpp0111659	FBgn0085472	CG34443
FBpp0072287	FBgn0035070	CG3650
FBpp0072065	FBgn0002791	mr
FBpp0303964	FBgn0010762	simj
FBpp0075993	FBgn0010762	simj
FBpp0075992	FBgn0010762	simj
FBpp0303963	FBgn0010762	simj
FBpp0075991	FBgn0010762	simj
FBpp0080395	FBgn0025678	CaBP1
FBpp0311643	FBgn0025678	CaBP1
FBpp0076438	FBgn0035866	Arl5
FBpp0077426	FBgn0031434	insv
FBpp0311169	FBgn0031434	insv
FBpp0087964	FBgn0033232	CG12159
FBpp0087963	FBgn0033232	CG12159
FBpp0305465	FBgn0052479	Usp10
FBpp0305464	FBgn0052479	Usp10
FBpp0072486	FBgn0052479	Usp10
FBpp0073221	FBgn0035569	CG15876
FBpp0308008	FBgn0032587	CG5953
FBpp0080431	FBgn0032587	CG5953
FBpp0290367	FBgn0032587	CG5953
FBpp0080430	FBgn0032587	CG5953
FBpp0306205	FBgn0027594	drpr
FBpp0301579	FBgn0027594	drpr
FBpp0306204	FBgn0027594	drpr
FBpp0306203	FBgn0027594	drpr
FBpp0072680	FBgn0027594	drpr
FBpp0072681	FBgn0027594	drpr
FBpp0428080	FBgn0038705	CG11626
FBpp0112159	FBgn0038705	CG11626
FBpp0091118	FBgn0053873	His4:CG33873
FBpp0079751	FBgn0032329	Art8
FBpp0288839	FBgn0039479	CG14257
FBpp0304091	FBgn0039479	CG14257
FBpp0071546	FBgn0050393	CG30393
FBpp0304478	FBgn0015221	Fer2LCH
FBpp0084987	FBgn0015221	Fer2LCH
FBpp0084988	FBgn0015221	Fer2LCH
FBpp0304477	FBgn0015221	Fer2LCH
FBpp0084986	FBgn0015221	Fer2LCH
FBpp0311574	FBgn0032085	CG9555
FBpp0079362	FBgn0032085	CG9555
FBpp0071526	FBgn0034618	CG9485
FBpp0071527	FBgn0034618	CG9485
FBpp0302010	FBgn0034618	CG9485
FBpp0289623	FBgn0034618	CG9485
FBpp0071525	FBgn0034618	CG9485
FBpp0289624	FBgn0034618	CG9485
FBpp0288637	FBgn0026874	CG13358
FBpp0087453	FBgn0033497	CG12912
FBpp0308516	FBgn0033497	CG12912
FBpp0312223	FBgn0034201	CG17290
FBpp0086141	FBgn0034201	CG17290
FBpp0306776	FBgn0039504	CG14260
FBpp0084527	FBgn0039504	CG14260
FBpp0082363	FBgn0038211	CG9649
FBpp0072006	FBgn0034894	sigmar
FBpp0072005	FBgn0034894	sigmar
FBpp0072007	FBgn0034894	sigmar
FBpp0076142	FBgn0040475	SH3PX1
FBpp0428109	FBgn0030889	CG15373
FBpp0428110	FBgn0030889	CG15373
FBpp0071545	FBgn0034612	CG10505
FBpp0079693	FBgn0051871	CG31871
FBpp0072215	FBgn0035025	uri
FBpp0076635	FBgn0002775	msl-3
FBpp0071032	FBgn0029961	Ir7a
FBpp0091105	FBgn0053859	His2A:CG33859
FBpp0083557	FBgn0045469	Gr93c
FBpp0070629	FBgn0029700	CG15576
FBpp0308549	FBgn0024836	stan
FBpp0087309	FBgn0024836	stan
FBpp0289805	FBgn0024836	stan
FBpp0303451	FBgn0024836	stan
FBpp0292315	FBgn0024836	stan
FBpp0293438	FBgn0024836	stan
FBpp0293439	FBgn0024836	stan
FBpp0070249	FBgn0025381	rush
FBpp0308661	FBgn0025381	rush
FBpp0311894	FBgn0267050	CG45494
FBpp0300911	FBgn0045073	Stim
FBpp0073955	FBgn0045073	Stim
FBpp0292600	FBgn0045073	Stim
FBpp0311355	FBgn0045073	Stim
FBpp0078237	FBgn0037406	Osi1
FBpp0288959	FBgn0259231	CCKLR-17D1
FBpp0079339	FBgn0052983	CG32983
FBpp0074461	FBgn0030998	CG14195
FBpp0310190	FBgn0030998	CG14195
FBpp0080491	FBgn0032595	CG17996
FBpp0075961	FBgn0052072	Elo68alpha
FBpp0076831	FBgn0035627	Sse
FBpp0310729	FBgn0038747	RhoGAP92B
FBpp0310727	FBgn0038747	RhoGAP92B
FBpp0310730	FBgn0038747	RhoGAP92B
FBpp0083230	FBgn0038747	RhoGAP92B
FBpp0310728	FBgn0038747	RhoGAP92B
FBpp0071016	FBgn0040923	CG11368
FBpp0089100	FBgn0015754	Lis-1
FBpp0086379	FBgn0015754	Lis-1
FBpp0086375	FBgn0015754	Lis-1
FBpp0293289	FBgn0015754	Lis-1
FBpp0075306	FBgn0028377	gdl-ORF39
FBpp0303533	FBgn0264672	Eogt
FBpp0077447	FBgn0264672	Eogt
FBpp0292478	FBgn0261849	CG42781
FBpp0080700	FBgn0086445	l(2)37Cd
FBpp0311409	FBgn0038387	blp
FBpp0082657	FBgn0038387	blp
FBpp0080096	FBgn0032525	Hsp60D
FBpp0080095	FBgn0032525	Hsp60D
FBpp0088344	FBgn0016930	Dyrk2
FBpp0089219	FBgn0016930	Dyrk2
FBpp0089218	FBgn0016930	Dyrk2
FBpp0307879	FBgn0016930	Dyrk2
FBpp0099870	FBgn0016930	Dyrk2
FBpp0099869	FBgn0016930	Dyrk2
FBpp0302965	FBgn0016930	Dyrk2
FBpp0311722	FBgn0034565	CG15650
FBpp0071483	FBgn0034565	CG15650
FBpp0082543	FBgn0051301	CG31301
FBpp0083776	FBgn0004882	orb
FBpp0290706	FBgn0004882	orb
FBpp0083777	FBgn0004882	orb
FBpp0083778	FBgn0004882	orb
FBpp0306565	FBgn0004882	orb
FBpp0099607	FBgn0004882	orb
FBpp0099606	FBgn0004882	orb
FBpp0297935	FBgn0032026	CG7627
FBpp0079228	FBgn0032026	CG7627
FBpp0074607	FBgn0036967	SCCRO4
FBpp0305010	FBgn0036967	SCCRO4
FBpp0074606	FBgn0036967	SCCRO4
FBpp0310634	FBgn0036967	SCCRO4
FBpp0080731	FBgn0032727	Bhmt
FBpp0311159	FBgn0032727	Bhmt
FBpp0311160	FBgn0032727	Bhmt
FBpp0308393	FBgn0011746	ana
FBpp0289728	FBgn0011746	ana
FBpp0087642	FBgn0011746	ana
FBpp0311619	FBgn0026089	CG14817
FBpp0070349	FBgn0026089	CG14817
FBpp0088103	FBgn0033134	Tsp42El
FBpp0070859	FBgn0015818	Spx
FBpp0076700	FBgn0020642	Lcp65Ac
FBpp0087308	FBgn0033541	CG12934
FBpp0308548	FBgn0033541	CG12934
FBpp0077124	FBgn0053003	CG33003
FBpp0288510	FBgn0053003	CG33003
FBpp0305868	FBgn0030703	MSBP
FBpp0290813	FBgn0030703	MSBP
FBpp0073959	FBgn0030703	MSBP
FBpp0073253	FBgn0030258	CG1552
FBpp0073252	FBgn0030258	CG1552
FBpp0312029	FBgn0030258	CG1552
FBpp0091119	FBgn0053874	His2B:CG33874
FBpp0300876	FBgn0029881	pigs
FBpp0310031	FBgn0029881	pigs
FBpp0070909	FBgn0029881	pigs
FBpp0076199	FBgn0036005	pall
FBpp0080467	FBgn0040261	Ugt37E1
FBpp0081245	FBgn0051472	sgll
FBpp0081244	FBgn0051472	sgll
FBpp0084991	FBgn0039767	CG2218
FBpp0308287	FBgn0039767	CG2218
FBpp0085095	FBgn0016123	Alp4
FBpp0085096	FBgn0016123	Alp4
FBpp0081446	FBgn0037654	CG11983
FBpp0307730	FBgn0037654	CG11983
FBpp0309277	FBgn0030742	CG9919
FBpp0074015	FBgn0030742	CG9919
FBpp0072037	FBgn0034919	CG5569
FBpp0072038	FBgn0011236	ken
FBpp0072893	FBgn0024194	rasp
FBpp0306442	FBgn0003134	Pp1alpha-96A
FBpp0084026	FBgn0003134	Pp1alpha-96A
FBpp0070134	FBgn0086368	tw
FBpp0307386	FBgn0086368	tw
FBpp0073740	FBgn0030555	Fbxl4
FBpp0305574	FBgn0036262	Miox
FBpp0288569	FBgn0036262	Miox
FBpp0086640	FBgn0019938	Polr1A
FBpp0072072	FBgn0283494	Ak2
FBpp0099419	FBgn0054008	CG34008
FBpp0075532	FBgn0036390	CG13738
FBpp0310797	FBgn0266434	CG45064
FBpp0083774	FBgn0039071	bb8
FBpp0083044	FBgn0038612	cona
FBpp0079498	FBgn0032156	CG13124
FBpp0290089	FBgn0032156	CG13124
FBpp0290088	FBgn0032156	CG13124
FBpp0290090	FBgn0032156	CG13124
FBpp0079497	FBgn0032156	CG13124
FBpp0290091	FBgn0032156	CG13124
FBpp0290092	FBgn0032156	CG13124
FBpp0288636	FBgn0032156	CG13124
FBpp0290093	FBgn0032156	CG13124
FBpp0308687	FBgn0029067	Dd
FBpp0076921	FBgn0029067	Dd
FBpp0308686	FBgn0029067	Dd
FBpp0071832	FBgn0050259	CG30259
FBpp0082464	FBgn0028662	VhaPPA1-1
FBpp0300391	FBgn0028662	VhaPPA1-1
FBpp0090974	FBgn0053557	CG33557
FBpp0110319	FBgn0083985	CG34149
FBpp0112399	FBgn0083985	CG34149
FBpp0077293	FBgn0031515	CG9664
FBpp0077292	FBgn0031515	CG9664
FBpp0294026	FBgn0031515	CG9664
FBpp0077294	FBgn0031515	CG9664
FBpp0071884	FBgn0034825	Gpdh2
FBpp0296947	FBgn0039257	tnc
FBpp0296948	FBgn0039257	tnc
FBpp0072243	FBgn0035041	CG13594
FBpp0310100	FBgn0035041	CG13594
FBpp0309070	FBgn0034143	CG8303
FBpp0309071	FBgn0034143	CG8303
FBpp0077486	FBgn0051679	Tengl3
FBpp0076792	FBgn0040239	bc10
FBpp0087803	FBgn0033322	CG8584
FBpp0074210	FBgn0030841	CG8568
FBpp0083338	FBgn0051199	CG31199
FBpp0307420	FBgn0051016	CG31016
FBpp0290184	FBgn0051016	CG31016
FBpp0072927	FBgn0035436	CG12016
FBpp0072928	FBgn0035436	CG12016
FBpp0304557	FBgn0013467	igl
FBpp0086495	FBgn0013467	igl
FBpp0086494	FBgn0013467	igl
FBpp0301282	FBgn0001224	Hsp23
FBpp0076181	FBgn0001224	Hsp23
FBpp0289997	FBgn0035333	CG1317
FBpp0072779	FBgn0035333	CG1317
FBpp0311656	FBgn0035333	CG1317
FBpp0084782	FBgn0039639	Alg13
FBpp0302640	FBgn0033312	CG8642
FBpp0073382	FBgn0030319	CG2533
FBpp0085688	FBgn0261456	hpo
FBpp0304253	FBgn0261456	hpo
FBpp0088172	FBgn0039914	mav
FBpp0081658	FBgn0051477	ATPsynepsilonL
FBpp0305957	FBgn0051477	ATPsynepsilonL
FBpp0112320	FBgn0051477	ATPsynepsilonL
FBpp0086196	FBgn0004784	inaC
FBpp0072562	FBgn0035205	Ctr9
FBpp0072561	FBgn0035205	Ctr9
FBpp0081076	FBgn0017456	Ubc84D
FBpp0304156	FBgn0035160	hng3
FBpp0072497	FBgn0035160	hng3
FBpp0423055	FBgn0039485	Jhbp11
FBpp0423054	FBgn0039485	Jhbp11
FBpp0076104	FBgn0036009	Or67a
FBpp0086957	FBgn0033762	ZnT49B
FBpp0086958	FBgn0033762	ZnT49B
FBpp0089395	FBgn0005655	PCNA
FBpp0085619	FBgn0005655	PCNA
FBpp0309718	FBgn0031690	CG7742
FBpp0312111	FBgn0031690	CG7742
FBpp0078725	FBgn0031690	CG7742
FBpp0309717	FBgn0031690	CG7742
FBpp0086453	FBgn0050080	CG30080
FBpp0291709	FBgn0050080	CG30080
FBpp0290195	FBgn0030882	Gss1
FBpp0290192	FBgn0030882	Gss1
FBpp0290193	FBgn0030882	Gss1
FBpp0309327	FBgn0030882	Gss1
FBpp0290196	FBgn0030882	Gss1
FBpp0290191	FBgn0030882	Gss1
FBpp0290194	FBgn0030882	Gss1
FBpp0078133	FBgn0037149	CG14561
FBpp0306231	FBgn0037149	CG14561
FBpp0303135	FBgn0001085	fz
FBpp0075485	FBgn0001085	fz
FBpp0072228	FBgn0015040	Cyp9c1
FBpp0073225	FBgn0046793	CG32236
FBpp0073556	FBgn0052645	CG32645
FBpp0083029	FBgn0038584	mTerf5
FBpp0081014	FBgn0051626	CG31626
FBpp0081015	FBgn0051626	CG31626
FBpp0293082	FBgn0030797	CG13004
FBpp0111909	FBgn0030797	CG13004
FBpp0300888	FBgn0030797	CG13004
FBpp0074125	FBgn0030797	CG13004
FBpp0079565	FBgn0004419	me31B
FBpp0079566	FBgn0004419	me31B
FBpp0290540	FBgn0259876	Cap-G
FBpp0288780	FBgn0259876	Cap-G
FBpp0079123	FBgn0014454	Acp1
FBpp0311858	FBgn0264911	CG44102
FBpp0311857	FBgn0264911	CG44102
FBpp0080781	FBgn0032788	CG13084
FBpp0087880	FBgn0033275	CG14756
FBpp0290743	FBgn0035255	RabX5
FBpp0074933	FBgn0036756	Cln3
FBpp0305846	FBgn0036756	Cln3
FBpp0082884	FBgn0038512	CG14330
FBpp0071118	FBgn0030027	CG1632
FBpp0298283	FBgn0030027	CG1632
FBpp0297357	FBgn0262114	RanBPM
FBpp0303464	FBgn0262114	RanBPM
FBpp0087357	FBgn0262114	RanBPM
FBpp0312425	FBgn0262114	RanBPM
FBpp0087358	FBgn0262114	RanBPM
FBpp0099887	FBgn0262114	RanBPM
FBpp0085986	FBgn0034296	CG10912
FBpp0079900	FBgn0261266	zuc
FBpp0076123	FBgn0036029	CG16719
FBpp0078166	FBgn0037170	Trxr2
FBpp0073050	FBgn0045479	Gr64a
FBpp0070536	FBgn0029649	CG4116
FBpp0304770	FBgn0029649	CG4116
FBpp0306575	FBgn0004573	5-HT7
FBpp0085108	FBgn0004573	5-HT7
FBpp0076372	FBgn0035916	GAPsec
FBpp0075650	FBgn0052109	CG32109
FBpp0308351	FBgn0039152	Root
FBpp0293091	FBgn0039152	Root
FBpp0308352	FBgn0039152	Root
FBpp0081273	FBgn0042102	CG18745
FBpp0311859	FBgn0033551	CG7222
FBpp0087318	FBgn0033551	CG7222
FBpp0291634	FBgn0034662	CG13492
FBpp0311840	FBgn0053497	Sdic2
FBpp0089016	FBgn0053497	Sdic2
FBpp0311841	FBgn0053497	Sdic2
FBpp0082100	FBgn0286507	vrs
FBpp0086074	FBgn0034218	CG18467
FBpp0070467	FBgn0040356	CG12498
FBpp0084316	FBgn0051089	CG31089
FBpp0072999	FBgn0040694	CG14974
FBpp0312388	FBgn0040694	CG14974
FBpp0078927	FBgn0028467	Ube4A
FBpp0083974	FBgn0001230	Hsp68
FBpp0083238	FBgn0243511	psidin
FBpp0085297	FBgn0032972	CG10834
FBpp0300320	FBgn0261507	CG42655
FBpp0306037	FBgn0035953	CG5087
FBpp0076247	FBgn0035953	CG5087
FBpp0111387	FBgn0085307	CG34278
FBpp0083138	FBgn0038660	Sgsh
FBpp0070793	FBgn0029819	Usp30
FBpp0310141	FBgn0029819	Usp30
FBpp0074501	FBgn0285947	RpS10b
FBpp0074500	FBgn0285947	RpS10b
FBpp0300512	FBgn0285947	RpS10b
FBpp0310720	FBgn0285947	RpS10b
FBpp0071131	FBgn0030026	sni
FBpp0311239	FBgn0030026	sni
FBpp0073264	FBgn0030245	CG1637
FBpp0073263	FBgn0030245	CG1637
FBpp0308868	FBgn0030245	CG1637
FBpp0312076	FBgn0030245	CG1637
FBpp0073262	FBgn0030245	CG1637
FBpp0086600	FBgn0033960	CG10151
FBpp0086602	FBgn0033960	CG10151
FBpp0288372	FBgn0033960	CG10151
FBpp0086601	FBgn0033960	CG10151
FBpp0289380	FBgn0263780	CG17684
FBpp0306782	FBgn0263780	CG17684
FBpp0080383	FBgn0028897	CG4935
FBpp0288720	FBgn0043854	slam
FBpp0311179	FBgn0043854	slam
FBpp0073819	FBgn0030625	CG5877
FBpp0309378	FBgn0030625	CG5877
FBpp0073818	FBgn0030625	CG5877
FBpp0290777	FBgn0020251	sfl
FBpp0076677	FBgn0020251	sfl
FBpp0428487	FBgn0020251	sfl
FBpp0428498	FBgn0020251	sfl
FBpp0071835	FBgn0020257	Ppa
FBpp0309766	FBgn0020257	Ppa
FBpp0303282	FBgn0020257	Ppa
FBpp0070904	FBgn0029877	CG17717
FBpp0070905	FBgn0029877	CG17717
FBpp0311613	FBgn0034753	CG2852
FBpp0071844	FBgn0034753	CG2852
FBpp0423123	FBgn0037171	CG14459
FBpp0423124	FBgn0037171	CG14459
FBpp0072023	FBgn0034876	wmd
FBpp0112025	FBgn0034876	wmd
FBpp0289362	FBgn0053236	Ste:CG33236
FBpp0082618	FBgn0038353	CG5399
FBpp0306144	FBgn0038353	CG5399
FBpp0074847	FBgn0025807	Rad9
FBpp0111830	FBgn0025807	Rad9
FBpp0081462	FBgn0037672	sage
FBpp0312049	FBgn0037672	sage
FBpp0078935	FBgn0031854	TTLL3A
FBpp0289035	FBgn0259221	ATP8A
FBpp0289034	FBgn0259221	ATP8A
FBpp0297637	FBgn0259221	ATP8A
FBpp0289037	FBgn0259221	ATP8A
FBpp0289039	FBgn0259221	ATP8A
FBpp0289040	FBgn0259221	ATP8A
FBpp0289041	FBgn0259221	ATP8A
FBpp0289033	FBgn0259221	ATP8A
FBpp0289032	FBgn0259221	ATP8A
FBpp0289043	FBgn0259221	ATP8A
FBpp0292219	FBgn0259221	ATP8A
FBpp0289042	FBgn0259221	ATP8A
FBpp0289036	FBgn0259221	ATP8A
FBpp0289038	FBgn0259221	ATP8A
FBpp0306213	FBgn0037142	CG14562
FBpp0078125	FBgn0037142	CG14562
FBpp0084419	FBgn0039449	CG6425
FBpp0070360	FBgn0040395	Unc-76
FBpp0305897	FBgn0040395	Unc-76
FBpp0305896	FBgn0040395	Unc-76
FBpp0070361	FBgn0040395	Unc-76
FBpp0077069	FBgn0031620	CG11929
FBpp0309911	FBgn0031620	CG11929
FBpp0084965	FBgn0039740	ZIPIC
FBpp0082043	FBgn0010040	GstD4
FBpp0304680	FBgn0031529	CG9662
FBpp0077282	FBgn0031529	CG9662
FBpp0303052	FBgn0263982	CG43731
FBpp0297295	FBgn0003187	qua
FBpp0080549	FBgn0003187	qua
FBpp0080550	FBgn0003187	qua
FBpp0075717	FBgn0036282	Smyd4-2
FBpp0078533	FBgn0040466	Dlip2
FBpp0071420	FBgn0030217	CG2124
FBpp0298044	FBgn0053914	CG33914
FBpp0298045	FBgn0053914	CG33914
FBpp0081641	FBgn0266720	Snap24
FBpp0304951	FBgn0260795	NaPi-III
FBpp0290653	FBgn0260795	NaPi-III
FBpp0428198	FBgn0287590	CG46460
FBpp0081534	FBgn0037679	Aduk
FBpp0081533	FBgn0037679	Aduk
FBpp0075232	FBgn0036592	CG13049
FBpp0423046	FBgn0038084	beat-Vc
FBpp0087681	FBgn0033400	CG2063
FBpp0086420	FBgn0053462	CG33462
FBpp0083984	FBgn0286199	shps
FBpp0303292	FBgn0263994	CG43737
FBpp0303291	FBgn0263994	CG43737
FBpp0291013	FBgn0260996	CG42597
FBpp0291661	FBgn0051784	CG31784
FBpp0073526	FBgn0030434	Brms1
FBpp0074126	FBgn0030793	Rai1
FBpp0080118	FBgn0001965	Sos
FBpp0087712	FBgn0033375	Ctu1
FBpp0076522	FBgn0035817	CG7409
FBpp0290362	FBgn0035944	CG5021
FBpp0076241	FBgn0035944	CG5021
FBpp0076240	FBgn0035944	CG5021
FBpp0290363	FBgn0035944	CG5021
FBpp0086159	FBgn0010591	Sply
FBpp0086158	FBgn0010591	Sply
FBpp0292057	FBgn0047334	BG642312
FBpp0110067	FBgn0047334	BG642312
FBpp0308847	FBgn0265455	CG44355
FBpp0303839	FBgn0036801	MYPT-75D
FBpp0303838	FBgn0036801	MYPT-75D
FBpp0303837	FBgn0036801	MYPT-75D
FBpp0074816	FBgn0036801	MYPT-75D
FBpp0074349	FBgn0004957	por
FBpp0302628	FBgn0004957	por
FBpp0305446	FBgn0004957	por
FBpp0091165	FBgn0053927	CG33927
FBpp0088643	FBgn0030657	cerv
FBpp0312001	FBgn0030657	cerv
FBpp0301753	FBgn0030657	cerv
FBpp0073256	FBgn0021742	C901
FBpp0289951	FBgn0265574	Cdc5
FBpp0072468	FBgn0265574	Cdc5
FBpp0312347	FBgn0267411	CG45764
FBpp0296944	FBgn0262717	Skel
FBpp0296943	FBgn0262717	Skel
FBpp0296946	FBgn0262717	Skel
FBpp0296945	FBgn0262717	Skel
FBpp0301778	FBgn0023541	Cyp4d14
FBpp0070410	FBgn0023541	Cyp4d14
FBpp0302811	FBgn0032253	LManI
FBpp0079632	FBgn0032253	LManI
FBpp0423288	FBgn0263376	CG43428
FBpp0082991	FBgn0038589	CG18598
FBpp0088053	FBgn0025185	az2
FBpp0111313	FBgn0085234	CG34205
FBpp0085844	FBgn0034330	BomS4
FBpp0085015	FBgn0039779	PH4alphaSG2
FBpp0087956	FBgn0033236	CG14764
FBpp0293657	FBgn0033236	CG14764
FBpp0308273	FBgn0033236	CG14764
FBpp0078362	FBgn0046222	Wdr33
FBpp0078363	FBgn0046222	Wdr33
FBpp0078561	FBgn0263594	lost
FBpp0081376	FBgn0000447	Dhod
FBpp0289671	FBgn0000447	Dhod
FBpp0072975	FBgn0266582	ND-30
FBpp0085847	FBgn0040735	BomT2
FBpp0078565	FBgn0037250	CG1074
FBpp0084902	FBgn0039697	Etfb
FBpp0084901	FBgn0039697	Etfb
FBpp0082086	FBgn0038007	Cyp313a3
FBpp0087256	FBgn0010425	epsilonTry
FBpp0070709	FBgn0029745	Rpn13R
FBpp0089367	FBgn0028875	nAChRalpha5
FBpp0301601	FBgn0028875	nAChRalpha5
FBpp0423154	FBgn0028875	nAChRalpha5
FBpp0289821	FBgn0028875	nAChRalpha5
FBpp0074259	FBgn0267967	corolla
FBpp0309488	FBgn0267967	corolla
FBpp0084209	FBgn0051437	CG31437
FBpp0296964	FBgn0032643	GCS2beta
FBpp0080551	FBgn0032643	GCS2beta
FBpp0075857	FBgn0036196	CG11658
FBpp0075859	FBgn0036196	CG11658
FBpp0075856	FBgn0036196	CG11658
FBpp0075855	FBgn0036196	CG11658
FBpp0075858	FBgn0036196	CG11658
FBpp0077376	FBgn0031466	CG3119
FBpp0077375	FBgn0031466	CG3119
FBpp0074559	FBgn0031065	CG14234
FBpp0423190	FBgn0031065	CG14234
FBpp0423139	FBgn0031065	CG14234
FBpp0084347	FBgn0039405	PIG-P
FBpp0100103	FBgn0053460	CG33460
FBpp0074668	FBgn0036925	schuy
FBpp0113029	FBgn0011693	Pdh
FBpp0075184	FBgn0011693	Pdh
FBpp0113028	FBgn0011693	Pdh
FBpp0075185	FBgn0011693	Pdh
FBpp0428493	FBgn0013717	not
FBpp0312097	FBgn0013717	not
FBpp0288698	FBgn0013717	not
FBpp0084307	FBgn0039357	CG4743
FBpp0084210	FBgn0039335	Vps33B
FBpp0304864	FBgn0001092	Gapdh2
FBpp0073922	FBgn0001092	Gapdh2
FBpp0079052	FBgn0031886	Nuf2
FBpp0085341	FBgn0286511	Pld
FBpp0085343	FBgn0286511	Pld
FBpp0085339	FBgn0286511	Pld
FBpp0112984	FBgn0286511	Pld
FBpp0307592	FBgn0286511	Pld
FBpp0085340	FBgn0286511	Pld
FBpp0081304	FBgn0001138	grn
FBpp0303221	FBgn0001138	grn
FBpp0289317	FBgn0001138	grn
FBpp0091150	FBgn0053905	His4:CG33905
FBpp0073651	FBgn0020909	Rtc1
FBpp0290532	FBgn0026438	Eaat2
FBpp0077707	FBgn0026438	Eaat2
FBpp0290531	FBgn0026438	Eaat2
FBpp0075246	FBgn0266724	Trs20
FBpp0070884	FBgn0003655	swa
FBpp0311568	FBgn0259201	CG42305
FBpp0288964	FBgn0259201	CG42305
FBpp0288965	FBgn0259201	CG42305
FBpp0288761	FBgn0000392	cup
FBpp0312102	FBgn0000392	cup
FBpp0072598	FBgn0052319	Naa30B
FBpp0290809	FBgn0003392	shi
FBpp0089279	FBgn0003392	shi
FBpp0089277	FBgn0003392	shi
FBpp0073928	FBgn0003392	shi
FBpp0309359	FBgn0003392	shi
FBpp0110335	FBgn0003392	shi
FBpp0305866	FBgn0003392	shi
FBpp0290810	FBgn0003392	shi
FBpp0073929	FBgn0003392	shi
FBpp0089280	FBgn0003392	shi
FBpp0089278	FBgn0003392	shi
FBpp0110336	FBgn0003392	shi
FBpp0290812	FBgn0003392	shi
FBpp0290811	FBgn0003392	shi
FBpp0305867	FBgn0003392	shi
FBpp0072282	FBgn0035065	CG3589
FBpp0078472	FBgn0037298	CG2604
FBpp0078471	FBgn0037298	CG2604
FBpp0078470	FBgn0037298	CG2604
FBpp0076777	FBgn0035657	alphaKap4
FBpp0074821	FBgn0036811	MED11
FBpp0076691	FBgn0004619	GluRIA
FBpp0079790	FBgn0040211	hgo
FBpp0308725	FBgn0264741	CG43999
FBpp0308724	FBgn0264741	CG43999
FBpp0311476	FBgn0027296	temp
FBpp0070398	FBgn0027296	temp
FBpp0100177	FBgn0013675	mt:CoII
FBpp0086402	FBgn0034061	Ufc1
FBpp0303351	FBgn0052813	CG32813
FBpp0309603	FBgn0052813	CG32813
FBpp0070213	FBgn0052813	CG32813
FBpp0303350	FBgn0052813	CG32813
FBpp0309605	FBgn0052813	CG32813
FBpp0070210	FBgn0052813	CG32813
FBpp0303352	FBgn0052813	CG32813
FBpp0309604	FBgn0052813	CG32813
FBpp0428179	FBgn0052813	CG32813
FBpp0303349	FBgn0052813	CG32813
FBpp0073686	FBgn0000173	ben
FBpp0298297	FBgn0000173	ben
FBpp0305067	FBgn0000173	ben
FBpp0305066	FBgn0000173	ben
FBpp0289793	FBgn0000173	ben
FBpp0070685	FBgn0029730	boil
FBpp0293281	FBgn0032981	CG3635
FBpp0289157	FBgn0032981	CG3635
FBpp0390645	FBgn0261844	pre-mod(mdg4)-V
FBpp0401570	FBgn0261844	pre-mod(mdg4)-V
FBpp0292470	FBgn0261844	pre-mod(mdg4)-V
FBpp0073826	FBgn0026428	HDAC6
FBpp0073827	FBgn0026428	HDAC6
FBpp0290988	FBgn0026428	HDAC6
FBpp0303431	FBgn0026428	HDAC6
FBpp0298372	FBgn0026428	HDAC6
FBpp0298373	FBgn0026428	HDAC6
FBpp0073825	FBgn0026428	HDAC6
FBpp0301756	FBgn0050115	GEFmeso
FBpp0309333	FBgn0050115	GEFmeso
FBpp0289650	FBgn0050115	GEFmeso
FBpp0084895	FBgn0039705	Atg16
FBpp0084896	FBgn0039705	Atg16
FBpp0084894	FBgn0039705	Atg16
FBpp0308289	FBgn0039705	Atg16
FBpp0305283	FBgn0033636	tou
FBpp0087196	FBgn0033636	tou
FBpp0087193	FBgn0033636	tou
FBpp0111979	FBgn0033636	tou
FBpp0305284	FBgn0033636	tou
FBpp0084078	FBgn0039229	Saf-B
FBpp0352253	FBgn0039229	Saf-B
FBpp0352254	FBgn0039229	Saf-B
FBpp0304085	FBgn0039229	Saf-B
FBpp0423070	FBgn0053645	CG33645
FBpp0075526	FBgn0052133	Ptip
FBpp0070657	FBgn0029719	CG15473
FBpp0072954	FBgn0035426	CG12078
FBpp0300408	FBgn0035426	CG12078
FBpp0080180	FBgn0028872	CG18095
FBpp0292334	FBgn0028872	CG18095
FBpp0310279	FBgn0028872	CG18095
FBpp0307811	FBgn0265084	CG44195
FBpp0077272	FBgn0053281	CG33281
FBpp0081193	FBgn0004778	Ccp84Af
FBpp0076340	FBgn0010431	mtrm
FBpp0080280	FBgn0024183	vig
FBpp0080279	FBgn0024183	vig
FBpp0080278	FBgn0024183	vig
FBpp0080277	FBgn0024183	vig
FBpp0089310	FBgn0010909	msn
FBpp0089312	FBgn0010909	msn
FBpp0305557	FBgn0010909	msn
FBpp0305556	FBgn0010909	msn
FBpp0305555	FBgn0010909	msn
FBpp0305554	FBgn0010909	msn
FBpp0089311	FBgn0010909	msn
FBpp0072830	FBgn0010909	msn
FBpp0077501	FBgn0004507	Glyp
FBpp0099923	FBgn0004507	Glyp
FBpp0289480	FBgn0038571	CG7215
FBpp0099676	FBgn0038571	CG7215
FBpp0291531	FBgn0260659	CG42542
FBpp0290326	FBgn0260659	CG42542
FBpp0290323	FBgn0260659	CG42542
FBpp0291530	FBgn0260659	CG42542
FBpp0290324	FBgn0260659	CG42542
FBpp0290325	FBgn0260659	CG42542
FBpp0288666	FBgn0030289	GCS1
FBpp0298826	FBgn0030289	GCS1
FBpp0084191	FBgn0039306	RIOK2
FBpp0082040	FBgn0038017	CG4115
FBpp0075250	FBgn0036570	IntS9
FBpp0305572	FBgn0058160	CG40160
FBpp0291018	FBgn0058160	CG40160
FBpp0112536	FBgn0058160	CG40160
FBpp0291017	FBgn0058160	CG40160
FBpp0291016	FBgn0058160	CG40160
FBpp0291011	FBgn0058160	CG40160
FBpp0291851	FBgn0261555	CG42673
FBpp0291850	FBgn0261555	CG42673
FBpp0291849	FBgn0261555	CG42673
FBpp0074074	FBgn0264077	Cnx14D
FBpp0271804	FBgn0050088	CG30088
FBpp0085716	FBgn0040273	Spt5
FBpp0070275	FBgn0025393	CG14795
FBpp0083554	FBgn0038909	CG6569
FBpp0306902	FBgn0038909	CG6569
FBpp0083553	FBgn0038909	CG6569
FBpp0112175	FBgn0038909	CG6569
FBpp0297250	FBgn0000320	eya
FBpp0078964	FBgn0000320	eya
FBpp0078963	FBgn0000320	eya
FBpp0082118	FBgn0038072	CG6225
FBpp0112137	FBgn0038072	CG6225
FBpp0075794	FBgn0036237	viaf
FBpp0071502	FBgn0034599	hng1
FBpp0084131	FBgn0015240	Hr96
FBpp0303836	FBgn0052199	CG32199
FBpp0290238	FBgn0053203	CG33203
FBpp0303334	FBgn0053203	CG33203
FBpp0290239	FBgn0053203	CG33203
FBpp0072404	FBgn0035122	mRpL17
FBpp0302563	FBgn0035122	mRpL17
FBpp0080486	FBgn0000406	Cyt-b5-r
FBpp0304264	FBgn0000406	Cyt-b5-r
FBpp0085012	FBgn0039776	PH4alphaEFB
FBpp0084505	FBgn0039481	Cpr97Eb
FBpp0292831	FBgn0261996	CG42814
FBpp0292931	FBgn0262036	CG42847
FBpp0301958	FBgn0067861	Sdic1
FBpp0088559	FBgn0067861	Sdic1
FBpp0070172	FBgn0040398	CG14629
FBpp0303873	FBgn0030058	CG11294
FBpp0071169	FBgn0030058	CG11294
FBpp0112129	FBgn0037842	CG6567
FBpp0089000	FBgn0053493	CG33493
FBpp0303966	FBgn0053493	CG33493
FBpp0312543	FBgn0259212	cno
FBpp0306932	FBgn0259212	cno
FBpp0289752	FBgn0259212	cno
FBpp0306934	FBgn0259212	cno
FBpp0288987	FBgn0259212	cno
FBpp0306933	FBgn0259212	cno
FBpp0306931	FBgn0259212	cno
FBpp0288988	FBgn0259212	cno
FBpp0082568	FBgn0026634	Cog2
FBpp0086228	FBgn0015584	Acp53Ea
FBpp0076435	FBgn0035871	BI-1
FBpp0076434	FBgn0035871	BI-1
FBpp0071810	FBgn0034788	CG13532
FBpp0072675	FBgn0035270	CG13933
FBpp0305103	FBgn0035270	CG13933
FBpp0079667	FBgn0003751	trk
FBpp0305523	FBgn0041210	HDAC4
FBpp0300800	FBgn0041210	HDAC4
FBpp0290513	FBgn0041210	HDAC4
FBpp0073629	FBgn0041210	HDAC4
FBpp0305526	FBgn0041210	HDAC4
FBpp0305524	FBgn0041210	HDAC4
FBpp0305525	FBgn0041210	HDAC4
FBpp0290514	FBgn0041210	HDAC4
FBpp0073981	FBgn0030680	CG8944
FBpp0083244	FBgn0038772	mdlc
FBpp0087994	FBgn0050495	CG30495
FBpp0307928	FBgn0050495	CG30495
FBpp0087918	FBgn0033229	CG12822
FBpp0087917	FBgn0033229	CG12822
FBpp0293855	FBgn0037262	MED31
FBpp0311426	FBgn0037262	MED31
FBpp0078497	FBgn0037262	MED31
FBpp0078496	FBgn0037262	MED31
FBpp0307562	FBgn0037262	MED31
FBpp0081650	FBgn0027524	CG3909
FBpp0304525	FBgn0004242	Syt1
FBpp0310442	FBgn0004242	Syt1
FBpp0077410	FBgn0004242	Syt1
FBpp0304523	FBgn0004242	Syt1
FBpp0311487	FBgn0004242	Syt1
FBpp0077412	FBgn0004242	Syt1
FBpp0304524	FBgn0004242	Syt1
FBpp0077411	FBgn0004242	Syt1
FBpp0304558	FBgn0264377	CG43829
FBpp0073599	FBgn0030477	dmrt11E
FBpp0073029	FBgn0035476	CG12766
FBpp0070533	FBgn0029648	CG3603
FBpp0304769	FBgn0029648	CG3603
FBpp0390653	FBgn0267648	pre-mod(mdg4)-G
FBpp0312472	FBgn0267648	pre-mod(mdg4)-G
FBpp0312346	FBgn0267490	Mst77Y-4
FBpp0300615	FBgn0017545	RpS3A
FBpp0088243	FBgn0017545	RpS3A
FBpp0088242	FBgn0017545	RpS3A
FBpp0082950	FBgn0038549	Nnk
FBpp0084001	FBgn0039199	CG13615
FBpp0303939	FBgn0035959	CG4911
FBpp0311506	FBgn0035959	CG4911
FBpp0076269	FBgn0035959	CG4911
FBpp0301083	FBgn0263387	CG43439
FBpp0305642	FBgn0035308	CG15822
FBpp0305643	FBgn0035308	CG15822
FBpp0305641	FBgn0035308	CG15822
FBpp0290055	FBgn0035308	CG15822
FBpp0082383	FBgn0038221	IFT54
FBpp0082259	FBgn0038157	CG12538
FBpp0072278	FBgn0035057	CG3880
FBpp0080129	FBgn0012037	Ance
FBpp0310259	FBgn0012037	Ance
FBpp0080130	FBgn0012037	Ance
FBpp0076116	FBgn0036022	CG8329
FBpp0309663	FBgn0029174	Fkbp59
FBpp0079468	FBgn0029174	Fkbp59
FBpp0084291	FBgn0051093	CG31093
FBpp0086664	FBgn0033916	Usp20-33
FBpp0070159	FBgn0029539	CG11663
FBpp0301850	FBgn0029539	CG11663
FBpp0085582	FBgn0034491	Hsl
FBpp0085583	FBgn0034491	Hsl
FBpp0085584	FBgn0034491	Hsl
FBpp0070750	FBgn0029778	RhoGAP5A
FBpp0070751	FBgn0029778	RhoGAP5A
FBpp0085702	FBgn0034429	AANATL4
FBpp0306976	FBgn0051313	CG31313
FBpp0082441	FBgn0051313	CG31313
FBpp0306975	FBgn0051313	CG31313
FBpp0076452	FBgn0040290	RecQ4
FBpp0071938	FBgn0028497	Mtmr6
FBpp0071937	FBgn0028497	Mtmr6
FBpp0111853	FBgn0028497	Mtmr6
FBpp0309332	FBgn0085419	Rgk2
FBpp0111545	FBgn0085419	Rgk2
FBpp0071683	FBgn0034706	CG11275
FBpp0071791	FBgn0034776	CG13527
FBpp0308966	FBgn0034776	CG13527
FBpp0077763	FBgn0031217	Creld
FBpp0303486	FBgn0031217	Creld
FBpp0289504	FBgn0034187	Mov10
FBpp0289505	FBgn0034187	Mov10
FBpp0311454	FBgn0283478	und
FBpp0079462	FBgn0283478	und
FBpp0307472	FBgn0283478	und
FBpp0306707	FBgn0001208	Hn
FBpp0306708	FBgn0001208	Hn
FBpp0099602	FBgn0001208	Hn
FBpp0076523	FBgn0001208	Hn
FBpp0073369	FBgn0004370	Ptp10D
FBpp0303419	FBgn0004370	Ptp10D
FBpp0271743	FBgn0004370	Ptp10D
FBpp0303418	FBgn0004370	Ptp10D
FBpp0303420	FBgn0004370	Ptp10D
FBpp0303823	FBgn0004370	Ptp10D
FBpp0297949	FBgn0263094	CG43362
FBpp0291372	FBgn0031879	uif
FBpp0297917	FBgn0031879	uif
FBpp0308723	FBgn0031879	uif
FBpp0288558	FBgn0031879	uif
FBpp0297916	FBgn0031879	uif
FBpp0297915	FBgn0031879	uif
FBpp0075457	FBgn0027375	RecQ5
FBpp0075458	FBgn0027375	RecQ5
FBpp0099768	FBgn0027375	RecQ5
FBpp0080872	FBgn0032847	Taf13
FBpp0290404	FBgn0036516	CG7656
FBpp0289558	FBgn0036516	CG7656
FBpp0075345	FBgn0036516	CG7656
FBpp0304405	FBgn0036516	CG7656
FBpp0076317	FBgn0035928	CG13310
FBpp0071695	FBgn0283480	Alp2
FBpp0289454	FBgn0259922	Skadu
FBpp0300905	FBgn0004924	Top1
FBpp0309379	FBgn0004924	Top1
FBpp0073822	FBgn0004924	Top1
FBpp0073823	FBgn0004924	Top1
FBpp0099689	FBgn0004924	Top1
FBpp0071808	FBgn0010078	RpL23
FBpp0300851	FBgn0263289	scrib
FBpp0300850	FBgn0263289	scrib
FBpp0300849	FBgn0263289	scrib
FBpp0307490	FBgn0263289	scrib
FBpp0300844	FBgn0263289	scrib
FBpp0307489	FBgn0263289	scrib
FBpp0300845	FBgn0263289	scrib
FBpp0300853	FBgn0263289	scrib
FBpp0300848	FBgn0263289	scrib
FBpp0300847	FBgn0263289	scrib
FBpp0300855	FBgn0263289	scrib
FBpp0307488	FBgn0263289	scrib
FBpp0300858	FBgn0263289	scrib
FBpp0300857	FBgn0263289	scrib
FBpp0300846	FBgn0263289	scrib
FBpp0300852	FBgn0263289	scrib
FBpp0300856	FBgn0263289	scrib
FBpp0300854	FBgn0263289	scrib
FBpp0083380	FBgn0038838	TotB
FBpp0082209	FBgn0038136	CG8774
FBpp0082208	FBgn0038136	CG8774
FBpp0310800	FBgn0266439	CG45069
FBpp0310801	FBgn0266439	CG45069
FBpp0422662	FBgn0285963	CG46339
FBpp0422660	FBgn0285963	CG46339
FBpp0422659	FBgn0285963	CG46339
FBpp0422658	FBgn0285963	CG46339
FBpp0422661	FBgn0285963	CG46339
FBpp0422663	FBgn0285963	CG46339
FBpp0076695	FBgn0035704	Vps8
FBpp0075091	FBgn0003410	sina
FBpp0075092	FBgn0003410	sina
FBpp0310636	FBgn0003410	sina
FBpp0423075	FBgn0261571	CG42685
FBpp0289628	FBgn0039420	CG6154
FBpp0289627	FBgn0039420	CG6154
FBpp0081181	FBgn0037462	sunz
FBpp0305326	FBgn0001189	hfw
FBpp0070260	FBgn0001189	hfw
FBpp0084569	FBgn0039531	CG5611
FBpp0310721	FBgn0039531	CG5611
FBpp0079000	FBgn0042092	Polr1F
FBpp0091159	FBgn0053919	CG33919
FBpp0311665	FBgn0035878	CG7182
FBpp0076400	FBgn0035878	CG7182
FBpp0310399	FBgn0032820	fbp
FBpp0310400	FBgn0032820	fbp
FBpp0312559	FBgn0032820	fbp
FBpp0080853	FBgn0032820	fbp
FBpp0113002	FBgn0036471	CG13460
FBpp0297894	FBgn0031571	bark
FBpp0297895	FBgn0031571	bark
FBpp0077185	FBgn0031571	bark
FBpp0071648	FBgn0041238	Gr58b
FBpp0086870	FBgn0033818	CG4712
FBpp0086871	FBgn0033818	CG4712
FBpp0074618	FBgn0036962	CG17122
FBpp0077119	FBgn0026319	Traf4
FBpp0306504	FBgn0026319	Traf4
FBpp0309211	FBgn0051806	CG31806
FBpp0080505	FBgn0051806	CG31806
FBpp0297286	FBgn0036510	SCCRO
FBpp0304267	FBgn0036510	SCCRO
FBpp0297285	FBgn0036510	SCCRO
FBpp0297284	FBgn0036510	SCCRO
FBpp0075314	FBgn0036510	SCCRO
FBpp0081128	FBgn0037473	CG10068
FBpp0301790	FBgn0263656	CG43647
FBpp0072050	FBgn0023477	Taldo
FBpp0112096	FBgn0037015	cmpy
FBpp0112095	FBgn0037015	cmpy
FBpp0294030	FBgn0037015	cmpy
FBpp0111274	FBgn0085197	CG34168
FBpp0077331	FBgn0031488	Ccdc85
FBpp0303658	FBgn0031857	LUBEL
FBpp0288734	FBgn0031857	LUBEL
FBpp0303662	FBgn0031857	LUBEL
FBpp0303660	FBgn0031857	LUBEL
FBpp0303661	FBgn0031857	LUBEL
FBpp0303664	FBgn0031857	LUBEL
FBpp0303659	FBgn0031857	LUBEL
FBpp0291182	FBgn0031857	LUBEL
FBpp0303663	FBgn0031857	LUBEL
FBpp0305520	FBgn0039858	CycG
FBpp0085164	FBgn0039858	CycG
FBpp0085161	FBgn0039858	CycG
FBpp0085160	FBgn0039858	CycG
FBpp0085163	FBgn0039858	CycG
FBpp0288406	FBgn0034965	ppk29
FBpp0288405	FBgn0034965	ppk29
FBpp0288407	FBgn0034965	ppk29
FBpp0310001	FBgn0034965	ppk29
FBpp0288408	FBgn0034965	ppk29
FBpp0074376	FBgn0030952	CG12609
FBpp0311155	FBgn0027587	Prp4k
FBpp0072427	FBgn0027587	Prp4k
FBpp0303824	FBgn0027587	Prp4k
FBpp0311156	FBgn0027587	Prp4k
FBpp0311157	FBgn0027587	Prp4k
FBpp0080261	FBgn0004837	Su(H)
FBpp0312201	FBgn0004837	Su(H)
FBpp0310747	FBgn0266411	sima
FBpp0310746	FBgn0266411	sima
FBpp0310748	FBgn0266411	sima
FBpp0310749	FBgn0266411	sima
FBpp0090943	FBgn0053505	U3-55K
FBpp0300870	FBgn0036978	Toll-9
FBpp0077898	FBgn0036978	Toll-9
FBpp0300871	FBgn0036978	Toll-9
FBpp0312136	FBgn0259989	CG42486
FBpp0289666	FBgn0259989	CG42486
FBpp0308957	FBgn0260941	app
FBpp0293203	FBgn0260941	app
FBpp0306225	FBgn0260941	app
FBpp0290274	FBgn0260941	app
FBpp0290278	FBgn0260941	app
FBpp0306224	FBgn0260941	app
FBpp0290279	FBgn0260941	app
FBpp0290277	FBgn0260941	app
FBpp0290275	FBgn0260941	app
FBpp0290276	FBgn0260941	app
FBpp0423227	FBgn0286834	CG46388
FBpp0304398	FBgn0020655	ArfGAP1
FBpp0075713	FBgn0020655	ArfGAP1
FBpp0308623	FBgn0030891	Ada3
FBpp0074284	FBgn0030891	Ada3
FBpp0077218	FBgn0031550	IFT57
FBpp0087187	FBgn0010516	wal
FBpp0087186	FBgn0010516	wal
FBpp0075795	FBgn0053265	Muc68E
FBpp0422664	FBgn0033457	Ntmt
FBpp0087463	FBgn0033457	Ntmt
FBpp0082495	FBgn0266064	Glys
FBpp0305474	FBgn0266064	Glys
FBpp0082496	FBgn0266064	Glys
FBpp0082494	FBgn0266064	Glys
FBpp0091087	FBgn0053841	His2A:CG33841
FBpp0084816	FBgn0039678	Obp99a
FBpp0308292	FBgn0039678	Obp99a
FBpp0086285	FBgn0034110	Atg9
FBpp0302990	FBgn0034110	Atg9
FBpp0305876	FBgn0030376	CG2750
FBpp0290140	FBgn0030376	CG2750
FBpp0088212	FBgn0051998	CG31998
FBpp0300569	FBgn0051998	CG31998
FBpp0078727	FBgn0031707	CG14020
FBpp0303001	FBgn0031707	CG14020
FBpp0075849	FBgn0041231	Gr68a
FBpp0078198	FBgn0037195	CG11226
FBpp0074898	FBgn0036784	CG5103
FBpp0074509	FBgn0031040	CG14210
FBpp0310501	FBgn0031040	CG14210
FBpp0289464	FBgn0259937	Nop60B
FBpp0099583	FBgn0259937	Nop60B
FBpp0072166	FBgn0259937	Nop60B
FBpp0290083	FBgn0259937	Nop60B
FBpp0293141	FBgn0259937	Nop60B
FBpp0086119	FBgn0034210	Camp
FBpp0309130	FBgn0034210	Camp
FBpp0291680	FBgn0031935	CG13793
FBpp0083148	FBgn0038685	CG14282
FBpp0304709	FBgn0085305	CG34276
FBpp0111385	FBgn0085305	CG34276
FBpp0083879	FBgn0039125	Ndc1
FBpp0311301	FBgn0263257	Cngl
FBpp0300628	FBgn0263257	Cngl
FBpp0423148	FBgn0263257	Cngl
FBpp0300629	FBgn0263257	Cngl
FBpp0311302	FBgn0263257	Cngl
FBpp0300627	FBgn0263257	Cngl
FBpp0082666	FBgn0038389	CG5516
FBpp0291705	FBgn0038389	CG5516
FBpp0290214	FBgn0052017	CG32017
FBpp0311232	FBgn0052017	CG32017
FBpp0290215	FBgn0052017	CG32017
FBpp0312124	FBgn0261537	CG42661
FBpp0291715	FBgn0261537	CG42661
FBpp0301219	FBgn0260487	CG42534
FBpp0290120	FBgn0260487	CG42534
FBpp0290960	FBgn0039707	Prtl99C
FBpp0308288	FBgn0039707	Prtl99C
FBpp0290959	FBgn0039707	Prtl99C
FBpp0084382	FBgn0042711	Hex-t1
FBpp0072617	FBgn0035193	CG9192
FBpp0306438	FBgn0286204	ich
FBpp0081492	FBgn0286204	ich
FBpp0304569	FBgn0003210	rb
FBpp0070670	FBgn0003210	rb
FBpp0310168	FBgn0003210	rb
FBpp0303666	FBgn0015623	Cpr
FBpp0078880	FBgn0015623	Cpr
FBpp0303665	FBgn0015623	Cpr
FBpp0078881	FBgn0015623	Cpr
FBpp0070898	FBgn0040918	schlank
FBpp0070899	FBgn0040918	schlank
FBpp0075967	FBgn0010741	Pfdn2
FBpp0304954	FBgn0010741	Pfdn2
FBpp0080658	FBgn0027070	Ugt36E1
FBpp0080657	FBgn0027070	Ugt36E1
FBpp0080656	FBgn0027070	Ugt36E1
FBpp0080655	FBgn0027070	Ugt36E1
FBpp0074479	FBgn0031018	narya
FBpp0292441	FBgn0036585	CG13071
FBpp0087124	FBgn0033688	Prp8
FBpp0293008	FBgn0054051	CG34051
FBpp0099462	FBgn0054051	CG34051
FBpp0085048	FBgn0051014	PH4alphaSG1
FBpp0307161	FBgn0031432	Cyp309a1
FBpp0307160	FBgn0031432	Cyp309a1
FBpp0071799	FBgn0050274	CG30274
FBpp0082046	FBgn0010043	GstD7
FBpp0303133	FBgn0267435	chp
FBpp0307394	FBgn0267435	chp
FBpp0303134	FBgn0267435	chp
FBpp0085139	FBgn0267435	chp
FBpp0307393	FBgn0267435	chp
FBpp0077975	FBgn0041100	park
FBpp0077974	FBgn0041100	park
FBpp0271943	FBgn0041248	Gr23a
FBpp0077386	FBgn0041248	Gr23a
FBpp0072144	FBgn0034915	eIF6
FBpp0082117	FBgn0038071	Dtg
FBpp0083371	FBgn0019936	RpS20
FBpp0071603	FBgn0016641	PTP-ER
FBpp0073598	FBgn0261085	Syt12
FBpp0303988	FBgn0261085	Syt12
FBpp0078589	FBgn0086605	CG9853
FBpp0310621	FBgn0086605	CG9853
FBpp0112104	FBgn0086605	CG9853
FBpp0312582	FBgn0267964	CG46244
FBpp0290269	FBgn0052112	CG32112
FBpp0075647	FBgn0052112	CG32112
FBpp0303943	FBgn0052112	CG32112
FBpp0075649	FBgn0052112	CG32112
FBpp0076412	FBgn0002899	mus301
FBpp0288746	FBgn0250868	CG42239
FBpp0072504	FBgn0052483	CG32483
FBpp0085050	FBgn0039780	PH4alphaNE1
FBpp0308397	FBgn0033366	Ance-4
FBpp0087745	FBgn0033366	Ance-4
FBpp0084461	FBgn0003267	ro
FBpp0084460	FBgn0003267	ro
FBpp0289081	FBgn0034517	Cpr57A
FBpp0085575	FBgn0034517	Cpr57A
FBpp0091081	FBgn0053835	His2A:CG33835
FBpp0077028	FBgn0022770	Peritrophin-A
FBpp0300563	FBgn0022770	Peritrophin-A
FBpp0077027	FBgn0022770	Peritrophin-A
FBpp0084688	FBgn0039590	CG10011
FBpp0423060	FBgn0061435	CG30270
FBpp0289402	FBgn0061435	CG30270
FBpp0423059	FBgn0061435	CG30270
FBpp0310174	FBgn0002707	mei-9
FBpp0070624	FBgn0002707	mei-9
FBpp0288806	FBgn0085319	CG34290
FBpp0079380	FBgn0032089	Rcd-1r
FBpp0304979	FBgn0035767	Cln7
FBpp0076591	FBgn0035767	Cln7
FBpp0304978	FBgn0035767	Cln7
FBpp0111371	FBgn0085290	Targ3
FBpp0073147	FBgn0035539	slow
FBpp0073148	FBgn0035539	slow
FBpp0306038	FBgn0035955	CG5194
FBpp0076275	FBgn0035955	CG5194
FBpp0082427	FBgn0038251	Hexim
FBpp0082426	FBgn0038251	Hexim
FBpp0072924	FBgn0052283	Drsl3
FBpp0297865	FBgn0263072	CG43347
FBpp0304664	FBgn0263072	CG43347
FBpp0297864	FBgn0263072	CG43347
FBpp0293378	FBgn0262485	CG43075
FBpp0071075	FBgn0029990	CG2233
FBpp0080085	FBgn0028942	CG16852
FBpp0076254	FBgn0023479	teq
FBpp0311235	FBgn0023479	teq
FBpp0076252	FBgn0023479	teq
FBpp0311236	FBgn0023479	teq
FBpp0304181	FBgn0037078	CG12971
FBpp0297707	FBgn0037078	CG12971
FBpp0306798	FBgn0032484	kek4
FBpp0080064	FBgn0032484	kek4
FBpp0306797	FBgn0032484	kek4
FBpp0423136	FBgn0004102	oc
FBpp0289383	FBgn0004102	oc
FBpp0303738	FBgn0004102	oc
FBpp0303737	FBgn0004102	oc
FBpp0304126	FBgn0004102	oc
FBpp0304127	FBgn0004102	oc
FBpp0073913	FBgn0030696	CG8509
FBpp0071256	FBgn0040234	c12.2
FBpp0306949	FBgn0040234	c12.2
FBpp0071489	FBgn0034552	CG17999
FBpp0086753	FBgn0033864	CG18368
FBpp0078278	FBgn0028690	Rpn5
FBpp0293223	FBgn0020279	lig
FBpp0291131	FBgn0020279	lig
FBpp0303480	FBgn0020279	lig
FBpp0087854	FBgn0020279	lig
FBpp0312421	FBgn0020279	lig
FBpp0303481	FBgn0020279	lig
FBpp0291130	FBgn0020279	lig
FBpp0291129	FBgn0020279	lig
FBpp0087853	FBgn0020279	lig
FBpp0100030	FBgn0020279	lig
FBpp0087852	FBgn0020279	lig
FBpp0293224	FBgn0020279	lig
FBpp0074629	FBgn0036947	obst-F
FBpp0083144	FBgn0038680	Cyp12a5
FBpp0084624	FBgn0039564	Nep7
FBpp0082352	FBgn0038206	twf
FBpp0074019	FBgn0286508	Had1
FBpp0311907	FBgn0286508	Had1
FBpp0086795	FBgn0014877	Roe1
FBpp0305372	FBgn0034087	clu
FBpp0086380	FBgn0034087	clu
FBpp0310810	FBgn0266450	Kr-h1
FBpp0310809	FBgn0266450	Kr-h1
FBpp0297908	FBgn0011760	ctp
FBpp0070672	FBgn0011760	ctp
FBpp0070675	FBgn0011760	ctp
FBpp0070674	FBgn0011760	ctp
FBpp0423173	FBgn0011760	ctp
FBpp0291454	FBgn0040022	Set1
FBpp0291457	FBgn0040022	Set1
FBpp0291452	FBgn0040022	Set1
FBpp0291456	FBgn0040022	Set1
FBpp0291455	FBgn0040022	Set1
FBpp0112592	FBgn0040022	Set1
FBpp0112594	FBgn0040022	Set1
FBpp0112593	FBgn0040022	Set1
FBpp0291453	FBgn0040022	Set1
FBpp0112375	FBgn0053519	Obsc
FBpp0309949	FBgn0053519	Obsc
FBpp0309952	FBgn0053519	Obsc
FBpp0309948	FBgn0053519	Obsc
FBpp0309950	FBgn0053519	Obsc
FBpp0309951	FBgn0053519	Obsc
FBpp0076961	FBgn0031142	r-cup
FBpp0078767	FBgn0031735	CG11029
FBpp0290181	FBgn0050502	Fa2h
FBpp0078566	FBgn0037252	CG14650
FBpp0290124	FBgn0032639	CG18563
FBpp0303724	FBgn0031318	CG4887
FBpp0077631	FBgn0031318	CG4887
FBpp0289285	FBgn0259736	CG42390
FBpp0428092	FBgn0259736	CG42390
FBpp0289283	FBgn0259736	CG42390
FBpp0428105	FBgn0259736	CG42390
FBpp0307692	FBgn0259736	CG42390
FBpp0084225	FBgn0039326	CG10562
FBpp0074705	FBgn0260461	Rcd7
FBpp0074706	FBgn0260461	Rcd7
FBpp0082251	FBgn0038123	CG8508
FBpp0075447	FBgn0001120	gnu
FBpp0081269	FBgn0037520	CG18268
FBpp0082790	FBgn0015230	Glut3
FBpp0308999	FBgn0033943	CG12869
FBpp0428129	FBgn0033943	CG12869
FBpp0308998	FBgn0033943	CG12869
FBpp0086625	FBgn0033943	CG12869
FBpp0087952	FBgn0026361	Septin5
FBpp0087953	FBgn0026361	Septin5
FBpp0111444	FBgn0085359	CG34330
FBpp0311890	FBgn0085359	CG34330
FBpp0305568	FBgn0035733	CG8641
FBpp0076640	FBgn0035733	CG8641
FBpp0077570	FBgn0031361	CG17652
FBpp0305723	FBgn0031361	CG17652
FBpp0305158	FBgn0033100	CG3420
FBpp0085468	FBgn0033100	CG3420
FBpp0292124	FBgn0261634	CG42717
FBpp0111675	FBgn0085486	CG34457
FBpp0311689	FBgn0085486	CG34457
FBpp0112127	FBgn0037819	Phyhd1
FBpp0079401	FBgn0026439	Eaat1
FBpp0428138	FBgn0026439	Eaat1
FBpp0079400	FBgn0026439	Eaat1
FBpp0079402	FBgn0026439	Eaat1
FBpp0292879	FBgn0026439	Eaat1
FBpp0428137	FBgn0026439	Eaat1
FBpp0074301	FBgn0030894	Mvb12
FBpp0301955	FBgn0030894	Mvb12
FBpp0074302	FBgn0030894	Mvb12
FBpp0307053	FBgn0028734	Fmr1
FBpp0081675	FBgn0028734	Fmr1
FBpp0300445	FBgn0028734	Fmr1
FBpp0081674	FBgn0028734	Fmr1
FBpp0081676	FBgn0028734	Fmr1
FBpp0312466	FBgn0028734	Fmr1
FBpp0081678	FBgn0028734	Fmr1
FBpp0290600	FBgn0028734	Fmr1
FBpp0312465	FBgn0028734	Fmr1
FBpp0081677	FBgn0028734	Fmr1
FBpp0307052	FBgn0028734	Fmr1
FBpp0289718	FBgn0053512	dpr4
FBpp0310941	FBgn0039565	CG4884
FBpp0084633	FBgn0039565	CG4884
FBpp0291260	FBgn0260474	CG30002
FBpp0297193	FBgn0037997	CG14742
FBpp0088539	FBgn0030887	CG6867
FBpp0305579	FBgn0036155	CG6163
FBpp0075911	FBgn0036155	CG6163
FBpp0305264	FBgn0036398	upSET
FBpp0075510	FBgn0036398	upSET
FBpp0289325	FBgn0085209	CG34180
FBpp0076692	FBgn0024177	zpg
FBpp0303218	FBgn0024177	zpg
FBpp0302532	FBgn0263738	Ada2a
FBpp0302531	FBgn0263738	Ada2a
FBpp0302534	FBgn0263738	Ada2a
FBpp0302535	FBgn0263738	Ada2a
FBpp0302533	FBgn0263738	Ada2a
FBpp0308428	FBgn0051460	CG31460
FBpp0081362	FBgn0051460	CG31460
FBpp0083505	FBgn0000527	e
FBpp0088637	FBgn0038440	Gr89a
FBpp0311535	FBgn0036742	CG7497
FBpp0289512	FBgn0036742	CG7497
FBpp0309323	FBgn0265598	Bx
FBpp0309322	FBgn0265598	Bx
FBpp0309324	FBgn0265598	Bx
FBpp0309325	FBgn0265598	Bx
FBpp0309321	FBgn0265598	Bx
FBpp0071448	FBgn0000044	Act57B
FBpp0292840	FBgn0262007	Srg2
FBpp0091059	FBgn0053813	His1:CG33813
FBpp0111321	FBgn0085242	CG34213
FBpp0290882	FBgn0034728	rad50
FBpp0293866	FBgn0034728	rad50
FBpp0074075	FBgn0261609	eIF2alpha
FBpp0309768	FBgn0261609	eIF2alpha
FBpp0087170	FBgn0033654	Sobp
FBpp0311728	FBgn0033654	Sobp
FBpp0311395	FBgn0005624	Psc
FBpp0086911	FBgn0005624	Psc
FBpp0311526	FBgn0005624	Psc
FBpp0078264	FBgn0037412	Osi4
FBpp0306889	FBgn0037412	Osi4
FBpp0085800	FBgn0034399	CG15083
FBpp0099851	FBgn0020906	Jon25Bi
FBpp0078685	FBgn0031661	Gmd
FBpp0310140	FBgn0029817	CG15764
FBpp0070785	FBgn0029817	CG15764
FBpp0080791	FBgn0051697	CG31697
FBpp0076319	FBgn0040828	CG13306
FBpp0075410	FBgn0036476	sstn
FBpp0309830	FBgn0031765	CG9109
FBpp0078855	FBgn0031765	CG9109
FBpp0075752	FBgn0036260	Rh7
FBpp0311715	FBgn0262816	CG43187
FBpp0297190	FBgn0262816	CG43187
FBpp0291858	FBgn0033603	Cpr47Ef
FBpp0291859	FBgn0033603	Cpr47Ef
FBpp0290958	FBgn0260967	CG42590
FBpp0078228	FBgn0052459	CG32459
FBpp0083407	FBgn0038847	CG12278
FBpp0071406	FBgn0011770	Gip
FBpp0074314	FBgn0030883	CG7772
FBpp0075374	FBgn0000216	Brd
FBpp0080253	FBgn0028537	CG31775
FBpp0290953	FBgn0028537	CG31775
FBpp0081210	FBgn0037436	Hr83
FBpp0308870	FBgn0030479	Rbp1-like
FBpp0073621	FBgn0030479	Rbp1-like
FBpp0292970	FBgn0030479	Rbp1-like
FBpp0304761	FBgn0031042	CG14221
FBpp0288525	FBgn0031042	CG14221
FBpp0305675	FBgn0032298	CG6724
FBpp0079780	FBgn0032298	CG6724
FBpp0085960	FBgn0062440	EMRE
FBpp0305445	FBgn0015381	dsf
FBpp0078776	FBgn0015381	dsf
FBpp0076717	FBgn0035697	CG10163
FBpp0071561	FBgn0020312	Tmtc3
FBpp0071560	FBgn0020312	Tmtc3
FBpp0073721	FBgn0260482	CG32599
FBpp0423089	FBgn0031804	CG9500
FBpp0073882	FBgn0030659	CG9215
FBpp0308849	FBgn0029946	CG15034
FBpp0071022	FBgn0029946	CG15034
FBpp0084916	FBgn0039734	Tace
FBpp0084917	FBgn0039734	Tace
FBpp0082570	FBgn0266722	Trs33
FBpp0084930	FBgn0260468	CG7950
FBpp0290849	FBgn0260468	CG7950
FBpp0070324	FBgn0029596	CG14054
FBpp0311929	FBgn0037665	St2
FBpp0081454	FBgn0037665	St2
FBpp0311925	FBgn0030521	CtsB
FBpp0073669	FBgn0030521	CtsB
FBpp0088191	FBgn0026777	Rad23
FBpp0305835	FBgn0026777	Rad23
FBpp0088190	FBgn0026777	Rad23
FBpp0085344	FBgn0021847	Ttc7
FBpp0297109	FBgn0021847	Ttc7
FBpp0075612	FBgn0286213	RpS12
FBpp0288512	FBgn0053287	CG33287
FBpp0075011	FBgn0036704	CG6497
FBpp0305012	FBgn0036704	CG6497
FBpp0075425	FBgn0036462	mRpL39
FBpp0289595	FBgn0034998	CG13577
FBpp0310088	FBgn0034998	CG13577
FBpp0292062	FBgn0014465	Cp7Fb
FBpp0071148	FBgn0014465	Cp7Fb
FBpp0076964	FBgn0011834	Ser6
FBpp0307274	FBgn0033055	Tbce
FBpp0085327	FBgn0033055	Tbce
FBpp0081034	FBgn0053508	ppk13
FBpp0089298	FBgn0004656	fs(1)h
FBpp0071073	FBgn0004656	fs(1)h
FBpp0089299	FBgn0004656	fs(1)h
FBpp0290524	FBgn0004656	fs(1)h
FBpp0305500	FBgn0004656	fs(1)h
FBpp0089297	FBgn0004656	fs(1)h
FBpp0305499	FBgn0004656	fs(1)h
FBpp0305501	FBgn0004656	fs(1)h
FBpp0071074	FBgn0004656	fs(1)h
FBpp0084294	FBgn0039370	CG4956
FBpp0290898	FBgn0032188	CG13137
FBpp0110156	FBgn0053632	CG33632
FBpp0083752	FBgn0039044	p53
FBpp0290979	FBgn0039044	p53
FBpp0311439	FBgn0039044	p53
FBpp0083753	FBgn0039044	p53
FBpp0072207	FBgn0035014	CG13581
FBpp0099426	FBgn0054015	CG34015
FBpp0308702	FBgn0051358	CG31358
FBpp0082027	FBgn0051358	CG31358
FBpp0079699	FBgn0032290	CG6443
FBpp0075926	FBgn0029172	Fad2
FBpp0311291	FBgn0261289	CheB98a
FBpp0310326	FBgn0032601	yellow-b
FBpp0080451	FBgn0032601	yellow-b
FBpp0074677	FBgn0036927	Gabat
FBpp0291259	FBgn0036927	Gabat
FBpp0074678	FBgn0036927	Gabat
FBpp0310512	FBgn0036927	Gabat
FBpp0083688	FBgn0038968	CG12499
FBpp0081559	FBgn0037727	Nepl12
FBpp0290058	FBgn0030374	CG15734
FBpp0290059	FBgn0030374	CG15734
FBpp0099796	FBgn0000459	disco
FBpp0074028	FBgn0000459	disco
FBpp0084071	FBgn0000140	asp
FBpp0110216	FBgn0260003	Dys
FBpp0110217	FBgn0260003	Dys
FBpp0110215	FBgn0260003	Dys
FBpp0110218	FBgn0260003	Dys
FBpp0110219	FBgn0260003	Dys
FBpp0083178	FBgn0260003	Dys
FBpp0306630	FBgn0260003	Dys
FBpp0306631	FBgn0260003	Dys
FBpp0083179	FBgn0260003	Dys
FBpp0083180	FBgn0260003	Dys
FBpp0306632	FBgn0260003	Dys
FBpp0306629	FBgn0260003	Dys
FBpp0297989	FBgn0028427	Ilk
FBpp0077962	FBgn0028427	Ilk
FBpp0070335	FBgn0023520	CG3857
FBpp0085569	FBgn0034523	Nnf1a
FBpp0086191	FBgn0034162	CG6426
FBpp0310193	FBgn0030575	CG5321
FBpp0288460	FBgn0030575	CG5321
FBpp0085184	FBgn0039863	Zmynd8
FBpp0085185	FBgn0039863	Zmynd8
FBpp0085725	FBgn0266711	EloC
FBpp0085724	FBgn0266711	EloC
FBpp0111446	FBgn0085361	CG34332
FBpp0290477	FBgn0260762	CG42560
FBpp0290478	FBgn0260762	CG42560
FBpp0307026	FBgn0038683	CG11779
FBpp0083163	FBgn0038683	CG11779
FBpp0083164	FBgn0038683	CG11779
FBpp0085472	FBgn0033096	Zip42C.1
FBpp0310476	FBgn0259740	CG42394
FBpp0291411	FBgn0259740	CG42394
FBpp0289322	FBgn0259740	CG42394
FBpp0293209	FBgn0259740	CG42394
FBpp0071842	FBgn0050195	CG30195
FBpp0422628	FBgn0038034	Cyp9f3
FBpp0304107	FBgn0030400	Pits
FBpp0271753	FBgn0030400	Pits
FBpp0073495	FBgn0030400	Pits
FBpp0293172	FBgn0262352	CG43050
FBpp0099557	FBgn0028341	Ptpmeg2
FBpp0099554	FBgn0028341	Ptpmeg2
FBpp0099558	FBgn0028341	Ptpmeg2
FBpp0292591	FBgn0028341	Ptpmeg2
FBpp0099559	FBgn0028341	Ptpmeg2
FBpp0292592	FBgn0028341	Ptpmeg2
FBpp0099556	FBgn0028341	Ptpmeg2
FBpp0099555	FBgn0028341	Ptpmeg2
FBpp0305618	FBgn0028341	Ptpmeg2
FBpp0081154	FBgn0037470	Tailor
FBpp0305518	FBgn0037470	Tailor
FBpp0081155	FBgn0037470	Tailor
FBpp0087252	FBgn0033624	CG12384
FBpp0304204	FBgn0036975	CG5618
FBpp0304203	FBgn0036975	CG5618
FBpp0077837	FBgn0036975	CG5618
FBpp0291726	FBgn0261608	RpL37A
FBpp0078656	FBgn0261608	RpL37A
FBpp0078655	FBgn0261608	RpL37A
FBpp0289487	FBgn0000659	fkh
FBpp0084690	FBgn0000659	fkh
FBpp0312360	FBgn0000659	fkh
FBpp0311419	FBgn0000659	fkh
FBpp0303365	FBgn0000659	fkh
FBpp0288494	FBgn0051370	CG31370
FBpp0292510	FBgn0043532	Obp56i
FBpp0085639	FBgn0043532	Obp56i
FBpp0111332	FBgn0085253	CG34224
FBpp0073793	FBgn0030596	CG12398
FBpp0081399	FBgn0037626	CG8236
FBpp0305090	FBgn0052196	CG32196
FBpp0271909	FBgn0052196	CG32196
FBpp0080052	FBgn0022069	Nnp-1
FBpp0303327	FBgn0039673	CG7568
FBpp0303326	FBgn0039673	CG7568
FBpp0077392	FBgn0031449	CG31689
FBpp0306275	FBgn0031449	CG31689
FBpp0077390	FBgn0031449	CG31689
FBpp0306277	FBgn0031449	CG31689
FBpp0077391	FBgn0031449	CG31689
FBpp0306278	FBgn0031449	CG31689
FBpp0077389	FBgn0031449	CG31689
FBpp0306276	FBgn0031449	CG31689
FBpp0290444	FBgn0031011	CG8034
FBpp0074453	FBgn0031011	CG8034
FBpp0083274	FBgn0045471	Gr92a
FBpp0423269	FBgn0039124	tbrd-1
FBpp0083911	FBgn0039124	tbrd-1
FBpp0297602	FBgn0003041	pbl
FBpp0076487	FBgn0003041	pbl
FBpp0076486	FBgn0003041	pbl
FBpp0076489	FBgn0003041	pbl
FBpp0111729	FBgn0003041	pbl
FBpp0076488	FBgn0003041	pbl
FBpp0303354	FBgn0263997	CG43740
FBpp0303355	FBgn0263997	CG43740
FBpp0303356	FBgn0263997	CG43740
FBpp0073938	FBgn0030715	Or13a
FBpp0086967	FBgn0033774	CG12374
FBpp0111679	FBgn0250833	CG34461
FBpp0305270	FBgn0250833	CG34461
FBpp0077132	FBgn0031610	Paris
FBpp0076978	FBgn0031134	CG1314
FBpp0288661	FBgn0037244	CG14647
FBpp0085074	FBgn0015032	Cyp4c3
FBpp0084470	FBgn0004842	RYa-R
FBpp0311445	FBgn0004842	RYa-R
FBpp0311444	FBgn0004842	RYa-R
FBpp0079254	FBgn0031995	CG8475
FBpp0307178	FBgn0031995	CG8475
FBpp0079255	FBgn0031995	CG8475
FBpp0077559	FBgn0031372	CG7295
FBpp0306858	FBgn0031372	CG7295
FBpp0079552	FBgn0032189	Ripalpha
FBpp0290061	FBgn0028844	CG15283
FBpp0290886	FBgn0039577	CG12516
FBpp0084428	FBgn0039437	TwdlL
FBpp0084427	FBgn0039437	TwdlL
FBpp0087648	FBgn0033378	tsu
FBpp0310693	FBgn0037577	CG7443
FBpp0081327	FBgn0037577	CG7443
FBpp0301835	FBgn0085192	CG34163
FBpp0111269	FBgn0085192	CG34163
FBpp0085146	FBgn0039844	CG1607
FBpp0306616	FBgn0039844	CG1607
FBpp0306617	FBgn0039844	CG1607
FBpp0085147	FBgn0039844	CG1607
FBpp0072168	FBgn0034988	cN-IIIB
FBpp0087949	FBgn0033244	CG8726
FBpp0087950	FBgn0033244	CG8726
FBpp0290449	FBgn0033244	CG8726
FBpp0305746	FBgn0001257	ImpL2
FBpp0073105	FBgn0001257	ImpL2
FBpp0073104	FBgn0001257	ImpL2
FBpp0073106	FBgn0001257	ImpL2
FBpp0075902	FBgn0036156	CG11726
FBpp0076187	FBgn0040305	MTF-1
FBpp0310640	FBgn0040305	MTF-1
FBpp0112234	FBgn0040305	MTF-1
FBpp0310641	FBgn0040305	MTF-1
FBpp0112235	FBgn0040305	MTF-1
FBpp0112236	FBgn0040305	MTF-1
FBpp0076188	FBgn0040305	MTF-1
FBpp0290996	FBgn0085569	CG41242
FBpp0428421	FBgn0050048	CG30048
FBpp0304698	FBgn0050048	CG30048
FBpp0304697	FBgn0050048	CG30048
FBpp0085703	FBgn0013954	Fkbp12
FBpp0082691	FBgn0038395	Jhbp5
FBpp0312591	FBgn0038395	Jhbp5
FBpp0307590	FBgn0038395	Jhbp5
FBpp0292973	FBgn0032553	CG4480
FBpp0292972	FBgn0032553	CG4480
FBpp0077935	FBgn0037021	Pcif1
FBpp0308781	FBgn0037550	CG9667
FBpp0081305	FBgn0037550	CG9667
FBpp0307043	FBgn0025387	Alms1b
FBpp0070664	FBgn0025387	Alms1b
FBpp0310136	FBgn0025387	Alms1b
FBpp0290329	FBgn0260660	Mp
FBpp0308935	FBgn0260660	Mp
FBpp0308937	FBgn0260660	Mp
FBpp0291170	FBgn0260660	Mp
FBpp0308936	FBgn0260660	Mp
FBpp0290335	FBgn0260660	Mp
FBpp0290330	FBgn0260660	Mp
FBpp0290333	FBgn0260660	Mp
FBpp0290327	FBgn0260660	Mp
FBpp0300437	FBgn0260660	Mp
FBpp0290328	FBgn0260660	Mp
FBpp0290332	FBgn0260660	Mp
FBpp0290331	FBgn0260660	Mp
FBpp0290336	FBgn0260660	Mp
FBpp0301686	FBgn0260660	Mp
FBpp0297593	FBgn0260660	Mp
FBpp0075527	FBgn0036397	Nprl3
FBpp0305239	FBgn0036397	Nprl3
FBpp0075528	FBgn0036397	Nprl3
FBpp0301135	FBgn0263402	CG43448
FBpp0079843	FBgn0032378	CycY
FBpp0305616	FBgn0032378	CycY
FBpp0088527	FBgn0034277	OstDelta
FBpp0309240	FBgn0034277	OstDelta
FBpp0293877	FBgn0014848	Eig71Eh
FBpp0071224	FBgn0052706	CG32706
FBpp0078972	FBgn0031866	Nlg2
FBpp0297876	FBgn0031866	Nlg2
FBpp0310405	FBgn0031866	Nlg2
FBpp0091063	FBgn0053817	His2A:CG33817
FBpp0428472	FBgn0288737	CG46512
FBpp0071269	FBgn0030109	CG12121
FBpp0080028	FBgn0032492	Prosalpha6T
FBpp0311533	FBgn0036805	Chmp1
FBpp0074859	FBgn0036805	Chmp1
FBpp0070639	FBgn0029693	Cmtr1
FBpp0309962	FBgn0029693	Cmtr1
FBpp0083682	FBgn0038981	CG5346
FBpp0074260	FBgn0030851	CG8326
FBpp0111292	FBgn0085213	CG34184
FBpp0072066	FBgn0005612	Sox14
FBpp0072067	FBgn0005612	Sox14
FBpp0309947	FBgn0005612	Sox14
FBpp0085250	FBgn0051613	His3:CG31613
FBpp0311880	FBgn0267033	mamo
FBpp0311882	FBgn0267033	mamo
FBpp0311885	FBgn0267033	mamo
FBpp0311881	FBgn0267033	mamo
FBpp0311883	FBgn0267033	mamo
FBpp0311886	FBgn0267033	mamo
FBpp0311884	FBgn0267033	mamo
FBpp0310393	FBgn0032843	CG10730
FBpp0080896	FBgn0042175	CG18858
FBpp0305187	FBgn0042175	CG18858
FBpp0072223	FBgn0035034	CG3565
FBpp0293420	FBgn0262538	CG43092
FBpp0311961	FBgn0283680	IP3K2
FBpp0310582	FBgn0283680	IP3K2
FBpp0310585	FBgn0283680	IP3K2
FBpp0311962	FBgn0283680	IP3K2
FBpp0310583	FBgn0283680	IP3K2
FBpp0310584	FBgn0283680	IP3K2
FBpp0307987	FBgn0039408	CG14551
FBpp0084344	FBgn0039408	CG14551
FBpp0079375	FBgn0032101	CG9586
FBpp0303253	FBgn0032101	CG9586
FBpp0074966	FBgn0000567	Eip74EF
FBpp0297063	FBgn0000567	Eip74EF
FBpp0074965	FBgn0000567	Eip74EF
FBpp0099825	FBgn0000567	Eip74EF
FBpp0074967	FBgn0000567	Eip74EF
FBpp0293654	FBgn0262583	CG43123
FBpp0074107	FBgn0030792	CG4789
FBpp0088069	FBgn0033179	p47
FBpp0312349	FBgn0267413	CG45766
FBpp0076339	FBgn0266667	Exo70
FBpp0293660	FBgn0038469	CG4009
FBpp0307991	FBgn0038469	CG4009
FBpp0300435	FBgn0053172	CG33172
FBpp0110094	FBgn0083946	lobo
FBpp0423181	FBgn0286778	CG46385
FBpp0423180	FBgn0286778	CG46385
FBpp0423178	FBgn0286778	CG46385
FBpp0423177	FBgn0286778	CG46385
FBpp0423179	FBgn0286778	CG46385
FBpp0423182	FBgn0286778	CG46385
FBpp0076380	FBgn0035900	ZC3H3
FBpp0073965	FBgn0027093	ArgRS
FBpp0070338	FBgn0023511	Edem1
FBpp0304832	FBgn0023511	Edem1
FBpp0070339	FBgn0023511	Edem1
FBpp0070337	FBgn0023511	Edem1
FBpp0294034	FBgn0023511	Edem1
FBpp0309011	FBgn0053467	CG33467
FBpp0088800	FBgn0053467	CG33467
FBpp0083540	FBgn0053092	P5CDh2
FBpp0083541	FBgn0053092	P5CDh2
FBpp0083539	FBgn0053092	P5CDh2
FBpp0083544	FBgn0053092	P5CDh2
FBpp0083538	FBgn0053092	P5CDh2
FBpp0083542	FBgn0053092	P5CDh2
FBpp0079595	FBgn0032234	gny
FBpp0304502	FBgn0032234	gny
FBpp0304782	FBgn0053640	CG33640
FBpp0300409	FBgn0053192	MtnD
FBpp0087870	FBgn0013726	pnut
FBpp0087869	FBgn0013726	pnut
FBpp0080897	FBgn0051683	CG31683
FBpp0303512	FBgn0051683	CG31683
FBpp0078218	FBgn0052461	CG32461
FBpp0305750	FBgn0283649	elgi
FBpp0075265	FBgn0283649	elgi
FBpp0080855	FBgn0032818	CG10628
FBpp0083608	FBgn0260467	CG7071
FBpp0083609	FBgn0260467	CG7071
FBpp0310876	FBgn0260467	CG7071
FBpp0111380	FBgn0085300	Cpr65Ay
FBpp0303955	FBgn0037013	CG13250
FBpp0077869	FBgn0037013	CG13250
FBpp0303809	FBgn0264272	mwh
FBpp0307717	FBgn0264272	mwh
FBpp0303810	FBgn0264272	mwh
FBpp0081461	FBgn0010803	TrpRS
FBpp0292362	FBgn0261801	CG42747
FBpp0082154	FBgn0038088	CG10126
FBpp0082155	FBgn0038088	CG10126
FBpp0304321	FBgn0032422	atilla
FBpp0271850	FBgn0032422	atilla
FBpp0292828	FBgn0261992	CG42810
FBpp0077665	FBgn0011244	Hsp60B
FBpp0081850	FBgn0026315	Ugt35A1
FBpp0081745	FBgn0037824	CG14684
FBpp0091136	FBgn0053891	His4:CG33891
FBpp0296956	FBgn0034479	CG8654
FBpp0085642	FBgn0034479	CG8654
FBpp0296957	FBgn0034479	CG8654
FBpp0309574	FBgn0034479	CG8654
FBpp0072221	FBgn0035031	CG13587
FBpp0075939	FBgn0036131	CG12522
FBpp0083030	FBgn0038583	CG7183
FBpp0307574	FBgn0038583	CG7183
FBpp0078376	FBgn0037364	Rab23
FBpp0300407	FBgn0263246	CG43389
FBpp0077149	FBgn0031600	CG3652
FBpp0079523	FBgn0032176	CG13127
FBpp0074874	FBgn0259791	bora
FBpp0087487	FBgn0262169	magu
FBpp0087490	FBgn0262169	magu
FBpp0087489	FBgn0262169	magu
FBpp0111975	FBgn0262169	magu
FBpp0302956	FBgn0032451	spict
FBpp0079978	FBgn0032451	spict
FBpp0073803	FBgn0030587	CG9522
FBpp0073058	FBgn0263832	Rcd5
FBpp0086488	FBgn0034027	CG8187
FBpp0304128	FBgn0030798	CG13003
FBpp0074123	FBgn0030798	CG13003
FBpp0289660	FBgn0030798	CG13003
FBpp0076942	FBgn0031161	CG15445
FBpp0302764	FBgn0031161	CG15445
FBpp0302763	FBgn0031161	CG15445
FBpp0302762	FBgn0031161	CG15445
FBpp0302761	FBgn0031161	CG15445
FBpp0083852	FBgn0039118	CG10208
FBpp0078835	FBgn0031786	CG13989
FBpp0076638	FBgn0035735	Cpr65Ea
FBpp0111376	FBgn0085296	CG34267
FBpp0310776	FBgn0266418	wake
FBpp0310772	FBgn0266418	wake
FBpp0310777	FBgn0266418	wake
FBpp0310771	FBgn0266418	wake
FBpp0310773	FBgn0266418	wake
FBpp0310774	FBgn0266418	wake
FBpp0310775	FBgn0266418	wake
FBpp0081535	FBgn0037678	CG16749
FBpp0074219	FBgn0030836	CG8664
FBpp0308826	FBgn0030836	CG8664
FBpp0076712	FBgn0041625	Or65a
FBpp0086341	FBgn0050093	COX6AL
FBpp0112110	FBgn0037442	gzl
FBpp0081219	FBgn0037442	gzl
FBpp0081217	FBgn0037442	gzl
FBpp0081218	FBgn0037442	gzl
FBpp0080719	FBgn0002021	l(2)37Bb
FBpp0306036	FBgn0035951	CG5068
FBpp0076246	FBgn0035951	CG5068
FBpp0081439	FBgn0027503	CG11970
FBpp0311967	FBgn0027503	CG11970
FBpp0086139	FBgn0034199	Gbp1
FBpp0078625	FBgn0261436	DhpD
FBpp0087858	FBgn0033257	sand
FBpp0078450	FBgn0037312	CG11999
FBpp0307023	FBgn0038840	Grik
FBpp0083382	FBgn0038840	Grik
FBpp0307024	FBgn0038840	Grik
FBpp0078257	FBgn0051561	Osi16
FBpp0292467	FBgn0261842	pre-mod(mdg4)-AE
FBpp0390643	FBgn0261842	pre-mod(mdg4)-AE
FBpp0113067	FBgn0260499	qvr
FBpp0308628	FBgn0260499	qvr
FBpp0078672	FBgn0016075	vkg
FBpp0305720	FBgn0016075	vkg
FBpp0305721	FBgn0016075	vkg
FBpp0077147	FBgn0027609	morgue
FBpp0310738	FBgn0266410	drn
FBpp0310741	FBgn0266410	drn
FBpp0310739	FBgn0266410	drn
FBpp0310736	FBgn0266410	drn
FBpp0310742	FBgn0266410	drn
FBpp0310743	FBgn0266410	drn
FBpp0310740	FBgn0266410	drn
FBpp0310737	FBgn0266410	drn
FBpp0070589	FBgn0029687	Vap33
FBpp0309607	FBgn0029687	Vap33
FBpp0089169	FBgn0029687	Vap33
FBpp0089170	FBgn0029687	Vap33
FBpp0310620	FBgn0030671	Hap40
FBpp0073870	FBgn0030671	Hap40
FBpp0085580	FBgn0034514	CG13427
FBpp0086314	FBgn0262560	wcd
FBpp0077901	FBgn0037014	CG13251
FBpp0077611	FBgn0051924	CG31924
FBpp0303933	FBgn0036031	CG6761
FBpp0076143	FBgn0036031	CG6761
FBpp0077034	FBgn0000719	fog
FBpp0305382	FBgn0000719	fog
FBpp0305381	FBgn0000719	fog
FBpp0305383	FBgn0000719	fog
FBpp0305384	FBgn0000719	fog
FBpp0099983	FBgn0000719	fog
FBpp0085645	FBgn0034473	Or56a
FBpp0084080	FBgn0039232	sosie
FBpp0300415	FBgn0039232	sosie
FBpp0084079	FBgn0039232	sosie
FBpp0091106	FBgn0053860	His3:CG33860
FBpp0304095	FBgn0025571	SF1
FBpp0082897	FBgn0025571	SF1
FBpp0304096	FBgn0025571	SF1
FBpp0078167	FBgn0037172	ND-B14.5AL
FBpp0078073	FBgn0261953	TfAP-2
FBpp0305657	FBgn0261953	TfAP-2
FBpp0305658	FBgn0261953	TfAP-2
FBpp0305655	FBgn0261953	TfAP-2
FBpp0305656	FBgn0261953	TfAP-2
FBpp0078072	FBgn0261953	TfAP-2
FBpp0423040	FBgn0038014	CG10041
FBpp0305035	FBgn0037137	Nopp140
FBpp0089003	FBgn0037137	Nopp140
FBpp0088542	FBgn0037137	Nopp140
FBpp0305034	FBgn0037137	Nopp140
FBpp0082730	FBgn0038407	CG6126
FBpp0288791	FBgn0250911	CG42245
FBpp0297219	FBgn0262839	CG43203
FBpp0306842	FBgn0031288	CG13949
FBpp0077682	FBgn0031288	CG13949
FBpp0306843	FBgn0031288	CG13949
FBpp0084967	FBgn0039738	Mgat2
FBpp0306759	FBgn0039738	Mgat2
FBpp0099836	FBgn0039738	Mgat2
FBpp0074791	FBgn0036835	CG14075
FBpp0305341	FBgn0264516	CG43915
FBpp0310942	FBgn0053096	CG33096
FBpp0423183	FBgn0053096	CG33096
FBpp0291186	FBgn0053096	CG33096
FBpp0112956	FBgn0053096	CG33096
FBpp0291185	FBgn0053096	CG33096
FBpp0310943	FBgn0053096	CG33096
FBpp0306772	FBgn0038826	Syp
FBpp0112168	FBgn0038826	Syp
FBpp0423032	FBgn0038826	Syp
FBpp0423034	FBgn0038826	Syp
FBpp0306766	FBgn0038826	Syp
FBpp0306764	FBgn0038826	Syp
FBpp0083368	FBgn0038826	Syp
FBpp0306763	FBgn0038826	Syp
FBpp0306770	FBgn0038826	Syp
FBpp0083366	FBgn0038826	Syp
FBpp0306767	FBgn0038826	Syp
FBpp0083365	FBgn0038826	Syp
FBpp0306769	FBgn0038826	Syp
FBpp0423033	FBgn0038826	Syp
FBpp0306765	FBgn0038826	Syp
FBpp0306768	FBgn0038826	Syp
FBpp0306771	FBgn0038826	Syp
FBpp0083369	FBgn0038826	Syp
FBpp0083370	FBgn0038826	Syp
FBpp0083367	FBgn0038826	Syp
FBpp0289954	FBgn0039348	Npl4
FBpp0084267	FBgn0039348	Npl4
FBpp0084266	FBgn0039348	Npl4
FBpp0271815	FBgn0034022	CG12964
FBpp0309021	FBgn0034022	CG12964
FBpp0076117	FBgn0036023	CG18179
FBpp0079785	FBgn0032339	Wdr59
FBpp0310217	FBgn0032339	Wdr59
FBpp0071295	FBgn0030136	RpS28b
FBpp0310057	FBgn0030136	RpS28b
FBpp0084229	FBgn0051087	CG31087
FBpp0307220	FBgn0051087	CG31087
FBpp0075002	FBgn0036715	Cad74A
FBpp0075001	FBgn0036715	Cad74A
FBpp0301170	FBgn0036715	Cad74A
FBpp0088121	FBgn0026602	Adk3
FBpp0073355	FBgn0030306	Spase25
FBpp0309255	FBgn0030306	Spase25
FBpp0309254	FBgn0030306	Spase25
FBpp0297111	FBgn0051146	Nlg1
FBpp0081065	FBgn0051146	Nlg1
FBpp0111331	FBgn0085252	CG34223
FBpp0290598	FBgn0260632	dl
FBpp0080559	FBgn0260632	dl
FBpp0309222	FBgn0260632	dl
FBpp0290597	FBgn0260632	dl
FBpp0080560	FBgn0260632	dl
FBpp0080558	FBgn0260632	dl
FBpp0074929	FBgn0052189	CG32189
FBpp0086833	FBgn0033836	CG18278
FBpp0071082	FBgn0027280	orion
FBpp0071081	FBgn0027280	orion
FBpp0085983	FBgn0034288	CG5084
FBpp0311652	FBgn0034288	CG5084
FBpp0312153	FBgn0035548	CG15023
FBpp0303826	FBgn0035548	CG15023
FBpp0288664	FBgn0035548	CG15023
FBpp0073783	FBgn0030610	Cox17
FBpp0087958	FBgn0033235	CG8728
FBpp0075509	FBgn0036395	CG17361
FBpp0293835	FBgn0085382	CG34353
FBpp0308425	FBgn0085382	CG34353
FBpp0111475	FBgn0085382	CG34353
FBpp0311918	FBgn0030933	CG6470
FBpp0074392	FBgn0030933	CG6470
FBpp0112123	FBgn0037749	CG9471
FBpp0081638	FBgn0037749	CG9471
FBpp0290068	FBgn0034331	BomBc2
FBpp0085907	FBgn0034331	BomBc2
FBpp0288522	FBgn0054025	CG34025
FBpp0086240	FBgn0034135	Syn2
FBpp0086241	FBgn0034135	Syn2
FBpp0086244	FBgn0034135	Syn2
FBpp0086242	FBgn0034135	Syn2
FBpp0083082	FBgn0038640	CG7706
FBpp0074525	FBgn0043903	dome
FBpp0087940	FBgn0013308	Odc2
FBpp0071563	FBgn0034585	Rbpn-5
FBpp0084425	FBgn0039439	TwdlK
FBpp0303173	FBgn0267337	rn
FBpp0288914	FBgn0267337	rn
FBpp0288912	FBgn0267337	rn
FBpp0289745	FBgn0267337	rn
FBpp0072603	FBgn0267487	Ptp61F
FBpp0072602	FBgn0267487	Ptp61F
FBpp0072601	FBgn0267487	Ptp61F
FBpp0072600	FBgn0267487	Ptp61F
FBpp0301846	FBgn0267487	Ptp61F
FBpp0307821	FBgn0033130	Tsp42Ei
FBpp0088099	FBgn0033130	Tsp42Ei
FBpp0312015	FBgn0267104	CG45544
FBpp0312014	FBgn0267104	CG45544
FBpp0073710	FBgn0030541	CG11584
FBpp0310946	FBgn0085208	CG34179
FBpp0111287	FBgn0085208	CG34179
FBpp0289087	FBgn0085208	CG34179
FBpp0087313	FBgn0033544	CG7220
FBpp0308551	FBgn0033544	CG7220
FBpp0087312	FBgn0033544	CG7220
FBpp0111977	FBgn0033544	CG7220
FBpp0087311	FBgn0033544	CG7220
FBpp0087314	FBgn0033544	CG7220
FBpp0074788	FBgn0026630	nes
FBpp0074786	FBgn0026630	nes
FBpp0074787	FBgn0026630	nes
FBpp0070242	FBgn0040368	eIF4E7
FBpp0073777	FBgn0030605	ND-B18
FBpp0309370	FBgn0030605	ND-B18
FBpp0309371	FBgn0030605	ND-B18
FBpp0100178	FBgn0013673	mt:ATPase8
FBpp0289667	FBgn0051131	CG31131
FBpp0290788	FBgn0260871	CG42581
FBpp0292063	FBgn0037413	Osi5
FBpp0078244	FBgn0037413	Osi5
FBpp0428474	FBgn0288740	CG46515
FBpp0071848	FBgn0019949	Cdk9
FBpp0075891	FBgn0003378	Sgs8
FBpp0306936	FBgn0000036	nAChRalpha1
FBpp0303342	FBgn0000036	nAChRalpha1
FBpp0084003	FBgn0000036	nAChRalpha1
FBpp0085196	FBgn0039870	CG1896
FBpp0078749	FBgn0031722	CG14011
FBpp0078750	FBgn0031722	CG14011
FBpp0078751	FBgn0031722	CG14011
FBpp0082157	FBgn0051345	CG31345
FBpp0080547	FBgn0032646	mEFTs
FBpp0079310	FBgn0026718	Agpat2
FBpp0089307	FBgn0026718	Agpat2
FBpp0291370	FBgn0026718	Agpat2
FBpp0309216	FBgn0026718	Agpat2
FBpp0292859	FBgn0262021	CG42832
FBpp0308006	FBgn0038092	beat-Vb
FBpp0082152	FBgn0038092	beat-Vb
FBpp0099809	FBgn0005558	ey
FBpp0088299	FBgn0005558	ey
FBpp0099810	FBgn0005558	ey
FBpp0088300	FBgn0005558	ey
FBpp0296959	FBgn0033113	Spn42Dc
FBpp0085495	FBgn0033113	Spn42Dc
FBpp0311004	FBgn0031414	eys
FBpp0311005	FBgn0031414	eys
FBpp0111521	FBgn0085405	CG34376
FBpp0111520	FBgn0085405	CG34376
FBpp0307808	FBgn0032281	CG17107
FBpp0079696	FBgn0032281	CG17107
FBpp0307807	FBgn0032281	CG17107
FBpp0080053	FBgn0032507	CG9377
FBpp0077203	FBgn0051957	CG31957
FBpp0306862	FBgn0051957	CG31957
FBpp0305765	FBgn0035555	CG13720
FBpp0290913	FBgn0035978	UGP
FBpp0099884	FBgn0035978	UGP
FBpp0290912	FBgn0035978	UGP
FBpp0099885	FBgn0035978	UGP
FBpp0306754	FBgn0040271	Sulf1
FBpp0082725	FBgn0040271	Sulf1
FBpp0306755	FBgn0040271	Sulf1
FBpp0288923	FBgn0259174	Nedd4
FBpp0304228	FBgn0259174	Nedd4
FBpp0288921	FBgn0259174	Nedd4
FBpp0304227	FBgn0259174	Nedd4
FBpp0289747	FBgn0259174	Nedd4
FBpp0288922	FBgn0259174	Nedd4
FBpp0289746	FBgn0259174	Nedd4
FBpp0288917	FBgn0259174	Nedd4
FBpp0288920	FBgn0259174	Nedd4
FBpp0305092	FBgn0267912	CanA-14F
FBpp0074067	FBgn0267912	CanA-14F
FBpp0293728	FBgn0267912	CanA-14F
FBpp0074068	FBgn0267912	CanA-14F
FBpp0075334	FBgn0036528	CG7579
FBpp0072604	FBgn0035218	CG9173
FBpp0077266	FBgn0031512	CG15404
FBpp0310556	FBgn0031512	CG15404
FBpp0080873	FBgn0032845	CG10747
FBpp0304008	FBgn0032845	CG10747
FBpp0077261	FBgn0031538	CG3246
FBpp0075815	FBgn0036208	Gcat
FBpp0085679	FBgn0015949	hrg
FBpp0110309	FBgn0015949	hrg
FBpp0303281	FBgn0015949	hrg
FBpp0085678	FBgn0015949	hrg
FBpp0080933	FBgn0261787	brun
FBpp0311690	FBgn0085222	CG34193
FBpp0111301	FBgn0085222	CG34193
FBpp0080546	FBgn0032647	CG15143
FBpp0290254	FBgn0035998	CG3437
FBpp0081947	FBgn0019624	COX5A
FBpp0306911	FBgn0019624	COX5A
FBpp0081948	FBgn0019624	COX5A
FBpp0312586	FBgn0019624	COX5A
FBpp0077052	FBgn0262866	S6kII
FBpp0305864	FBgn0262866	S6kII
FBpp0075117	FBgn0017572	Mo25
FBpp0303950	FBgn0017572	Mo25
FBpp0070864	FBgn0029861	CG3815
FBpp0306916	FBgn0039117	tst
FBpp0083853	FBgn0039117	tst
FBpp0075266	FBgn0036547	CG17032
FBpp0305751	FBgn0036547	CG17032
FBpp0071464	FBgn0003748	Treh
FBpp0304696	FBgn0003748	Treh
FBpp0071468	FBgn0003748	Treh
FBpp0071469	FBgn0003748	Treh
FBpp0071465	FBgn0003748	Treh
FBpp0071467	FBgn0003748	Treh
FBpp0071466	FBgn0003748	Treh
FBpp0070562	FBgn0029672	CG2875
FBpp0070561	FBgn0029672	CG2875
FBpp0305927	FBgn0029672	CG2875
FBpp0304503	FBgn0032236	mRpS7
FBpp0079597	FBgn0032236	mRpS7
FBpp0099889	FBgn0037912	sea
FBpp0099890	FBgn0037912	sea
FBpp0099888	FBgn0037912	sea
FBpp0099892	FBgn0037912	sea
FBpp0077983	FBgn0037045	CG10584
FBpp0298298	FBgn0044817	Ste12DOR
FBpp0084439	FBgn0039462	CG14252
FBpp0071501	FBgn0026582	Hmg-2
FBpp0310923	FBgn0262814	CG43185
FBpp0310924	FBgn0262814	CG43185
FBpp0090991	FBgn0053654	CG33654
FBpp0300938	FBgn0015586	Acp76A
FBpp0074805	FBgn0015586	Acp76A
FBpp0292296	FBgn0261703	gce
FBpp0301991	FBgn0261703	gce
FBpp0304153	FBgn0261703	gce
FBpp0292297	FBgn0261703	gce
FBpp0307864	FBgn0034883	Eglp2
FBpp0072016	FBgn0034883	Eglp2
FBpp0293437	FBgn0262571	CG43111
FBpp0081279	FBgn0037535	PIG-H
FBpp0307211	FBgn0037535	PIG-H
FBpp0072941	FBgn0027616	Ythdc1
FBpp0072940	FBgn0027616	Ythdc1
FBpp0083685	FBgn0038977	CG5376
FBpp0080882	FBgn0032839	AANATL3
FBpp0308366	FBgn0039299	CG11854
FBpp0308348	FBgn0039453	CG6403
FBpp0084416	FBgn0039453	CG6403
FBpp0081354	FBgn0037563	CG11672
FBpp0304809	FBgn0037563	CG11672
FBpp0073418	FBgn0030360	CG1806
FBpp0308689	FBgn0030360	CG1806
FBpp0305583	FBgn0037106	CG11307
FBpp0290383	FBgn0037106	CG11307
FBpp0087690	FBgn0033392	Gnptab
FBpp0110283	FBgn0260451	CG14042
FBpp0110282	FBgn0260451	CG14042
FBpp0312128	FBgn0260451	CG14042
FBpp0071278	FBgn0040931	NdufA3
FBpp0309301	FBgn0040931	NdufA3
FBpp0082720	FBgn0038412	Zip89B
FBpp0089095	FBgn0024360	MTPAP
FBpp0304567	FBgn0024360	MTPAP
FBpp0070227	FBgn0024360	MTPAP
FBpp0075868	FBgn0036183	CG6083
FBpp0080157	FBgn0051814	DIP-kappa
FBpp0310257	FBgn0051814	DIP-kappa
FBpp0302859	FBgn0263849	CG43710
FBpp0073337	FBgn0030266	CG11122
FBpp0112144	FBgn0038199	CCHa1
FBpp0087190	FBgn0033639	CG9003
FBpp0303482	FBgn0033639	CG9003
FBpp0111980	FBgn0033639	CG9003
FBpp0303483	FBgn0033639	CG9003
FBpp0111981	FBgn0033639	CG9003
FBpp0303484	FBgn0033639	CG9003
FBpp0111982	FBgn0033639	CG9003
FBpp0289098	FBgn0042641	frc
FBpp0074990	FBgn0042641	frc
FBpp0087074	FBgn0033713	CG8841
FBpp0087073	FBgn0033713	CG8841
FBpp0087072	FBgn0033713	CG8841
FBpp0086020	FBgn0034264	Dlish
FBpp0078735	FBgn0031717	Oscillin
FBpp0297904	FBgn0031717	Oscillin
FBpp0297907	FBgn0031717	Oscillin
FBpp0304065	FBgn0031717	Oscillin
FBpp0297903	FBgn0031717	Oscillin
FBpp0078734	FBgn0031717	Oscillin
FBpp0297905	FBgn0031717	Oscillin
FBpp0297906	FBgn0031717	Oscillin
FBpp0072119	FBgn0034933	CG3735
FBpp0309945	FBgn0034933	CG3735
FBpp0309929	FBgn0034861	CG9815
FBpp0309928	FBgn0034861	CG9815
FBpp0112024	FBgn0034861	CG9815
FBpp0071933	FBgn0034861	CG9815
FBpp0082680	FBgn0010379	Akt
FBpp0310841	FBgn0010379	Akt
FBpp0082682	FBgn0010379	Akt
FBpp0311050	FBgn0010379	Akt
FBpp0082681	FBgn0010379	Akt
FBpp0289320	FBgn0259738	CG42392
FBpp0291690	FBgn0053461	CG33461
FBpp0084123	FBgn0039252	CG11771
FBpp0080726	FBgn0032733	CG15170
FBpp0309282	FBgn0032733	CG15170
FBpp0077146	FBgn0025684	MFS18
FBpp0088033	FBgn0286788	Orc1
FBpp0073051	FBgn0045478	Gr64b
FBpp0076826	FBgn0035632	Ppat-Dpck
FBpp0074071	FBgn0030757	CG9902
FBpp0306151	FBgn0030757	CG9902
FBpp0085097	FBgn0024288	Sox100B
FBpp0310879	FBgn0266489	CG45088
FBpp0085122	FBgn0086362	spn-F
FBpp0303112	FBgn0086362	spn-F
FBpp0082706	FBgn0063649	CG6006
FBpp0301218	FBgn0063649	CG6006
FBpp0301217	FBgn0063649	CG6006
FBpp0301216	FBgn0063649	CG6006
FBpp0112387	FBgn0063649	CG6006
FBpp0291866	FBgn0261561	CG42675
FBpp0291864	FBgn0261561	CG42675
FBpp0291865	FBgn0261561	CG42675
FBpp0292264	FBgn0261561	CG42675
FBpp0307487	FBgn0261561	CG42675
FBpp0291867	FBgn0261561	CG42675
FBpp0305178	FBgn0023526	CG2865
FBpp0070392	FBgn0023526	CG2865
FBpp0290052	FBgn0010198	RpS15Aa
FBpp0073623	FBgn0010198	RpS15Aa
FBpp0073626	FBgn0010198	RpS15Aa
FBpp0073625	FBgn0010198	RpS15Aa
FBpp0073624	FBgn0010198	RpS15Aa
FBpp0071751	FBgn0034729	CG10344
FBpp0071752	FBgn0034729	CG10344
FBpp0088866	FBgn0039711	CG7824
FBpp0292154	FBgn0039711	CG7824
FBpp0289922	FBgn0034530	Rcd6
FBpp0085565	FBgn0034530	Rcd6
FBpp0073259	FBgn0030246	CG1582
FBpp0308815	FBgn0030246	CG1582
FBpp0083036	FBgn0038577	CG12321
FBpp0074057	FBgn0030759	CG13014
FBpp0292205	FBgn0261686	CG42733
FBpp0292204	FBgn0261686	CG42733
FBpp0292203	FBgn0261686	CG42733
FBpp0308248	FBgn0265184	CG44249
FBpp0307566	FBgn0027578	Nepl21
FBpp0078803	FBgn0031757	Ucp4C
FBpp0307181	FBgn0019957	ND-42
FBpp0083570	FBgn0019957	ND-42
FBpp0083571	FBgn0019957	ND-42
FBpp0070284	FBgn0266284	Ns3
FBpp0308653	FBgn0266284	Ns3
FBpp0087267	FBgn0033614	Obp47b
FBpp0086462	FBgn0050468	Ir52c
FBpp0297883	FBgn0031698	Ncoa6
FBpp0303004	FBgn0031698	Ncoa6
FBpp0297884	FBgn0031698	Ncoa6
FBpp0074167	FBgn0030828	CG5162
FBpp0309480	FBgn0030828	CG5162
FBpp0311786	FBgn0033158	CG12164
FBpp0088037	FBgn0033158	CG12164
FBpp0082159	FBgn0038095	Cyp304a1
FBpp0082064	FBgn0043043	Desat2
FBpp0297225	FBgn0051105	ppk22
FBpp0271865	FBgn0051105	ppk22
FBpp0301796	FBgn0051715	CG31715
FBpp0079586	FBgn0051715	CG31715
FBpp0307915	FBgn0029835	CG5921
FBpp0293885	FBgn0029835	CG5921
FBpp0293886	FBgn0029835	CG5921
FBpp0304299	FBgn0033029	Not3
FBpp0085398	FBgn0033029	Not3
FBpp0291641	FBgn0033906	ReepB
FBpp0291639	FBgn0033906	ReepB
FBpp0291640	FBgn0033906	ReepB
FBpp0086654	FBgn0033906	ReepB
FBpp0070565	FBgn0029665	CG14270
FBpp0073433	FBgn0030354	Upf1
FBpp0309612	FBgn0030354	Upf1
FBpp0110109	FBgn0019982	Gs1l
FBpp0077143	FBgn0019982	Gs1l
FBpp0083694	FBgn0039002	CG17625
FBpp0075722	FBgn0036246	CG17154
FBpp0079817	FBgn0032341	Reps
FBpp0297276	FBgn0032341	Reps
FBpp0099813	FBgn0005677	dac
FBpp0080434	FBgn0005677	dac
FBpp0080433	FBgn0005677	dac
FBpp0080435	FBgn0005677	dac
FBpp0099814	FBgn0005677	dac
FBpp0080432	FBgn0005677	dac
FBpp0086551	FBgn0043530	Obp51a
FBpp0308991	FBgn0033912	RpS23
FBpp0086701	FBgn0033912	RpS23
FBpp0306751	FBgn0026441	ear
FBpp0303072	FBgn0026441	ear
FBpp0082538	FBgn0026441	ear
FBpp0079812	FBgn0028700	RfC38
FBpp0311114	FBgn0028700	RfC38
FBpp0085961	FBgn0001222	Hsf
FBpp0110265	FBgn0001222	Hsf
FBpp0110264	FBgn0001222	Hsf
FBpp0110266	FBgn0001222	Hsf
FBpp0075397	FBgn0036490	Prx1
FBpp0312443	FBgn0266977	CG45428
FBpp0080774	FBgn0032763	CG17568
FBpp0082101	FBgn0038053	CG18549
FBpp0310312	FBgn0266170	pre-mod(mdg4)-C
FBpp0390651	FBgn0266170	pre-mod(mdg4)-C
FBpp0075588	FBgn0036363	CG10140
FBpp0076572	FBgn0035788	CG8541
FBpp0081336	FBgn0020249	stck
FBpp0081334	FBgn0020249	stck
FBpp0297370	FBgn0020249	stck
FBpp0081335	FBgn0020249	stck
FBpp0078929	FBgn0031851	Aatf
FBpp0080437	FBgn0028523	CG5888
FBpp0309209	FBgn0028523	CG5888
FBpp0306381	FBgn0000547	ed
FBpp0077154	FBgn0000547	ed
FBpp0306382	FBgn0000547	ed
FBpp0085980	FBgn0034281	CG14490
FBpp0304018	FBgn0031490	CG17264
FBpp0077332	FBgn0031490	CG17264
FBpp0070829	FBgn0029828	CG6067
FBpp0086774	FBgn0000662	fl(2)d
FBpp0293240	FBgn0000662	fl(2)d
FBpp0293239	FBgn0000662	fl(2)d
FBpp0086773	FBgn0000662	fl(2)d
FBpp0072356	FBgn0004181	Ebp
FBpp0305377	FBgn0004181	Ebp
FBpp0081704	FBgn0040078	pont
FBpp0080787	FBgn0040268	Top3alpha
FBpp0290121	FBgn0029971	ND-MNLL
FBpp0071092	FBgn0029971	ND-MNLL
FBpp0290122	FBgn0029971	ND-MNLL
FBpp0071093	FBgn0029971	ND-MNLL
FBpp0309149	FBgn0029971	ND-MNLL
FBpp0303558	FBgn0015000	betaggt-I
FBpp0078630	FBgn0015000	betaggt-I
FBpp0082202	FBgn0038125	CG8141
FBpp0082541	FBgn0038320	Cyfip
FBpp0087067	FBgn0033723	CG13155
FBpp0074892	FBgn0020300	geko
FBpp0303949	FBgn0042177	Arts
FBpp0075073	FBgn0042177	Arts
FBpp0428408	FBgn0042177	Arts
FBpp0110170	FBgn0083965	CG34129
FBpp0078089	FBgn0037131	CG14564
FBpp0297339	FBgn0262872	milt
FBpp0297341	FBgn0262872	milt
FBpp0297342	FBgn0262872	milt
FBpp0297343	FBgn0262872	milt
FBpp0297338	FBgn0262872	milt
FBpp0297340	FBgn0262872	milt
FBpp0373668	FBgn0278600	CG46270
FBpp0428088	FBgn0029968	Ir7g
FBpp0083260	FBgn0038750	CG4465
FBpp0311764	FBgn0032029	CG17292
FBpp0079264	FBgn0032029	CG17292
FBpp0079265	FBgn0032029	CG17292
FBpp0308837	FBgn0032029	CG17292
FBpp0309144	FBgn0061200	Nup153
FBpp0288862	FBgn0061200	Nup153
FBpp0074059	FBgn0061200	Nup153
FBpp0091120	FBgn0053875	His4:CG33875
FBpp0070179	FBgn0040349	CG3699
FBpp0110553	FBgn0069938	Cnep1r1
FBpp0305418	FBgn0053489	CG33489
FBpp0088510	FBgn0053489	CG33489
FBpp0082011	FBgn0037981	Spt3
FBpp0073098	FBgn0035524	CG11583
FBpp0072937	FBgn0035443	CG12010
FBpp0081208	FBgn0037433	CG17919
FBpp0305108	FBgn0033547	CG12935
FBpp0087316	FBgn0033547	CG12935
FBpp0090944	FBgn0053506	CG33506
FBpp0084551	FBgn0039500	CG5984
FBpp0306654	FBgn0038797	Dic2
FBpp0100172	FBgn0067311	CheB38b
FBpp0083843	FBgn0028684	Rpt5
FBpp0087807	FBgn0033315	beta3GalTII
FBpp0073477	FBgn0030386	CG2574
FBpp0086727	FBgn0040752	Prosap
FBpp0308812	FBgn0040752	Prosap
FBpp0308810	FBgn0040752	Prosap
FBpp0308811	FBgn0040752	Prosap
FBpp0297070	FBgn0262788	CG43169
FBpp0078731	FBgn0051648	Cox11
FBpp0076134	FBgn0019644	ATPsynB
FBpp0311129	FBgn0260026	CG42494
FBpp0289811	FBgn0260026	CG42494
FBpp0289810	FBgn0260026	CG42494
FBpp0072043	FBgn0263667	Lpt
FBpp0309963	FBgn0263667	Lpt
FBpp0290402	FBgn0032314	CG7309
FBpp0086507	FBgn0013750	Arf6
FBpp0086510	FBgn0013750	Arf6
FBpp0086509	FBgn0013750	Arf6
FBpp0086508	FBgn0013750	Arf6
FBpp0086511	FBgn0013750	Arf6
FBpp0082878	FBgn0038505	CG17283
FBpp0303408	FBgn0039169	Spps
FBpp0083950	FBgn0039169	Spps
FBpp0293708	FBgn0261016	clos
FBpp0083266	FBgn0002940	ninaE
FBpp0079896	FBgn0032395	Wdr81
FBpp0078978	FBgn0031875	CG3430
FBpp0390634	FBgn0013678	mt:Cyt-b
FBpp0303459	FBgn0000448	Hr3
FBpp0402891	FBgn0000448	Hr3
FBpp0087456	FBgn0000448	Hr3
FBpp0111711	FBgn0000448	Hr3
FBpp0297438	FBgn0000448	Hr3
FBpp0087454	FBgn0000448	Hr3
FBpp0305272	FBgn0001248	Idh
FBpp0076390	FBgn0001248	Idh
FBpp0076391	FBgn0001248	Idh
FBpp0076393	FBgn0001248	Idh
FBpp0113041	FBgn0001248	Idh
FBpp0113040	FBgn0001248	Idh
FBpp0076392	FBgn0001248	Idh
FBpp0076394	FBgn0001248	Idh
FBpp0076396	FBgn0001248	Idh
FBpp0301146	FBgn0038846	CG5697
FBpp0301147	FBgn0038846	CG5697
FBpp0301145	FBgn0038846	CG5697
FBpp0083405	FBgn0038846	CG5697
FBpp0297073	FBgn0262790	CG43171
FBpp0308543	FBgn0262790	CG43171
FBpp0312416	FBgn0262790	CG43171
FBpp0084403	FBgn0039441	TwdlN
FBpp0312104	FBgn0010265	RpS13
FBpp0099990	FBgn0010265	RpS13
FBpp0079328	FBgn0010265	RpS13
FBpp0312547	FBgn0039303	CG11857
FBpp0084189	FBgn0039303	CG11857
FBpp0077928	FBgn0086915	Mst77F
FBpp0081402	FBgn0037634	hng2
FBpp0303615	FBgn0051635	CG31635
FBpp0303616	FBgn0051635	CG31635
FBpp0303618	FBgn0051635	CG31635
FBpp0303614	FBgn0051635	CG31635
FBpp0303617	FBgn0051635	CG31635
FBpp0112322	FBgn0051635	CG31635
FBpp0303619	FBgn0051635	CG31635
FBpp0078955	FBgn0051635	CG31635
FBpp0086520	FBgn0011660	Pms2
FBpp0304716	FBgn0039676	ppk20
FBpp0304715	FBgn0039676	ppk20
FBpp0084832	FBgn0039676	ppk20
FBpp0076871	FBgn0028962	AlaRS-m
FBpp0309466	FBgn0265669	CG44476
FBpp0070173	FBgn0040365	CG14628
FBpp0076101	FBgn0044049	Ilp4
FBpp0079091	FBgn0031909	CG5181
FBpp0307653	FBgn0085446	CG34417
FBpp0300436	FBgn0085446	CG34417
FBpp0307657	FBgn0085446	CG34417
FBpp0111615	FBgn0085446	CG34417
FBpp0111619	FBgn0085446	CG34417
FBpp0292303	FBgn0085446	CG34417
FBpp0311299	FBgn0085446	CG34417
FBpp0311298	FBgn0085446	CG34417
FBpp0307658	FBgn0085446	CG34417
FBpp0307652	FBgn0085446	CG34417
FBpp0290539	FBgn0085446	CG34417
FBpp0311300	FBgn0085446	CG34417
FBpp0290538	FBgn0085446	CG34417
FBpp0307650	FBgn0085446	CG34417
FBpp0307651	FBgn0085446	CG34417
FBpp0307656	FBgn0085446	CG34417
FBpp0111618	FBgn0085446	CG34417
FBpp0292304	FBgn0085446	CG34417
FBpp0307655	FBgn0085446	CG34417
FBpp0307654	FBgn0085446	CG34417
FBpp0111616	FBgn0085446	CG34417
FBpp0073198	FBgn0066365	dyl
FBpp0073197	FBgn0066365	dyl
FBpp0073199	FBgn0066365	dyl
FBpp0296953	FBgn0051779	Acp24A4
FBpp0110063	FBgn0051779	Acp24A4
FBpp0087059	FBgn0033740	dgt5
FBpp0308700	FBgn0033740	dgt5
FBpp0070025	FBgn0031093	CG9581
FBpp0076893	FBgn0000709	fliI
FBpp0081350	FBgn0037569	tex
FBpp0077650	FBgn0031309	Tfb4
FBpp0084874	FBgn0039726	eIF2Balpha
FBpp0297126	FBgn0020415	Idgf2
FBpp0080418	FBgn0020415	Idgf2
FBpp0300423	FBgn0020415	Idgf2
FBpp0307861	FBgn0039966	Rab21
FBpp0289181	FBgn0039966	Rab21
FBpp0110426	FBgn0039966	Rab21
FBpp0074793	FBgn0036846	MESR6
FBpp0303123	FBgn0036846	MESR6
FBpp0089413	FBgn0041622	Or69a
FBpp0089412	FBgn0041622	Or69a
FBpp0071145	FBgn0023506	Es2
FBpp0086610	FBgn0033953	CG12861
FBpp0306919	FBgn0259146	fid
FBpp0074481	FBgn0031021	ND-18
FBpp0085284	FBgn0032968	CG11634
FBpp0310412	FBgn0032968	CG11634
FBpp0085849	FBgn0064237	Idgf5
FBpp0075730	FBgn0013997	Nrx-IV
FBpp0075731	FBgn0013997	Nrx-IV
FBpp0289097	FBgn0052174	Coq4
FBpp0074989	FBgn0052174	Coq4
FBpp0298344	FBgn0052174	Coq4
FBpp0303220	FBgn0035331	MsR1
FBpp0072765	FBgn0035331	MsR1
FBpp0288653	FBgn0040699	CG15024
FBpp0072759	FBgn0052304	obst-I
FBpp0112125	FBgn0037753	CG12947
FBpp0085087	FBgn0051010	CG31010
FBpp0307431	FBgn0051010	CG31010
FBpp0290173	FBgn0050286	CG30286
FBpp0290174	FBgn0050286	CG30286
FBpp0079606	FBgn0003942	RpS27A
FBpp0289580	FBgn0037989	ATP8B
FBpp0308705	FBgn0037989	ATP8B
FBpp0308707	FBgn0037989	ATP8B
FBpp0297859	FBgn0037989	ATP8B
FBpp0297858	FBgn0037989	ATP8B
FBpp0308708	FBgn0037989	ATP8B
FBpp0308706	FBgn0037989	ATP8B
FBpp0076956	FBgn0031149	Stt3A
FBpp0311838	FBgn0031149	Stt3A
FBpp0084897	FBgn0039703	CG7829
FBpp0075737	FBgn0036264	CG11529
FBpp0082864	FBgn0038475	Keap1
FBpp0082863	FBgn0038475	Keap1
FBpp0082865	FBgn0038475	Keap1
FBpp0076794	FBgn0035620	Alp9
FBpp0311826	FBgn0035620	Alp9
FBpp0078420	FBgn0037294	CG12590
FBpp0078680	FBgn0053113	Rtnl1
FBpp0078679	FBgn0053113	Rtnl1
FBpp0290753	FBgn0053113	Rtnl1
FBpp0290755	FBgn0053113	Rtnl1
FBpp0078677	FBgn0053113	Rtnl1
FBpp0290754	FBgn0053113	Rtnl1
FBpp0078674	FBgn0053113	Rtnl1
FBpp0078676	FBgn0053113	Rtnl1
FBpp0304686	FBgn0053113	Rtnl1
FBpp0078678	FBgn0053113	Rtnl1
FBpp0078675	FBgn0053113	Rtnl1
FBpp0087764	FBgn0284436	CCT8
FBpp0087971	FBgn0050383	CG30383
FBpp0077413	FBgn0031460	CG15399
FBpp0080798	FBgn0032810	CG13077
FBpp0307602	FBgn0032810	CG13077
FBpp0076022	FBgn0052058	Ir67c
FBpp0100176	FBgn0013674	mt:CoI
FBpp0293213	FBgn0004387	Klp98A
FBpp0084581	FBgn0004387	Klp98A
FBpp0082270	FBgn0004587	B52
FBpp0082274	FBgn0004587	B52
FBpp0289815	FBgn0004587	B52
FBpp0082271	FBgn0004587	B52
FBpp0300517	FBgn0004587	B52
FBpp0082272	FBgn0004587	B52
FBpp0300516	FBgn0004587	B52
FBpp0300515	FBgn0004587	B52
FBpp0289813	FBgn0004587	B52
FBpp0082269	FBgn0004587	B52
FBpp0305770	FBgn0262870	axo
FBpp0305768	FBgn0262870	axo
FBpp0305771	FBgn0262870	axo
FBpp0305769	FBgn0262870	axo
FBpp0297315	FBgn0262870	axo
FBpp0297316	FBgn0262870	axo
FBpp0291786	FBgn0262870	axo
FBpp0304589	FBgn0000808	gd
FBpp0304587	FBgn0000808	gd
FBpp0312566	FBgn0000808	gd
FBpp0304588	FBgn0000808	gd
FBpp0297413	FBgn0262894	CG43249
FBpp0087775	FBgn0033316	Gle1
FBpp0112347	FBgn0052413	CG32413
FBpp0305735	FBgn0002531	Lcp1
FBpp0087841	FBgn0002531	Lcp1
FBpp0079340	FBgn0032072	CG9483
FBpp0071897	FBgn0034808	CG9896
FBpp0307813	FBgn0028862	dao
FBpp0080267	FBgn0028862	dao
FBpp0307814	FBgn0028862	dao
FBpp0083727	FBgn0039003	wfs1
FBpp0291996	FBgn0039003	wfs1
FBpp0070476	FBgn0024998	CG2685
FBpp0312119	FBgn0267254	CG45690
FBpp0084474	FBgn0039483	CG14259
FBpp0076478	FBgn0035831	Pop4
FBpp0308429	FBgn0266916	Cenp-C
FBpp0088911	FBgn0266916	Cenp-C
FBpp0311540	FBgn0036862	Gbs-76A
FBpp0303842	FBgn0036862	Gbs-76A
FBpp0074781	FBgn0036862	Gbs-76A
FBpp0304465	FBgn0036862	Gbs-76A
FBpp0303311	FBgn0263995	cpo
FBpp0303307	FBgn0263995	cpo
FBpp0303309	FBgn0263995	cpo
FBpp0303301	FBgn0263995	cpo
FBpp0303310	FBgn0263995	cpo
FBpp0303305	FBgn0263995	cpo
FBpp0303312	FBgn0263995	cpo
FBpp0303303	FBgn0263995	cpo
FBpp0303306	FBgn0263995	cpo
FBpp0303304	FBgn0263995	cpo
FBpp0303308	FBgn0263995	cpo
FBpp0303302	FBgn0263995	cpo
FBpp0306041	FBgn0040056	CG17698
FBpp0306042	FBgn0040056	CG17698
FBpp0306043	FBgn0040056	CG17698
FBpp0110505	FBgn0040056	CG17698
FBpp0306234	FBgn0264738	CG43996
FBpp0297744	FBgn0263004	CG43312
FBpp0074164	FBgn0052564	CG32564
FBpp0304681	FBgn0031528	CG15412
FBpp0111931	FBgn0031528	CG15412
FBpp0290952	FBgn0260953	CG42585
FBpp0078083	FBgn0037115	CG11249
FBpp0084785	FBgn0039634	alpha-Man-Ib
FBpp0307405	FBgn0085315	CG34286
FBpp0111395	FBgn0085315	CG34286
FBpp0086497	FBgn0050081	Ir51b
FBpp0073764	FBgn0030582	CG14411
FBpp0289662	FBgn0030582	CG14411
FBpp0073763	FBgn0030582	CG14411
FBpp0289661	FBgn0030582	CG14411
FBpp0290053	FBgn0034459	TTLL6A
FBpp0307925	FBgn0260226	CG42500
FBpp0289854	FBgn0260226	CG42500
FBpp0301825	FBgn0033996	CG11807
FBpp0301824	FBgn0033996	CG11807
FBpp0086496	FBgn0033996	CG11807
FBpp0085014	FBgn0039778	Jon99Fi
FBpp0073260	FBgn0017561	Ork1
FBpp0310181	FBgn0017561	Ork1
FBpp0073261	FBgn0017561	Ork1
FBpp0312045	FBgn0017561	Ork1
FBpp0072202	FBgn0035008	CG3494
FBpp0072203	FBgn0035008	CG3494
FBpp0290791	FBgn0085360	CG34331
FBpp0309859	FBgn0085360	CG34331
FBpp0308437	FBgn0005695	gcl
FBpp0087789	FBgn0005695	gcl
FBpp0304695	FBgn0033607	CG9062
FBpp0087277	FBgn0033607	CG9062
FBpp0078581	FBgn0051522	CG31522
FBpp0078582	FBgn0051522	CG31522
FBpp0307412	FBgn0051522	CG31522
FBpp0307413	FBgn0051522	CG31522
FBpp0078579	FBgn0051522	CG31522
FBpp0297437	FBgn0051522	CG31522
FBpp0297436	FBgn0051522	CG31522
FBpp0071410	FBgn0040942	CG12643
FBpp0290765	FBgn0285917	sbb
FBpp0085945	FBgn0285917	sbb
FBpp0290763	FBgn0285917	sbb
FBpp0290762	FBgn0285917	sbb
FBpp0303032	FBgn0285917	sbb
FBpp0290764	FBgn0285917	sbb
FBpp0290766	FBgn0285917	sbb
FBpp0071713	FBgn0034689	CG2921
FBpp0306918	FBgn0085391	trv
FBpp0306917	FBgn0085391	trv
FBpp0111495	FBgn0085391	trv
FBpp0310623	FBgn0085391	trv
FBpp0310624	FBgn0085391	trv
FBpp0072987	FBgn0010317	CycJ
FBpp0089168	FBgn0010317	CycJ
FBpp0074955	FBgn0036752	Adgf-A
FBpp0089360	FBgn0036752	Adgf-A
FBpp0112425	FBgn0003256	rl
FBpp0302953	FBgn0003256	rl
FBpp0112426	FBgn0003256	rl
FBpp0112423	FBgn0003256	rl
FBpp0112424	FBgn0003256	rl
FBpp0302952	FBgn0003256	rl
FBpp0311493	FBgn0003256	rl
FBpp0082869	FBgn0038472	bdwf
FBpp0086415	FBgn0050091	CG30091
FBpp0111337	FBgn0259832	CG34229
FBpp0301076	FBgn0010388	Dro
FBpp0086566	FBgn0010388	Dro
FBpp0070586	FBgn0029686	Glos
FBpp0311755	FBgn0029686	Glos
FBpp0081602	FBgn0014380	RhoL
FBpp0293883	FBgn0014380	RhoL
FBpp0288409	FBgn0039202	CG13622
FBpp0072316	FBgn0035084	CG15861
FBpp0310117	FBgn0035084	CG15861
FBpp0292860	FBgn0262022	CG42833
FBpp0310258	FBgn0028533	CG7953
FBpp0080127	FBgn0028533	CG7953
FBpp0070167	FBgn0029552	CG14631
FBpp0081834	FBgn0037891	CG5214
FBpp0091052	FBgn0053804	His1:CG33804
FBpp0088863	FBgn0039714	Zip99C
FBpp0088864	FBgn0039714	Zip99C
FBpp0292151	FBgn0039714	Zip99C
FBpp0088862	FBgn0039714	Zip99C
FBpp0088859	FBgn0039714	Zip99C
FBpp0088861	FBgn0039714	Zip99C
FBpp0292153	FBgn0039714	Zip99C
FBpp0088860	FBgn0039714	Zip99C
FBpp0292152	FBgn0039714	Zip99C
FBpp0087125	FBgn0027504	bsd
FBpp0089096	FBgn0027504	bsd
FBpp0305277	FBgn0027504	bsd
FBpp0076335	FBgn0035886	Jon66Ci
FBpp0083762	FBgn0039056	CenB1A
FBpp0083761	FBgn0039056	CenB1A
FBpp0075382	FBgn0023174	Prosbeta2
FBpp0099824	FBgn0001149	GstD1
FBpp0082077	FBgn0001149	GstD1
FBpp0080318	FBgn0051827	CG31827
FBpp0306445	FBgn0039205	CG13623
FBpp0084059	FBgn0039205	CG13623
FBpp0079276	FBgn0032040	CG13386
FBpp0077291	FBgn0031516	CG9663
FBpp0080061	FBgn0032489	CG15480
FBpp0076644	FBgn0035727	CG10063
FBpp0071583	FBgn0034650	NC2alpha
FBpp0072047	FBgn0261794	kcc
FBpp0309964	FBgn0261794	kcc
FBpp0309965	FBgn0261794	kcc
FBpp0072048	FBgn0261794	kcc
FBpp0072045	FBgn0261794	kcc
FBpp0072046	FBgn0261794	kcc
FBpp0309966	FBgn0261794	kcc
FBpp0078521	FBgn0037275	CG14655
FBpp0297733	FBgn0262985	CG43293
FBpp0297734	FBgn0262985	CG43293
FBpp0075203	FBgn0036568	ATPsynbetaL
FBpp0078401	FBgn0037344	CG2926
FBpp0307738	FBgn0037344	CG2926
FBpp0080490	FBgn0032596	Prosbeta4
FBpp0307141	FBgn0032596	Prosbeta4
FBpp0085150	FBgn0039850	CG11333
FBpp0072148	FBgn0034909	pippin
FBpp0303844	FBgn0041710	yellow-f
FBpp0082191	FBgn0041710	yellow-f
FBpp0303843	FBgn0041710	yellow-f
FBpp0075560	FBgn0086785	Vps36
FBpp0080978	FBgn0032896	CG14400
FBpp0082639	FBgn0038377	CG9632
FBpp0082640	FBgn0038377	CG9632
FBpp0290407	FBgn0027338	Kap-alpha3
FBpp0081585	FBgn0027338	Kap-alpha3
FBpp0081584	FBgn0027338	Kap-alpha3
FBpp0081586	FBgn0027338	Kap-alpha3
FBpp0076467	FBgn0035827	Srp9
FBpp0310870	FBgn0036793	CG4174
FBpp0310869	FBgn0036793	CG4174
FBpp0310868	FBgn0036793	CG4174
FBpp0077189	FBgn0004567	slp2
FBpp0076410	FBgn0035838	ldbr
FBpp0079764	FBgn0032315	CG14069
FBpp0309453	FBgn0032315	CG14069
FBpp0298834	FBgn0050432	CG30432
FBpp0307700	FBgn0053547	Rim
FBpp0307695	FBgn0053547	Rim
FBpp0307703	FBgn0053547	Rim
FBpp0307699	FBgn0053547	Rim
FBpp0300750	FBgn0053547	Rim
FBpp0293553	FBgn0053547	Rim
FBpp0307698	FBgn0053547	Rim
FBpp0293558	FBgn0053547	Rim
FBpp0307704	FBgn0053547	Rim
FBpp0307702	FBgn0053547	Rim
FBpp0307696	FBgn0053547	Rim
FBpp0307694	FBgn0053547	Rim
FBpp0307701	FBgn0053547	Rim
FBpp0307697	FBgn0053547	Rim
FBpp0076696	FBgn0035702	CG10147
FBpp0305274	FBgn0035702	CG10147
FBpp0111686	FBgn0086604	side-VIII
FBpp0271792	FBgn0086604	side-VIII
FBpp0111687	FBgn0086604	side-VIII
FBpp0309581	FBgn0086604	side-VIII
FBpp0113054	FBgn0033702	CG8854
FBpp0304277	FBgn0033702	CG8854
FBpp0075477	FBgn0052141	saturn
FBpp0087720	FBgn0011286	RyR
FBpp0293114	FBgn0011286	RyR
FBpp0293110	FBgn0011286	RyR
FBpp0300426	FBgn0011286	RyR
FBpp0087721	FBgn0011286	RyR
FBpp0087718	FBgn0011286	RyR
FBpp0087719	FBgn0011286	RyR
FBpp0293111	FBgn0011286	RyR
FBpp0293112	FBgn0011286	RyR
FBpp0293113	FBgn0011286	RyR
FBpp0078492	FBgn0020280	laf
FBpp0311429	FBgn0020280	laf
FBpp0099476	FBgn0003900	twi
FBpp0071864	FBgn0003900	twi
FBpp0311714	FBgn0003900	twi
FBpp0298284	FBgn0030028	Corp
FBpp0071127	FBgn0030028	Corp
FBpp0077191	FBgn0031574	TTLL4B
FBpp0077190	FBgn0031574	TTLL4B
FBpp0306861	FBgn0031574	TTLL4B
FBpp0073485	FBgn0030396	mdu
FBpp0074554	FBgn0044030	mRpS14
FBpp0311888	FBgn0044030	mRpS14
FBpp0085265	FBgn0000559	eEF2
FBpp0305182	FBgn0000559	eEF2
FBpp0085266	FBgn0000559	eEF2
FBpp0074403	FBgn0030955	CG6891
FBpp0306529	FBgn0030955	CG6891
FBpp0074402	FBgn0030955	CG6891
FBpp0086045	FBgn0034265	Snx16
FBpp0080764	FBgn0032773	fon
FBpp0290502	FBgn0032773	fon
FBpp0080763	FBgn0032773	fon
FBpp0307786	FBgn0032773	fon
FBpp0085255	FBgn0032956	Cul2
FBpp0085254	FBgn0032956	Cul2
FBpp0075806	FBgn0040816	CG12521
FBpp0076890	FBgn0020369	Rpt6
FBpp0078939	FBgn0025595	AkhR
FBpp0078938	FBgn0025595	AkhR
FBpp0304609	FBgn0025595	AkhR
FBpp0089220	FBgn0025595	AkhR
FBpp0076121	FBgn0036028	CG16717
FBpp0081764	FBgn0037844	CG4570
FBpp0113058	FBgn0036039	Naa60
FBpp0089006	FBgn0036039	Naa60
FBpp0088430	FBgn0036039	Naa60
FBpp0081506	FBgn0037685	Or85f
FBpp0075600	FBgn0036351	CG14107
FBpp0072435	FBgn0035103	Vdup1
FBpp0291104	FBgn0035103	Vdup1
FBpp0072433	FBgn0035103	Vdup1
FBpp0072434	FBgn0035103	Vdup1
FBpp0306194	FBgn0035103	Vdup1
FBpp0297780	FBgn0263038	CG43333
FBpp0306675	FBgn0038975	Nrx-1
FBpp0311420	FBgn0038975	Nrx-1
FBpp0290700	FBgn0038975	Nrx-1
FBpp0306676	FBgn0038975	Nrx-1
FBpp0306678	FBgn0038975	Nrx-1
FBpp0306679	FBgn0038975	Nrx-1
FBpp0083649	FBgn0038975	Nrx-1
FBpp0306677	FBgn0038975	Nrx-1
FBpp0306674	FBgn0038975	Nrx-1
FBpp0309785	FBgn0052695	CG32695
FBpp0071333	FBgn0052695	CG32695
FBpp0311997	FBgn0052695	CG32695
FBpp0303395	FBgn0039126	CG13601
FBpp0083908	FBgn0039126	CG13601
FBpp0100020	FBgn0032259	CG6144
FBpp0293077	FBgn0032259	CG6144
FBpp0110176	FBgn0265276	l(3)neo38
FBpp0082007	FBgn0265276	l(3)neo38
FBpp0303203	FBgn0265276	l(3)neo38
FBpp0293716	FBgn0265276	l(3)neo38
FBpp0297925	FBgn0265276	l(3)neo38
FBpp0297926	FBgn0265276	l(3)neo38
FBpp0297928	FBgn0265276	l(3)neo38
FBpp0297930	FBgn0265276	l(3)neo38
FBpp0297929	FBgn0265276	l(3)neo38
FBpp0110177	FBgn0265276	l(3)neo38
FBpp0298038	FBgn0030613	Rab3-GEF
FBpp0298036	FBgn0030613	Rab3-GEF
FBpp0402897	FBgn0030613	Rab3-GEF
FBpp0303427	FBgn0030613	Rab3-GEF
FBpp0298039	FBgn0030613	Rab3-GEF
FBpp0402896	FBgn0030613	Rab3-GEF
FBpp0298037	FBgn0030613	Rab3-GEF
FBpp0312376	FBgn0030613	Rab3-GEF
FBpp0402898	FBgn0030613	Rab3-GEF
FBpp0303426	FBgn0030613	Rab3-GEF
FBpp0311453	FBgn0051865	Ada1-1
FBpp0079873	FBgn0051865	Ada1-1
FBpp0082067	FBgn0004103	Pp1-87B
FBpp0428239	FBgn0036911	Fibp
FBpp0428240	FBgn0036911	Fibp
FBpp0428238	FBgn0036911	Fibp
FBpp0082123	FBgn0016693	Past1
FBpp0082124	FBgn0016693	Past1
FBpp0082339	FBgn0038191	Kots
FBpp0076439	FBgn0035865	CG7201
FBpp0304445	FBgn0035865	CG7201
FBpp0084646	FBgn0002865	Mst98Ca
FBpp0294060	FBgn0262686	CG43156
FBpp0086793	FBgn0033850	CG13331
FBpp0079207	FBgn0031996	CG8460
FBpp0082619	FBgn0038354	CG5404
FBpp0078355	FBgn0051551	CG31551
FBpp0306891	FBgn0263236	SP1029
FBpp0084768	FBgn0263236	SP1029
FBpp0311398	FBgn0263236	SP1029
FBpp0084767	FBgn0263236	SP1029
FBpp0084769	FBgn0263236	SP1029
FBpp0078473	FBgn0037296	Prosbeta2R2
FBpp0289550	FBgn0259974	Sfp84E
FBpp0305640	FBgn0020294	ko
FBpp0077980	FBgn0020294	ko
FBpp0428276	FBgn0264308	hbt
FBpp0303895	FBgn0264308	hbt
FBpp0303893	FBgn0264308	hbt
FBpp0303894	FBgn0264308	hbt
FBpp0071870	FBgn0021979	l(2)k09913
FBpp0071871	FBgn0021979	l(2)k09913
FBpp0309884	FBgn0021979	l(2)k09913
FBpp0309883	FBgn0021979	l(2)k09913
FBpp0309880	FBgn0021979	l(2)k09913
FBpp0071872	FBgn0021979	l(2)k09913
FBpp0309881	FBgn0021979	l(2)k09913
FBpp0309882	FBgn0021979	l(2)k09913
FBpp0071869	FBgn0021979	l(2)k09913
FBpp0309306	FBgn0030655	CG9213
FBpp0073887	FBgn0030655	CG9213
FBpp0076150	FBgn0036015	CG3088
FBpp0088462	FBgn0052000	anne
FBpp0305364	FBgn0052000	anne
FBpp0088459	FBgn0052000	anne
FBpp0112329	FBgn0052000	anne
FBpp0088464	FBgn0052000	anne
FBpp0088461	FBgn0052000	anne
FBpp0089013	FBgn0052000	anne
FBpp0088463	FBgn0052000	anne
FBpp0088460	FBgn0052000	anne
FBpp0073222	FBgn0035568	CG18418
FBpp0077275	FBgn0031523	CG15408
FBpp0304813	FBgn0031733	CG14006
FBpp0078798	FBgn0031733	CG14006
FBpp0290847	FBgn0264493	rdx
FBpp0290848	FBgn0264493	rdx
FBpp0099767	FBgn0264493	rdx
FBpp0306413	FBgn0264493	rdx
FBpp0290846	FBgn0264493	rdx
FBpp0081807	FBgn0042094	Ak3
FBpp0308470	FBgn0042094	Ak3
FBpp0308469	FBgn0042094	Ak3
FBpp0081806	FBgn0042094	Ak3
FBpp0311435	FBgn0038348	AOX2
FBpp0084937	FBgn0039756	CG9743
FBpp0112217	FBgn0039655	CG14507
FBpp0307588	FBgn0261086	Syt14
FBpp0078597	FBgn0261086	Syt14
FBpp0308634	FBgn0261086	Syt14
FBpp0078227	FBgn0037199	EMC4
FBpp0312454	FBgn0037199	EMC4
FBpp0308427	FBgn0265317	CG44290
FBpp0083343	FBgn0038820	CG4000
FBpp0303962	FBgn0036096	CG8003
FBpp0075989	FBgn0036096	CG8003
FBpp0088525	FBgn0034279	CG18635
FBpp0300790	FBgn0040066	wds
FBpp0070422	FBgn0040066	wds
FBpp0074649	FBgn0036909	Ccdc58
FBpp0074648	FBgn0036909	Ccdc58
FBpp0310655	FBgn0036909	Ccdc58
FBpp0079225	FBgn0032024	CG14273
FBpp0070160	FBgn0040339	MED22
FBpp0074226	FBgn0030853	ND-24
FBpp0309486	FBgn0030853	ND-24
FBpp0078098	FBgn0037139	CG14563
FBpp0297319	FBgn0262871	lute
FBpp0082876	FBgn0262871	lute
FBpp0303070	FBgn0262871	lute
FBpp0297318	FBgn0262871	lute
FBpp0311779	FBgn0029785	RpL35
FBpp0070766	FBgn0029785	RpL35
FBpp0070767	FBgn0029785	RpL35
FBpp0303827	FBgn0004654	Pgd
FBpp0070368	FBgn0004654	Pgd
FBpp0089409	FBgn0259878	Fs
FBpp0309015	FBgn0259878	Fs
FBpp0079702	FBgn0032295	CG12299
FBpp0077864	FBgn0037003	CG18281
FBpp0071575	FBgn0034641	mahj
FBpp0293270	FBgn0034641	mahj
FBpp0070413	FBgn0004655	wapl
FBpp0070414	FBgn0004655	wapl
FBpp0310572	FBgn0004655	wapl
FBpp0084333	FBgn0002632	E(spl)m6-BFM
FBpp0307812	FBgn0032470	Ttc30
FBpp0290580	FBgn0032470	Ttc30
FBpp0390631	FBgn0013679	mt:ND1
FBpp0074702	FBgn0036879	Cpr76Bb
FBpp0312580	FBgn0037098	Wnk
FBpp0312393	FBgn0037098	Wnk
FBpp0312394	FBgn0037098	Wnk
FBpp0312392	FBgn0037098	Wnk
FBpp0290087	FBgn0038451	CG14893
FBpp0074714	FBgn0036893	PIG-F
FBpp0087139	FBgn0033657	Sln
FBpp0071198	FBgn0030067	Rbm13
FBpp0311991	FBgn0030067	Rbm13
FBpp0071671	FBgn0034691	Synj
FBpp0300559	FBgn0034691	Synj
FBpp0071670	FBgn0034691	Synj
FBpp0290256	FBgn0053993	Egfrap
FBpp0099403	FBgn0053993	Egfrap
FBpp0082674	FBgn0003117	pnr
FBpp0307408	FBgn0003117	pnr
FBpp0307409	FBgn0003117	pnr
FBpp0082675	FBgn0003117	pnr
FBpp0074841	FBgn0027057	CSN1b
FBpp0072564	FBgn0035207	Herc4
FBpp0302692	FBgn0035207	Herc4
FBpp0072563	FBgn0035207	Herc4
FBpp0288399	FBgn0030666	CG12708
FBpp0073868	FBgn0030666	CG12708
FBpp0074589	FBgn0036945	Ssk
FBpp0074590	FBgn0036945	Ssk
FBpp0082012	FBgn0037985	ssp5
FBpp0289356	FBgn0037837	CG14693
FBpp0308285	FBgn0037837	CG14693
FBpp0081777	FBgn0037837	CG14693
FBpp0289355	FBgn0037837	CG14693
FBpp0307691	FBgn0037837	CG14693
FBpp0070542	FBgn0040352	CG14416
FBpp0300388	FBgn0040253	Ugt35E1
FBpp0082740	FBgn0038429	CG14882
FBpp0307944	FBgn0038429	CG14882
FBpp0082351	FBgn0038203	Or88a
FBpp0070417	FBgn0004860	ph-d
FBpp0111756	FBgn0004860	ph-d
FBpp0073824	FBgn0015926	dah
FBpp0303430	FBgn0015926	dah
FBpp0078361	FBgn0037359	MED27
FBpp0091031	FBgn0053769	CG33769
FBpp0086273	FBgn0034131	CG15712
FBpp0074411	FBgn0030964	Pvf1
FBpp0290881	FBgn0030964	Pvf1
FBpp0310199	FBgn0030964	Pvf1
FBpp0072491	FBgn0035170	dpr20
FBpp0081651	FBgn0037778	mtTFB2
FBpp0306142	FBgn0053207	pxb
FBpp0082616	FBgn0053207	pxb
FBpp0300840	FBgn0039235	CAH4
FBpp0084107	FBgn0039235	CAH4
FBpp0077226	FBgn0031566	CG2818
FBpp0077227	FBgn0031566	CG2818
FBpp0085335	FBgn0050431	CG30431
FBpp0288448	FBgn0264273	Sema2b
FBpp0303026	FBgn0264273	Sema2b
FBpp0303027	FBgn0264273	Sema2b
FBpp0099865	FBgn0264273	Sema2b
FBpp0305807	FBgn0264606	Fife
FBpp0305804	FBgn0264606	Fife
FBpp0305805	FBgn0264606	Fife
FBpp0305806	FBgn0264606	Fife
FBpp0084801	FBgn0040623	Spase12
FBpp0084306	FBgn0039359	RpL27
FBpp0303779	FBgn0039359	RpL27
FBpp0303778	FBgn0039359	RpL27
FBpp0303780	FBgn0039359	RpL27
FBpp0086487	FBgn0034030	CG8192
FBpp0111372	FBgn0085292	CG34263
FBpp0423417	FBgn0287211	CG46441
FBpp0293440	FBgn0033628	CG13203
FBpp0293441	FBgn0033628	CG13203
FBpp0310306	FBgn0043456	Ndf
FBpp0079520	FBgn0043456	Ndf
FBpp0292905	FBgn0043456	Ndf
FBpp0112323	FBgn0051638	CG31638
FBpp0078892	FBgn0051638	CG31638
FBpp0084399	FBgn0039421	Nil
FBpp0288689	FBgn0052944	CG32944
FBpp0288688	FBgn0052944	CG32944
FBpp0308994	FBgn0052944	CG32944
FBpp0077783	FBgn0031231	mRpL10
FBpp0306039	FBgn0024733	RpL10
FBpp0289148	FBgn0024733	RpL10
FBpp0289147	FBgn0024733	RpL10
FBpp0307826	FBgn0038257	smp-30
FBpp0307825	FBgn0038257	smp-30
FBpp0082475	FBgn0038257	smp-30
FBpp0082476	FBgn0038257	smp-30
FBpp0306540	FBgn0014133	bif
FBpp0073371	FBgn0014133	bif
FBpp0073372	FBgn0014133	bif
FBpp0306541	FBgn0014133	bif
FBpp0306539	FBgn0014133	bif
FBpp0303735	FBgn0040344	Lztr1
FBpp0310018	FBgn0040344	Lztr1
FBpp0088610	FBgn0061197	salto
FBpp0088612	FBgn0061197	salto
FBpp0088613	FBgn0061197	salto
FBpp0088611	FBgn0061197	salto
FBpp0304549	FBgn0033990	CG10265
FBpp0086552	FBgn0033990	CG10265
FBpp0079029	FBgn0031885	Mnn1
FBpp0110277	FBgn0031885	Mnn1
FBpp0079030	FBgn0031885	Mnn1
FBpp0086423	FBgn0034046	tun
FBpp0300971	FBgn0034046	tun
FBpp0309027	FBgn0034046	tun
FBpp0300972	FBgn0034046	tun
FBpp0079250	FBgn0032000	CG8372
FBpp0079249	FBgn0032000	CG8372
FBpp0075399	FBgn0036486	Msh6
FBpp0074515	FBgn0031052	Elys
FBpp0311267	FBgn0031052	Elys
FBpp0300785	FBgn0038006	Cyp313a2
FBpp0082985	FBgn0262559	Mdh2
FBpp0075700	FBgn0004926	eIF2beta
FBpp0305298	FBgn0086251	del
FBpp0305297	FBgn0086251	del
FBpp0081030	FBgn0086251	del
FBpp0308445	FBgn0261588	pdm3
FBpp0308446	FBgn0261588	pdm3
FBpp0292045	FBgn0261588	pdm3
FBpp0292044	FBgn0261588	pdm3
FBpp0087863	FBgn0005648	Pabp2
FBpp0087864	FBgn0005648	Pabp2
FBpp0084673	FBgn0039589	CG9986
FBpp0073360	FBgn0030313	Reepl1
FBpp0304863	FBgn0030313	Reepl1
FBpp0071587	FBgn0034654	eIF3k
FBpp0085982	FBgn0034284	CG14491
FBpp0078270	FBgn0037398	CG15580
FBpp0086591	FBgn0027783	SMC2
FBpp0310044	FBgn0054011	CG34011
FBpp0303719	FBgn0001990	wek
FBpp0080323	FBgn0001990	wek
FBpp0086348	FBgn0034065	Rrp42
FBpp0301971	FBgn0025631	moody
FBpp0292162	FBgn0025631	moody
FBpp0292164	FBgn0025631	moody
FBpp0301972	FBgn0025631	moody
FBpp0292163	FBgn0025631	moody
FBpp0070327	FBgn0025631	moody
FBpp0080803	FBgn0032813	PCNA2
FBpp0072426	FBgn0035110	thoc7
FBpp0072425	FBgn0035110	thoc7
FBpp0307996	FBgn0085404	CG34375
FBpp0291525	FBgn0085404	CG34375
FBpp0111519	FBgn0085404	CG34375
FBpp0087409	FBgn0053475	CG33475
FBpp0073295	FBgn0030272	CG15201
FBpp0083860	FBgn0028691	Rpn9
FBpp0083861	FBgn0028691	Rpn9
FBpp0086872	FBgn0033816	CG4679
FBpp0086861	FBgn0033821	CG10799
FBpp0087273	FBgn0033610	CG18335
FBpp0076239	FBgn0035941	CG13313
FBpp0077515	FBgn0031398	daed
FBpp0303525	FBgn0031398	daed
FBpp0081808	FBgn0037853	CG14696
FBpp0081780	FBgn0037834	Art1
FBpp0301959	FBgn0017578	Max
FBpp0074785	FBgn0017578	Max
FBpp0311541	FBgn0017578	Max
FBpp0080686	FBgn0086442	mib2
FBpp0307802	FBgn0086442	mib2
FBpp0307801	FBgn0086442	mib2
FBpp0305177	FBgn0030243	CG2186
FBpp0428085	FBgn0030243	CG2186
FBpp0073237	FBgn0030243	CG2186
FBpp0306249	FBgn0264748	CG44006
FBpp0306760	FBgn0039737	CG7920
FBpp0084968	FBgn0039737	CG7920
FBpp0088450	FBgn0005278	Sam-S
FBpp0088452	FBgn0005278	Sam-S
FBpp0088446	FBgn0005278	Sam-S
FBpp0300434	FBgn0005278	Sam-S
FBpp0088926	FBgn0005278	Sam-S
FBpp0088447	FBgn0005278	Sam-S
FBpp0088448	FBgn0005278	Sam-S
FBpp0088444	FBgn0005278	Sam-S
FBpp0088451	FBgn0005278	Sam-S
FBpp0088449	FBgn0005278	Sam-S
FBpp0088445	FBgn0005278	Sam-S
FBpp0303506	FBgn0005278	Sam-S
FBpp0302006	FBgn0033661	CG13185
FBpp0311264	FBgn0053234	CG33234
FBpp0288582	FBgn0053234	CG33234
FBpp0085735	FBgn0034443	cer
FBpp0070973	FBgn0029932	CG4607
FBpp0070974	FBgn0029932	CG4607
FBpp0080859	FBgn0032840	sNPF
FBpp0293484	FBgn0262574	CG43114
FBpp0308564	FBgn0262574	CG43114
FBpp0086346	FBgn0034063	CG8389
FBpp0086347	FBgn0034063	CG8389
FBpp0301970	FBgn0029504	CHES-1-like
FBpp0111859	FBgn0029504	CHES-1-like
FBpp0071036	FBgn0029504	CHES-1-like
FBpp0305405	FBgn0029504	CHES-1-like
FBpp0072386	FBgn0035109	CG13876
FBpp0292602	FBgn0051068	CG31068
FBpp0292603	FBgn0051068	CG31068
FBpp0075193	FBgn0044028	Notum
FBpp0086113	FBgn0034219	mthl4
FBpp0072133	FBgn0025334	PHDP
FBpp0082497	FBgn0038290	CG6912
FBpp0112714	FBgn0039955	CG41099
FBpp0112712	FBgn0039955	CG41099
FBpp0310922	FBgn0039955	CG41099
FBpp0112713	FBgn0039955	CG41099
FBpp0309869	FBgn0259179	CG42284
FBpp0309868	FBgn0259179	CG42284
FBpp0072530	FBgn0004427	LysD
FBpp0074009	FBgn0003416	sl
FBpp0292829	FBgn0261994	CG42812
FBpp0305960	FBgn0037526	ArgRS-m
FBpp0081249	FBgn0037526	ArgRS-m
FBpp0300616	FBgn0025740	PlexB
FBpp0088246	FBgn0025740	PlexB
FBpp0072531	FBgn0035189	CG9119
FBpp0087116	FBgn0033698	CG8858
FBpp0309366	FBgn0052532	CG32532
FBpp0309365	FBgn0052532	CG32532
FBpp0309364	FBgn0052532	CG32532
FBpp0087208	FBgn0033589	CG13227
FBpp0288400	FBgn0033501	CG12911
FBpp0308537	FBgn0033501	CG12911
FBpp0087425	FBgn0033501	CG12911
FBpp0308540	FBgn0033501	CG12911
FBpp0308538	FBgn0033501	CG12911
FBpp0308539	FBgn0033501	CG12911
FBpp0087347	FBgn0033548	Nop10
FBpp0311778	FBgn0052762	CG32762
FBpp0070757	FBgn0052762	CG32762
FBpp0292962	FBgn0035237	CG13917
FBpp0072630	FBgn0035237	CG13917
FBpp0305551	FBgn0035237	CG13917
FBpp0312460	FBgn0035237	CG13917
FBpp0292457	FBgn0261834	CG42766
FBpp0292458	FBgn0261834	CG42766
FBpp0087472	FBgn0286783	Etf-QO
FBpp0300657	FBgn0286783	Etf-QO
FBpp0076614	FBgn0035734	CG14823
FBpp0076617	FBgn0035734	CG14823
FBpp0076615	FBgn0035734	CG14823
FBpp0303959	FBgn0036995	atk
FBpp0303960	FBgn0036995	atk
FBpp0077881	FBgn0036995	atk
FBpp0300572	FBgn0031239	CG17075
FBpp0077801	FBgn0031239	CG17075
FBpp0079296	FBgn0032055	Sgp
FBpp0305607	FBgn0032055	Sgp
FBpp0086084	FBgn0050104	NT5E-2
FBpp0086083	FBgn0050104	NT5E-2
FBpp0078086	FBgn0037121	Polr2H
FBpp0298011	FBgn0040340	TRAM
FBpp0304840	FBgn0040340	TRAM
FBpp0070162	FBgn0040340	TRAM
FBpp0070164	FBgn0040340	TRAM
FBpp0070163	FBgn0040340	TRAM
FBpp0297801	FBgn0263047	CG43342
FBpp0307375	FBgn0261506	CG42654
FBpp0304188	FBgn0261506	CG42654
FBpp0081596	FBgn0037705	mura
FBpp0081595	FBgn0037705	mura
FBpp0081594	FBgn0037705	mura
FBpp0077912	FBgn0037024	tzn
FBpp0077910	FBgn0037024	tzn
FBpp0077911	FBgn0037024	tzn
FBpp0085121	FBgn0039835	mRpL32
FBpp0075257	FBgn0036531	CG6244
FBpp0079164	FBgn0010287	Trf
FBpp0311791	FBgn0036677	CG13023
FBpp0075067	FBgn0036677	CG13023
FBpp0080740	FBgn0032772	CG17350
FBpp0290973	FBgn0037584	CG7963
FBpp0081434	FBgn0037609	Unc50
FBpp0086724	FBgn0002643	mam
FBpp0086722	FBgn0002643	mam
FBpp0086723	FBgn0002643	mam
FBpp0308978	FBgn0002643	mam
FBpp0081692	FBgn0051407	CG31407
FBpp0310718	FBgn0051407	CG31407
FBpp0309336	FBgn0053136	CG33136
FBpp0309337	FBgn0053136	CG33136
FBpp0085835	FBgn0053136	CG33136
FBpp0271885	FBgn0037347	SecS
FBpp0305477	FBgn0037347	SecS
FBpp0305476	FBgn0037347	SecS
FBpp0072097	FBgn0011726	tsr
FBpp0085931	FBgn0034318	CG14500
FBpp0081267	FBgn0037525	CG17816
FBpp0290051	FBgn0037525	CG17816
FBpp0112114	FBgn0037525	CG17816
FBpp0305961	FBgn0037525	CG17816
FBpp0305962	FBgn0037525	CG17816
FBpp0305963	FBgn0037525	CG17816
FBpp0112115	FBgn0037525	CG17816
FBpp0290050	FBgn0037525	CG17816
FBpp0091147	FBgn0053902	His2B:CG33902
FBpp0076332	FBgn0035879	GAPcenA
FBpp0112066	FBgn0035879	GAPcenA
FBpp0083431	FBgn0038865	cDIP
FBpp0083112	FBgn0038659	EndoA
FBpp0306589	FBgn0038659	EndoA
FBpp0083113	FBgn0038659	EndoA
FBpp0082688	FBgn0052855	CG32855
FBpp0290243	FBgn0052666	Drak
FBpp0309256	FBgn0052666	Drak
FBpp0290242	FBgn0052666	Drak
FBpp0077236	FBgn0031560	CG16713
FBpp0291853	FBgn0261556	CG42674
FBpp0304945	FBgn0261556	CG42674
FBpp0291855	FBgn0261556	CG42674
FBpp0304944	FBgn0261556	CG42674
FBpp0291854	FBgn0261556	CG42674
FBpp0291856	FBgn0261556	CG42674
FBpp0291852	FBgn0261556	CG42674
FBpp0304700	FBgn0039089	beat-IV
FBpp0083825	FBgn0039089	beat-IV
FBpp0073439	FBgn0030342	CG10347
FBpp0073440	FBgn0030342	CG10347
FBpp0312129	FBgn0039764	CG15535
FBpp0084993	FBgn0039764	CG15535
FBpp0401593	FBgn0265538	CG44388
FBpp0081901	FBgn0265271	CG14717
FBpp0307196	FBgn0265271	CG14717
FBpp0072496	FBgn0035161	CG13898
FBpp0290729	FBgn0038418	pad
FBpp0076088	FBgn0036057	Hez
FBpp0112070	FBgn0036057	Hez
FBpp0085133	FBgn0039832	CG15563
FBpp0110565	FBgn0058006	CG40006
FBpp0297406	FBgn0262889	CG43244
FBpp0080807	FBgn0032811	Pmvk
FBpp0072704	FBgn0035241	CG12105
FBpp0303880	FBgn0035241	CG12105
FBpp0084677	FBgn0039594	snu
FBpp0293625	FBgn0039594	snu
FBpp0307763	FBgn0039594	snu
FBpp0084678	FBgn0039594	snu
FBpp0293624	FBgn0039594	snu
FBpp0292406	FBgn0039594	snu
FBpp0076093	FBgn0036053	iPLA2-VIA
FBpp0076092	FBgn0036053	iPLA2-VIA
FBpp0076094	FBgn0036053	iPLA2-VIA
FBpp0076091	FBgn0036053	iPLA2-VIA
FBpp0073752	FBgn0030577	CG5334
FBpp0078400	FBgn0014366	noi
FBpp0083143	FBgn0038679	CG6040
FBpp0307227	FBgn0038755	Hs6st
FBpp0083255	FBgn0038755	Hs6st
FBpp0085145	FBgn0046332	gskt
FBpp0311655	FBgn0037164	CG11438
FBpp0078156	FBgn0037164	CG11438
FBpp0310632	FBgn0051159	mRRF2
FBpp0083663	FBgn0051159	mRRF2
FBpp0085765	FBgn0034419	CG15111
FBpp0085764	FBgn0034419	CG15111
FBpp0071419	FBgn0067052	Rab9D
FBpp0077866	FBgn0037005	CG5078
FBpp0077428	FBgn0041337	Cyp309a2
FBpp0292669	FBgn0032648	CG15144
FBpp0111307	FBgn0085228	CG34199
FBpp0311452	FBgn0285948	RpL27A
FBpp0307135	FBgn0285948	RpL27A
FBpp0077142	FBgn0285948	RpL27A
FBpp0309798	FBgn0029825	CG12728
FBpp0070824	FBgn0029825	CG12728
FBpp0085029	FBgn0051017	PH4alphaNE3
FBpp0079521	FBgn0011584	Trp1
FBpp0079522	FBgn0011584	Trp1
FBpp0310307	FBgn0011584	Trp1
FBpp0297128	FBgn0011584	Trp1
FBpp0304537	FBgn0032833	COX4
FBpp0080836	FBgn0032833	COX4
FBpp0304538	FBgn0032833	COX4
FBpp0080835	FBgn0032833	COX4
FBpp0075090	FBgn0052161	CG32161
FBpp0077228	FBgn0040104	lectin-24A
FBpp0079293	FBgn0032047	CG13088
FBpp0076003	FBgn0036104	CG6418
FBpp0309833	FBgn0083942	CG34106
FBpp0110082	FBgn0083942	CG34106
FBpp0086974	FBgn0011227	ox
FBpp0077736	FBgn0031264	uncNacbeta
FBpp0304619	FBgn0031264	uncNacbeta
FBpp0311648	FBgn0031264	uncNacbeta
FBpp0304618	FBgn0031264	uncNacbeta
FBpp0071086	FBgn0029974	dpr14
FBpp0298271	FBgn0029974	dpr14
FBpp0080630	FBgn0032689	CG10413
FBpp0310379	FBgn0032689	CG10413
FBpp0086235	FBgn0034132	S-Lap8
FBpp0311115	FBgn0032973	CG6675
FBpp0289183	FBgn0032973	CG6675
FBpp0301773	FBgn0027598	cindr
FBpp0301772	FBgn0027598	cindr
FBpp0301771	FBgn0027598	cindr
FBpp0085066	FBgn0027598	cindr
FBpp0301769	FBgn0027598	cindr
FBpp0301770	FBgn0027598	cindr
FBpp0085068	FBgn0027598	cindr
FBpp0302572	FBgn0027598	cindr
FBpp0085069	FBgn0027598	cindr
FBpp0085067	FBgn0027598	cindr
FBpp0293246	FBgn0014931	kipf
FBpp0081254	FBgn0014931	kipf
FBpp0075136	FBgn0036612	CG4998
FBpp0110166	FBgn0036612	CG4998
FBpp0271876	FBgn0035842	Setx
FBpp0271875	FBgn0035842	Setx
FBpp0072577	FBgn0035217	FucTD
FBpp0077601	FBgn0031343	CG18131
FBpp0306856	FBgn0031343	CG18131
FBpp0306855	FBgn0031343	CG18131
FBpp0077603	FBgn0031343	CG18131
FBpp0077602	FBgn0031343	CG18131
FBpp0077604	FBgn0031343	CG18131
FBpp0082148	FBgn0038058	CG5608
FBpp0071292	FBgn0030077	CG15365
FBpp0308737	FBgn0030077	CG15365
FBpp0308736	FBgn0030077	CG15365
FBpp0312174	FBgn0028892	CG4161
FBpp0080294	FBgn0028892	CG4161
FBpp0111353	FBgn0085273	CG34244
FBpp0305247	FBgn0085273	CG34244
FBpp0289827	FBgn0026597	Axn
FBpp0084921	FBgn0026597	Axn
FBpp0288469	FBgn0026597	Axn
FBpp0306758	FBgn0026597	Axn
FBpp0306757	FBgn0026597	Axn
FBpp0084920	FBgn0026597	Axn
FBpp0084919	FBgn0026597	Axn
FBpp0073794	FBgn0030595	CG14406
FBpp0310034	FBgn0030595	CG14406
FBpp0075215	FBgn0263608	l(3)72Dr
FBpp0294058	FBgn0262685	CG43155
FBpp0078024	FBgn0015283	Rpn10
FBpp0305644	FBgn0015283	Rpn10
FBpp0099496	FBgn0264607	CaMKII
FBpp0305830	FBgn0264607	CaMKII
FBpp0289607	FBgn0264607	CaMKII
FBpp0088282	FBgn0264607	CaMKII
FBpp0289608	FBgn0264607	CaMKII
FBpp0099498	FBgn0264607	CaMKII
FBpp0088281	FBgn0264607	CaMKII
FBpp0305829	FBgn0264607	CaMKII
FBpp0099497	FBgn0264607	CaMKII
FBpp0305831	FBgn0264607	CaMKII
FBpp0289606	FBgn0264607	CaMKII
FBpp0088283	FBgn0264607	CaMKII
FBpp0070085	FBgn0024983	CG4293
FBpp0099908	FBgn0024983	CG4293
FBpp0070084	FBgn0024983	CG4293
FBpp0306149	FBgn0024983	CG4293
FBpp0099909	FBgn0024983	CG4293
FBpp0072022	FBgn0034878	pita
FBpp0072021	FBgn0034878	pita
FBpp0078794	FBgn0031737	obst-E
FBpp0078795	FBgn0031737	obst-E
FBpp0307850	FBgn0033174	CG11125
FBpp0088047	FBgn0033174	CG11125
FBpp0077942	FBgn0037037	CG10588
FBpp0312146	FBgn0037037	CG10588
FBpp0312412	FBgn0000289	cg
FBpp0288474	FBgn0000289	cg
FBpp0308984	FBgn0000289	cg
FBpp0086655	FBgn0000289	cg
FBpp0086658	FBgn0000289	cg
FBpp0086656	FBgn0000289	cg
FBpp0308983	FBgn0000289	cg
FBpp0288473	FBgn0000289	cg
FBpp0308982	FBgn0000289	cg
FBpp0086657	FBgn0000289	cg
FBpp0111707	FBgn0000289	cg
FBpp0078158	FBgn0037166	CG11426
FBpp0075773	FBgn0036226	CG7252
FBpp0071231	FBgn0030089	AP-1gamma
FBpp0301194	FBgn0030089	AP-1gamma
FBpp0089134	FBgn0030089	AP-1gamma
FBpp0071233	FBgn0030089	AP-1gamma
FBpp0071230	FBgn0030089	AP-1gamma
FBpp0301193	FBgn0030089	AP-1gamma
FBpp0305942	FBgn0030089	AP-1gamma
FBpp0071232	FBgn0030089	AP-1gamma
FBpp0111878	FBgn0030089	AP-1gamma
FBpp0301052	FBgn0263353	CG11000
FBpp0112107	FBgn0263353	CG11000
FBpp0423289	FBgn0266811	CG45273
FBpp0312398	FBgn0265296	Dscam2
FBpp0288826	FBgn0265296	Dscam2
FBpp0288822	FBgn0265296	Dscam2
FBpp0291333	FBgn0265296	Dscam2
FBpp0288823	FBgn0265296	Dscam2
FBpp0303369	FBgn0265296	Dscam2
FBpp0303367	FBgn0265296	Dscam2
FBpp0288821	FBgn0265296	Dscam2
FBpp0288824	FBgn0265296	Dscam2
FBpp0308279	FBgn0265296	Dscam2
FBpp0303368	FBgn0265296	Dscam2
FBpp0308278	FBgn0265296	Dscam2
FBpp0291334	FBgn0265296	Dscam2
FBpp0288827	FBgn0265296	Dscam2
FBpp0288825	FBgn0265296	Dscam2
FBpp0072750	FBgn0035315	CG8960
FBpp0072751	FBgn0035315	CG8960
FBpp0082245	FBgn0038131	CG15888
FBpp0293288	FBgn0004852	Ac76E
FBpp0074666	FBgn0004852	Ac76E
FBpp0077755	FBgn0051921	CG31921
FBpp0303409	FBgn0027508	Tnks
FBpp0084264	FBgn0027508	Tnks
FBpp0079321	FBgn0015583	Acp29AB
FBpp0300169	FBgn0263973	jv
FBpp0300168	FBgn0263973	jv
FBpp0300167	FBgn0263973	jv
FBpp0071915	FBgn0034850	CG9875
FBpp0291067	FBgn0034850	CG9875
FBpp0290291	FBgn0053700	CG33700
FBpp0310010	FBgn0030034	CG10555
FBpp0071122	FBgn0030034	CG10555
FBpp0087733	FBgn0033349	CG8243
FBpp0304933	FBgn0085411	CG34382
FBpp0304932	FBgn0085411	CG34382
FBpp0304931	FBgn0085411	CG34382
FBpp0111532	FBgn0085411	CG34382
FBpp0072269	FBgn0010414	SerT
FBpp0428152	FBgn0010414	SerT
FBpp0309974	FBgn0010414	SerT
FBpp0087012	FBgn0033715	CG8490
FBpp0290413	FBgn0033715	CG8490
FBpp0080695	FBgn0032751	CG17343
FBpp0081830	FBgn0037885	CG17721
FBpp0293250	FBgn0037885	CG17721
FBpp0293251	FBgn0037885	CG17721
FBpp0084018	FBgn0039180	CG5715
FBpp0311588	FBgn0033810	CG4646
FBpp0086877	FBgn0033810	CG4646
FBpp0072943	FBgn0052274	Drsl1
FBpp0091084	FBgn0053838	His2A:CG33838
FBpp0311742	FBgn0036075	CG8065
FBpp0290445	FBgn0036075	CG8065
FBpp0111934	FBgn0031646	snsl
FBpp0077093	FBgn0031646	snsl
FBpp0077094	FBgn0031646	snsl
FBpp0077092	FBgn0031646	snsl
FBpp0309348	FBgn0040650	CG15456
FBpp0077015	FBgn0040650	CG15456
FBpp0075876	FBgn0036177	CG33268
FBpp0074279	FBgn0030884	CG6847
FBpp0310637	FBgn0030884	CG6847
FBpp0071703	FBgn0034697	GM130
FBpp0078279	FBgn0037377	Hpf1
FBpp0077762	FBgn0031216	Zir
FBpp0071103	FBgn0030003	CG2116
FBpp0083859	FBgn0039110	RanBP3
FBpp0307011	FBgn0039110	RanBP3
FBpp0080581	FBgn0051740	CG31740
FBpp0312083	FBgn0267236	CG45676
FBpp0074635	FBgn0036940	obst-J
FBpp0072674	FBgn0035271	CG2021
FBpp0290073	FBgn0030296	CG15196
FBpp0301161	FBgn0030296	CG15196
FBpp0077794	FBgn0031245	CG3625
FBpp0111922	FBgn0031245	CG3625
FBpp0077795	FBgn0031245	CG3625
FBpp0310343	FBgn0031245	CG3625
FBpp0089022	FBgn0030892	Swt1
FBpp0300671	FBgn0030892	Swt1
FBpp0088029	FBgn0033191	CG1598
FBpp0087514	FBgn0033482	CG1371
FBpp0091108	FBgn0053862	His2A:CG33862
FBpp0311001	FBgn0050275	CG30275
FBpp0311003	FBgn0050275	CG30275
FBpp0311002	FBgn0050275	CG30275
FBpp0079709	FBgn0032294	Vha16-5
FBpp0076286	FBgn0035943	CG5653
FBpp0087926	FBgn0026722	drosha
FBpp0074313	FBgn0030886	CG12672
FBpp0071904	FBgn0034800	CG3788
FBpp0292517	FBgn0034800	CG3788
FBpp0422630	FBgn0000286	Cf2
FBpp0307799	FBgn0000286	Cf2
FBpp0088592	FBgn0000286	Cf2
FBpp0088591	FBgn0000286	Cf2
FBpp0088590	FBgn0000286	Cf2
FBpp0293426	FBgn0000286	Cf2
FBpp0082768	FBgn0003513	ss
FBpp0297168	FBgn0003513	ss
FBpp0297169	FBgn0003513	ss
FBpp0080475	FBgn0051739	AspRS-m
FBpp0304012	FBgn0051739	AspRS-m
FBpp0428165	FBgn0051739	AspRS-m
FBpp0312369	FBgn0053258	CG33258
FBpp0290252	FBgn0053258	CG33258
FBpp0078642	FBgn0000299	Col4a1
FBpp0078640	FBgn0000299	Col4a1
FBpp0078641	FBgn0000299	Col4a1
FBpp0112187	FBgn0039137	Epp
FBpp0303396	FBgn0039137	Epp
FBpp0112189	FBgn0039137	Epp
FBpp0112188	FBgn0039137	Epp
FBpp0083896	FBgn0039137	Epp
FBpp0288472	FBgn0033348	Spt
FBpp0074120	FBgn0053252	CG33252
FBpp0110184	FBgn0036179	CG7368
FBpp0297950	FBgn0036179	CG7368
FBpp0081683	FBgn0037777	CG11722
FBpp0306801	FBgn0043539	Obp22a
FBpp0099943	FBgn0043539	Obp22a
FBpp0075676	FBgn0036314	Sf3a2
FBpp0070341	FBgn0052803	Ldaf1
FBpp0304834	FBgn0052803	Ldaf1
FBpp0304833	FBgn0052803	Ldaf1
FBpp0075368	FBgn0036495	CG33259
FBpp0302819	FBgn0042125	CG18787
FBpp0078063	FBgn0037067	Cpr78Ca
FBpp0111843	FBgn0028408	Drep2
FBpp0293338	FBgn0028408	Drep2
FBpp0305213	FBgn0028408	Drep2
FBpp0087678	FBgn0028408	Drep2
FBpp0087052	FBgn0033751	CG8818
FBpp0081829	FBgn0037883	Dph3
FBpp0291098	FBgn0003475	spir
FBpp0308341	FBgn0003475	spir
FBpp0080884	FBgn0003475	spir
FBpp0080887	FBgn0003475	spir
FBpp0308340	FBgn0003475	spir
FBpp0080886	FBgn0003475	spir
FBpp0080885	FBgn0003475	spir
FBpp0300327	FBgn0003475	spir
FBpp0300328	FBgn0003475	spir
FBpp0297511	FBgn0003475	spir
FBpp0079554	FBgn0051874	Fum4
FBpp0084363	FBgn0039419	CG12290
FBpp0308679	FBgn0039419	CG12290
FBpp0085636	FBgn0034472	CG8517
FBpp0302681	FBgn0035290	dsb
FBpp0271769	FBgn0035290	dsb
FBpp0302682	FBgn0035290	dsb
FBpp0075621	FBgn0036342	CG11279
FBpp0311520	FBgn0036342	CG11279
FBpp0304387	FBgn0036342	CG11279
FBpp0083204	FBgn0038733	Acsx3
FBpp0084112	FBgn0045980	niki
FBpp0110171	FBgn0083966	CG34130
FBpp0290481	FBgn0260764	CG42562
FBpp0076002	FBgn0036106	CG6409
FBpp0312162	FBgn0036106	CG6409
FBpp0073243	FBgn0030251	CG2145
FBpp0310188	FBgn0030251	CG2145
FBpp0087734	FBgn0033350	CG8237
FBpp0112227	FBgn0039855	CG1638
FBpp0297218	FBgn0034828	CG13545
FBpp0078090	FBgn0037133	CG7370
FBpp0070540	FBgn0040354	CG14418
FBpp0304771	FBgn0040354	CG14418
FBpp0089349	FBgn0001624	dlg1
FBpp0089351	FBgn0001624	dlg1
FBpp0300432	FBgn0001624	dlg1
FBpp0305460	FBgn0001624	dlg1
FBpp0089350	FBgn0001624	dlg1
FBpp0291324	FBgn0001624	dlg1
FBpp0111724	FBgn0001624	dlg1
FBpp0073342	FBgn0001624	dlg1
FBpp0111725	FBgn0001624	dlg1
FBpp0305459	FBgn0001624	dlg1
FBpp0073340	FBgn0001624	dlg1
FBpp0290504	FBgn0001624	dlg1
FBpp0073341	FBgn0001624	dlg1
FBpp0303416	FBgn0001624	dlg1
FBpp0073339	FBgn0001624	dlg1
FBpp0089352	FBgn0001624	dlg1
FBpp0089348	FBgn0001624	dlg1
FBpp0089353	FBgn0001624	dlg1
FBpp0305461	FBgn0001624	dlg1
FBpp0290503	FBgn0001624	dlg1
FBpp0300431	FBgn0001624	dlg1
FBpp0088486	FBgn0067783	DPCoAC
FBpp0088980	FBgn0067783	DPCoAC
FBpp0088485	FBgn0067783	DPCoAC
FBpp0310686	FBgn0067783	DPCoAC
FBpp0310685	FBgn0067783	DPCoAC
FBpp0310687	FBgn0067783	DPCoAC
FBpp0076533	FBgn0035805	CG7506
FBpp0312595	FBgn0085384	CG34355
FBpp0311484	FBgn0085384	CG34355
FBpp0297661	FBgn0085384	CG34355
FBpp0271723	FBgn0085384	CG34355
FBpp0071741	FBgn0034730	ppk12
FBpp0076222	FBgn0035983	CG4080
FBpp0301283	FBgn0035983	CG4080
FBpp0293369	FBgn0262484	CG43074
FBpp0291330	FBgn0020304	drongo
FBpp0306804	FBgn0020304	drongo
FBpp0291768	FBgn0020304	drongo
FBpp0077701	FBgn0020304	drongo
FBpp0291331	FBgn0020304	drongo
FBpp0309350	FBgn0026323	Tak1
FBpp0077011	FBgn0026323	Tak1
FBpp0073218	FBgn0035575	CG7509
FBpp0088139	FBgn0004607	zfh2
FBpp0297996	FBgn0004607	zfh2
FBpp0305133	FBgn0004607	zfh2
FBpp0288412	FBgn0038531	CG14325
FBpp0309188	FBgn0027506	EDTP
FBpp0086114	FBgn0027506	EDTP
FBpp0306274	FBgn0000384	cta
FBpp0110418	FBgn0000384	cta
FBpp0309630	FBgn0034551	CG15225
FBpp0082173	FBgn0038113	CG11668
FBpp0303131	FBgn0036032	CG16711
FBpp0076125	FBgn0036032	CG16711
FBpp0271765	FBgn0030343	ATP7
FBpp0306530	FBgn0030343	ATP7
FBpp0305760	FBgn0260657	CG42540
FBpp0290320	FBgn0260657	CG42540
FBpp0290319	FBgn0260657	CG42540
FBpp0311132	FBgn0260657	CG42540
FBpp0293525	FBgn0260657	CG42540
FBpp0305762	FBgn0260657	CG42540
FBpp0305761	FBgn0260657	CG42540
FBpp0290318	FBgn0260657	CG42540
FBpp0290317	FBgn0260657	CG42540
FBpp0305610	FBgn0028394	CG17834
FBpp0079300	FBgn0028394	CG17834
FBpp0079298	FBgn0028394	CG17834
FBpp0079301	FBgn0028394	CG17834
FBpp0079299	FBgn0028394	CG17834
FBpp0305609	FBgn0028394	CG17834
FBpp0308648	FBgn0085369	Drgx
FBpp0291586	FBgn0085369	Drgx
FBpp0288974	FBgn0259209	Mlp60A
FBpp0288975	FBgn0259209	Mlp60A
FBpp0311250	FBgn0259209	Mlp60A
FBpp0309996	FBgn0259209	Mlp60A
FBpp0079460	FBgn0032140	CG13117
FBpp0307471	FBgn0032140	CG13117
FBpp0301780	FBgn0243514	eater
FBpp0074157	FBgn0030816	CG16700
FBpp0310438	FBgn0037368	CG1239
FBpp0078369	FBgn0037368	CG1239
FBpp0310437	FBgn0037368	CG1239
FBpp0083187	FBgn0051245	CG31245
FBpp0070647	FBgn0029716	CG3546
FBpp0309403	FBgn0029763	Usp16-45
FBpp0309404	FBgn0029763	Usp16-45
FBpp0070741	FBgn0029763	Usp16-45
FBpp0070738	FBgn0029763	Usp16-45
FBpp0070739	FBgn0029763	Usp16-45
FBpp0082925	FBgn0038527	CG14324
FBpp0081017	FBgn0032934	CG8679
FBpp0079183	FBgn0031959	spz3
FBpp0074269	FBgn0030880	CG6788
FBpp0076625	FBgn0010387	Acbp2
FBpp0076624	FBgn0010387	Acbp2
FBpp0304775	FBgn0260428	CG42523
FBpp0290075	FBgn0260428	CG42523
FBpp0289159	FBgn0250816	AGO3
FBpp0289158	FBgn0250816	AGO3
FBpp0289160	FBgn0250816	AGO3
FBpp0290939	FBgn0250816	AGO3
FBpp0288499	FBgn0051678	CG31678
FBpp0288498	FBgn0051678	CG31678
FBpp0310528	FBgn0051678	CG31678
FBpp0310843	FBgn0038405	CG8927
FBpp0100146	FBgn0038405	CG8927
FBpp0305773	FBgn0036624	RAF2
FBpp0075145	FBgn0036624	RAF2
FBpp0075144	FBgn0036624	RAF2
FBpp0087475	FBgn0027619	eIF3j
FBpp0308512	FBgn0027619	eIF3j
FBpp0310804	FBgn0266452	Ctps
FBpp0310803	FBgn0266452	Ctps
FBpp0311740	FBgn0266452	Ctps
FBpp0292858	FBgn0262020	CG42831
FBpp0080958	FBgn0051675	CG31675
FBpp0080293	FBgn0287768	esg
FBpp0290863	FBgn0037502	wa-cup
FBpp0305566	FBgn0259173	corn
FBpp0305567	FBgn0259173	corn
FBpp0288915	FBgn0259173	corn
FBpp0288916	FBgn0259173	corn
FBpp0297712	FBgn0036717	CG13731
FBpp0072969	FBgn0047135	CG32276
FBpp0072968	FBgn0047135	CG32276
FBpp0087227	FBgn0024188	san
FBpp0075274	FBgn0036557	mRpS31
FBpp0082812	FBgn0051274	CG31274
FBpp0078175	FBgn0052452	CG32452
FBpp0078176	FBgn0052452	CG32452
FBpp0311660	FBgn0052452	CG32452
FBpp0085708	FBgn0034436	CG11961
FBpp0085707	FBgn0034436	CG11961
FBpp0300747	FBgn0034436	CG11961
FBpp0311521	FBgn0035236	Tmep
FBpp0072629	FBgn0035236	Tmep
FBpp0112035	FBgn0035236	Tmep
FBpp0072628	FBgn0035236	Tmep
FBpp0084500	FBgn0039491	CG6059
FBpp0310802	FBgn0266438	PIG-Z
FBpp0075921	FBgn0036108	Cpr67Fa1
FBpp0288687	FBgn0052569	TwdlZ
FBpp0309706	FBgn0004858	elB
FBpp0089383	FBgn0004858	elB
FBpp0309802	FBgn0259245	DIP-beta
FBpp0289179	FBgn0259245	DIP-beta
FBpp0289176	FBgn0259245	DIP-beta
FBpp0289178	FBgn0259245	DIP-beta
FBpp0289177	FBgn0259245	DIP-beta
FBpp0070515	FBgn0010294	ng2
FBpp0111315	FBgn0085236	CG34207
FBpp0306973	FBgn0264903	CG44094
FBpp0423262	FBgn0286873	CG46395
FBpp0304603	FBgn0031871	Fgop2
FBpp0078994	FBgn0031871	Fgop2
FBpp0082841	FBgn0038478	cal1
FBpp0079611	FBgn0267330	KdelR
FBpp0079612	FBgn0267330	KdelR
FBpp0079613	FBgn0267330	KdelR
FBpp0075384	FBgn0036470	EAChm
FBpp0309560	FBgn0032513	CG6565
FBpp0080047	FBgn0032513	CG6565
FBpp0312088	FBgn0032513	CG6565
FBpp0308676	FBgn0037554	PolI
FBpp0081294	FBgn0037554	PolI
FBpp0081293	FBgn0037554	PolI
FBpp0311199	FBgn0085260	CG34231
FBpp0070248	FBgn0260986	mei-38
FBpp0402838	FBgn0260986	mei-38
FBpp0308660	FBgn0260986	mei-38
FBpp0302009	FBgn0259678	sqa
FBpp0289206	FBgn0259678	sqa
FBpp0289207	FBgn0259678	sqa
FBpp0100165	FBgn0054057	CG34057
FBpp0100166	FBgn0054057	CG34057
FBpp0304807	FBgn0038332	CG6136
FBpp0292327	FBgn0038332	CG6136
FBpp0292328	FBgn0038332	CG6136
FBpp0077750	FBgn0031252	CG13690
FBpp0075763	FBgn0036210	CG14130
FBpp0082079	FBgn0042206	GstD10
FBpp0310669	FBgn0042206	GstD10
FBpp0072518	FBgn0035181	CG9205
FBpp0072517	FBgn0035181	CG9205
FBpp0423057	FBgn0050187	CG30187
FBpp0423058	FBgn0050187	CG30187
FBpp0085511	FBgn0033124	Tsp42Ec
FBpp0303474	FBgn0015838	Vang
FBpp0087647	FBgn0015838	Vang
FBpp0082996	FBgn0024432	Dlc90F
FBpp0072260	FBgn0035012	CG13590
FBpp0304692	FBgn0264395	CG43843
FBpp0293186	FBgn0262362	CG43060
FBpp0293185	FBgn0262362	CG43060
FBpp0081708	FBgn0037809	CG12818
FBpp0289942	FBgn0036696	Pop5
FBpp0075046	FBgn0036696	Pop5
FBpp0111689	FBgn0086908	egg
FBpp0081811	FBgn0037850	CG14695
FBpp0081321	FBgn0051463	CG31463
FBpp0293234	FBgn0038665	euc
FBpp0083136	FBgn0038665	euc
FBpp0289145	FBgn0039077	CG17380
FBpp0300935	FBgn0262018	CadN2
FBpp0292843	FBgn0262018	CadN2
FBpp0297084	FBgn0262794	CG43175
FBpp0312050	FBgn0262794	CG43175
FBpp0423061	FBgn0050280	CG30280
FBpp0076050	FBgn0036043	Ae2
FBpp0304232	FBgn0036043	Ae2
FBpp0076056	FBgn0036043	Ae2
FBpp0076049	FBgn0036043	Ae2
FBpp0076046	FBgn0036043	Ae2
FBpp0076052	FBgn0036043	Ae2
FBpp0076051	FBgn0036043	Ae2
FBpp0076048	FBgn0036043	Ae2
FBpp0290446	FBgn0036043	Ae2
FBpp0076047	FBgn0036043	Ae2
FBpp0076055	FBgn0036043	Ae2
FBpp0076054	FBgn0036043	Ae2
FBpp0076053	FBgn0036043	Ae2
FBpp0301747	FBgn0035484	CG11594
FBpp0073140	FBgn0035484	CG11594
FBpp0301544	FBgn0035484	CG11594
FBpp0073139	FBgn0035484	CG11594
FBpp0290182	FBgn0051004	mesh
FBpp0310483	FBgn0051004	mesh
FBpp0085141	FBgn0051004	mesh
FBpp0290183	FBgn0051004	mesh
FBpp0085140	FBgn0051004	mesh
FBpp0088654	FBgn0036574	elg1
FBpp0300173	FBgn0036574	elg1
FBpp0088655	FBgn0036574	elg1
FBpp0072768	FBgn0035336	CG9004
FBpp0071396	FBgn0030204	Or9a
FBpp0271913	FBgn0038315	CG14866
FBpp0082537	FBgn0038315	CG14866
FBpp0080392	FBgn0014092	CG4278
FBpp0422655	FBgn0288856	peo
FBpp0422656	FBgn0288856	peo
FBpp0422657	FBgn0288856	peo
FBpp0087031	FBgn0033728	Cpr49Ae
FBpp0074318	FBgn0030877	Arp8
FBpp0304876	FBgn0040010	CG17493
FBpp0304877	FBgn0040010	CG17493
FBpp0304878	FBgn0040010	CG17493
FBpp0301129	FBgn0263399	CG43445
FBpp0113030	FBgn0039440	TwdlJ
FBpp0081571	FBgn0053105	p24-2
FBpp0292157	FBgn0053105	p24-2
FBpp0087298	FBgn0033580	CG13231
FBpp0070615	FBgn0029702	CG15572
FBpp0075369	FBgn0036497	Ran-like
FBpp0081444	FBgn0037652	CG11980
FBpp0081443	FBgn0037652	CG11980
FBpp0081442	FBgn0037652	CG11980
FBpp0100132	FBgn0033265	coil
FBpp0311194	FBgn0033265	coil
FBpp0091000	FBgn0067622	LSm-4
FBpp0304033	FBgn0067622	LSm-4
FBpp0076451	FBgn0020392	Nmt
FBpp0077451	FBgn0000490	dpp
FBpp0077455	FBgn0000490	dpp
FBpp0077452	FBgn0000490	dpp
FBpp0077453	FBgn0000490	dpp
FBpp0074930	FBgn0052188	CG32188
FBpp0082889	FBgn0038504	Sur-8
FBpp0308615	FBgn0038504	Sur-8
FBpp0082888	FBgn0038504	Sur-8
FBpp0308614	FBgn0038504	Sur-8
FBpp0081397	FBgn0037622	CG8202
FBpp0082062	FBgn0086134	Prosalpha2
FBpp0301974	FBgn0085443	spri
FBpp0307844	FBgn0085443	spri
FBpp0301979	FBgn0085443	spri
FBpp0111601	FBgn0085443	spri
FBpp0301976	FBgn0085443	spri
FBpp0302587	FBgn0085443	spri
FBpp0307842	FBgn0085443	spri
FBpp0307843	FBgn0085443	spri
FBpp0301975	FBgn0085443	spri
FBpp0111602	FBgn0085443	spri
FBpp0301978	FBgn0085443	spri
FBpp0111600	FBgn0085443	spri
FBpp0302586	FBgn0085443	spri
FBpp0076725	FBgn0022699	D19B
FBpp0072330	FBgn0023181	Orc4
FBpp0304985	FBgn0035577	CG13708
FBpp0073214	FBgn0035577	CG13708
FBpp0305766	FBgn0263219	Dscam4
FBpp0289118	FBgn0263219	Dscam4
FBpp0305767	FBgn0263219	Dscam4
FBpp0289119	FBgn0263219	Dscam4
FBpp0289117	FBgn0263219	Dscam4
FBpp0302004	FBgn0034440	CG10073
FBpp0085711	FBgn0034440	CG10073
FBpp0290948	FBgn0050077	Blos1
FBpp0075756	FBgn0036254	CG5645
FBpp0307737	FBgn0010222	Nmdmc
FBpp0081477	FBgn0010222	Nmdmc
FBpp0081476	FBgn0010222	Nmdmc
FBpp0088002	FBgn0033215	Dgat2
FBpp0074697	FBgn0036906	CG14102
FBpp0091133	FBgn0053888	His2B:CG33888
FBpp0084017	FBgn0028471	Nab2
FBpp0311790	FBgn0037065	CG12974
FBpp0078065	FBgn0037065	CG12974
FBpp0305082	FBgn0037065	CG12974
FBpp0078064	FBgn0037065	CG12974
FBpp0293509	FBgn0262530	CG43084
FBpp0073867	FBgn0030664	CG8119
FBpp0088173	FBgn0028996	onecut
FBpp0302730	FBgn0028996	onecut
FBpp0071268	FBgn0052704	Ir8a
FBpp0075988	FBgn0036094	CG14153
FBpp0312144	FBgn0031275	GABA-B-R3
FBpp0310351	FBgn0031275	GABA-B-R3
FBpp0290654	FBgn0031275	GABA-B-R3
FBpp0310350	FBgn0031275	GABA-B-R3
FBpp0310352	FBgn0031275	GABA-B-R3
FBpp0300577	FBgn0031275	GABA-B-R3
FBpp0077666	FBgn0031275	GABA-B-R3
FBpp0086606	FBgn0020269	mspo
FBpp0311552	FBgn0020269	mspo
FBpp0073004	FBgn0014388	sty
FBpp0073005	FBgn0014388	sty
FBpp0070768	FBgn0003747	Gr5a
FBpp0296968	FBgn0000183	BicD
FBpp0303258	FBgn0000183	BicD
FBpp0303259	FBgn0000183	BicD
FBpp0080555	FBgn0000183	BicD
FBpp0081159	FBgn0037465	CG1105
FBpp0307959	FBgn0288966	Med
FBpp0085176	FBgn0288966	Med
FBpp0085177	FBgn0288966	Med
FBpp0087883	FBgn0033272	RagC-D
FBpp0077993	FBgn0037068	Cpr78Cb
FBpp0305586	FBgn0037068	Cpr78Cb
FBpp0302927	FBgn0025777	homer
FBpp0304608	FBgn0025777	homer
FBpp0302926	FBgn0025777	homer
FBpp0305538	FBgn0025777	homer
FBpp0078936	FBgn0025777	homer
FBpp0078937	FBgn0025777	homer
FBpp0099486	FBgn0033170	sPLA2
FBpp0099485	FBgn0033170	sPLA2
FBpp0099484	FBgn0033170	sPLA2
FBpp0083226	FBgn0038739	CG4686
FBpp0306422	FBgn0038739	CG4686
FBpp0302668	FBgn0035499	Chd64
FBpp0073126	FBgn0035499	Chd64
FBpp0291658	FBgn0033382	Hydr1
FBpp0308453	FBgn0033382	Hydr1
FBpp0289417	FBgn0033382	Hydr1
FBpp0087661	FBgn0033382	Hydr1
FBpp0308454	FBgn0033382	Hydr1
FBpp0078614	FBgn0037224	TwdlF
FBpp0077351	FBgn0031497	SerRS
FBpp0307454	FBgn0031497	SerRS
FBpp0290136	FBgn0030005	CG2120
FBpp0080598	FBgn0032663	CG15153
FBpp0072761	FBgn0035328	yellow-g2
FBpp0079548	FBgn0032193	CG5727
FBpp0077484	FBgn0051682	Tengl1
FBpp0088097	FBgn0033129	Tsp42Eh
FBpp0076201	FBgn0036000	CG3434
FBpp0112280	FBgn0050295	Ipk1
FBpp0304738	FBgn0050295	Ipk1
FBpp0071444	FBgn0050295	Ipk1
FBpp0309631	FBgn0050295	Ipk1
FBpp0082402	FBgn0288976	Dnaaf5
FBpp0291942	FBgn0261566	CG42680
FBpp0072463	FBgn0035141	Cypl
FBpp0074441	FBgn0030994	HP1D3csd
FBpp0076155	FBgn0036008	CG3408
FBpp0305996	FBgn0036008	CG3408
FBpp0072204	FBgn0035009	CG16837
FBpp0086323	FBgn0034109	CG7747
FBpp0312007	FBgn0030683	Mvd
FBpp0073903	FBgn0030683	Mvd
FBpp0083327	FBgn0038819	Cpr92F
FBpp0111890	FBgn0030234	CG15211
FBpp0310232	FBgn0030234	CG15211
FBpp0073232	FBgn0030234	CG15211
FBpp0111888	FBgn0030234	CG15211
FBpp0111889	FBgn0030234	CG15211
FBpp0077481	FBgn0031406	Send1
FBpp0428167	FBgn0045852	ham
FBpp0304334	FBgn0045852	ham
FBpp0428166	FBgn0045852	ham
FBpp0294066	FBgn0045852	ham
FBpp0304333	FBgn0045852	ham
FBpp0076225	FBgn0001229	Hsp67Bc
FBpp0077939	FBgn0045474	Gr77a
FBpp0304668	FBgn0031010	CG8028
FBpp0304667	FBgn0031010	CG8028
FBpp0312091	FBgn0032404	RpL7-like
FBpp0111950	FBgn0032404	RpL7-like
FBpp0079880	FBgn0032404	RpL7-like
FBpp0428200	FBgn0040318	HGTX
FBpp0075463	FBgn0040318	HGTX
FBpp0289370	FBgn0053244	Ste:CG33244
FBpp0083411	FBgn0038855	Tbc1d22
FBpp0080131	FBgn0032535	Ance-2
FBpp0074428	FBgn0001090	bnb
FBpp0074427	FBgn0001090	bnb
FBpp0074429	FBgn0001090	bnb
FBpp0074430	FBgn0001090	bnb
FBpp0085691	FBgn0263395	hppy
FBpp0085692	FBgn0263395	hppy
FBpp0309397	FBgn0263395	hppy
FBpp0309398	FBgn0263395	hppy
FBpp0309396	FBgn0263395	hppy
FBpp0112076	FBgn0036168	CG7512
FBpp0085924	FBgn0034307	CG10914
FBpp0087272	FBgn0015582	dare
FBpp0297074	FBgn0262791	CG43172
FBpp0312127	FBgn0262791	CG43172
FBpp0401604	FBgn0283651	CG46301
FBpp0401607	FBgn0283651	CG46301
FBpp0401606	FBgn0283651	CG46301
FBpp0401605	FBgn0283651	CG46301
FBpp0085334	FBgn0033069	eIF3f2
FBpp0085884	FBgn0034360	CG10927
FBpp0309567	FBgn0032511	ND-B22
FBpp0080051	FBgn0032511	ND-B22
FBpp0077229	FBgn0051955	CG31955
FBpp0311703	FBgn0051955	CG31955
FBpp0311642	FBgn0051955	CG31955
FBpp0292794	FBgn0051955	CG31955
FBpp0082183	FBgn0038115	CG7966
FBpp0083248	FBgn0038769	Regnase-1
FBpp0071747	FBgn0034737	CG11362
FBpp0302541	FBgn0263741	CG43666
FBpp0088809	FBgn0029854	CG3566
FBpp0293707	FBgn0029854	CG3566
FBpp0088808	FBgn0029854	CG3566
FBpp0071945	FBgn0034854	Golgin245
FBpp0075158	FBgn0036638	CG13033
FBpp0271926	FBgn0023096	btv
FBpp0078160	FBgn0037163	laza
FBpp0373667	FBgn0262962	CG43273
FBpp0297653	FBgn0262962	CG43273
FBpp0298003	FBgn0086129	snama
FBpp0072158	FBgn0086129	snama
FBpp0077230	FBgn0015376	cutlet
FBpp0300656	FBgn0015773	NetA
FBpp0311922	FBgn0015773	NetA
FBpp0073759	FBgn0015773	NetA
FBpp0311815	FBgn0013983	imd
FBpp0085904	FBgn0013983	imd
FBpp0291717	FBgn0010309	pigeon
FBpp0080735	FBgn0010309	pigeon
FBpp0085345	FBgn0033072	CG17994
FBpp0311457	FBgn0025742	mtm
FBpp0078854	FBgn0025742	mtm
FBpp0305037	FBgn0264487	CG43895
FBpp0112945	FBgn0023023	CRMP
FBpp0088628	FBgn0023023	CRMP
FBpp0088627	FBgn0023023	CRMP
FBpp0082435	FBgn0038248	CG7886
FBpp0291416	FBgn0034145	CG5065
FBpp0297359	FBgn0034145	CG5065
FBpp0086254	FBgn0034145	CG5065
FBpp0297360	FBgn0034145	CG5065
FBpp0291415	FBgn0034145	CG5065
FBpp0079083	FBgn0011283	Obp28a
FBpp0292465	FBgn0261840	pre-mod(mdg4)-X
FBpp0390646	FBgn0261840	pre-mod(mdg4)-X
FBpp0292335	FBgn0050073	Obp50b
FBpp0084925	FBgn0039741	CG7943
FBpp0084926	FBgn0039741	CG7943
FBpp0078743	FBgn0031728	Hsp60C
FBpp0078744	FBgn0031728	Hsp60C
FBpp0078742	FBgn0031728	Hsp60C
FBpp0111505	FBgn0085397	Fili
FBpp0428150	FBgn0085397	Fili
FBpp0303370	FBgn0085397	Fili
FBpp0297718	FBgn0037565	CG9626
FBpp0304808	FBgn0037565	CG9626
FBpp0081353	FBgn0037565	CG9626
FBpp0297717	FBgn0037565	CG9626
FBpp0085997	FBgn0034283	CG14492
FBpp0307783	FBgn0265083	CG44194
FBpp0310820	FBgn0265083	CG44194
FBpp0074353	FBgn0004956	upd1
FBpp0310189	FBgn0004956	upd1
FBpp0111760	FBgn0004956	upd1
FBpp0073093	FBgn0041630	Hexo1
FBpp0073091	FBgn0041630	Hexo1
FBpp0305744	FBgn0041630	Hexo1
FBpp0289998	FBgn0041630	Hexo1
FBpp0086906	FBgn0265623	Su(z)2
FBpp0303463	FBgn0265623	Su(z)2
FBpp0289616	FBgn0265623	Su(z)2
FBpp0305481	FBgn0037039	CG10587
FBpp0077989	FBgn0037039	CG10587
FBpp0308923	FBgn0037039	CG10587
FBpp0306950	FBgn0000564	Eh
FBpp0082885	FBgn0000564	Eh
FBpp0112337	FBgn0086708	stv
FBpp0075549	FBgn0086708	stv
FBpp0075551	FBgn0086708	stv
FBpp0304389	FBgn0086708	stv
FBpp0075548	FBgn0086708	stv
FBpp0075550	FBgn0086708	stv
FBpp0304388	FBgn0086708	stv
FBpp0091070	FBgn0053824	His3:CG33824
FBpp0070141	FBgn0015799	Rbf
FBpp0081347	FBgn0037574	Coq2
FBpp0306207	FBgn0001099	gdl
FBpp0075305	FBgn0001099	gdl
FBpp0312134	FBgn0001099	gdl
FBpp0086928	FBgn0033778	Balat
FBpp0112913	FBgn0086655	jing
FBpp0112914	FBgn0086655	jing
FBpp0305167	FBgn0086655	jing
FBpp0290850	FBgn0086655	jing
FBpp0297064	FBgn0262786	CG43167
FBpp0075850	FBgn0036203	Muc68D
FBpp0074146	FBgn0000152	Axs
FBpp0077362	FBgn0004584	Rrp1
FBpp0288680	FBgn0004584	Rrp1
FBpp0078303	FBgn0003261	Rm62
FBpp0301225	FBgn0003261	Rm62
FBpp0078301	FBgn0003261	Rm62
FBpp0301223	FBgn0003261	Rm62
FBpp0291753	FBgn0003261	Rm62
FBpp0301224	FBgn0003261	Rm62
FBpp0078300	FBgn0003261	Rm62
FBpp0291159	FBgn0003261	Rm62
FBpp0078298	FBgn0003261	Rm62
FBpp0078302	FBgn0003261	Rm62
FBpp0301226	FBgn0003261	Rm62
FBpp0078299	FBgn0003261	Rm62
FBpp0113013	FBgn0050051	Tmem18
FBpp0074937	FBgn0052190	NUCB1
FBpp0292165	FBgn0261954	east
FBpp0298290	FBgn0261954	east
FBpp0070312	FBgn0261954	east
FBpp0298291	FBgn0261954	east
FBpp0310126	FBgn0261954	east
FBpp0292166	FBgn0261954	east
FBpp0310560	FBgn0085200	CG34171
FBpp0293603	FBgn0085200	CG34171
FBpp0081464	FBgn0037669	Ibf2
FBpp0073918	FBgn0030699	CG8578
FBpp0312008	FBgn0030699	CG8578
FBpp0309111	FBgn0030699	CG8578
FBpp0111435	FBgn0085350	inaF-C
FBpp0300969	FBgn0036818	CG14074
FBpp0304815	FBgn0264442	ab
FBpp0304816	FBgn0264442	ab
FBpp0304819	FBgn0264442	ab
FBpp0304820	FBgn0264442	ab
FBpp0304818	FBgn0264442	ab
FBpp0070382	FBgn0023527	CG3071
FBpp0309384	FBgn0030731	Mfe2
FBpp0073988	FBgn0030731	Mfe2
FBpp0091125	FBgn0053880	His2B:CG33880
FBpp0271735	FBgn0046253	CG3502
FBpp0099651	FBgn0051693	CG31693
FBpp0085285	FBgn0051693	CG31693
FBpp0088124	FBgn0044011	Spn43Ad
FBpp0091020	FBgn0262595	CheA56a
FBpp0311468	FBgn0039200	CG13616
FBpp0084002	FBgn0039200	CG13616
FBpp0083078	FBgn0051229	CG31229
FBpp0084522	FBgn0039473	CG17191
FBpp0303150	FBgn0052446	Atox1
FBpp0078080	FBgn0052446	Atox1
FBpp0289986	FBgn0046294	CG12699
FBpp0086344	FBgn0034059	CG8320
FBpp0086592	FBgn0033971	CG10209
FBpp0302918	FBgn0033971	CG10209
FBpp0303626	FBgn0250867	CG42238
FBpp0312587	FBgn0250867	CG42238
FBpp0303627	FBgn0250867	CG42238
FBpp0288745	FBgn0250867	CG42238
FBpp0288744	FBgn0250867	CG42238
FBpp0085070	FBgn0039804	CG15544
FBpp0307397	FBgn0039804	CG15544
FBpp0290758	FBgn0003345	sd
FBpp0073915	FBgn0003345	sd
FBpp0111737	FBgn0003345	sd
FBpp0111738	FBgn0003345	sd
FBpp0073914	FBgn0003345	sd
FBpp0300451	FBgn0003345	sd
FBpp0301996	FBgn0003345	sd
FBpp0300455	FBgn0003345	sd
FBpp0301994	FBgn0003345	sd
FBpp0089157	FBgn0003345	sd
FBpp0300450	FBgn0003345	sd
FBpp0300456	FBgn0003345	sd
FBpp0111739	FBgn0003345	sd
FBpp0300453	FBgn0003345	sd
FBpp0301995	FBgn0003345	sd
FBpp0290759	FBgn0003345	sd
FBpp0111736	FBgn0003345	sd
FBpp0312377	FBgn0003345	sd
FBpp0428180	FBgn0003345	sd
FBpp0300452	FBgn0003345	sd
FBpp0309110	FBgn0003345	sd
FBpp0300454	FBgn0003345	sd
FBpp0082970	FBgn0010389	htl
FBpp0082971	FBgn0010389	htl
FBpp0082972	FBgn0010389	htl
FBpp0289458	FBgn0259926	CG42449
FBpp0289459	FBgn0259926	CG42449
FBpp0083121	FBgn0022338	dnk
FBpp0302815	FBgn0022338	dnk
FBpp0088977	FBgn0000303	ChAT
FBpp0088397	FBgn0000303	ChAT
FBpp0086387	FBgn0034084	CG8435
FBpp0076576	FBgn0035782	CG14835
FBpp0079324	FBgn0263852	Dad1
FBpp0083451	FBgn0038868	Ddrgk1
FBpp0073853	FBgn0030645	Alg14
FBpp0076641	FBgn0035730	CG17744
FBpp0292882	FBgn0011259	Sema1a
FBpp0302962	FBgn0011259	Sema1a
FBpp0302964	FBgn0011259	Sema1a
FBpp0302963	FBgn0011259	Sema1a
FBpp0292881	FBgn0011259	Sema1a
FBpp0292880	FBgn0011259	Sema1a
FBpp0079302	FBgn0011259	Sema1a
FBpp0075634	FBgn0036327	CG10748
FBpp0110366	FBgn0033159	Dscam1
FBpp0110355	FBgn0033159	Dscam1
FBpp0297703	FBgn0033159	Dscam1
FBpp0297683	FBgn0033159	Dscam1
FBpp0110395	FBgn0033159	Dscam1
FBpp0110367	FBgn0033159	Dscam1
FBpp0297696	FBgn0033159	Dscam1
FBpp0110365	FBgn0033159	Dscam1
FBpp0110353	FBgn0033159	Dscam1
FBpp0110381	FBgn0033159	Dscam1
FBpp0110345	FBgn0033159	Dscam1
FBpp0110378	FBgn0033159	Dscam1
FBpp0297698	FBgn0033159	Dscam1
FBpp0110372	FBgn0033159	Dscam1
FBpp0110352	FBgn0033159	Dscam1
FBpp0110368	FBgn0033159	Dscam1
FBpp0110392	FBgn0033159	Dscam1
FBpp0110349	FBgn0033159	Dscam1
FBpp0297685	FBgn0033159	Dscam1
FBpp0110373	FBgn0033159	Dscam1
FBpp0297699	FBgn0033159	Dscam1
FBpp0110379	FBgn0033159	Dscam1
FBpp0306847	FBgn0033159	Dscam1
FBpp0110375	FBgn0033159	Dscam1
FBpp0089327	FBgn0033159	Dscam1
FBpp0110391	FBgn0033159	Dscam1
FBpp0110348	FBgn0033159	Dscam1
FBpp0110360	FBgn0033159	Dscam1
FBpp0297702	FBgn0033159	Dscam1
FBpp0088090	FBgn0033159	Dscam1
FBpp0110358	FBgn0033159	Dscam1
FBpp0110356	FBgn0033159	Dscam1
FBpp0297690	FBgn0033159	Dscam1
FBpp0110370	FBgn0033159	Dscam1
FBpp0110382	FBgn0033159	Dscam1
FBpp0297692	FBgn0033159	Dscam1
FBpp0110374	FBgn0033159	Dscam1
FBpp0110341	FBgn0033159	Dscam1
FBpp0297700	FBgn0033159	Dscam1
FBpp0297687	FBgn0033159	Dscam1
FBpp0110361	FBgn0033159	Dscam1
FBpp0110359	FBgn0033159	Dscam1
FBpp0088088	FBgn0033159	Dscam1
FBpp0110394	FBgn0033159	Dscam1
FBpp0088091	FBgn0033159	Dscam1
FBpp0110351	FBgn0033159	Dscam1
FBpp0297689	FBgn0033159	Dscam1
FBpp0297686	FBgn0033159	Dscam1
FBpp0110362	FBgn0033159	Dscam1
FBpp0110371	FBgn0033159	Dscam1
FBpp0110363	FBgn0033159	Dscam1
FBpp0110344	FBgn0033159	Dscam1
FBpp0297697	FBgn0033159	Dscam1
FBpp0110369	FBgn0033159	Dscam1
FBpp0110364	FBgn0033159	Dscam1
FBpp0297691	FBgn0033159	Dscam1
FBpp0110350	FBgn0033159	Dscam1
FBpp0297694	FBgn0033159	Dscam1
FBpp0110357	FBgn0033159	Dscam1
FBpp0297693	FBgn0033159	Dscam1
FBpp0297688	FBgn0033159	Dscam1
FBpp0110342	FBgn0033159	Dscam1
FBpp0110393	FBgn0033159	Dscam1
FBpp0110347	FBgn0033159	Dscam1
FBpp0297701	FBgn0033159	Dscam1
FBpp0110346	FBgn0033159	Dscam1
FBpp0110384	FBgn0033159	Dscam1
FBpp0110343	FBgn0033159	Dscam1
FBpp0110389	FBgn0033159	Dscam1
FBpp0110376	FBgn0033159	Dscam1
FBpp0110377	FBgn0033159	Dscam1
FBpp0297684	FBgn0033159	Dscam1
FBpp0110354	FBgn0033159	Dscam1
FBpp0110387	FBgn0033159	Dscam1
FBpp0297695	FBgn0033159	Dscam1
FBpp0291422	FBgn0266449	Kr-h2
FBpp0078823	FBgn0266449	Kr-h2
FBpp0309826	FBgn0266449	Kr-h2
FBpp0293429	FBgn0262567	CG43107
FBpp0303210	FBgn0000565	MsrA
FBpp0075308	FBgn0000565	MsrA
FBpp0303209	FBgn0000565	MsrA
FBpp0292565	FBgn0000565	MsrA
FBpp0075309	FBgn0000565	MsrA
FBpp0075307	FBgn0000565	MsrA
FBpp0079684	FBgn0032266	CG18302
FBpp0079432	FBgn0032130	brwl
FBpp0079433	FBgn0032130	brwl
FBpp0303835	FBgn0024236	foi
FBpp0311670	FBgn0024236	foi
FBpp0076350	FBgn0024236	foi
FBpp0303834	FBgn0024236	foi
FBpp0112116	FBgn0037548	CG7900
FBpp0070795	FBgn0029818	GAA1
FBpp0077670	FBgn0031277	CG13947
FBpp0312503	FBgn0261853	CG42782
FBpp0292485	FBgn0261853	CG42782
FBpp0312059	FBgn0262146	MtnE
FBpp0293071	FBgn0262146	MtnE
FBpp0083742	FBgn0039049	CG6726
FBpp0310703	FBgn0039049	CG6726
FBpp0083741	FBgn0039049	CG6726
FBpp0087822	FBgn0002534	Lcp3
FBpp0305732	FBgn0002534	Lcp3
FBpp0428173	FBgn0031829	IFT52
FBpp0312370	FBgn0030298	Or10a
FBpp0081787	FBgn0051390	MED7
FBpp0290785	FBgn0260873	CG42583
FBpp0293200	FBgn0000463	Delta
FBpp0083153	FBgn0000463	Delta
FBpp0083154	FBgn0000463	Delta
FBpp0070658	FBgn0025615	Torsin
FBpp0311758	FBgn0025615	Torsin
FBpp0083267	FBgn0038741	CG17186
FBpp0311503	FBgn0052073	CG32073
FBpp0075959	FBgn0052073	CG32073
FBpp0293430	FBgn0262563	CG43103
FBpp0289092	FBgn0029907	Atx-1
FBpp0112136	FBgn0037979	GCC185
FBpp0078157	FBgn0037165	CG11437
FBpp0292318	FBgn0033122	CG17002
FBpp0085502	FBgn0033122	CG17002
FBpp0292317	FBgn0033122	CG17002
FBpp0306049	FBgn0027378	MRG15
FBpp0082579	FBgn0027378	MRG15
FBpp0076460	FBgn0262716	Arp3
FBpp0306212	FBgn0262716	Arp3
FBpp0088161	FBgn0026199	myo
FBpp0088163	FBgn0026199	myo
FBpp0088164	FBgn0026199	myo
FBpp0292746	FBgn0261932	CG42798
FBpp0304472	FBgn0261932	CG42798
FBpp0309599	FBgn0025641	DAAM
FBpp0292356	FBgn0025641	DAAM
FBpp0301966	FBgn0025641	DAAM
FBpp0070229	FBgn0025641	DAAM
FBpp0301965	FBgn0025641	DAAM
FBpp0070231	FBgn0025641	DAAM
FBpp0306510	FBgn0259216	RhoGAP102A
FBpp0289000	FBgn0259216	RhoGAP102A
FBpp0300897	FBgn0259216	RhoGAP102A
FBpp0289001	FBgn0259216	RhoGAP102A
FBpp0082912	FBgn0038536	CG7655
FBpp0081812	FBgn0037862	mAcon2
FBpp0290352	FBgn0265264	CG17097
FBpp0079968	FBgn0032431	CG5435
FBpp0311682	FBgn0032431	CG5435
FBpp0084936	FBgn0260860	Bet5
FBpp0075373	FBgn0026320	Tom
FBpp0073137	FBgn0035491	Dpy-30L2
FBpp0305197	FBgn0035491	Dpy-30L2
FBpp0082759	FBgn0038437	Sdhaf3
FBpp0077324	FBgn0010263	Rbp9
FBpp0310347	FBgn0010263	Rbp9
FBpp0077323	FBgn0010263	Rbp9
FBpp0288677	FBgn0010263	Rbp9
FBpp0099898	FBgn0010263	Rbp9
FBpp0303246	FBgn0010263	Rbp9
FBpp0077325	FBgn0010263	Rbp9
FBpp0288676	FBgn0010263	Rbp9
FBpp0077322	FBgn0010263	Rbp9
FBpp0293419	FBgn0262539	CG43093
FBpp0072473	FBgn0035131	mthl9
FBpp0083224	FBgn0038735	MICU3
FBpp0083223	FBgn0038735	MICU3
FBpp0307017	FBgn0038735	MICU3
FBpp0290338	FBgn0038735	MICU3
FBpp0307016	FBgn0038735	MICU3
FBpp0307018	FBgn0038735	MICU3
FBpp0086060	FBgn0034247	CG6484
FBpp0428417	FBgn0026754	Ugt37C1
FBpp0302612	FBgn0266598	Kmn2
FBpp0290434	FBgn0266598	Kmn2
FBpp0078389	FBgn0037350	Dph4
FBpp0112106	FBgn0037350	Dph4
FBpp0082445	FBgn0038235	CG8461
FBpp0082184	FBgn0003450	snk
FBpp0306587	FBgn0003450	snk
FBpp0111746	FBgn0003450	snk
FBpp0072596	FBgn0020248	stet
FBpp0072597	FBgn0020248	stet
FBpp0077798	FBgn0086912	mbm
FBpp0088371	FBgn0259481	Mob2
FBpp0088372	FBgn0259481	Mob2
FBpp0305419	FBgn0259481	Mob2
FBpp0088369	FBgn0259481	Mob2
FBpp0088370	FBgn0259481	Mob2
FBpp0080482	FBgn0032613	Nepl9
FBpp0306718	FBgn0037715	CG9399
FBpp0081588	FBgn0037715	CG9399
FBpp0081587	FBgn0037715	CG9399
FBpp0306719	FBgn0037715	CG9399
FBpp0291153	FBgn0261061	Sfp96F
FBpp0086771	FBgn0033876	Syngr
FBpp0071537	FBgn0034624	CG17974
FBpp0292116	FBgn0261627	CG42710
FBpp0305233	FBgn0043550	Tsp68C
FBpp0075493	FBgn0043550	Tsp68C
FBpp0312079	FBgn0287423	Nplp2
FBpp0075575	FBgn0287423	Nplp2
FBpp0312403	FBgn0287423	Nplp2
FBpp0076023	FBgn0036083	Ir67b
FBpp0309925	FBgn0031725	DIP-eta
FBpp0292059	FBgn0031725	DIP-eta
FBpp0293648	FBgn0262588	CG43125
FBpp0071959	FBgn0040063	yip3
FBpp0071960	FBgn0040063	yip3
FBpp0075711	FBgn0000625	eyg
FBpp0308953	FBgn0000625	eyg
FBpp0099525	FBgn0000625	eyg
FBpp0080692	FBgn0032748	CG10492
FBpp0111956	FBgn0032748	CG10492
FBpp0070652	FBgn0022942	Cbp80
FBpp0070651	FBgn0022942	Cbp80
FBpp0078869	FBgn0003979	Vm26Aa
FBpp0305434	FBgn0003979	Vm26Aa
FBpp0428229	FBgn0015033	Cyp4d8
FBpp0077672	FBgn0031279	CG3544
FBpp0304042	FBgn0031279	CG3544
FBpp0073069	FBgn0004552	Akh
FBpp0307367	FBgn0031327	CG5397
FBpp0077586	FBgn0031327	CG5397
FBpp0303030	FBgn0034299	CG5757
FBpp0085966	FBgn0034299	CG5757
FBpp0309598	FBgn0024366	CG11409
FBpp0070228	FBgn0024366	CG11409
FBpp0085815	FBgn0034394	CG15096
FBpp0085814	FBgn0034394	CG15096
FBpp0078117	FBgn0037114	Cpr78E
FBpp0084279	FBgn0039376	CG14354
FBpp0288962	FBgn0259200	CG42304
FBpp0311008	FBgn0259200	CG42304
FBpp0089300	FBgn0050067	Obp50a
FBpp0086685	FBgn0050067	Obp50a
FBpp0312489	FBgn0010473	tutl
FBpp0088325	FBgn0010473	tutl
FBpp0088326	FBgn0010473	tutl
FBpp0312490	FBgn0010473	tutl
FBpp0291078	FBgn0010473	tutl
FBpp0088328	FBgn0010473	tutl
FBpp0291077	FBgn0010473	tutl
FBpp0305668	FBgn0010473	tutl
FBpp0305669	FBgn0010473	tutl
FBpp0088327	FBgn0010473	tutl
FBpp0081576	FBgn0069242	eca
FBpp0306086	FBgn0025111	Ant2
FBpp0073282	FBgn0025111	Ant2
FBpp0073281	FBgn0025111	Ant2
FBpp0087586	FBgn0033437	CG12926
FBpp0079051	FBgn0031888	Pvf2
FBpp0074227	FBgn0030855	CG5800
FBpp0071185	FBgn0030040	CG15347
FBpp0291662	FBgn0030040	CG15347
FBpp0293447	FBgn0266521	stai
FBpp0078827	FBgn0266521	stai
FBpp0305598	FBgn0266521	stai
FBpp0078828	FBgn0266521	stai
FBpp0078829	FBgn0266521	stai
FBpp0091093	FBgn0053847	His2A:CG33847
FBpp0076868	FBgn0035591	CG4611
FBpp0083537	FBgn0038912	CG6656
FBpp0113000	FBgn0030543	CG11585
FBpp0083579	FBgn0038931	CG13407
FBpp0298308	FBgn0263109	CG43366
FBpp0087705	FBgn0260972	alc
FBpp0087706	FBgn0260972	alc
FBpp0086063	FBgn0034243	Ns2
FBpp0291520	FBgn0037581	CG7352
FBpp0081332	FBgn0037581	CG7352
FBpp0306237	FBgn0264742	CG44000
FBpp0306239	FBgn0264742	CG44000
FBpp0306238	FBgn0264742	CG44000
FBpp0306240	FBgn0264742	CG44000
FBpp0306236	FBgn0264742	CG44000
FBpp0298025	FBgn0031023	CG14200
FBpp0298024	FBgn0031023	CG14200
FBpp0074490	FBgn0031023	CG14200
FBpp0305244	FBgn0025874	Meics
FBpp0075533	FBgn0025874	Meics
FBpp0083231	FBgn0038751	CG4770
FBpp0307913	FBgn0259215	Ir93a
FBpp0292155	FBgn0035703	Bulli
FBpp0306796	FBgn0032487	Ski6
FBpp0080062	FBgn0032487	Ski6
FBpp0077933	FBgn0027364	Six4
FBpp0077932	FBgn0027364	Six4
FBpp0290916	FBgn0038439	Cad89D
FBpp0072673	FBgn0024510	dlt
FBpp0308256	FBgn0265188	CG44253
FBpp0088260	FBgn0039925	Kif3C
FBpp0112504	FBgn0267976	Tim23
FBpp0080150	FBgn0028658	Adat1
FBpp0304017	FBgn0028658	Adat1
FBpp0304032	FBgn0032243	Klp31E
FBpp0079608	FBgn0032243	Klp31E
FBpp0291249	FBgn0032243	Klp31E
FBpp0291248	FBgn0032243	Klp31E
FBpp0084254	FBgn0039343	CG5111
FBpp0084732	FBgn0039630	CG11843
FBpp0311966	FBgn0039630	CG11843
FBpp0077437	FBgn0051949	CG31949
FBpp0292306	FBgn0051949	CG31949
FBpp0087756	FBgn0033354	FANCI
FBpp0271772	FBgn0035049	Mmp1
FBpp0292975	FBgn0035049	Mmp1
FBpp0292980	FBgn0035049	Mmp1
FBpp0292976	FBgn0035049	Mmp1
FBpp0292979	FBgn0035049	Mmp1
FBpp0292974	FBgn0035049	Mmp1
FBpp0292978	FBgn0035049	Mmp1
FBpp0271771	FBgn0035049	Mmp1
FBpp0297611	FBgn0035049	Mmp1
FBpp0292977	FBgn0035049	Mmp1
FBpp0082965	FBgn0038566	bard
FBpp0078846	FBgn0031773	Fbw5
FBpp0075247	FBgn0003076	Pgm1
FBpp0072470	FBgn0023000	mth
FBpp0297746	FBgn0023000	mth
FBpp0072469	FBgn0023000	mth
FBpp0087084	FBgn0010339	128up
FBpp0091046	FBgn0053796	CG33796
FBpp0070308	FBgn0023521	CG3587
FBpp0292454	FBgn0261832	CG42764
FBpp0303958	FBgn0261832	CG42764
FBpp0292455	FBgn0261832	CG42764
FBpp0304935	FBgn0260776	CG42570
FBpp0290548	FBgn0260776	CG42570
FBpp0073392	FBgn0262740	Evi5
FBpp0073391	FBgn0262740	Evi5
FBpp0304866	FBgn0262740	Evi5
FBpp0289957	FBgn0262740	Evi5
FBpp0289956	FBgn0262740	Evi5
FBpp0291432	FBgn0261267	CG42615
FBpp0080929	FBgn0032876	Cen
FBpp0080931	FBgn0032876	Cen
FBpp0072515	FBgn0035179	aln
FBpp0073649	FBgn0030518	CG11134
FBpp0304097	FBgn0030518	CG11134
FBpp0075699	FBgn0036298	nst
FBpp0075517	FBgn0267795	Frl
FBpp0306179	FBgn0267795	Frl
FBpp0075518	FBgn0267795	Frl
FBpp0113065	FBgn0267795	Frl
FBpp0080792	FBgn0032803	CG13082
FBpp0082039	FBgn0038012	CG10013
FBpp0293262	FBgn0261514	NimA
FBpp0310235	FBgn0261514	NimA
FBpp0293263	FBgn0261514	NimA
FBpp0083261	FBgn0038749	Xport-A
FBpp0084479	FBgn0039490	CG5882
FBpp0078547	FBgn0037234	CG9795
FBpp0307586	FBgn0037234	CG9795
FBpp0100077	FBgn0037234	CG9795
FBpp0307587	FBgn0037234	CG9795
FBpp0423295	FBgn0286932	CG46429
FBpp0308300	FBgn0038470	CG18213
FBpp0293659	FBgn0038470	CG18213
FBpp0308301	FBgn0038470	CG18213
FBpp0072057	FBgn0029105	alpha-Catr
FBpp0303286	FBgn0029105	alpha-Catr
FBpp0308545	FBgn0026403	Ndg
FBpp0087438	FBgn0026403	Ndg
FBpp0078969	FBgn0051632	sens-2
FBpp0311570	FBgn0051632	sens-2
FBpp0288837	FBgn0035280	Cpr62Bb
FBpp0072669	FBgn0035280	Cpr62Bb
FBpp0305097	FBgn0035280	Cpr62Bb
FBpp0110508	FBgn0263830	CG40486
FBpp0309803	FBgn0263830	CG40486
FBpp0312352	FBgn0267417	CG45770
FBpp0306921	FBgn0037282	CG14657
FBpp0078515	FBgn0037282	CG14657
FBpp0306922	FBgn0037282	CG14657
FBpp0086607	FBgn0050480	CG30480
FBpp0304739	FBgn0050480	CG30480
FBpp0079816	FBgn0032343	Idua
FBpp0079262	FBgn0261437	CSN8
FBpp0091132	FBgn0053887	His4:CG33887
FBpp0080939	FBgn0032882	Ns4
FBpp0290760	FBgn0027335	Rip11
FBpp0309773	FBgn0027335	Rip11
FBpp0309771	FBgn0027335	Rip11
FBpp0309772	FBgn0027335	Rip11
FBpp0074387	FBgn0027335	Rip11
FBpp0304094	FBgn0039478	Nep5
FBpp0304093	FBgn0039478	Nep5
FBpp0311984	FBgn0039478	Nep5
FBpp0112208	FBgn0039478	Nep5
FBpp0293993	FBgn0053986	CG33986
FBpp0070445	FBgn0052797	CG32797
FBpp0083945	FBgn0039170	CG13609
FBpp0075258	FBgn0036532	CG13445
FBpp0306533	FBgn0052675	Tango5
FBpp0071430	FBgn0052675	Tango5
FBpp0289796	FBgn0052675	Tango5
FBpp0071428	FBgn0052675	Tango5
FBpp0312071	FBgn0052675	Tango5
FBpp0071429	FBgn0052675	Tango5
FBpp0292841	FBgn0262009	CG42827
FBpp0293108	FBgn0262009	CG42827
FBpp0310154	FBgn0266100	CG44837
FBpp0310153	FBgn0266100	CG44837
FBpp0310155	FBgn0266100	CG44837
FBpp0078365	FBgn0037363	Atg17
FBpp0306962	FBgn0037363	Atg17
FBpp0082200	FBgn0038122	CG8138
FBpp0290997	FBgn0260008	UQCR-11
FBpp0310229	FBgn0260008	UQCR-11
FBpp0290998	FBgn0260008	UQCR-11
FBpp0306005	FBgn0260008	UQCR-11
FBpp0290999	FBgn0260008	UQCR-11
FBpp0110337	FBgn0026179	siz
FBpp0077947	FBgn0026179	siz
FBpp0077948	FBgn0026179	siz
FBpp0290817	FBgn0026179	siz
FBpp0075426	FBgn0040487	BobA
FBpp0305753	FBgn0036553	CG17027
FBpp0075271	FBgn0036553	CG17027
FBpp0079734	FBgn0032318	CG14072
FBpp0297251	FBgn0032318	CG14072
FBpp0297252	FBgn0032318	CG14072
FBpp0079588	FBgn0032224	Sps2
FBpp0301800	FBgn0032224	Sps2
FBpp0074149	FBgn0015336	CG15865
FBpp0302794	FBgn0010548	Aldh-III
FBpp0302795	FBgn0010548	Aldh-III
FBpp0289708	FBgn0010548	Aldh-III
FBpp0289706	FBgn0010548	Aldh-III
FBpp0289707	FBgn0010548	Aldh-III
FBpp0307851	FBgn0010548	Aldh-III
FBpp0089176	FBgn0010548	Aldh-III
FBpp0289704	FBgn0010548	Aldh-III
FBpp0302796	FBgn0010548	Aldh-III
FBpp0289705	FBgn0010548	Aldh-III
FBpp0300518	FBgn0010548	Aldh-III
FBpp0088066	FBgn0010548	Aldh-III
FBpp0079463	FBgn0032143	CG4017
FBpp0113003	FBgn0031718	CG14014
FBpp0112246	FBgn0040817	CG14132
FBpp0312140	FBgn0262846	CG43210
FBpp0297279	FBgn0262846	CG43210
FBpp0312139	FBgn0262846	CG43210
FBpp0288491	FBgn0051097	CG31097
FBpp0091061	FBgn0053815	His3:CG33815
FBpp0079539	FBgn0032195	Bcs1
FBpp0079540	FBgn0032195	Bcs1
FBpp0076011	FBgn0036082	CG12362
FBpp0076010	FBgn0036082	CG12362
FBpp0087836	FBgn0033296	Mal-A7
FBpp0311600	FBgn0033296	Mal-A7
FBpp0428453	FBgn0033353	BaraB
FBpp0289930	FBgn0033353	BaraB
FBpp0084237	FBgn0051098	CG31098
FBpp0070998	FBgn0052732	Setd3
FBpp0307145	FBgn0250785	vari
FBpp0088885	FBgn0250785	vari
FBpp0088884	FBgn0250785	vari
FBpp0307469	FBgn0250785	vari
FBpp0088886	FBgn0250785	vari
FBpp0294038	FBgn0262743	Fs(2)Ket
FBpp0294036	FBgn0262743	Fs(2)Ket
FBpp0294035	FBgn0262743	Fs(2)Ket
FBpp0080922	FBgn0262743	Fs(2)Ket
FBpp0294037	FBgn0262743	Fs(2)Ket
FBpp0311914	FBgn0026570	CG5704
FBpp0072792	FBgn0026570	CG5704
FBpp0077156	FBgn0014033	Sr-CI
FBpp0312173	FBgn0014033	Sr-CI
FBpp0077167	FBgn0001075	ft
FBpp0428236	FBgn0038602	CG7126
FBpp0311836	FBgn0031127	CG1835
FBpp0076969	FBgn0031127	CG1835
FBpp0086096	FBgn0034232	CG4866
FBpp0303742	FBgn0032791	CG18094
FBpp0080784	FBgn0032791	CG18094
FBpp0306786	FBgn0262890	CG43245
FBpp0297407	FBgn0262890	CG43245
FBpp0291152	FBgn0261060	Sfp93F
FBpp0082569	FBgn0038325	Atg4b
FBpp0311411	FBgn0039487	gb
FBpp0312562	FBgn0039487	gb
FBpp0084502	FBgn0039487	gb
FBpp0288654	FBgn0037341	CG12746
FBpp0078338	FBgn0037341	CG12746
FBpp0078341	FBgn0037341	CG12746
FBpp0088363	FBgn0002565	Lsp2
FBpp0311507	FBgn0002565	Lsp2
FBpp0297714	FBgn0033097	Zip42C.2
FBpp0309088	FBgn0003390	shf
FBpp0309087	FBgn0003390	shf
FBpp0070939	FBgn0003390	shf
FBpp0309089	FBgn0003390	shf
FBpp0303265	FBgn0034606	ASPP
FBpp0071549	FBgn0034606	ASPP
FBpp0071548	FBgn0034606	ASPP
FBpp0078532	FBgn0037270	eIF3f1
FBpp0087770	FBgn0033304	Cyp6a13
FBpp0072638	FBgn0035244	ABCB7
FBpp0072637	FBgn0035244	ABCB7
FBpp0082459	FBgn0038271	UQCR-C1
FBpp0082460	FBgn0038271	UQCR-C1
FBpp0077618	FBgn0031298	Atg4a
FBpp0304824	FBgn0031298	Atg4a
FBpp0088021	FBgn0028687	Rpt1
FBpp0070299	FBgn0023514	CG14805
FBpp0075754	FBgn0036258	eIF3l
FBpp0087016	FBgn0050047	CG30047
FBpp0081844	FBgn0037877	CG6689
FBpp0081797	FBgn0051391	CG31391
FBpp0084911	FBgn0039728	CG7896
FBpp0073060	FBgn0042179	Ugt305A1
FBpp0305195	FBgn0042179	Ugt305A1
FBpp0071636	FBgn0034666	CG9294
FBpp0081310	FBgn0037539	CG10435
FBpp0083358	FBgn0040575	CG15922
FBpp0306647	FBgn0040575	CG15922
FBpp0290094	FBgn0030316	CG11695
FBpp0073362	FBgn0030316	CG11695
FBpp0083736	FBgn0039038	CG6688
FBpp0078691	FBgn0031654	Jon25Bii
FBpp0311491	FBgn0031654	Jon25Bii
FBpp0072802	FBgn0261602	RpL8
FBpp0072801	FBgn0261602	RpL8
FBpp0076723	FBgn0035692	Sf3b6
FBpp0083815	FBgn0039084	CG10175
FBpp0311034	FBgn0039084	CG10175
FBpp0083814	FBgn0039084	CG10175
FBpp0308684	FBgn0039084	CG10175
FBpp0083813	FBgn0039084	CG10175
FBpp0110450	FBgn0058439	CG40439
FBpp0110444	FBgn0058439	CG40439
FBpp0083076	FBgn0044871	Gos28
FBpp0076502	FBgn0052371	CG32371
FBpp0309576	FBgn0265835	CG44624
FBpp0289585	FBgn0031471	CG3117
FBpp0071950	FBgn0050417	tbrd-3
FBpp0073287	FBgn0027498	CG2061
FBpp0073285	FBgn0027498	CG2061
FBpp0304657	FBgn0027498	CG2061
FBpp0086215	FBgn0034173	CG9010
FBpp0076298	FBgn0000357	Cp18
FBpp0086875	FBgn0043010	Fsn
FBpp0086876	FBgn0043010	Fsn
FBpp0075749	FBgn0022709	Ak1
FBpp0075750	FBgn0022709	Ak1
FBpp0079419	FBgn0002973	numb
FBpp0308609	FBgn0002973	numb
FBpp0079420	FBgn0002973	numb
FBpp0073189	FBgn0035547	CG15022
FBpp0290218	FBgn0028539	Eato
FBpp0110241	FBgn0028539	Eato
FBpp0082643	FBgn0265048	cv-d
FBpp0078204	FBgn0037200	CG11109
FBpp0078203	FBgn0037200	CG11109
FBpp0085035	FBgn0039790	CG2246
FBpp0291762	FBgn0039790	CG2246
FBpp0307423	FBgn0039790	CG2246
FBpp0085040	FBgn0039790	CG2246
FBpp0291763	FBgn0039790	CG2246
FBpp0085037	FBgn0039790	CG2246
FBpp0291764	FBgn0039790	CG2246
FBpp0085036	FBgn0039790	CG2246
FBpp0307422	FBgn0039790	CG2246
FBpp0085038	FBgn0039790	CG2246
FBpp0085039	FBgn0039790	CG2246
FBpp0291766	FBgn0039790	CG2246
FBpp0307424	FBgn0039790	CG2246
FBpp0291761	FBgn0039790	CG2246
FBpp0291519	FBgn0039790	CG2246
FBpp0291765	FBgn0039790	CG2246
FBpp0304184	FBgn0260777	CG42571
FBpp0086538	FBgn0033984	Lap1
FBpp0292771	FBgn0033984	Lap1
FBpp0308832	FBgn0287695	KFase
FBpp0078895	FBgn0287695	KFase
FBpp0292836	FBgn0262004	CG42822
FBpp0301595	FBgn0262527	nsl1
FBpp0290942	FBgn0262527	nsl1
FBpp0290944	FBgn0262527	nsl1
FBpp0306659	FBgn0262527	nsl1
FBpp0290945	FBgn0262527	nsl1
FBpp0290946	FBgn0262527	nsl1
FBpp0301597	FBgn0262527	nsl1
FBpp0290941	FBgn0262527	nsl1
FBpp0301596	FBgn0262527	nsl1
FBpp0301593	FBgn0262527	nsl1
FBpp0290940	FBgn0262527	nsl1
FBpp0301594	FBgn0262527	nsl1
FBpp0088586	FBgn0031115	CG11710
FBpp0308739	FBgn0031115	CG11710
FBpp0088585	FBgn0031115	CG11710
FBpp0084815	FBgn0039677	ppk30
FBpp0304714	FBgn0039677	ppk30
FBpp0310792	FBgn0266430	CG45060
FBpp0075775	FBgn0036229	CG7248
FBpp0113012	FBgn0024909	Taf7
FBpp0081253	FBgn0024909	Taf7
FBpp0307131	FBgn0031473	CG3104
FBpp0077371	FBgn0031473	CG3104
FBpp0077370	FBgn0031473	CG3104
FBpp0310455	FBgn0039856	CG1774
FBpp0085159	FBgn0039856	CG1774
FBpp0402875	FBgn0284225	CG46309
FBpp0087496	FBgn0033484	CG2269
FBpp0296933	FBgn0033484	CG2269
FBpp0087497	FBgn0033484	CG2269
FBpp0087495	FBgn0033484	CG2269
FBpp0084533	FBgn0039508	CG3368
FBpp0073143	FBgn0052250	PMP34
FBpp0297229	FBgn0052250	PMP34
FBpp0111983	FBgn0033649	pyr
FBpp0083137	FBgn0038662	Mpc1
FBpp0306592	FBgn0038662	Mpc1
FBpp0074106	FBgn0030790	CG4768
FBpp0297067	FBgn0030790	CG4768
FBpp0312451	FBgn0030790	CG4768
FBpp0079726	FBgn0051870	CG31870
FBpp0309537	FBgn0051870	CG31870
FBpp0079727	FBgn0051870	CG31870
FBpp0309538	FBgn0051870	CG31870
FBpp0073995	FBgn0030733	UQCR-14
FBpp0086904	FBgn0033785	Sans
FBpp0086903	FBgn0033785	Sans
FBpp0079609	FBgn0032244	RfC3
FBpp0081900	FBgn0037933	Ho
FBpp0091056	FBgn0053809	His3:CG33809
FBpp0077133	FBgn0031611	FIG4
FBpp0079966	FBgn0032433	Oatp33Ea
FBpp0305305	FBgn0032433	Oatp33Ea
FBpp0075605	FBgn0036328	CG10749
FBpp0079031	FBgn0266666	Sem1
FBpp0070583	FBgn0028491	CG2930
FBpp0070582	FBgn0028491	CG2930
FBpp0309177	FBgn0028491	CG2930
FBpp0309176	FBgn0028491	CG2930
FBpp0070581	FBgn0028491	CG2930
FBpp0292215	FBgn0004888	Scsalpha1
FBpp0073010	FBgn0004888	Scsalpha1
FBpp0290780	FBgn0260869	CG42579
FBpp0073110	FBgn0035510	Cpr64Aa
FBpp0079811	FBgn0051867	CG31867
FBpp0310222	FBgn0051867	CG31867
FBpp0111316	FBgn0085237	CG34208
FBpp0304423	FBgn0035397	PAN3
FBpp0112042	FBgn0035397	PAN3
FBpp0072872	FBgn0035397	PAN3
FBpp0072861	FBgn0035397	PAN3
FBpp0112043	FBgn0035397	PAN3
FBpp0072868	FBgn0035397	PAN3
FBpp0072873	FBgn0035397	PAN3
FBpp0072862	FBgn0035397	PAN3
FBpp0072864	FBgn0035397	PAN3
FBpp0072869	FBgn0035397	PAN3
FBpp0072870	FBgn0035397	PAN3
FBpp0072866	FBgn0035397	PAN3
FBpp0112044	FBgn0035397	PAN3
FBpp0072865	FBgn0035397	PAN3
FBpp0072863	FBgn0035397	PAN3
FBpp0072871	FBgn0035397	PAN3
FBpp0301062	FBgn0051091	CG31091
FBpp0310536	FBgn0051091	CG31091
FBpp0073737	FBgn0030562	CG9400
FBpp0085365	FBgn0000043	Act42A
FBpp0293067	FBgn0262141	CG42867
FBpp0082227	FBgn0038150	yellow-e3
FBpp0083737	FBgn0039041	CG13838
FBpp0074936	FBgn0036754	ais
FBpp0073446	FBgn0001218	Hsc70-3
FBpp0073448	FBgn0001218	Hsc70-3
FBpp0073445	FBgn0001218	Hsc70-3
FBpp0311376	FBgn0001218	Hsc70-3
FBpp0073447	FBgn0001218	Hsc70-3
FBpp0271877	FBgn0051410	Npc2e
FBpp0309545	FBgn0028707	Mt2
FBpp0110211	FBgn0028707	Mt2
FBpp0428112	FBgn0061196	CG15468
FBpp0089177	FBgn0003460	so
FBpp0074062	FBgn0030764	CG9777
FBpp0087350	FBgn0024956	Mat1
FBpp0087068	FBgn0033717	CG8839
FBpp0087071	FBgn0033717	CG8839
FBpp0087069	FBgn0033717	CG8839
FBpp0087070	FBgn0033717	CG8839
FBpp0305242	FBgn0036391	CG17364
FBpp0305240	FBgn0036391	CG17364
FBpp0305241	FBgn0036391	CG17364
FBpp0305243	FBgn0036391	CG17364
FBpp0306441	FBgn0039201	DZIP1
FBpp0084025	FBgn0039201	DZIP1
FBpp0072910	FBgn0035424	Larp4B
FBpp0072909	FBgn0035424	Larp4B
FBpp0300406	FBgn0035424	Larp4B
FBpp0084360	FBgn0039415	CG6142
FBpp0073366	FBgn0030318	rho-4
FBpp0073365	FBgn0030318	rho-4
FBpp0077033	FBgn0031098	CG17068
FBpp0075069	FBgn0250814	UQCR-C2
FBpp0303947	FBgn0250814	UQCR-C2
FBpp0297391	FBgn0262874	CG43229
FBpp0297390	FBgn0262874	CG43229
FBpp0084478	FBgn0039489	CG5880
FBpp0075134	FBgn0040074	retinin
FBpp0080165	FBgn0028939	NimC2
FBpp0310277	FBgn0028939	NimC2
FBpp0080166	FBgn0028939	NimC2
FBpp0086464	FBgn0034025	Pgant1
FBpp0309020	FBgn0034025	Pgant1
FBpp0086465	FBgn0034025	Pgant1
FBpp0304759	FBgn0031043	Naa20A
FBpp0074532	FBgn0031043	Naa20A
FBpp0304760	FBgn0031043	Naa20A
FBpp0304758	FBgn0031043	Naa20A
FBpp0072932	FBgn0035438	Gtpx
FBpp0072931	FBgn0035438	Gtpx
FBpp0072930	FBgn0035438	Gtpx
FBpp0082735	FBgn0027095	Manf
FBpp0084713	FBgn0039622	eIF4E6
FBpp0291678	FBgn0039622	eIF4E6
FBpp0291677	FBgn0039622	eIF4E6
FBpp0081564	FBgn0278604	dmt
FBpp0089202	FBgn0027835	Dp1
FBpp0085861	FBgn0027835	Dp1
FBpp0311418	FBgn0027835	Dp1
FBpp0309290	FBgn0027835	Dp1
FBpp0085862	FBgn0027835	Dp1
FBpp0089201	FBgn0027835	Dp1
FBpp0085860	FBgn0027835	Dp1
FBpp0081592	FBgn0024833	AP-1mu
FBpp0082412	FBgn0038234	mRpL11
FBpp0111327	FBgn0085248	CG34219
FBpp0308415	FBgn0085248	CG34219
FBpp0271787	FBgn0024995	CG2680
FBpp0072967	FBgn0052271	CG32271
FBpp0089253	FBgn0004401	Pep
FBpp0074962	FBgn0004401	Pep
FBpp0074963	FBgn0004401	Pep
FBpp0293516	FBgn0004401	Pep
FBpp0081391	FBgn0037616	CG8136
FBpp0081393	FBgn0037616	CG8136
FBpp0289772	FBgn0037616	CG8136
FBpp0081392	FBgn0037616	CG8136
FBpp0081324	FBgn0037573	CG7483
FBpp0074610	FBgn0262057	Spn77Ba
FBpp0311802	FBgn0262057	Spn77Ba
FBpp0074611	FBgn0262057	Spn77Ba
FBpp0297782	FBgn0263040	CG43335
FBpp0083769	FBgn0025781	Cdc16
FBpp0086647	FBgn0086895	pea
FBpp0289235	FBgn0259705	CG42359
FBpp0312021	FBgn0029769	frma
FBpp0312022	FBgn0029769	frma
FBpp0080865	FBgn0032846	Pyroxd1
FBpp0304005	FBgn0032846	Pyroxd1
FBpp0305944	FBgn0264712	CG1172
FBpp0078436	FBgn0264712	CG1172
FBpp0301220	FBgn0264712	CG1172
FBpp0423291	FBgn0286930	CG46427
FBpp0423292	FBgn0286930	CG46427
FBpp0070783	FBgn0029814	CG15765
FBpp0305154	FBgn0029814	CG15765
FBpp0085075	FBgn0000416	Sap-r
FBpp0085076	FBgn0000416	Sap-r
FBpp0307456	FBgn0031496	CG17258
FBpp0290038	FBgn0031496	CG17258
FBpp0307455	FBgn0031496	CG17258
FBpp0071831	FBgn0034769	Obp58c
FBpp0297758	FBgn0263023	CG43318
FBpp0290483	FBgn0260766	CG42564
FBpp0078965	FBgn0031858	CG17378
FBpp0304612	FBgn0031858	CG17378
FBpp0078966	FBgn0031858	CG17378
FBpp0289771	FBgn0037614	TMEM216
FBpp0289770	FBgn0037614	TMEM216
FBpp0081388	FBgn0037614	TMEM216
FBpp0083063	FBgn0004652	fru
FBpp0083066	FBgn0004652	fru
FBpp0089358	FBgn0004652	fru
FBpp0083065	FBgn0004652	fru
FBpp0089355	FBgn0004652	fru
FBpp0089359	FBgn0004652	fru
FBpp0290499	FBgn0004652	fru
FBpp0083062	FBgn0004652	fru
FBpp0089357	FBgn0004652	fru
FBpp0303073	FBgn0004652	fru
FBpp0083061	FBgn0004652	fru
FBpp0083067	FBgn0004652	fru
FBpp0083060	FBgn0004652	fru
FBpp0083064	FBgn0004652	fru
FBpp0089356	FBgn0004652	fru
FBpp0076476	FBgn0011817	nmo
FBpp0423155	FBgn0011817	nmo
FBpp0076474	FBgn0011817	nmo
FBpp0076471	FBgn0011817	nmo
FBpp0076475	FBgn0011817	nmo
FBpp0076473	FBgn0011817	nmo
FBpp0076472	FBgn0011817	nmo
FBpp0305425	FBgn0011817	nmo
FBpp0084674	FBgn0039591	CG9988
FBpp0076183	FBgn0035985	Cpr67B
FBpp0083221	FBgn0038714	Cpr92A
FBpp0081329	FBgn0037579	COX7AL
FBpp0075692	FBgn0262524	ver
FBpp0304177	FBgn0262524	ver
FBpp0072061	FBgn0003008	or
FBpp0079787	FBgn0041246	Gr32a
FBpp0303261	FBgn0034643	CG10321
FBpp0071577	FBgn0034643	CG10321
FBpp0073027	FBgn0035479	CG14983
FBpp0292196	FBgn0261682	CG42729
FBpp0077972	FBgn0053054	Targ1
FBpp0077973	FBgn0053054	Targ1
FBpp0084970	FBgn0039736	CG7912
FBpp0306007	FBgn0025776	ind
FBpp0082090	FBgn0038002	CG12256
FBpp0304505	FBgn0267821	da
FBpp0423185	FBgn0267821	da
FBpp0079598	FBgn0267821	da
FBpp0304504	FBgn0267821	da
FBpp0076547	FBgn0016036	mei-P22
FBpp0111661	FBgn0085474	CG34445
FBpp0091038	FBgn0053777	CG33777
FBpp0084877	FBgn0003358	Jon99Ci
FBpp0070723	FBgn0263237	Cdk7
FBpp0428413	FBgn0261523	CG42658
FBpp0297766	FBgn0263032	CG43327
FBpp0099992	FBgn0039924	PIP4K
FBpp0099993	FBgn0039924	PIP4K
FBpp0076149	FBgn0036019	Or67b
FBpp0071759	FBgn0017482	T3dh
FBpp0070724	FBgn0029751	CG17764
FBpp0089393	FBgn0003339	Scr
FBpp0081163	FBgn0003339	Scr
FBpp0428124	FBgn0003339	Scr
FBpp0423171	FBgn0003339	Scr
FBpp0423170	FBgn0003339	Scr
FBpp0085932	FBgn0050114	CG30114
FBpp0085709	FBgn0034437	CG10051
FBpp0292866	FBgn0262026	CG42837
FBpp0074710	FBgn0036890	CG9368
FBpp0074712	FBgn0036890	CG9368
FBpp0307762	FBgn0036890	CG9368
FBpp0084176	FBgn0020626	Osbp
FBpp0081868	FBgn0046225	CG17230
FBpp0308467	FBgn0046225	CG17230
FBpp0081869	FBgn0046225	CG17230
FBpp0305470	FBgn0010417	Taf6
FBpp0074709	FBgn0010417	Taf6
FBpp0087036	FBgn0033732	CG13157
FBpp0311759	FBgn0024992	Spg7
FBpp0070479	FBgn0024992	Spg7
FBpp0111308	FBgn0085229	CG34200
FBpp0081700	FBgn0037797	CG12420
FBpp0290714	FBgn0265140	Meltrin
FBpp0290713	FBgn0265140	Meltrin
FBpp0070856	FBgn0027546	CG4766
FBpp0081774	FBgn0037845	CG14694
FBpp0072709	FBgn0035232	CG12099
FBpp0072708	FBgn0035232	CG12099
FBpp0110433	FBgn0264492	CkIIalpha
FBpp0311359	FBgn0264492	CkIIalpha
FBpp0070043	FBgn0264492	CkIIalpha
FBpp0311229	FBgn0264492	CkIIalpha
FBpp0070041	FBgn0264492	CkIIalpha
FBpp0070042	FBgn0264492	CkIIalpha
FBpp0311360	FBgn0264492	CkIIalpha
FBpp0071654	FBgn0034663	CG4363
FBpp0291423	FBgn0031775	CG9150
FBpp0071651	FBgn0034667	comr
FBpp0085541	FBgn0034529	FAM21
FBpp0292047	FBgn0261610	CG42699
FBpp0289794	FBgn0000114	bru1
FBpp0079926	FBgn0000114	bru1
FBpp0304036	FBgn0000114	bru1
FBpp0079927	FBgn0000114	bru1
FBpp0428458	FBgn0000114	bru1
FBpp0304320	FBgn0000114	bru1
FBpp0079929	FBgn0000114	bru1
FBpp0304034	FBgn0000114	bru1
FBpp0304038	FBgn0000114	bru1
FBpp0304037	FBgn0000114	bru1
FBpp0304035	FBgn0000114	bru1
FBpp0307854	FBgn0000352	cos
FBpp0088087	FBgn0000352	cos
FBpp0076693	FBgn0002926	ndl
FBpp0080856	FBgn0032817	CG10631
FBpp0073076	FBgn0003710	tipE
FBpp0073075	FBgn0003710	tipE
FBpp0071892	FBgn0003062	Fib
FBpp0084716	FBgn0039617	DIP-gamma
FBpp0079527	FBgn0287720	Pen
FBpp0083878	FBgn0051141	CG31141
FBpp0087877	FBgn0033280	CG12126
FBpp0076963	FBgn0031141	CG1304
FBpp0085629	FBgn0034489	ppk6
FBpp0074617	FBgn0052227	gogo
FBpp0087164	FBgn0033663	ERp60
FBpp0311995	FBgn0030060	CG2004
FBpp0071218	FBgn0030060	CG2004
FBpp0305174	FBgn0030060	CG2004
FBpp0305173	FBgn0030060	CG2004
FBpp0305176	FBgn0030060	CG2004
FBpp0311903	FBgn0266647	CG45154
FBpp0087038	FBgn0033735	Dera
FBpp0312210	FBgn0033735	Dera
FBpp0077892	FBgn0036984	CG13248
FBpp0077100	FBgn0031637	mxt
FBpp0077102	FBgn0031637	mxt
FBpp0304754	FBgn0031637	mxt
FBpp0304755	FBgn0031637	mxt
FBpp0077101	FBgn0031637	mxt
FBpp0304753	FBgn0031637	mxt
FBpp0290163	FBgn0031637	mxt
FBpp0308816	FBgn0030576	CG15890
FBpp0073756	FBgn0030576	CG15890
FBpp0088963	FBgn0038535	alt
FBpp0088432	FBgn0038535	alt
FBpp0307032	FBgn0038535	alt
FBpp0307033	FBgn0038535	alt
FBpp0088434	FBgn0038535	alt
FBpp0088435	FBgn0038535	alt
FBpp0088431	FBgn0038535	alt
FBpp0088433	FBgn0038535	alt
FBpp0088857	FBgn0259139	glo
FBpp0428434	FBgn0259139	glo
FBpp0088856	FBgn0259139	glo
FBpp0088858	FBgn0259139	glo
FBpp0077555	FBgn0031364	CG17648
FBpp0075774	FBgn0036227	CG17826
FBpp0071936	FBgn0034859	CG3520
FBpp0071246	FBgn0030108	Gr8a
FBpp0112103	FBgn0037229	flip
FBpp0292527	FBgn0011769	Fdx1
FBpp0076226	FBgn0011769	Fdx1
FBpp0081609	FBgn0286506	Mpi
FBpp0076764	FBgn0020640	Lcp65Ae
FBpp0074247	FBgn0030869	Socs16D
FBpp0301993	FBgn0030869	Socs16D
FBpp0071474	FBgn0034578	CG15653
FBpp0082282	FBgn0038167	Lkb1
FBpp0082280	FBgn0038167	Lkb1
FBpp0082277	FBgn0038167	Lkb1
FBpp0082276	FBgn0038167	Lkb1
FBpp0082279	FBgn0038167	Lkb1
FBpp0290703	FBgn0038167	Lkb1
FBpp0082278	FBgn0038167	Lkb1
FBpp0082281	FBgn0038167	Lkb1
FBpp0082283	FBgn0038167	Lkb1
FBpp0083354	FBgn0023212	EloB
FBpp0073467	FBgn0030377	CG1924
FBpp0080207	FBgn0264810	Pburs
FBpp0303110	FBgn0014343	mirr
FBpp0075644	FBgn0014343	mirr
FBpp0075643	FBgn0014343	mirr
FBpp0082439	FBgn0004629	Cys
FBpp0307425	FBgn0037926	Elp1
FBpp0081896	FBgn0037926	Elp1
FBpp0307426	FBgn0037926	Elp1
FBpp0292310	FBgn0037488	CG14607
FBpp0079139	FBgn0031929	CG18585
FBpp0307462	FBgn0031929	CG18585
FBpp0079716	FBgn0032285	CG17108
FBpp0307202	FBgn0051549	CG31549
FBpp0078356	FBgn0051549	CG31549
FBpp0085138	FBgn0061476	Zwilch
FBpp0074578	FBgn0031070	CG12702
FBpp0312072	FBgn0031070	CG12702
FBpp0307136	FBgn0031070	CG12702
FBpp0300987	FBgn0030640	CG6294
FBpp0073851	FBgn0030640	CG6294
FBpp0294044	FBgn0011826	Pp2B-14D
FBpp0301546	FBgn0011826	Pp2B-14D
FBpp0074069	FBgn0011826	Pp2B-14D
FBpp0111326	FBgn0250827	whip
FBpp0290537	FBgn0052305	CG32305
FBpp0076856	FBgn0035608	blanks
FBpp0309701	FBgn0034639	CG15673
FBpp0428245	FBgn0037017	CG4074
FBpp0428246	FBgn0037017	CG4074
FBpp0290861	FBgn0032707	CG10348
FBpp0309811	FBgn0032707	CG10348
FBpp0083555	FBgn0015229	glec
FBpp0081589	FBgn0037714	CG9396
FBpp0080315	FBgn0028864	CG18477
FBpp0070596	FBgn0029688	lva
FBpp0309608	FBgn0029688	lva
FBpp0070083	FBgn0023535	arg
FBpp0078822	FBgn0031776	Pfdn1
FBpp0309825	FBgn0031776	Pfdn1
FBpp0308407	FBgn0260398	Pbp49
FBpp0289883	FBgn0260398	Pbp49
FBpp0289882	FBgn0260398	Pbp49
FBpp0085132	FBgn0039833	CG15564
FBpp0085275	FBgn0032955	CG2201
FBpp0085277	FBgn0032955	CG2201
FBpp0311734	FBgn0032955	CG2201
FBpp0099951	FBgn0032955	CG2201
FBpp0293955	FBgn0032955	CG2201
FBpp0085276	FBgn0032955	CG2201
FBpp0085204	FBgn0027620	Acf
FBpp0076250	FBgn0035957	Argk2
FBpp0310099	FBgn0050163	Cpr60D
FBpp0072241	FBgn0050163	Cpr60D
FBpp0078447	FBgn0037315	Cerk
FBpp0078446	FBgn0037315	Cerk
FBpp0288489	FBgn0051028	Rsod
FBpp0304512	FBgn0040232	cmet
FBpp0304514	FBgn0040232	cmet
FBpp0304513	FBgn0040232	cmet
FBpp0304511	FBgn0040232	cmet
FBpp0081092	FBgn0037483	CG14609
FBpp0311972	FBgn0037483	CG14609
FBpp0079591	FBgn0003087	pim
FBpp0304499	FBgn0003087	pim
FBpp0077078	FBgn0031638	CG11927
FBpp0290950	FBgn0029995	CG2256
FBpp0075512	FBgn0036403	CG6661
FBpp0304293	FBgn0264330	CG43789
FBpp0087051	FBgn0033752	CG8569
FBpp0303612	FBgn0031817	HemK1
FBpp0078900	FBgn0031817	HemK1
FBpp0289327	FBgn0039552	CG12426
FBpp0080168	FBgn0286723	hll
FBpp0082405	FBgn0003567	su(Hw)
FBpp0082404	FBgn0003567	su(Hw)
FBpp0301708	FBgn0003567	su(Hw)
FBpp0091109	FBgn0053863	His3:CG33863
FBpp0086614	FBgn0033932	Dh44-R1
FBpp0303347	FBgn0027951	MTA1-like
FBpp0078383	FBgn0027951	MTA1-like
FBpp0288645	FBgn0027951	MTA1-like
FBpp0078382	FBgn0027951	MTA1-like
FBpp0077854	FBgn0036996	mag
FBpp0303816	FBgn0035552	CG11350
FBpp0082019	FBgn0037994	eIF3d2
FBpp0072230	FBgn0035044	CG3663
FBpp0080002	FBgn0032464	Vha68-3
FBpp0081263	FBgn0037529	mRpS9
FBpp0112150	FBgn0038309	Amt
FBpp0070395	FBgn0023529	Grp170
FBpp0290016	FBgn0023529	Grp170
FBpp0074834	FBgn0036827	CG6843
FBpp0306999	FBgn0262116	RNASEK
FBpp0110588	FBgn0262116	RNASEK
FBpp0070632	FBgn0029696	CG15571
FBpp0078636	FBgn0031662	CG3792
FBpp0292593	FBgn0027084	LysRS
FBpp0071302	FBgn0027084	LysRS
FBpp0071301	FBgn0027084	LysRS
FBpp0086208	FBgn0034175	ste24b
FBpp0309046	FBgn0029843	Nep1
FBpp0070838	FBgn0029843	Nep1
FBpp0310420	FBgn0029843	Nep1
FBpp0070837	FBgn0029843	Nep1
FBpp0072147	FBgn0034910	CG4763
FBpp0073552	FBgn0030447	CG2200
FBpp0309262	FBgn0030447	CG2200
FBpp0078912	FBgn0031801	CG9498
FBpp0290041	FBgn0051189	CG31189
FBpp0085614	FBgn0034498	CG16868
FBpp0080090	FBgn0028513	CG9254
FBpp0080290	FBgn0011239	ms(2)35Ci
FBpp0304649	FBgn0011239	ms(2)35Ci
FBpp0083510	FBgn0004863	C15
FBpp0080114	FBgn0028538	Sec71
FBpp0312507	FBgn0033019	CG10395
FBpp0312508	FBgn0033019	CG10395
FBpp0072482	FBgn0035167	Gr61a
FBpp0303818	FBgn0035167	Gr61a
FBpp0311245	FBgn0035167	Gr61a
FBpp0076169	FBgn0052039	Svip
FBpp0311674	FBgn0052039	Svip
FBpp0075960	FBgn0052071	CG32071
FBpp0312614	FBgn0034317	CG14499
FBpp0085553	FBgn0034546	CG13442
FBpp0086268	FBgn0034140	Lst
FBpp0297148	FBgn0034140	Lst
FBpp0297147	FBgn0034140	Lst
FBpp0310056	FBgn0054026	CG34026
FBpp0099437	FBgn0054026	CG34026
FBpp0072832	FBgn0260480	CG32295
FBpp0074824	FBgn0036815	HipHop
FBpp0074823	FBgn0036815	HipHop
FBpp0088151	FBgn0025936	Eph
FBpp0088153	FBgn0025936	Eph
FBpp0088154	FBgn0025936	Eph
FBpp0290500	FBgn0025936	Eph
FBpp0088155	FBgn0025936	Eph
FBpp0088152	FBgn0025936	Eph
FBpp0082223	FBgn0038145	Droj2
FBpp0082219	FBgn0038145	Droj2
FBpp0082221	FBgn0038145	Droj2
FBpp0082222	FBgn0038145	Droj2
FBpp0082220	FBgn0038145	Droj2
FBpp0401566	FBgn0044419	Pmi
FBpp0289217	FBgn0044419	Pmi
FBpp0289218	FBgn0044419	Pmi
FBpp0312522	FBgn0044419	Pmi
FBpp0083533	FBgn0260940	lsn
FBpp0293124	FBgn0010015	CanA1
FBpp0085094	FBgn0010015	CanA1
FBpp0306613	FBgn0010015	CanA1
FBpp0085856	FBgn0063493	GstE7
FBpp0304317	FBgn0032033	CG13392
FBpp0079325	FBgn0032033	CG13392
FBpp0402885	FBgn0284234	CG46318
FBpp0077752	FBgn0031251	CG4213
FBpp0303631	FBgn0031251	CG4213
FBpp0078877	FBgn0260452	CG13984
FBpp0074129	FBgn0030789	Rrp45
FBpp0310515	FBgn0030789	Rrp45
FBpp0402873	FBgn0284223	CG46307
FBpp0071436	FBgn0030221	Rab9Db
FBpp0308269	FBgn0033246	ACC
FBpp0308270	FBgn0033246	ACC
FBpp0308268	FBgn0033246	ACC
FBpp0087948	FBgn0033246	ACC
FBpp0087947	FBgn0033246	ACC
FBpp0111966	FBgn0033246	ACC
FBpp0302714	FBgn0263777	CG43694
FBpp0075141	FBgn0036618	Cpr72Eb
FBpp0078391	FBgn0017550	Rga
FBpp0078390	FBgn0017550	Rga
FBpp0311361	FBgn0017550	Rga
FBpp0072460	FBgn0016715	Reg-2
FBpp0079874	FBgn0032393	Nfs1
FBpp0074499	FBgn0031034	CG14205
FBpp0289730	FBgn0259978	vlc
FBpp0085376	FBgn0259978	vlc
FBpp0289729	FBgn0259978	vlc
FBpp0300186	FBgn0259978	vlc
FBpp0085377	FBgn0259978	vlc
FBpp0300185	FBgn0259978	vlc
FBpp0300187	FBgn0259978	vlc
FBpp0085375	FBgn0259978	vlc
FBpp0289363	FBgn0053237	Ste:CG33237
FBpp0073987	FBgn0030725	CG8958
FBpp0083923	FBgn0026576	Pisd
FBpp0083921	FBgn0026576	Pisd
FBpp0083922	FBgn0026576	Pisd
FBpp0309792	FBgn0010194	Wnt5
FBpp0074394	FBgn0010194	Wnt5
FBpp0307148	FBgn0032880	TM9SF2
FBpp0080923	FBgn0032880	TM9SF2
FBpp0309386	FBgn0052626	AMPdeam
FBpp0290266	FBgn0052626	AMPdeam
FBpp0290268	FBgn0052626	AMPdeam
FBpp0290267	FBgn0052626	AMPdeam
FBpp0301185	FBgn0052626	AMPdeam
FBpp0073664	FBgn0052626	AMPdeam
FBpp0309387	FBgn0052626	AMPdeam
FBpp0292384	FBgn0052626	AMPdeam
FBpp0301184	FBgn0052626	AMPdeam
FBpp0305844	FBgn0036728	UQCR-Q
FBpp0291671	FBgn0036728	UQCR-Q
FBpp0291672	FBgn0036728	UQCR-Q
FBpp0074984	FBgn0036728	UQCR-Q
FBpp0081395	FBgn0037618	ouib
FBpp0307204	FBgn0040252	Ugt303A1
FBpp0081816	FBgn0040252	Ugt303A1
FBpp0076862	FBgn0016031	lama
FBpp0076863	FBgn0016031	lama
FBpp0076864	FBgn0016031	lama
FBpp0305772	FBgn0016031	lama
FBpp0071475	FBgn0003391	shg
FBpp0071241	FBgn0030100	CG12106
FBpp0289113	FBgn0284444	ddbt
FBpp0289114	FBgn0284444	ddbt
FBpp0297745	FBgn0284444	ddbt
FBpp0082809	FBgn0038458	VhaM9.7-d
FBpp0312482	FBgn0024321	NK7.1
FBpp0082401	FBgn0024321	NK7.1
FBpp0082400	FBgn0024321	NK7.1
FBpp0297666	FBgn0024321	NK7.1
FBpp0311912	FBgn0042119	Cpr65Au
FBpp0076768	FBgn0042119	Cpr65Au
FBpp0071226	FBgn0030086	CCT2
FBpp0291239	FBgn0032405	firl
FBpp0309547	FBgn0032405	firl
FBpp0293789	FBgn0032405	firl
FBpp0077562	FBgn0031367	c-cup
FBpp0422606	FBgn0039309	CG11891
FBpp0422605	FBgn0039309	CG11891
FBpp0081736	FBgn0024957	Irp-1B
FBpp0087517	FBgn0033479	PIG-N
FBpp0070773	FBgn0029798	Rtel1
FBpp0304672	FBgn0029798	Rtel1
FBpp0077232	FBgn0051778	CG31778
FBpp0308649	FBgn0051778	CG31778
FBpp0073489	FBgn0030408	CG11085
FBpp0309918	FBgn0262878	CG43233
FBpp0297397	FBgn0262878	CG43233
FBpp0081474	FBgn0003165	pum
FBpp0081473	FBgn0003165	pum
FBpp0305823	FBgn0003165	pum
FBpp0081471	FBgn0003165	pum
FBpp0305824	FBgn0003165	pum
FBpp0293727	FBgn0003165	pum
FBpp0081472	FBgn0003165	pum
FBpp0081470	FBgn0003165	pum
FBpp0301787	FBgn0263597	Acp98AB
FBpp0075609	FBgn0036334	CG11267
FBpp0080817	FBgn0032799	Dpm1
FBpp0081203	FBgn0037454	CG1137
FBpp0113056	FBgn0034817	Art7
FBpp0079220	FBgn0032018	CG7806
FBpp0086700	FBgn0261276	Opa1
FBpp0308808	FBgn0261276	Opa1
FBpp0308806	FBgn0261276	Opa1
FBpp0308807	FBgn0261276	Opa1
FBpp0086699	FBgn0261276	Opa1
FBpp0083995	FBgn0053340	CG33340
FBpp0085824	FBgn0034383	CG17821
FBpp0293424	FBgn0032957	CG2225
FBpp0085272	FBgn0032957	CG2225
FBpp0085271	FBgn0032957	CG2225
FBpp0305183	FBgn0032957	CG2225
FBpp0085268	FBgn0032957	CG2225
FBpp0085269	FBgn0032957	CG2225
FBpp0100078	FBgn0032957	CG2225
FBpp0307926	FBgn0033192	Corin
FBpp0087983	FBgn0033192	Corin
FBpp0071029	FBgn0029957	CG12155
FBpp0082969	FBgn0038568	CG14315
FBpp0081104	FBgn0015770	MstProx
FBpp0080236	FBgn0053309	CG33309
FBpp0082880	FBgn0038507	CG5863
FBpp0312096	FBgn0015797	Rab6
FBpp0079943	FBgn0015797	Rab6
FBpp0112427	FBgn0039958	CG12567
FBpp0289927	FBgn0039958	CG12567
FBpp0311162	FBgn0039958	CG12567
FBpp0112428	FBgn0039958	CG12567
FBpp0289926	FBgn0039958	CG12567
FBpp0289928	FBgn0039958	CG12567
FBpp0297198	FBgn0262812	CG43183
FBpp0086127	FBgn0034183	SmydA-6
FBpp0080651	FBgn0032709	CG15167
FBpp0304073	FBgn0266717	Bruce
FBpp0081717	FBgn0266717	Bruce
FBpp0304071	FBgn0266717	Bruce
FBpp0304072	FBgn0266717	Bruce
FBpp0304070	FBgn0266717	Bruce
FBpp0289912	FBgn0036052	CG10809
FBpp0076095	FBgn0036052	CG10809
FBpp0078746	FBgn0051646	DIP-theta
FBpp0308262	FBgn0003733	tor
FBpp0088012	FBgn0003733	tor
FBpp0081105	FBgn0004173	Mst84Db
FBpp0070129	FBgn0040383	CG5254
FBpp0310321	FBgn0040383	CG5254
FBpp0084115	FBgn0039227	polybromo
FBpp0312450	FBgn0267449	WDY
FBpp0292394	FBgn0261817	CG42759
FBpp0078137	FBgn0037151	CG7130
FBpp0111939	FBgn0031837	DIP-iota
FBpp0072855	FBgn0052485	CG32485
FBpp0087800	FBgn0050357	CG30357
FBpp0309131	FBgn0023534	CG17778
FBpp0070079	FBgn0023534	CG17778
FBpp0080412	FBgn0002673	twe
FBpp0303863	FBgn0002673	twe
FBpp0303861	FBgn0002673	twe
FBpp0303862	FBgn0002673	twe
FBpp0087142	FBgn0284245	eEF1alpha1
FBpp0311273	FBgn0284245	eEF1alpha1
FBpp0304260	FBgn0284245	eEF1alpha1
FBpp0311272	FBgn0284245	eEF1alpha1
FBpp0099791	FBgn0288229	CG3164
FBpp0077812	FBgn0288229	CG3164
FBpp0077813	FBgn0288229	CG3164
FBpp0089109	FBgn0288229	CG3164
FBpp0075267	FBgn0036549	CG10516
FBpp0072907	FBgn0035421	nSMase
FBpp0304158	FBgn0035158	CG13895
FBpp0072501	FBgn0035158	CG13895
FBpp0298001	FBgn0039970	CG17508
FBpp0085407	FBgn0039970	CG17508
FBpp0311288	FBgn0265102	Oseg1
FBpp0076386	FBgn0265102	Oseg1
FBpp0271927	FBgn0052379	CG32379
FBpp0082754	FBgn0038446	CG14903
FBpp0297289	FBgn0262854	CG43218
FBpp0291095	FBgn0029754	CG15930
FBpp0086340	FBgn0034091	mrj
FBpp0111997	FBgn0034091	mrj
FBpp0086338	FBgn0034091	mrj
FBpp0297608	FBgn0034091	mrj
FBpp0086339	FBgn0034091	mrj
FBpp0305077	FBgn0034091	mrj
FBpp0297607	FBgn0034091	mrj
FBpp0086337	FBgn0034091	mrj
FBpp0087879	FBgn0010109	dpn
FBpp0291548	FBgn0085506	CG40635
FBpp0076520	FBgn0035811	Mcad
FBpp0070137	FBgn0029535	CG14635
FBpp0084820	FBgn0039683	dmrt99B
FBpp0084684	FBgn0039596	CG10000
FBpp0084440	FBgn0039463	Spag1
FBpp0304492	FBgn0042129	OS9
FBpp0087017	FBgn0050049	CG30049
FBpp0113035	FBgn0005696	PolA2
FBpp0081766	FBgn0037849	CG4596
FBpp0296949	FBgn0016726	RpL29
FBpp0071518	FBgn0016726	RpL29
FBpp0071519	FBgn0016726	RpL29
FBpp0076870	FBgn0035587	Gdap1
FBpp0310631	FBgn0035587	Gdap1
FBpp0304190	FBgn0035587	Gdap1
FBpp0079268	FBgn0032034	Rcd4
FBpp0292524	FBgn0032034	Rcd4
FBpp0081136	FBgn0000071	Ama
FBpp0081137	FBgn0000071	Ama
FBpp0081135	FBgn0000071	Ama
FBpp0075718	FBgn0052104	CG32104
FBpp0311401	FBgn0038526	CG14327
FBpp0082906	FBgn0038526	CG14327
FBpp0076872	FBgn0010747	Srp54k
FBpp0073781	FBgn0030612	Dbct
FBpp0310004	FBgn0034956	CG4324
FBpp0072106	FBgn0034956	CG4324
FBpp0071649	FBgn0034671	CG13494
FBpp0082318	FBgn0010258	Rbp4
FBpp0291029	FBgn0038880	SIFaR
FBpp0083497	FBgn0038880	SIFaR
FBpp0082388	FBgn0011474	Set8
FBpp0301702	FBgn0011474	Set8
FBpp0082389	FBgn0011474	Set8
FBpp0085446	FBgn0284249	Adf1
FBpp0089262	FBgn0284249	Adf1
FBpp0303284	FBgn0284249	Adf1
FBpp0085447	FBgn0284249	Adf1
FBpp0099774	FBgn0036165	chrb
FBpp0311210	FBgn0036165	chrb
FBpp0087519	FBgn0263260	sel
FBpp0071515	FBgn0034611	MFS16
FBpp0071517	FBgn0034611	MFS16
FBpp0071516	FBgn0034611	MFS16
FBpp0309685	FBgn0034611	MFS16
FBpp0070557	FBgn0015286	Rala
FBpp0070558	FBgn0015286	Rala
FBpp0070559	FBgn0015286	Rala
FBpp0311899	FBgn0267045	CG45489
FBpp0079326	FBgn0027094	AlaRS
FBpp0089366	FBgn0027094	AlaRS
FBpp0298033	FBgn0032147	IP3K1
FBpp0079465	FBgn0032147	IP3K1
FBpp0072315	FBgn0027599	CG2790
FBpp0070460	FBgn0024991	CG2694
FBpp0070459	FBgn0024991	CG2694
FBpp0302769	FBgn0024991	CG2694
FBpp0091043	FBgn0053784	CG33784
FBpp0072059	FBgn0034943	Fmo-1
FBpp0311423	FBgn0039760	CG9682
FBpp0311422	FBgn0039760	CG9682
FBpp0071455	FBgn0034572	CG9346
FBpp0078026	FBgn0053290	CG33290
FBpp0088686	FBgn0261397	didum
FBpp0088685	FBgn0261397	didum
FBpp0088684	FBgn0261397	didum
FBpp0292004	FBgn0261573	CoRest
FBpp0292000	FBgn0261573	CoRest
FBpp0307648	FBgn0261573	CoRest
FBpp0292001	FBgn0261573	CoRest
FBpp0300335	FBgn0261573	CoRest
FBpp0291999	FBgn0261573	CoRest
FBpp0292003	FBgn0261573	CoRest
FBpp0300337	FBgn0261573	CoRest
FBpp0292002	FBgn0261573	CoRest
FBpp0300336	FBgn0261573	CoRest
FBpp0088054	FBgn0033184	mEFTu2
FBpp0075195	FBgn0036560	CG5895
FBpp0305791	FBgn0036560	CG5895
FBpp0082696	FBgn0038386	CG5478
FBpp0072643	FBgn0013755	Bro
FBpp0071570	FBgn0003731	Egfr
FBpp0071571	FBgn0003731	Egfr
FBpp0075449	FBgn0036449	bmm
FBpp0289427	FBgn0036449	bmm
FBpp0297622	FBgn0036380	CG8757
FBpp0082536	FBgn0004117	Tm2
FBpp0311407	FBgn0004117	Tm2
FBpp0089270	FBgn0004117	Tm2
FBpp0308613	FBgn0004117	Tm2
FBpp0082535	FBgn0004117	Tm2
FBpp0306048	FBgn0004117	Tm2
FBpp0072184	FBgn0034986	mRpS17
FBpp0112174	FBgn0038887	CG7907
FBpp0112173	FBgn0038887	CG7907
FBpp0293176	FBgn0262351	CG43049
FBpp0293177	FBgn0262351	CG43049
FBpp0080577	FBgn0032658	CG5681
FBpp0078180	FBgn0037185	CG11367
FBpp0075187	FBgn0040795	CG13038
FBpp0078358	FBgn0037356	CG12170
FBpp0311910	FBgn0002862	Mst87F
FBpp0082347	FBgn0002862	Mst87F
FBpp0099438	FBgn0054027	CG34027
FBpp0079701	FBgn0032293	Dpy-30L1
FBpp0073864	FBgn0030661	Alp11
FBpp0083399	FBgn0038827	Fancd2
FBpp0289636	FBgn0054034	CG34034
FBpp0085886	FBgn0034363	CG5327
FBpp0111682	FBgn0033145	CG12828
FBpp0076715	FBgn0035699	CG13300
FBpp0288732	FBgn0051225	Ir94f
FBpp0085080	FBgn0039807	CG15546
FBpp0308534	FBgn0033499	CG12914
FBpp0087423	FBgn0033499	CG12914
FBpp0308535	FBgn0033499	CG12914
FBpp0074251	FBgn0263258	chas
FBpp0309500	FBgn0263258	chas
FBpp0309498	FBgn0263258	chas
FBpp0074252	FBgn0263258	chas
FBpp0309499	FBgn0263258	chas
FBpp0082917	FBgn0051251	CG31251
FBpp0301138	FBgn0263404	CG43450
FBpp0073787	FBgn0030600	hiw
FBpp0311921	FBgn0030600	hiw
FBpp0305454	FBgn0014396	tim
FBpp0077256	FBgn0014396	tim
FBpp0305453	FBgn0014396	tim
FBpp0305457	FBgn0014396	tim
FBpp0305456	FBgn0014396	tim
FBpp0428305	FBgn0014396	tim
FBpp0305451	FBgn0014396	tim
FBpp0305452	FBgn0014396	tim
FBpp0305450	FBgn0014396	tim
FBpp0401565	FBgn0014396	tim
FBpp0075770	FBgn0036221	CG11588
FBpp0304379	FBgn0036221	CG11588
FBpp0428251	FBgn0036913	Usp32
FBpp0428250	FBgn0036913	Usp32
FBpp0428249	FBgn0036913	Usp32
FBpp0428248	FBgn0036913	Usp32
FBpp0075641	FBgn0015919	caup
FBpp0081681	FBgn0037781	Fancl
FBpp0310705	FBgn0037781	Fancl
FBpp0290647	FBgn0051122	CG31122
FBpp0423141	FBgn0051122	CG31122
FBpp0305965	FBgn0051122	CG31122
FBpp0084668	FBgn0001215	Hrb98DE
FBpp0084667	FBgn0001215	Hrb98DE
FBpp0084672	FBgn0001215	Hrb98DE
FBpp0084671	FBgn0001215	Hrb98DE
FBpp0084670	FBgn0001215	Hrb98DE
FBpp0084669	FBgn0001215	Hrb98DE
FBpp0088126	FBgn0015039	Cyp9b2
FBpp0074895	FBgn0036783	CheA75a
FBpp0308710	FBgn0005391	Yp2
FBpp0071359	FBgn0005391	Yp2
FBpp0081491	FBgn0037647	RagA-B
FBpp0081343	FBgn0037578	PNKP
FBpp0307953	FBgn0250846	glob2
FBpp0290501	FBgn0250846	glob2
FBpp0307954	FBgn0250846	glob2
FBpp0288952	FBgn0259190	Ir7d
FBpp0290975	FBgn0032336	AstC
FBpp0079821	FBgn0032336	AstC
FBpp0303186	FBgn0039428	CG14237
FBpp0271698	FBgn0053233	CG33233
FBpp0290260	FBgn0053233	CG33233
FBpp0077350	FBgn0243513	cnir
FBpp0074190	FBgn0030807	CG13000
FBpp0089178	FBgn0037339	Pi4KIIalpha
FBpp0428258	FBgn0037339	Pi4KIIalpha
FBpp0428089	FBgn0037339	Pi4KIIalpha
FBpp0089179	FBgn0037339	Pi4KIIalpha
FBpp0078404	FBgn0037339	Pi4KIIalpha
FBpp0082310	FBgn0038172	Adgf-D
FBpp0077734	FBgn0031267	Ipk2
FBpp0077668	FBgn0031276	CG12506
FBpp0077311	FBgn0031474	CG2991
FBpp0077310	FBgn0031474	CG2991
FBpp0077312	FBgn0031474	CG2991
FBpp0311979	FBgn0051183	CG31183
FBpp0082641	FBgn0051183	CG31183
FBpp0110143	FBgn0043025	Adgf-A2
FBpp0110144	FBgn0043025	Adgf-A2
FBpp0074956	FBgn0043025	Adgf-A2
FBpp0077994	FBgn0037069	Cpr78Cc
FBpp0428195	FBgn0260642	Antp
FBpp0089243	FBgn0260642	Antp
FBpp0089245	FBgn0260642	Antp
FBpp0089086	FBgn0260642	Antp
FBpp0089244	FBgn0260642	Antp
FBpp0089247	FBgn0260642	Antp
FBpp0081162	FBgn0260642	Antp
FBpp0081160	FBgn0260642	Antp
FBpp0089242	FBgn0260642	Antp
FBpp0089246	FBgn0260642	Antp
FBpp0089241	FBgn0260642	Antp
FBpp0081161	FBgn0260642	Antp
FBpp0112279	FBgn0050288	CG30288
FBpp0080030	FBgn0032494	Jhbp13
FBpp0306795	FBgn0032494	Jhbp13
FBpp0086645	FBgn0013725	phyl
FBpp0074696	FBgn0036908	TORIP
FBpp0306010	FBgn0036908	TORIP
FBpp0311732	FBgn0032853	CG10651
FBpp0080910	FBgn0032853	CG10651
FBpp0402845	FBgn0262731	CG33941
FBpp0289577	FBgn0036143	CG14142
FBpp0289576	FBgn0036143	CG14142
FBpp0289578	FBgn0036143	CG14142
FBpp0082032	FBgn0038003	CG3916
FBpp0298046	FBgn0259184	CG42288
FBpp0288946	FBgn0259184	CG42288
FBpp0077927	FBgn0027055	CSN3
FBpp0311610	FBgn0034763	RYBP
FBpp0071779	FBgn0034763	RYBP
FBpp0290244	FBgn0051106	CG31106
FBpp0076221	FBgn0015218	eIF4E1
FBpp0076219	FBgn0015218	eIF4E1
FBpp0076218	FBgn0015218	eIF4E1
FBpp0076216	FBgn0015218	eIF4E1
FBpp0306016	FBgn0015218	eIF4E1
FBpp0076215	FBgn0015218	eIF4E1
FBpp0076220	FBgn0015218	eIF4E1
FBpp0306017	FBgn0015218	eIF4E1
FBpp0076217	FBgn0015218	eIF4E1
FBpp0312615	FBgn0039582	Or98b
FBpp0110174	FBgn0045035	tefu
FBpp0070656	FBgn0029720	CG3009
FBpp0289695	FBgn0029720	CG3009
FBpp0304595	FBgn0029720	CG3009
FBpp0085698	FBgn0004003	wbl
FBpp0309412	FBgn0004003	wbl
FBpp0080752	FBgn0041789	Pax
FBpp0099871	FBgn0041789	Pax
FBpp0306283	FBgn0041789	Pax
FBpp0080754	FBgn0041789	Pax
FBpp0306284	FBgn0041789	Pax
FBpp0080753	FBgn0041789	Pax
FBpp0297553	FBgn0041789	Pax
FBpp0080755	FBgn0041789	Pax
FBpp0080751	FBgn0041789	Pax
FBpp0289154	FBgn0053169	CG33169
FBpp0078200	FBgn0053169	CG33169
FBpp0084047	FBgn0039214	puf
FBpp0297302	FBgn0039214	puf
FBpp0308280	FBgn0039214	puf
FBpp0084048	FBgn0039214	puf
FBpp0303340	FBgn0039214	puf
FBpp0303341	FBgn0039214	puf
FBpp0293179	FBgn0262357	CG43055
FBpp0079093	FBgn0031904	CG5149
FBpp0423200	FBgn0286809	xmas
FBpp0423201	FBgn0286809	xmas
FBpp0423199	FBgn0286809	xmas
FBpp0071616	FBgn0034634	CG10494
FBpp0071617	FBgn0034634	CG10494
FBpp0423397	FBgn0286979	CG46439
FBpp0078818	FBgn0031770	CG13995
FBpp0297863	FBgn0032860	CG15130
FBpp0297862	FBgn0032860	CG15130
FBpp0072041	FBgn0262619	DNAlig1
FBpp0306222	FBgn0045770	S-Lap3
FBpp0076015	FBgn0045770	S-Lap3
FBpp0306221	FBgn0045770	S-Lap3
FBpp0079610	FBgn0032246	Wdfy2
FBpp0293060	FBgn0032246	Wdfy2
FBpp0075776	FBgn0036232	CG14125
FBpp0302672	FBgn0036232	CG14125
FBpp0078259	FBgn0037427	Osi17
FBpp0306604	FBgn0037427	Osi17
FBpp0306605	FBgn0037427	Osi17
FBpp0306603	FBgn0037427	Osi17
FBpp0078920	FBgn0263916	Ent2
FBpp0309853	FBgn0263916	Ent2
FBpp0087752	FBgn0033358	spab
FBpp0310753	FBgn0038286	CG6966
FBpp0112148	FBgn0038286	CG6966
FBpp0110407	FBgn0033015	d4
FBpp0085418	FBgn0033015	d4
FBpp0085419	FBgn0033015	d4
FBpp0307242	FBgn0033015	d4
FBpp0078162	FBgn0011771	Hem
FBpp0100001	FBgn0033380	Phax
FBpp0087649	FBgn0033380	Phax
FBpp0310532	FBgn0038821	CG17267
FBpp0076464	FBgn0035823	eIF4E5
FBpp0076424	FBgn0265089	eIF4E3
FBpp0292966	FBgn0044047	Ilp6
FBpp0292967	FBgn0044047	Ilp6
FBpp0070390	FBgn0044047	Ilp6
FBpp0305878	FBgn0044047	Ilp6
FBpp0074784	FBgn0036857	Aldh7A1
FBpp0082081	FBgn0038016	MBD-R2
FBpp0073217	FBgn0042131	CG18808
FBpp0310635	FBgn0036654	CG9692
FBpp0075076	FBgn0036654	CG9692
FBpp0311795	FBgn0085481	CG34452
FBpp0288792	FBgn0085481	CG34452
FBpp0311347	FBgn0039759	CG9733
FBpp0085000	FBgn0039759	CG9733
FBpp0084839	FBgn0039689	CIA30
FBpp0086441	FBgn0050085	Rif1
FBpp0087579	FBgn0027589	CG1688
FBpp0288432	FBgn0050050	CG30050
FBpp0085289	FBgn0032971	ttm3
FBpp0304231	FBgn0036710	CG6479
FBpp0075007	FBgn0036710	CG6479
FBpp0075006	FBgn0036710	CG6479
FBpp0082361	FBgn0053109	CG33109
FBpp0311428	FBgn0011281	Obp83a
FBpp0311427	FBgn0011281	Obp83a
FBpp0078305	FBgn0011281	Obp83a
FBpp0111407	FBgn0085327	CG34298
FBpp0077158	FBgn0040102	lectin-24Db
FBpp0112014	FBgn0034645	ND-B12
FBpp0071580	FBgn0034645	ND-B12
FBpp0289903	FBgn0034645	ND-B12
FBpp0289904	FBgn0034645	ND-B12
FBpp0112015	FBgn0034645	ND-B12
FBpp0072154	FBgn0034904	CG15800
FBpp0085281	FBgn0061209	His2B:CG17949
FBpp0083671	FBgn0014949	btn
FBpp0308793	FBgn0265429	CG44341
FBpp0087763	FBgn0033344	CG8252
FBpp0289881	FBgn0260388	CG42514
FBpp0289880	FBgn0260388	CG42514
FBpp0289879	FBgn0260388	CG42514
FBpp0078784	FBgn0031749	CG14000
FBpp0308626	FBgn0032061	CatB
FBpp0079333	FBgn0032061	CatB
FBpp0073836	FBgn0030629	CG9123
FBpp0293446	FBgn0262572	CG43112
FBpp0083352	FBgn0014029	Septin2
FBpp0306646	FBgn0014029	Septin2
FBpp0084559	FBgn0040080	pins
FBpp0308238	FBgn0265191	Gyg
FBpp0308233	FBgn0265191	Gyg
FBpp0308235	FBgn0265191	Gyg
FBpp0308237	FBgn0265191	Gyg
FBpp0308236	FBgn0265191	Gyg
FBpp0308234	FBgn0265191	Gyg
FBpp0305392	FBgn0037664	CG8420
FBpp0081453	FBgn0037664	CG8420
FBpp0081881	FBgn0037895	bumpel
FBpp0070225	FBgn0000826	png
FBpp0087860	FBgn0033261	udd
FBpp0082510	FBgn0038304	CG12241
FBpp0071303	FBgn0264691	Lst8
FBpp0311093	FBgn0051495	CG31495
FBpp0082345	FBgn0051495	CG31495
FBpp0309226	FBgn0085427	CG34398
FBpp0292893	FBgn0085427	CG34398
FBpp0309227	FBgn0085427	CG34398
FBpp0111560	FBgn0085427	CG34398
FBpp0111561	FBgn0085427	CG34398
FBpp0292896	FBgn0085427	CG34398
FBpp0292897	FBgn0085427	CG34398
FBpp0292895	FBgn0085427	CG34398
FBpp0292892	FBgn0085427	CG34398
FBpp0292894	FBgn0085427	CG34398
FBpp0075968	FBgn0036121	CG6310
FBpp0086874	FBgn0033812	Pex13
FBpp0082314	FBgn0038166	CG9588
FBpp0311525	FBgn0033787	CG13321
FBpp0086905	FBgn0033787	CG13321
FBpp0311626	FBgn0034200	Gbp2
FBpp0086140	FBgn0034200	Gbp2
FBpp0076167	FBgn0035977	PGRP-LF
FBpp0112340	FBgn0260943	Rbp6
FBpp0112339	FBgn0260943	Rbp6
FBpp0301712	FBgn0260943	Rbp6
FBpp0288505	FBgn0260943	Rbp6
FBpp0075045	FBgn0260943	Rbp6
FBpp0305994	FBgn0260943	Rbp6
FBpp0301711	FBgn0260943	Rbp6
FBpp0075592	FBgn0260459	CG14106
FBpp0112384	FBgn0287185	nvd
FBpp0307444	FBgn0264989	CG44140
FBpp0304918	FBgn0035282	CNMa
FBpp0292254	FBgn0035282	CNMa
FBpp0289937	FBgn0035282	CNMa
FBpp0075128	FBgn0042201	Nplp3
FBpp0081103	FBgn0004172	Mst84Da
FBpp0077965	FBgn0037061	Trmt112
FBpp0289275	FBgn0259731	tal-2A
FBpp0312150	FBgn0035444	CG12012
FBpp0072938	FBgn0035444	CG12012
FBpp0289973	FBgn0035444	CG12012
FBpp0086150	FBgn0050457	CG30457
FBpp0084850	FBgn0000247	ca
FBpp0312193	FBgn0000247	ca
FBpp0271858	FBgn0050469	Ir52b
FBpp0074638	FBgn0036937	Ir76b
FBpp0309704	FBgn0028546	ics
FBpp0309703	FBgn0028546	ics
FBpp0080089	FBgn0028546	ics
FBpp0073378	FBgn0030323	Vlet
FBpp0073379	FBgn0030323	Vlet
FBpp0073377	FBgn0030323	Vlet
FBpp0084340	FBgn0039402	Vps2
FBpp0304083	FBgn0085438	CG34409
FBpp0310503	FBgn0027358	Tim9b
FBpp0074536	FBgn0027358	Tim9b
FBpp0301082	FBgn0263386	CG43438
FBpp0310877	FBgn0083967	Muted
FBpp0110178	FBgn0083967	Muted
FBpp0293055	FBgn0051716	Cnot4
FBpp0079601	FBgn0051716	Cnot4
FBpp0304027	FBgn0051716	Cnot4
FBpp0079604	FBgn0051716	Cnot4
FBpp0304029	FBgn0051716	Cnot4
FBpp0079599	FBgn0051716	Cnot4
FBpp0304028	FBgn0051716	Cnot4
FBpp0079603	FBgn0051716	Cnot4
FBpp0079602	FBgn0051716	Cnot4
FBpp0293056	FBgn0051716	Cnot4
FBpp0079600	FBgn0051716	Cnot4
FBpp0079830	FBgn0032366	CG14930
FBpp0078748	FBgn0031723	CG7251
FBpp0311770	FBgn0031723	CG7251
FBpp0308692	FBgn0033724	CG8501
FBpp0087026	FBgn0033724	CG8501
FBpp0075335	FBgn0014850	Eig71Ej
FBpp0082723	FBgn0038416	CG17930
FBpp0079149	FBgn0031954	CG14537
FBpp0300889	FBgn0031066	COX6B
FBpp0074586	FBgn0031066	COX6B
FBpp0074585	FBgn0031066	COX6B
FBpp0074584	FBgn0031066	COX6B
FBpp0080778	FBgn0032785	CG10026
FBpp0080777	FBgn0032785	CG10026
FBpp0304596	FBgn0032785	CG10026
FBpp0080779	FBgn0032785	CG10026
FBpp0075901	FBgn0036153	CG7573
FBpp0079252	FBgn0003607	Su(var)205
FBpp0079251	FBgn0003607	Su(var)205
FBpp0070182	FBgn0040342	CG3706
FBpp0085546	FBgn0034537	DMAP1
FBpp0085593	FBgn0027529	tapas
FBpp0290425	FBgn0027529	tapas
FBpp0301192	FBgn0027529	tapas
FBpp0085592	FBgn0027529	tapas
FBpp0083292	FBgn0038790	MtnC
FBpp0074176	FBgn0030826	CG12995
FBpp0086193	FBgn0046999	CG6429
FBpp0076598	FBgn0035755	CG14830
FBpp0301214	FBgn0035755	CG14830
FBpp0301215	FBgn0035755	CG14830
FBpp0083870	FBgn0051145	CG31145
FBpp0083871	FBgn0051145	CG31145
FBpp0288495	FBgn0051145	CG31145
FBpp0307565	FBgn0051145	CG31145
FBpp0423142	FBgn0051145	CG31145
FBpp0288496	FBgn0051145	CG31145
FBpp0292842	FBgn0262010	CG42828
FBpp0078643	FBgn0260470	SP555
FBpp0305715	FBgn0260470	SP555
FBpp0078644	FBgn0260470	SP555
FBpp0305714	FBgn0260470	SP555
FBpp0078896	FBgn0086357	Sec61alpha
FBpp0311774	FBgn0086357	Sec61alpha
FBpp0077204	FBgn0031573	CG3407
FBpp0086483	FBgn0013762	Cdk5
FBpp0289874	FBgn0028473	Non1
FBpp0087637	FBgn0028473	Non1
FBpp0091146	FBgn0053901	His4:CG33901
FBpp0083069	FBgn0038621	CG10864
FBpp0072068	FBgn0050178	CG30178
FBpp0071006	FBgn0029942	CG2059
FBpp0292475	FBgn0029942	CG2059
FBpp0293869	FBgn0053289	ppk5
FBpp0293870	FBgn0053289	ppk5
FBpp0087901	FBgn0021814	Vps28
FBpp0302051	FBgn0021814	Vps28
FBpp0307781	FBgn0265082	Cdep
FBpp0307779	FBgn0265082	Cdep
FBpp0307778	FBgn0265082	Cdep
FBpp0307780	FBgn0265082	Cdep
FBpp0312044	FBgn0030389	CG15927
FBpp0073480	FBgn0030389	CG15927
FBpp0081095	FBgn0037490	CG10053
FBpp0308784	FBgn0037490	CG10053
FBpp0291550	FBgn0015577	alpha-Est9
FBpp0291551	FBgn0015577	alpha-Est9
FBpp0076839	FBgn0015766	Msr-110
FBpp0076837	FBgn0015766	Msr-110
FBpp0311254	FBgn0015766	Msr-110
FBpp0076838	FBgn0015766	Msr-110
FBpp0307212	FBgn0037536	CG2698
FBpp0307215	FBgn0037536	CG2698
FBpp0300418	FBgn0037536	CG2698
FBpp0307214	FBgn0037536	CG2698
FBpp0081280	FBgn0037536	CG2698
FBpp0300419	FBgn0037536	CG2698
FBpp0307213	FBgn0037536	CG2698
FBpp0075879	FBgn0053269	CG33269
FBpp0300402	FBgn0053269	CG33269
FBpp0303970	FBgn0036063	CG6674
FBpp0076083	FBgn0036063	CG6674
FBpp0110196	FBgn0031652	jet
FBpp0078693	FBgn0031652	jet
FBpp0074061	FBgn0026181	Rok
FBpp0309139	FBgn0026181	Rok
FBpp0309137	FBgn0026181	Rok
FBpp0309138	FBgn0026181	Rok
FBpp0307473	FBgn0265001	ppk18
FBpp0292990	FBgn0013770	CtsL1
FBpp0308977	FBgn0013770	CtsL1
FBpp0086719	FBgn0013770	CtsL1
FBpp0086718	FBgn0013770	CtsL1
FBpp0084435	FBgn0002838	ms(3)K81
FBpp0308574	FBgn0265362	CG44303
FBpp0428471	FBgn0288736	CG46511
FBpp0301080	FBgn0036459	CG3349
FBpp0076210	FBgn0035989	Atat
FBpp0076208	FBgn0035989	Atat
FBpp0303974	FBgn0035989	Atat
FBpp0076209	FBgn0035989	Atat
FBpp0076212	FBgn0035989	Atat
FBpp0076211	FBgn0035989	Atat
FBpp0075715	FBgn0052103	SCaMC
FBpp0304400	FBgn0052103	SCaMC
FBpp0075714	FBgn0052103	SCaMC
FBpp0304399	FBgn0052103	SCaMC
FBpp0112548	FBgn0058191	CG40191
FBpp0306783	FBgn0058191	CG40191
FBpp0112547	FBgn0058191	CG40191
FBpp0112550	FBgn0058191	CG40191
FBpp0112549	FBgn0058191	CG40191
FBpp0081915	FBgn0037934	CG6830
FBpp0301706	FBgn0038223	Afti
FBpp0423206	FBgn0038223	Afti
FBpp0271899	FBgn0038223	Afti
FBpp0301707	FBgn0038223	Afti
FBpp0079172	FBgn0031972	Wwox
FBpp0310039	FBgn0031972	Wwox
FBpp0088677	FBgn0032202	REPTOR-BP
FBpp0088678	FBgn0032202	REPTOR-BP
FBpp0088679	FBgn0032202	REPTOR-BP
FBpp0088676	FBgn0032202	REPTOR-BP
FBpp0303971	FBgn0036062	CG6685
FBpp0076084	FBgn0036062	CG6685
FBpp0088311	FBgn0039937	fd102C
FBpp0306714	FBgn0037702	CG8176
FBpp0081543	FBgn0037702	CG8176
FBpp0112119	FBgn0037702	CG8176
FBpp0306713	FBgn0037702	CG8176
FBpp0306712	FBgn0037702	CG8176
FBpp0078788	FBgn0002856	Acp26Ab
FBpp0309554	FBgn0002856	Acp26Ab
FBpp0078787	FBgn0002856	Acp26Ab
FBpp0085767	FBgn0000578	ena
FBpp0099530	FBgn0000578	ena
FBpp0099532	FBgn0000578	ena
FBpp0085766	FBgn0000578	ena
FBpp0309392	FBgn0000578	ena
FBpp0113115	FBgn0000578	ena
FBpp0085768	FBgn0000578	ena
FBpp0311447	FBgn0038725	CG6184
FBpp0311448	FBgn0038725	CG6184
FBpp0083211	FBgn0038725	CG6184
FBpp0087866	FBgn0033273	Gasz
FBpp0084293	FBgn0039371	CG4960
FBpp0311937	FBgn0039371	CG4960
FBpp0072281	FBgn0035063	CG3594
FBpp0111393	FBgn0085312	CG34283
FBpp0292607	FBgn0263593	Lpin
FBpp0292610	FBgn0263593	Lpin
FBpp0292613	FBgn0263593	Lpin
FBpp0292618	FBgn0263593	Lpin
FBpp0111968	FBgn0263593	Lpin
FBpp0292617	FBgn0263593	Lpin
FBpp0292608	FBgn0263593	Lpin
FBpp0087891	FBgn0263593	Lpin
FBpp0292606	FBgn0263593	Lpin
FBpp0292616	FBgn0263593	Lpin
FBpp0292611	FBgn0263593	Lpin
FBpp0086523	FBgn0034009	CG8155
FBpp0289839	FBgn0028514	CG4793
FBpp0077587	FBgn0041097	robo3
FBpp0428169	FBgn0041097	robo3
FBpp0271914	FBgn0052208	825-Oak
FBpp0305849	FBgn0052195	CG32195
FBpp0074891	FBgn0052195	CG32195
FBpp0305850	FBgn0052195	CG32195
FBpp0303025	FBgn0035407	Asciz
FBpp0072974	FBgn0035407	Asciz
FBpp0075534	FBgn0036386	CG8833
FBpp0074699	FBgn0036872	CG12519
FBpp0305978	FBgn0036872	CG12519
FBpp0072777	FBgn0035337	CG15877
FBpp0079481	FBgn0032170	CG4658
FBpp0310305	FBgn0032170	CG4658
FBpp0310304	FBgn0032170	CG4658
FBpp0079483	FBgn0032170	CG4658
FBpp0079482	FBgn0032170	CG4658
FBpp0073338	FBgn0027359	Tim8
FBpp0310233	FBgn0027359	Tim8
FBpp0070067	FBgn0024989	CG3777
FBpp0070066	FBgn0024989	CG3777
FBpp0070065	FBgn0024989	CG3777
FBpp0310562	FBgn0024989	CG3777
FBpp0309733	FBgn0024989	CG3777
FBpp0083145	FBgn0038681	Cyp12a4
FBpp0301722	FBgn0261509	haf
FBpp0423153	FBgn0261509	haf
FBpp0301721	FBgn0261509	haf
FBpp0310559	FBgn0261509	haf
FBpp0301723	FBgn0261509	haf
FBpp0423152	FBgn0261509	haf
FBpp0301720	FBgn0261509	haf
FBpp0423151	FBgn0261509	haf
FBpp0086115	FBgn0025716	Bap55
FBpp0077500	FBgn0031388	CG12674
FBpp0306833	FBgn0031388	CG12674
FBpp0306567	FBgn0039065	Rad60
FBpp0306569	FBgn0039065	Rad60
FBpp0290310	FBgn0039065	Rad60
FBpp0083780	FBgn0039065	Rad60
FBpp0306568	FBgn0039065	Rad60
FBpp0306566	FBgn0039065	Rad60
FBpp0291347	FBgn0036212	CG11597
FBpp0075812	FBgn0036212	CG11597
FBpp0110077	FBgn0036212	CG11597
FBpp0307963	FBgn0013813	Dhc98D
FBpp0290517	FBgn0013813	Dhc98D
FBpp0290518	FBgn0013813	Dhc98D
FBpp0075801	FBgn0036222	SdhAL
FBpp0080712	FBgn0002023	Lim3
FBpp0080713	FBgn0002023	Lim3
FBpp0301567	FBgn0002023	Lim3
FBpp0302972	FBgn0002023	Lim3
FBpp0301566	FBgn0002023	Lim3
FBpp0301569	FBgn0002023	Lim3
FBpp0301568	FBgn0002023	Lim3
FBpp0289529	FBgn0259955	CG42465
FBpp0083810	FBgn0039087	Ugt303B2
FBpp0079222	FBgn0032022	CG14275
FBpp0079223	FBgn0032022	CG14275
FBpp0271768	FBgn0039645	CG11898
FBpp0301046	FBgn0040392	CG14050
FBpp0070391	FBgn0040392	CG14050
FBpp0083258	FBgn0038753	CG4459
FBpp0292442	FBgn0036586	CG13070
FBpp0311675	FBgn0035630	CG10576
FBpp0311825	FBgn0035630	CG10576
FBpp0076827	FBgn0035630	CG10576
FBpp0301058	FBgn0287844	Dhc1
FBpp0301056	FBgn0287844	Dhc1
FBpp0301057	FBgn0287844	Dhc1
FBpp0310725	FBgn0287844	Dhc1
FBpp0288958	FBgn0259196	CG42300
FBpp0080368	FBgn0051823	CG31823
FBpp0077113	FBgn0031622	CG3251
FBpp0077081	FBgn0031643	CG3008
FBpp0091013	FBgn0053702	CG33702
FBpp0074398	FBgn0030928	CG15044
FBpp0087037	FBgn0033734	CG8520
FBpp0292314	FBgn0033734	CG8520
FBpp0290081	FBgn0260434	CG42529
FBpp0303094	FBgn0035715	Ist1
FBpp0303098	FBgn0035715	Ist1
FBpp0303097	FBgn0035715	Ist1
FBpp0076658	FBgn0035715	Ist1
FBpp0303096	FBgn0035715	Ist1
FBpp0303095	FBgn0035715	Ist1
FBpp0083222	FBgn0051459	CG31459
FBpp0073746	FBgn0030570	CG12540
FBpp0085056	FBgn0028646	aralar1
FBpp0297541	FBgn0028646	aralar1
FBpp0085055	FBgn0028646	aralar1
FBpp0085057	FBgn0028646	aralar1
FBpp0303322	FBgn0028646	aralar1
FBpp0085054	FBgn0028646	aralar1
FBpp0311203	FBgn0260991	Incenp
FBpp0088035	FBgn0260991	Incenp
FBpp0307848	FBgn0260991	Incenp
FBpp0073009	FBgn0035464	PIG-B
FBpp0073008	FBgn0035464	PIG-B
FBpp0304615	FBgn0031233	Tbc1d15-17
FBpp0077784	FBgn0031233	Tbc1d15-17
FBpp0304616	FBgn0031233	Tbc1d15-17
FBpp0088909	FBgn0039915	Gat
FBpp0088910	FBgn0039915	Gat
FBpp0084257	FBgn0039346	CG5079
FBpp0112925	FBgn0004049	yrt
FBpp0082261	FBgn0004049	yrt
FBpp0112924	FBgn0004049	yrt
FBpp0112923	FBgn0004049	yrt
FBpp0309005	FBgn0033979	Cyp6a19
FBpp0086583	FBgn0033979	Cyp6a19
FBpp0087356	FBgn0033520	Prx6b
FBpp0099762	FBgn0024293	Spn43Ab
FBpp0291412	FBgn0037843	CG4511
FBpp0081763	FBgn0037843	CG4511
FBpp0304907	FBgn0035317	Oseg2
FBpp0080264	FBgn0028878	CG15269
FBpp0079857	FBgn0051704	CG31704
FBpp0305613	FBgn0051704	CG31704
FBpp0304009	FBgn0032603	CG17928
FBpp0080465	FBgn0032603	CG17928
FBpp0071854	FBgn0034797	nahoda
FBpp0293335	FBgn0034797	nahoda
FBpp0071853	FBgn0034797	nahoda
FBpp0073071	FBgn0035501	CG1299
FBpp0304904	FBgn0035501	CG1299
FBpp0423261	FBgn0286872	CG46394
FBpp0076235	FBgn0035936	Tsp66E
FBpp0076234	FBgn0035936	Tsp66E
FBpp0076233	FBgn0035936	Tsp66E
FBpp0089104	FBgn0000557	eEF1alpha2
FBpp0089103	FBgn0000557	eEF1alpha2
FBpp0085194	FBgn0000557	eEF1alpha2
FBpp0085193	FBgn0000557	eEF1alpha2
FBpp0304481	FBgn0037742	Rpt3R
FBpp0290751	FBgn0037742	Rpt3R
FBpp0307133	FBgn0031609	CG15443
FBpp0077140	FBgn0031609	CG15443
FBpp0310139	FBgn0029737	Hgsnat
FBpp0070691	FBgn0029737	Hgsnat
FBpp0078684	FBgn0031663	CG8891
FBpp0303564	FBgn0031918	CG6055
FBpp0079077	FBgn0031918	CG6055
FBpp0073749	FBgn0030571	CG14414
FBpp0292380	FBgn0030571	CG14414
FBpp0308546	FBgn0030571	CG14414
FBpp0073747	FBgn0030571	CG14414
FBpp0074211	FBgn0030840	p-cup
FBpp0078296	FBgn0028436	ECSIT
FBpp0311924	FBgn0004047	Yp3
FBpp0073652	FBgn0004047	Yp3
FBpp0074064	FBgn0030761	CG9784
FBpp0303435	FBgn0030761	CG9784
FBpp0302002	FBgn0030761	CG9784
FBpp0072781	FBgn0000543	ecd
FBpp0291857	FBgn0034782	CG12490
FBpp0111944	FBgn0032153	CG4537
FBpp0083673	FBgn0024558	Dph5
FBpp0083937	FBgn0026598	Apc2
FBpp0401578	FBgn0026598	Apc2
FBpp0401579	FBgn0026598	Apc2
FBpp0290171	FBgn0260644	CG42536
FBpp0073154	FBgn0035543	CG15020
FBpp0088666	FBgn0016038	Vsp37A
FBpp0307122	FBgn0016038	Vsp37A
FBpp0088667	FBgn0016038	Vsp37A
FBpp0088664	FBgn0016038	Vsp37A
FBpp0088665	FBgn0016038	Vsp37A
FBpp0307123	FBgn0016038	Vsp37A
FBpp0072687	FBgn0026372	RpL23A
FBpp0423205	FBgn0026372	RpL23A
FBpp0076044	FBgn0052053	CG32053
FBpp0111298	FBgn0085219	CG34190
FBpp0309688	FBgn0250824	CG33655
FBpp0289858	FBgn0250824	CG33655
FBpp0085637	FBgn0034475	Obp56h
FBpp0292058	FBgn0034475	Obp56h
FBpp0080017	FBgn0032477	Alg7
FBpp0073033	FBgn0035473	mge
FBpp0073032	FBgn0035473	mge
FBpp0305347	FBgn0035473	mge
FBpp0087914	FBgn0003082	phr
FBpp0087915	FBgn0003082	phr
FBpp0083986	FBgn0263398	Uck
FBpp0301105	FBgn0263398	Uck
FBpp0288805	FBgn0263398	Uck
FBpp0301104	FBgn0263398	Uck
FBpp0301103	FBgn0263398	Uck
FBpp0081008	FBgn0261239	Hr39
FBpp0081009	FBgn0261239	Hr39
FBpp0081007	FBgn0261239	Hr39
FBpp0081010	FBgn0261239	Hr39
FBpp0303538	FBgn0264086	CG43755
FBpp0303539	FBgn0264086	CG43755
FBpp0290464	FBgn0260935	Vps15
FBpp0305822	FBgn0260935	Vps15
FBpp0081466	FBgn0260935	Vps15
FBpp0079104	FBgn0031941	ATPsynGL
FBpp0309856	FBgn0031834	CG13766
FBpp0078959	FBgn0031834	CG13766
FBpp0070823	FBgn0029824	CG3726
FBpp0309797	FBgn0029824	CG3726
FBpp0075437	FBgn0036441	CG13476
FBpp0290240	FBgn0052181	CG32181
FBpp0079343	FBgn0032069	LManVI
FBpp0086024	FBgn0034271	Vps50
FBpp0072964	FBgn0053160	CG33160
FBpp0079863	FBgn0026391	Or33b
FBpp0308846	FBgn0032090	CG9582
FBpp0079379	FBgn0032090	CG9582
FBpp0080140	FBgn0028920	CG8997
FBpp0310262	FBgn0028920	CG8997
FBpp0079617	FBgn0027052	STUB1
FBpp0070606	FBgn0000221	brn
FBpp0304906	FBgn0259986	nab
FBpp0291243	FBgn0259986	nab
FBpp0291242	FBgn0259986	nab
FBpp0077235	FBgn0031561	IM33
FBpp0311679	FBgn0031561	IM33
FBpp0304453	FBgn0035793	CG7546
FBpp0293610	FBgn0035793	CG7546
FBpp0288464	FBgn0035793	CG7546
FBpp0288465	FBgn0035793	CG7546
FBpp0076505	FBgn0035793	CG7546
FBpp0304452	FBgn0035793	CG7546
FBpp0304451	FBgn0035793	CG7546
FBpp0076506	FBgn0035793	CG7546
FBpp0091091	FBgn0053845	His3:CG33845
FBpp0305563	FBgn0037031	CG11456
FBpp0290095	FBgn0037031	CG11456
FBpp0077922	FBgn0037031	CG11456
FBpp0085850	FBgn0034335	GstE1
FBpp0080317	FBgn0051780	CG31780
FBpp0086101	FBgn0028382	cyp33
FBpp0110325	FBgn0003129	Poxm
FBpp0075821	FBgn0028667	Vha16-3
FBpp0291555	FBgn0028667	Vha16-3
FBpp0089077	FBgn0067782	att-ORFB
FBpp0310480	FBgn0031970	CG7227
FBpp0294025	FBgn0031970	CG7227
FBpp0079173	FBgn0031970	CG7227
FBpp0078187	FBgn0010830	l(3)04053
FBpp0293936	FBgn0262621	CG43145
FBpp0070385	FBgn0003079	Raf
FBpp0310458	FBgn0003079	Raf
FBpp0089062	FBgn0032456	MRP
FBpp0089072	FBgn0032456	MRP
FBpp0089068	FBgn0032456	MRP
FBpp0089056	FBgn0032456	MRP
FBpp0089058	FBgn0032456	MRP
FBpp0089071	FBgn0032456	MRP
FBpp0089070	FBgn0032456	MRP
FBpp0312572	FBgn0032456	MRP
FBpp0089066	FBgn0032456	MRP
FBpp0089059	FBgn0032456	MRP
FBpp0089060	FBgn0032456	MRP
FBpp0089069	FBgn0032456	MRP
FBpp0089064	FBgn0032456	MRP
FBpp0089065	FBgn0032456	MRP
FBpp0089057	FBgn0032456	MRP
FBpp0089063	FBgn0032456	MRP
FBpp0089067	FBgn0032456	MRP
FBpp0089061	FBgn0032456	MRP
FBpp0079913	FBgn0027081	ThrRS
FBpp0079915	FBgn0027081	ThrRS
FBpp0079914	FBgn0027081	ThrRS
FBpp0312095	FBgn0027081	ThrRS
FBpp0084641	FBgn0039554	CG5003
FBpp0428309	FBgn0265487	mbl
FBpp0297558	FBgn0265487	mbl
FBpp0301759	FBgn0265487	mbl
FBpp0428310	FBgn0265487	mbl
FBpp0301760	FBgn0265487	mbl
FBpp0428308	FBgn0265487	mbl
FBpp0307873	FBgn0265487	mbl
FBpp0086146	FBgn0265487	mbl
FBpp0428312	FBgn0265487	mbl
FBpp0307872	FBgn0265487	mbl
FBpp0428311	FBgn0265487	mbl
FBpp0428503	FBgn0265487	mbl
FBpp0086144	FBgn0265487	mbl
FBpp0297556	FBgn0265487	mbl
FBpp0302029	FBgn0265487	mbl
FBpp0307871	FBgn0265487	mbl
FBpp0297559	FBgn0265487	mbl
FBpp0297561	FBgn0265487	mbl
FBpp0086143	FBgn0265487	mbl
FBpp0099795	FBgn0031454	HemK2
FBpp0084976	FBgn0000094	Anp
FBpp0311969	FBgn0000094	Anp
FBpp0076824	FBgn0040298	Myt1
FBpp0079346	FBgn0032066	LManIII
FBpp0309205	FBgn0032066	LManIII
FBpp0080825	FBgn0284220	Top2
FBpp0304598	FBgn0284220	Top2
FBpp0305205	FBgn0029518	CG13376
FBpp0300527	FBgn0029518	CG13376
FBpp0305204	FBgn0029518	CG13376
FBpp0112283	FBgn0050296	RIC-3
FBpp0309665	FBgn0050296	RIC-3
FBpp0071457	FBgn0050296	RIC-3
FBpp0291113	FBgn0050296	RIC-3
FBpp0291110	FBgn0050296	RIC-3
FBpp0291111	FBgn0050296	RIC-3
FBpp0112281	FBgn0050296	RIC-3
FBpp0291116	FBgn0050296	RIC-3
FBpp0301757	FBgn0050296	RIC-3
FBpp0291115	FBgn0050296	RIC-3
FBpp0291106	FBgn0050296	RIC-3
FBpp0291107	FBgn0050296	RIC-3
FBpp0071456	FBgn0050296	RIC-3
FBpp0291108	FBgn0050296	RIC-3
FBpp0291114	FBgn0050296	RIC-3
FBpp0291109	FBgn0050296	RIC-3
FBpp0291112	FBgn0050296	RIC-3
FBpp0309664	FBgn0050296	RIC-3
FBpp0301758	FBgn0050296	RIC-3
FBpp0079258	FBgn0031987	CG12375
FBpp0070530	FBgn0029645	CG14422
FBpp0301620	FBgn0086757	Golgin97
FBpp0301621	FBgn0086757	Golgin97
FBpp0086786	FBgn0086757	Golgin97
FBpp0081206	FBgn0037431	CG17917
FBpp0081848	FBgn0037873	SdhC
FBpp0307208	FBgn0037873	SdhC
FBpp0082044	FBgn0010041	GstD5
FBpp0075685	FBgn0052105	Lmx1a
FBpp0305971	FBgn0052105	Lmx1a
FBpp0088509	FBgn0036414	nan
FBpp0302810	FBgn0036414	nan
FBpp0099776	FBgn0037555	Ada2b
FBpp0306430	FBgn0037555	Ada2b
FBpp0081303	FBgn0037555	Ada2b
FBpp0078736	FBgn0031719	CG18269
FBpp0293566	FBgn0262582	cic
FBpp0306420	FBgn0262582	cic
FBpp0293564	FBgn0262582	cic
FBpp0293563	FBgn0262582	cic
FBpp0306421	FBgn0262582	cic
FBpp0293565	FBgn0262582	cic
FBpp0072446	FBgn0040291	Roc1b
FBpp0308677	FBgn0064126	CG33722
FBpp0081297	FBgn0064126	CG33722
FBpp0081295	FBgn0064126	CG33722
FBpp0311482	FBgn0064126	CG33722
FBpp0080696	FBgn0032755	CG17344
FBpp0078248	FBgn0037416	Osi9
FBpp0311720	FBgn0033048	CG7881
FBpp0085369	FBgn0033048	CG7881
FBpp0086585	FBgn0013772	Cyp6a8
FBpp0083659	FBgn0038989	CG6937
FBpp0308853	FBgn0029941	CG1677
FBpp0308852	FBgn0029941	CG1677
FBpp0292476	FBgn0029941	CG1677
FBpp0088653	FBgn0029941	CG1677
FBpp0087412	FBgn0033516	CG12898
FBpp0074320	FBgn0083228	Frq2
FBpp0305513	FBgn0083228	Frq2
FBpp0089318	FBgn0083228	Frq2
FBpp0089317	FBgn0083228	Frq2
FBpp0311345	FBgn0010424	TpnC73F
FBpp0088546	FBgn0010424	TpnC73F
FBpp0308363	FBgn0039290	CG13654
FBpp0084180	FBgn0039290	CG13654
FBpp0308364	FBgn0039290	CG13654
FBpp0310518	FBgn0260987	vtd
FBpp0112469	FBgn0260987	vtd
FBpp0086233	FBgn0053458	CG33458
FBpp0298352	FBgn0037921	Zaf1
FBpp0081927	FBgn0037921	Zaf1
FBpp0084145	FBgn0004897	fd96Ca
FBpp0308353	FBgn0004897	fd96Ca
FBpp0423266	FBgn0286877	CG46399
FBpp0071133	FBgn0030017	CG2278
FBpp0303732	FBgn0030017	CG2278
FBpp0309129	FBgn0030017	CG2278
FBpp0075038	FBgn0036691	beg
FBpp0076407	FBgn0027549	Nulp1
FBpp0306074	FBgn0027549	Nulp1
FBpp0306682	FBgn0027549	Nulp1
FBpp0304076	FBgn0038448	CG12783
FBpp0428222	FBgn0038448	CG12783
FBpp0079041	FBgn0263133	mEFG1
FBpp0084540	FBgn0039511	CG3330
FBpp0073310	FBgn0000499	dsh
FBpp0072254	FBgn0284252	Letm1
FBpp0072256	FBgn0284252	Letm1
FBpp0072255	FBgn0284252	Letm1
FBpp0288729	FBgn0035452	CG10359
FBpp0271712	FBgn0035452	CG10359
FBpp0308722	FBgn0000053	Gart
FBpp0079059	FBgn0000053	Gart
FBpp0099760	FBgn0000053	Gart
FBpp0305888	FBgn0013323	Ptth
FBpp0312335	FBgn0013323	Ptth
FBpp0312235	FBgn0013323	Ptth
FBpp0088411	FBgn0030151	CG1354
FBpp0088409	FBgn0030151	CG1354
FBpp0307859	FBgn0030151	CG1354
FBpp0088410	FBgn0030151	CG1354
FBpp0088408	FBgn0030151	CG1354
FBpp0423137	FBgn0030151	CG1354
FBpp0073203	FBgn0035572	CG13711
FBpp0071756	FBgn0034724	babos
FBpp0308622	FBgn0034724	babos
FBpp0084629	FBgn0039568	CG4815
FBpp0079663	FBgn0032208	Ufd4
FBpp0070684	FBgn0029729	CG12682
FBpp0100184	FBgn0013683	mt:ND4L
FBpp0304871	FBgn0040031	CG12061
FBpp0305882	FBgn0040031	CG12061
FBpp0085749	FBgn0053454	CG33454
FBpp0307903	FBgn0031634	Ir25a
FBpp0304756	FBgn0031634	Ir25a
FBpp0288417	FBgn0031634	Ir25a
FBpp0307902	FBgn0031634	Ir25a
FBpp0077106	FBgn0031633	Fnta
FBpp0307904	FBgn0031633	Fnta
FBpp0303937	FBgn0086254	Akr1B
FBpp0303936	FBgn0086254	Akr1B
FBpp0075869	FBgn0086254	Akr1B
FBpp0075870	FBgn0086254	Akr1B
FBpp0082910	FBgn0038532	CG14322
FBpp0303765	FBgn0038532	CG14322
FBpp0310726	FBgn0038532	CG14322
FBpp0303764	FBgn0038532	CG14322
FBpp0301101	FBgn0038163	CG10841
FBpp0082263	FBgn0038163	CG10841
FBpp0290667	FBgn0026787	Nhe1
FBpp0309335	FBgn0034379	CG15073
FBpp0085790	FBgn0034379	CG15073
FBpp0311952	FBgn0030465	CG15743
FBpp0305522	FBgn0030465	CG15743
FBpp0073586	FBgn0030465	CG15743
FBpp0080445	FBgn0086907	Cyt-c-d
FBpp0307140	FBgn0086907	Cyt-c-d
FBpp0288891	FBgn0259167	CG42272
FBpp0288892	FBgn0259167	CG42272
FBpp0111781	FBgn0011742	Arp2
FBpp0302793	FBgn0011742	Arp2
FBpp0074070	FBgn0011742	Arp2
FBpp0083876	FBgn0039091	CG10182
FBpp0081893	FBgn0042205	CG18764
FBpp0087941	FBgn0025360	Optix
FBpp0087942	FBgn0025360	Optix
FBpp0302920	FBgn0025360	Optix
FBpp0077404	FBgn0031461	daw
FBpp0307150	FBgn0031461	daw
FBpp0077405	FBgn0031461	daw
FBpp0071804	FBgn0034783	CG9825
FBpp0083184	FBgn0038706	CG3517
FBpp0084200	FBgn0051104	CG31104
FBpp0311634	FBgn0002789	Mp20
FBpp0086858	FBgn0002789	Mp20
FBpp0074330	FBgn0030915	CG6179
FBpp0078711	FBgn0031703	Acsf2
FBpp0305548	FBgn0036273	INPP5E
FBpp0075739	FBgn0036273	INPP5E
FBpp0111378	FBgn0085298	CG34269
FBpp0298013	FBgn0034325	CG18539
FBpp0309293	FBgn0034325	CG18539
FBpp0083378	FBgn0028396	TotA
FBpp0073149	FBgn0035540	Syx17
FBpp0303212	FBgn0035540	Syx17
FBpp0311725	FBgn0050489	Cyp12d1-p
FBpp0088437	FBgn0050489	Cyp12d1-p
FBpp0302655	FBgn0260234	Xport-B
FBpp0289868	FBgn0260234	Xport-B
FBpp0304751	FBgn0010422	TfIIS
FBpp0080281	FBgn0010422	TfIIS
FBpp0085717	FBgn0013325	RpL11
FBpp0309436	FBgn0013325	RpL11
FBpp0301048	FBgn0263354	CG42784
FBpp0292497	FBgn0263354	CG42784
FBpp0312551	FBgn0263354	CG42784
FBpp0312550	FBgn0263354	CG42784
FBpp0070924	FBgn0029502	Coq7
FBpp0086057	FBgn0050105	CG30105
FBpp0078078	FBgn0043783	CG32444
FBpp0307743	FBgn0015589	Apc
FBpp0084720	FBgn0015589	Apc
FBpp0401491	FBgn0015589	Apc
FBpp0078888	FBgn0031815	frj
FBpp0078889	FBgn0031815	frj
FBpp0110242	FBgn0028931	CG16863
FBpp0080113	FBgn0028931	CG16863
FBpp0309732	FBgn0266346	CngB
FBpp0071592	FBgn0266346	CngB
FBpp0070154	FBgn0026879	CG13364
FBpp0293171	FBgn0262353	CG43051
FBpp0079099	FBgn0040299	Myo28B1
FBpp0079100	FBgn0040299	Myo28B1
FBpp0079098	FBgn0040299	Myo28B1
FBpp0079097	FBgn0040299	Myo28B1
FBpp0087033	FBgn0033730	Cpr49Ag
FBpp0297271	FBgn0030320	CG2247
FBpp0297272	FBgn0030320	CG2247
FBpp0297270	FBgn0030320	CG2247
FBpp0073381	FBgn0030320	CG2247
FBpp0072560	FBgn0035203	Acat2
FBpp0086199	FBgn0034168	CG15614
FBpp0310064	FBgn0040099	lectin-28C
FBpp0300410	FBgn0040099	lectin-28C
FBpp0075380	FBgn0002778	mnd
FBpp0075379	FBgn0002778	mnd
FBpp0113021	FBgn0002778	mnd
FBpp0077644	FBgn0031317	Charon
FBpp0289406	FBgn0039378	alpha4GT2
FBpp0308367	FBgn0039294	Cad96Cb
FBpp0291505	FBgn0039294	Cad96Cb
FBpp0290312	FBgn0039294	Cad96Cb
FBpp0083150	FBgn0025680	cry
FBpp0088528	FBgn0034276	Sardh
FBpp0428277	FBgn0053463	CG33463
FBpp0077992	FBgn0259785	pzg
FBpp0304178	FBgn0259785	pzg
FBpp0303776	FBgn0039773	CG2224
FBpp0085053	FBgn0039773	CG2224
FBpp0289365	FBgn0053239	Ste:CG33239
FBpp0083582	FBgn0038926	CG13409
FBpp0072308	FBgn0010435	emp
FBpp0310112	FBgn0010435	emp
FBpp0072307	FBgn0010435	emp
FBpp0072309	FBgn0010435	emp
FBpp0310113	FBgn0010435	emp
FBpp0428079	FBgn0030522	amrt
FBpp0083526	FBgn0051198	CG31198
FBpp0289615	FBgn0052712	CG32712
FBpp0080011	FBgn0032465	Yip1d1
FBpp0070804	FBgn0013987	MAPk-Ak2
FBpp0070802	FBgn0013987	MAPk-Ak2
FBpp0292066	FBgn0013987	MAPk-Ak2
FBpp0300801	FBgn0013987	MAPk-Ak2
FBpp0073691	FBgn0040871	CG12479
FBpp0075212	FBgn0036579	Tmx3
FBpp0073233	FBgn0040850	CG15210
FBpp0312213	FBgn0045063	fdl
FBpp0308699	FBgn0045063	fdl
FBpp0087057	FBgn0045063	fdl
FBpp0087058	FBgn0045063	fdl
FBpp0423147	FBgn0045063	fdl
FBpp0071008	FBgn0029944	Dok
FBpp0422992	FBgn0039656	CG11951
FBpp0304327	FBgn0264344	CG43800
FBpp0304326	FBgn0264344	CG43800
FBpp0292825	FBgn0261990	CG42808
FBpp0073527	FBgn0030432	CG4404
FBpp0091092	FBgn0053846	His1:CG33846
FBpp0291638	FBgn0033828	CG17048
FBpp0086838	FBgn0033828	CG17048
FBpp0312602	FBgn0004395	unk
FBpp0294022	FBgn0004395	unk
FBpp0307981	FBgn0004395	unk
FBpp0083795	FBgn0004395	unk
FBpp0294023	FBgn0004395	unk
FBpp0083794	FBgn0004395	unk
FBpp0294024	FBgn0004395	unk
FBpp0080994	FBgn0032916	CG9257
FBpp0071885	FBgn0034824	Klp59C
FBpp0078110	FBgn0037123	CG14569
FBpp0082814	FBgn0038465	Irc
FBpp0307989	FBgn0038465	Irc
FBpp0083714	FBgn0051139	CG31139
FBpp0308605	FBgn0051139	CG31139
FBpp0301127	FBgn0263392	Tet
FBpp0301128	FBgn0263392	Tet
FBpp0301125	FBgn0263392	Tet
FBpp0306012	FBgn0263392	Tet
FBpp0301126	FBgn0263392	Tet
FBpp0306013	FBgn0263392	Tet
FBpp0087367	FBgn0033529	Pef
FBpp0083648	FBgn0038973	Pebp1
FBpp0085991	FBgn0034291	CG5770
FBpp0290822	FBgn0260874	Ir76a
FBpp0290819	FBgn0260874	Ir76a
FBpp0290818	FBgn0260874	Ir76a
FBpp0290821	FBgn0260874	Ir76a
FBpp0310072	FBgn0032049	Bace
FBpp0079309	FBgn0032049	Bace
FBpp0070857	FBgn0005390	fs(1)M3
FBpp0070446	FBgn0040385	CG12496
FBpp0083770	FBgn0039069	CG6763
FBpp0306564	FBgn0039069	CG6763
FBpp0085659	FBgn0034454	CG15120
FBpp0311346	FBgn0039782	CG15539
FBpp0110158	FBgn0039782	CG15539
FBpp0085017	FBgn0039782	CG15539
FBpp0304850	FBgn0031760	Tsp26A
FBpp0111937	FBgn0031760	Tsp26A
FBpp0298301	FBgn0031760	Tsp26A
FBpp0078922	FBgn0031836	CG11050
FBpp0078921	FBgn0031836	CG11050
FBpp0078923	FBgn0031836	CG11050
FBpp0086735	FBgn0033887	St4
FBpp0311710	FBgn0033887	St4
FBpp0428202	FBgn0033685	OSCP1
FBpp0088105	FBgn0033135	Tsp42En
FBpp0302968	FBgn0033135	Tsp42En
FBpp0080663	FBgn0053120	CG33120
FBpp0076102	FBgn0044050	Ilp3
FBpp0310237	FBgn0259896	NimC1
FBpp0080188	FBgn0259896	NimC1
FBpp0301776	FBgn0259896	NimC1
FBpp0083855	FBgn0039113	udt
FBpp0083856	FBgn0039113	udt
FBpp0292848	FBgn0038068	CG11600
FBpp0082369	FBgn0038207	CG14356
FBpp0074887	FBgn0036774	mRpS26
FBpp0078163	FBgn0037156	CG11523
FBpp0081563	FBgn0052939	CG32939
FBpp0083754	FBgn0039043	CG17121
FBpp0306180	FBgn0036410	CG8100
FBpp0312579	FBgn0036410	CG8100
FBpp0075521	FBgn0036410	CG8100
FBpp0308324	FBgn0039757	RpS7
FBpp0088439	FBgn0039757	RpS7
FBpp0088440	FBgn0039757	RpS7
FBpp0088970	FBgn0039757	RpS7
FBpp0082463	FBgn0038279	Sdr
FBpp0311935	FBgn0038279	Sdr
FBpp0084731	FBgn0039629	CG11842
FBpp0293416	FBgn0262536	CG43090
FBpp0075760	FBgn0036205	CG14131
FBpp0304438	FBgn0036205	CG14131
FBpp0077295	FBgn0031514	OtopLb
FBpp0077296	FBgn0031514	OtopLb
FBpp0311124	FBgn0031514	OtopLb
FBpp0309470	FBgn0031514	OtopLb
FBpp0310101	FBgn0050421	Usp15-31
FBpp0310102	FBgn0050421	Usp15-31
FBpp0072276	FBgn0050421	Usp15-31
FBpp0309532	FBgn0010408	RpS9
FBpp0076153	FBgn0010408	RpS9
FBpp0076152	FBgn0010408	RpS9
FBpp0076154	FBgn0010408	RpS9
FBpp0072506	FBgn0035153	ebd1
FBpp0082359	FBgn0027563	CG9631
FBpp0079308	FBgn0032048	Dh31
FBpp0079307	FBgn0032048	Dh31
FBpp0084289	FBgn0011669	Mst57Db
FBpp0087640	FBgn0040775	CG12158
FBpp0083515	FBgn0289108	Archease
FBpp0082856	FBgn0038487	TwdlW
FBpp0292838	FBgn0262005	CG42823
FBpp0073898	FBgn0030674	HUWE1
FBpp0309265	FBgn0030674	HUWE1
FBpp0308746	FBgn0030674	HUWE1
FBpp0308745	FBgn0030674	HUWE1
FBpp0308743	FBgn0030674	HUWE1
FBpp0308747	FBgn0030674	HUWE1
FBpp0308744	FBgn0030674	HUWE1
FBpp0073349	FBgn0030301	HP5
FBpp0073348	FBgn0030301	HP5
FBpp0304865	FBgn0030301	HP5
FBpp0073607	FBgn0030481	CG1662
FBpp0309558	FBgn0030481	CG1662
FBpp0300961	FBgn0261068	LSm7
FBpp0310328	FBgn0261068	LSm7
FBpp0080488	FBgn0261068	LSm7
FBpp0112453	FBgn0039943	CG17168
FBpp0402886	FBgn0284235	CG46319
FBpp0402888	FBgn0284235	CG46319
FBpp0402887	FBgn0284235	CG46319
FBpp0078781	FBgn0031753	CG13999
FBpp0073927	FBgn0030704	CG15916
FBpp0293428	FBgn0262566	CG43106
FBpp0087837	FBgn0002571	Mal-A3
FBpp0087258	FBgn0011555	thetaTry
FBpp0073179	FBgn0014073	Tie
FBpp0071650	FBgn0025573	PpN58A
FBpp0292873	FBgn0041092	tai
FBpp0305597	FBgn0041092	tai
FBpp0292875	FBgn0041092	tai
FBpp0292876	FBgn0041092	tai
FBpp0292874	FBgn0041092	tai
FBpp0293513	FBgn0041092	tai
FBpp0291785	FBgn0261545	CG42663
FBpp0302713	FBgn0261545	CG42663
FBpp0291784	FBgn0261545	CG42663
FBpp0086426	FBgn0034050	bug
FBpp0076727	FBgn0035688	fmt
FBpp0304174	FBgn0035688	fmt
FBpp0304175	FBgn0035688	fmt
FBpp0304176	FBgn0035688	fmt
FBpp0079703	FBgn0027550	CG6495
FBpp0428411	FBgn0003975	vg
FBpp0086898	FBgn0003975	vg
FBpp0081142	FBgn0026563	CG1979
FBpp0082962	FBgn0000477	DNaseII
FBpp0423323	FBgn0286939	CG46433
FBpp0423321	FBgn0286939	CG46433
FBpp0423322	FBgn0286939	CG46433
FBpp0083799	FBgn0039055	Rassf
FBpp0312087	FBgn0040996	CG12617
FBpp0080883	FBgn0040996	CG12617
FBpp0308339	FBgn0040996	CG12617
FBpp0293721	FBgn0000028	acj6
FBpp0293726	FBgn0000028	acj6
FBpp0293719	FBgn0000028	acj6
FBpp0288503	FBgn0000028	acj6
FBpp0293720	FBgn0000028	acj6
FBpp0293725	FBgn0000028	acj6
FBpp0293722	FBgn0000028	acj6
FBpp0099732	FBgn0000028	acj6
FBpp0073832	FBgn0000028	acj6
FBpp0293724	FBgn0000028	acj6
FBpp0099734	FBgn0000028	acj6
FBpp0293723	FBgn0000028	acj6
FBpp0288502	FBgn0000028	acj6
FBpp0082008	FBgn0017581	Lk6
FBpp0082009	FBgn0017581	Lk6
FBpp0293357	FBgn0262479	CG43069
FBpp0305271	FBgn0001253	ImpE1
FBpp0076334	FBgn0001253	ImpE1
FBpp0076333	FBgn0001253	ImpE1
FBpp0390654	FBgn0266175	pre-mod(mdg4)-P
FBpp0310316	FBgn0266175	pre-mod(mdg4)-P
FBpp0082904	FBgn0038525	CG14329
FBpp0304385	FBgn0036336	Icmt
FBpp0075610	FBgn0036336	Icmt
FBpp0271853	FBgn0267376	SelR
FBpp0271855	FBgn0267376	SelR
FBpp0081772	FBgn0267376	SelR
FBpp0271854	FBgn0267376	SelR
FBpp0081771	FBgn0267376	SelR
FBpp0081769	FBgn0267376	SelR
FBpp0297596	FBgn0267376	SelR
FBpp0081768	FBgn0267376	SelR
FBpp0077279	FBgn0051952	CG31952
FBpp0309919	FBgn0051952	CG31952
FBpp0073619	FBgn0030483	CG12725
FBpp0073905	FBgn0030684	CG8260
FBpp0073904	FBgn0030684	CG8260
FBpp0074385	FBgn0030945	Ing3
FBpp0307144	FBgn0011202	dia
FBpp0297103	FBgn0011202	dia
FBpp0297102	FBgn0011202	dia
FBpp0080941	FBgn0011202	dia
FBpp0080940	FBgn0011202	dia
FBpp0073969	FBgn0052581	sordd2
FBpp0112351	FBgn0052581	sordd2
FBpp0300509	FBgn0031395	CG10874
FBpp0077521	FBgn0031395	CG10874
FBpp0077520	FBgn0031395	CG10874
FBpp0303514	FBgn0031395	CG10874
FBpp0082105	FBgn0051354	Hsp70Bbb
FBpp0288977	FBgn0259210	prom
FBpp0310090	FBgn0259210	prom
FBpp0288976	FBgn0259210	prom
FBpp0288978	FBgn0259210	prom
FBpp0311900	FBgn0267044	CG45488
FBpp0289579	FBgn0031058	CG14227
FBpp0309940	FBgn0025335	Cpes
FBpp0309941	FBgn0025335	Cpes
FBpp0309942	FBgn0025335	Cpes
FBpp0072136	FBgn0025335	Cpes
FBpp0081355	FBgn0037561	CG9630
FBpp0076457	FBgn0029113	Uba2
FBpp0080747	FBgn0032782	Rab9
FBpp0312348	FBgn0267412	CG45765
FBpp0294007	FBgn0284244	l(2)k05911
FBpp0075050	FBgn0011293	a10
FBpp0312054	FBgn0030187	CG2961
FBpp0312053	FBgn0030187	CG2961
FBpp0071413	FBgn0030187	CG2961
FBpp0307486	FBgn0037379	CG10979
FBpp0078280	FBgn0037379	CG10979
FBpp0308728	FBgn0031988	CG8668
FBpp0079198	FBgn0031988	CG8668
FBpp0086769	FBgn0033879	Echs1
FBpp0086770	FBgn0033879	Echs1
FBpp0091001	FBgn0053679	CG33679
FBpp0293436	FBgn0262570	CG43110
FBpp0311711	FBgn0262570	CG43110
FBpp0311892	FBgn0031000	Muc18B
FBpp0074444	FBgn0031000	Muc18B
FBpp0084975	FBgn0000032	Acph-1
FBpp0084974	FBgn0000032	Acph-1
FBpp0087509	FBgn0033486	dmpd
FBpp0293465	FBgn0033486	dmpd
FBpp0073450	FBgn0030332	CG9360
FBpp0071811	FBgn0034789	PIP5K59B
FBpp0308809	FBgn0034789	PIP5K59B
FBpp0293460	FBgn0034789	PIP5K59B
FBpp0428316	FBgn0034789	PIP5K59B
FBpp0288534	FBgn0034789	PIP5K59B
FBpp0293462	FBgn0034789	PIP5K59B
FBpp0088271	FBgn0039928	Cals
FBpp0311392	FBgn0039928	Cals
FBpp0305853	FBgn0039928	Cals
FBpp0088272	FBgn0039928	Cals
FBpp0085667	FBgn0034463	CG15125
FBpp0309473	FBgn0034463	CG15125
FBpp0076459	FBgn0035839	CG7550
FBpp0311602	FBgn0085261	CG34232
FBpp0111340	FBgn0085261	CG34232
FBpp0111341	FBgn0085261	CG34232
FBpp0087828	FBgn0050359	Mal-A5
FBpp0290175	FBgn0050359	Mal-A5
FBpp0308388	FBgn0050359	Mal-A5
FBpp0309145	FBgn0025800	Smox
FBpp0071140	FBgn0025800	Smox
FBpp0302543	FBgn0263748	CG43673
FBpp0070044	FBgn0053217	CG33217
FBpp0309886	FBgn0034839	CG13540
FBpp0304650	FBgn0086691	UK114
FBpp0080305	FBgn0086691	UK114
FBpp0086737	FBgn0033886	Rpn13
FBpp0086736	FBgn0033886	Rpn13
FBpp0112986	FBgn0033886	Rpn13
FBpp0112985	FBgn0033886	Rpn13
FBpp0308980	FBgn0033886	Rpn13
FBpp0112987	FBgn0033886	Rpn13
FBpp0271819	FBgn0050268	CG30268
FBpp0081632	FBgn0037763	CG16904
FBpp0312382	FBgn0035420	hob
FBpp0291508	FBgn0035420	hob
FBpp0309157	FBgn0261671	tweek
FBpp0293466	FBgn0261671	tweek
FBpp0309158	FBgn0261671	tweek
FBpp0293468	FBgn0261671	tweek
FBpp0293469	FBgn0261671	tweek
FBpp0293467	FBgn0261671	tweek
FBpp0076315	FBgn0052023	CG32023
FBpp0087902	FBgn0040778	CG17977
FBpp0083126	FBgn0027785	NP15.6
FBpp0297781	FBgn0263037	CG43332
FBpp0072194	FBgn0023081	gek
FBpp0075138	FBgn0285951	mRpS34
FBpp0401591	FBgn0085337	CG34308
FBpp0310406	FBgn0032921	Mpp6
FBpp0080998	FBgn0032921	Mpp6
FBpp0081910	FBgn0002906	Blm
FBpp0078379	FBgn0037360	CG2182
FBpp0071478	FBgn0050291	CG30291
FBpp0085802	FBgn0004240	DptA
FBpp0304998	FBgn0264478	CG43886
FBpp0081381	FBgn0051453	pch2
FBpp0308430	FBgn0051453	pch2
FBpp0085368	FBgn0263855	BubR1
FBpp0312502	FBgn0267690	CG46026
FBpp0072684	FBgn0035258	CG13931
FBpp0306206	FBgn0035258	CG13931
FBpp0075118	FBgn0004465	Su(P)
FBpp0074020	FBgn0030734	ERp44
FBpp0074022	FBgn0030734	ERp44
FBpp0074023	FBgn0030734	ERp44
FBpp0074021	FBgn0030734	ERp44
FBpp0085628	FBgn0034490	CG9864
FBpp0307618	FBgn0034490	CG9864
FBpp0307013	FBgn0039712	CG15514
FBpp0084889	FBgn0039712	CG15514
FBpp0308263	FBgn0085245	CG34216
FBpp0078548	FBgn0040687	CG14645
FBpp0308389	FBgn0025469	slv
FBpp0087900	FBgn0025469	slv
FBpp0302050	FBgn0025469	slv
FBpp0307005	FBgn0040005	CG17883
FBpp0307006	FBgn0040005	CG17883
FBpp0110592	FBgn0040005	CG17883
FBpp0110549	FBgn0040005	CG17883
FBpp0303267	FBgn0028371	jbug
FBpp0291327	FBgn0028371	jbug
FBpp0290590	FBgn0028371	jbug
FBpp0290588	FBgn0028371	jbug
FBpp0290591	FBgn0028371	jbug
FBpp0291326	FBgn0028371	jbug
FBpp0071830	FBgn0028371	jbug
FBpp0303266	FBgn0028371	jbug
FBpp0291569	FBgn0028371	jbug
FBpp0290589	FBgn0028371	jbug
FBpp0304659	FBgn0259162	RunxB
FBpp0290993	FBgn0058263	MFS17
FBpp0290995	FBgn0058263	MFS17
FBpp0306955	FBgn0058263	MFS17
FBpp0290994	FBgn0058263	MFS17
FBpp0306954	FBgn0058263	MFS17
FBpp0291612	FBgn0085191	CG34162
FBpp0070782	FBgn0029812	Prosbeta2R1
FBpp0300430	FBgn0039897	CG1674
FBpp0290021	FBgn0039897	CG1674
FBpp0300429	FBgn0039897	CG1674
FBpp0305827	FBgn0039897	CG1674
FBpp0290024	FBgn0039897	CG1674
FBpp0290020	FBgn0039897	CG1674
FBpp0088188	FBgn0039897	CG1674
FBpp0290022	FBgn0039897	CG1674
FBpp0290023	FBgn0039897	CG1674
FBpp0088185	FBgn0039897	CG1674
FBpp0074802	FBgn0036844	Mkp3
FBpp0303122	FBgn0036844	Mkp3
FBpp0305422	FBgn0036844	Mkp3
FBpp0074803	FBgn0036844	Mkp3
FBpp0293586	FBgn0039431	plum
FBpp0291419	FBgn0039431	plum
FBpp0310537	FBgn0039431	plum
FBpp0291420	FBgn0039431	plum
FBpp0289127	FBgn0261090	Sytbeta
FBpp0289126	FBgn0261090	Sytbeta
FBpp0081905	FBgn0037941	CG12594
FBpp0307197	FBgn0037941	CG12594
FBpp0074664	FBgn0036919	Grasp65
FBpp0288874	FBgn0259151	CG42266
FBpp0310349	FBgn0024920	Ts
FBpp0077363	FBgn0024920	Ts
FBpp0305366	FBgn0259682	Jabba
FBpp0303041	FBgn0259682	Jabba
FBpp0293014	FBgn0259682	Jabba
FBpp0289221	FBgn0259682	Jabba
FBpp0289220	FBgn0259682	Jabba
FBpp0293015	FBgn0259682	Jabba
FBpp0289219	FBgn0259682	Jabba
FBpp0289222	FBgn0259682	Jabba
FBpp0083723	FBgn0039010	CG4907
FBpp0302913	FBgn0034204	CG10953
FBpp0086149	FBgn0034204	CG10953
FBpp0070868	FBgn0029866	CG3842
FBpp0070869	FBgn0029866	CG3842
FBpp0303811	FBgn0029866	CG3842
FBpp0303812	FBgn0029866	CG3842
FBpp0085609	FBgn0034503	MED8
FBpp0072707	FBgn0035235	CG7879
FBpp0072706	FBgn0035235	CG7879
FBpp0310842	FBgn0022787	Hel89B
FBpp0290929	FBgn0022787	Hel89B
FBpp0306989	FBgn0264908	pHCl-1
FBpp0306993	FBgn0264908	pHCl-1
FBpp0306988	FBgn0264908	pHCl-1
FBpp0306985	FBgn0264908	pHCl-1
FBpp0306994	FBgn0264908	pHCl-1
FBpp0306996	FBgn0264908	pHCl-1
FBpp0306983	FBgn0264908	pHCl-1
FBpp0306991	FBgn0264908	pHCl-1
FBpp0306992	FBgn0264908	pHCl-1
FBpp0306986	FBgn0264908	pHCl-1
FBpp0423161	FBgn0264908	pHCl-1
FBpp0306987	FBgn0264908	pHCl-1
FBpp0423159	FBgn0264908	pHCl-1
FBpp0306995	FBgn0264908	pHCl-1
FBpp0423160	FBgn0264908	pHCl-1
FBpp0306984	FBgn0264908	pHCl-1
FBpp0306990	FBgn0264908	pHCl-1
FBpp0078557	FBgn0037240	Cont
FBpp0080670	FBgn0025608	Faf2
FBpp0309814	FBgn0025608	Faf2
FBpp0290401	FBgn0034267	CG4984
FBpp0290400	FBgn0034267	CG4984
FBpp0086022	FBgn0034267	CG4984
FBpp0289095	FBgn0034267	CG4984
FBpp0071745	FBgn0034735	CG4610
FBpp0072323	FBgn0060296	pain
FBpp0305947	FBgn0060296	pain
FBpp0305948	FBgn0060296	pain
FBpp0087251	FBgn0001276	ix
FBpp0077673	FBgn0051658	Nnf1b
FBpp0078789	FBgn0031745	rau
FBpp0309555	FBgn0031745	rau
FBpp0111396	FBgn0085316	CG34287
FBpp0091042	FBgn0053783	CG33783
FBpp0071051	FBgn0004403	RpS14a
FBpp0071050	FBgn0004403	RpS14a
FBpp0289542	FBgn0259969	Sfp65A
FBpp0091028	FBgn0053766	CG33766
FBpp0076623	FBgn0250836	Acbp3
FBpp0290436	FBgn0250836	Acbp3
FBpp0072116	FBgn0034940	CG16787
FBpp0309926	FBgn0284247	ds
FBpp0077708	FBgn0284247	ds
FBpp0084779	FBgn0041588	eIF2D
FBpp0110147	FBgn0052699	LPCAT
FBpp0083086	FBgn0270928	VAChT
FBpp0306897	FBgn0039659	CG14506
FBpp0306898	FBgn0039659	CG14506
FBpp0308988	FBgn0261269	conv
FBpp0086669	FBgn0261269	conv
FBpp0428410	FBgn0287831	speck
FBpp0089101	FBgn0287831	speck
FBpp0072163	FBgn0287831	speck
FBpp0076251	FBgn0035960	CG4942
FBpp0083503	FBgn0285937	Rab1
FBpp0083706	FBgn0039027	CG7031
FBpp0308282	FBgn0039027	CG7031
FBpp0311449	FBgn0039027	CG7031
FBpp0083857	FBgn0039112	SdhD
FBpp0081107	FBgn0004175	Mst84Dd
FBpp0087569	FBgn0033450	Lsm11
FBpp0086632	FBgn0053468	CG33468
FBpp0076874	FBgn0035598	CG4669
FBpp0078469	FBgn0040208	Kat60
FBpp0306930	FBgn0040208	Kat60
FBpp0080025	FBgn0032488	CG16812
FBpp0072732	FBgn0027547	CG1927
FBpp0305624	FBgn0027547	CG1927
FBpp0080638	FBgn0086707	ncm
FBpp0075218	FBgn0040798	CG13069
FBpp0071874	FBgn0045483	Gr59a
FBpp0087182	FBgn0040491	Buffy
FBpp0113091	FBgn0001179	hay
FBpp0075982	FBgn0001179	hay
FBpp0080247	FBgn0028886	CG15279
FBpp0290069	FBgn0028886	CG15279
FBpp0080248	FBgn0028886	CG15279
FBpp0311212	FBgn0035145	MED14
FBpp0072453	FBgn0035145	MED14
FBpp0075567	FBgn0036366	JMJD7
FBpp0310178	FBgn0027279	l(1)G0196
FBpp0310179	FBgn0027279	l(1)G0196
FBpp0288798	FBgn0027279	l(1)G0196
FBpp0288800	FBgn0027279	l(1)G0196
FBpp0310176	FBgn0027279	l(1)G0196
FBpp0288799	FBgn0027279	l(1)G0196
FBpp0310180	FBgn0027279	l(1)G0196
FBpp0310177	FBgn0027279	l(1)G0196
FBpp0288797	FBgn0027279	l(1)G0196
FBpp0288801	FBgn0027279	l(1)G0196
FBpp0077800	FBgn0031238	Dus1
FBpp0307923	FBgn0031238	Dus1
FBpp0077799	FBgn0031238	Dus1
FBpp0301888	FBgn0038934	Gld2
FBpp0293575	FBgn0038934	Gld2
FBpp0289899	FBgn0032681	CG10283
FBpp0080635	FBgn0032681	CG10283
FBpp0289900	FBgn0032681	CG10283
FBpp0080636	FBgn0032681	CG10283
FBpp0083400	FBgn0046689	Takl1
FBpp0091039	FBgn0261290	CheA84a
FBpp0309190	FBgn0265576	CG44403
FBpp0297940	FBgn0263081	CG43349
FBpp0307365	FBgn0263081	CG43349
FBpp0081680	FBgn0037782	Npc2d
FBpp0307249	FBgn0266580	Gp210
FBpp0085380	FBgn0266580	Gp210
FBpp0308595	FBgn0032184	CG13135
FBpp0079556	FBgn0032184	CG13135
FBpp0306841	FBgn0020545	kraken
FBpp0077681	FBgn0020545	kraken
FBpp0289809	FBgn0260027	CG42495
FBpp0304997	FBgn0036882	Dred
FBpp0074744	FBgn0036882	Dred
FBpp0080864	FBgn0004374	neb
FBpp0073658	FBgn0030528	CG11095
FBpp0089216	FBgn0011828	Pxn
FBpp0089205	FBgn0011828	Pxn
FBpp0072827	FBgn0011828	Pxn
FBpp0072828	FBgn0011828	Pxn
FBpp0089215	FBgn0011828	Pxn
FBpp0300566	FBgn0031232	CG11617
FBpp0077805	FBgn0031232	CG11617
FBpp0298376	FBgn0037060	CG10508
FBpp0304238	FBgn0037060	CG10508
FBpp0298375	FBgn0037060	CG10508
FBpp0298374	FBgn0037060	CG10508
FBpp0091110	FBgn0053864	His1:CG33864
FBpp0077934	FBgn0037022	CG11396
FBpp0086290	FBgn0010611	Hmgs
FBpp0086293	FBgn0010611	Hmgs
FBpp0086292	FBgn0010611	Hmgs
FBpp0086289	FBgn0010611	Hmgs
FBpp0309065	FBgn0010611	Hmgs
FBpp0086291	FBgn0010611	Hmgs
FBpp0086525	FBgn0034007	ND-51L2
FBpp0086526	FBgn0034007	ND-51L2
FBpp0288726	FBgn0033490	CG12917
FBpp0303888	FBgn0264295	CG43773
FBpp0080649	FBgn0032705	Grip71
FBpp0423084	FBgn0023197	Jon74E
FBpp0074587	FBgn0036936	CG14185
FBpp0310356	FBgn0266195	Tgs1
FBpp0072145	FBgn0034913	Snap29
FBpp0075377	FBgn0036460	CG5114
FBpp0301081	FBgn0036460	CG5114
FBpp0289267	FBgn0259725	CG42379
FBpp0289268	FBgn0259725	CG42379
FBpp0071642	FBgn0034674	CG9304
FBpp0311638	FBgn0034674	CG9304
FBpp0078508	FBgn0010750	atms
FBpp0306920	FBgn0010750	atms
FBpp0311396	FBgn0026869	Tdg
FBpp0305856	FBgn0026869	Tdg
FBpp0088175	FBgn0026869	Tdg
FBpp0071672	FBgn0034694	Plekhm1
FBpp0075324	FBgn0004589	Eig71Eb
FBpp0292512	FBgn0004589	Eig71Eb
FBpp0079813	FBgn0032346	Csl4
FBpp0082313	FBgn0038168	omd
FBpp0306598	FBgn0038168	omd
FBpp0306597	FBgn0038168	omd
FBpp0293231	FBgn0261262	CG42613
FBpp0293228	FBgn0261262	CG42613
FBpp0293230	FBgn0261262	CG42613
FBpp0428444	FBgn0261262	CG42613
FBpp0293229	FBgn0261262	CG42613
FBpp0079304	FBgn0032053	mRpL51
FBpp0312598	FBgn0039008	CG6972
FBpp0083698	FBgn0039008	CG6972
FBpp0071674	FBgn0050281	CG30281
FBpp0309565	FBgn0032518	RpL24
FBpp0080102	FBgn0032518	RpL24
FBpp0311573	FBgn0032518	RpL24
FBpp0288390	FBgn0031887	Ugt307A1
FBpp0304594	FBgn0000330	cm
FBpp0070992	FBgn0000330	cm
FBpp0070689	FBgn0029733	CG6927
FBpp0081561	FBgn0028997	nmdyn-D7
FBpp0070616	FBgn0266570	NO66
FBpp0309175	FBgn0266570	NO66
FBpp0081323	FBgn0037572	CG11698
FBpp0310298	FBgn0028644	beat-Ic
FBpp0080359	FBgn0028644	beat-Ic
FBpp0310299	FBgn0028644	beat-Ic
FBpp0298340	FBgn0051323	CG31323
FBpp0084361	FBgn0051323	CG31323
FBpp0304208	FBgn0035934	TrpA1
FBpp0304210	FBgn0035934	TrpA1
FBpp0304209	FBgn0035934	TrpA1
FBpp0304211	FBgn0035934	TrpA1
FBpp0304207	FBgn0035934	TrpA1
FBpp0304325	FBgn0264343	CG43799
FBpp0086767	FBgn0086356	tum
FBpp0311133	FBgn0262623	CG43147
FBpp0293940	FBgn0262623	CG43147
FBpp0298318	FBgn0263111	cac
FBpp0298319	FBgn0263111	cac
FBpp0298325	FBgn0263111	cac
FBpp0298322	FBgn0263111	cac
FBpp0298324	FBgn0263111	cac
FBpp0298316	FBgn0263111	cac
FBpp0298320	FBgn0263111	cac
FBpp0298323	FBgn0263111	cac
FBpp0298315	FBgn0263111	cac
FBpp0423193	FBgn0263111	cac
FBpp0423192	FBgn0263111	cac
FBpp0300833	FBgn0263111	cac
FBpp0423194	FBgn0263111	cac
FBpp0304665	FBgn0263111	cac
FBpp0298314	FBgn0263111	cac
FBpp0298317	FBgn0263111	cac
FBpp0298321	FBgn0263111	cac
FBpp0298326	FBgn0263111	cac
FBpp0088503	FBgn0002921	Atpalpha
FBpp0088501	FBgn0002921	Atpalpha
FBpp0088502	FBgn0002921	Atpalpha
FBpp0088504	FBgn0002921	Atpalpha
FBpp0305516	FBgn0002921	Atpalpha
FBpp0088981	FBgn0002921	Atpalpha
FBpp0088982	FBgn0002921	Atpalpha
FBpp0088984	FBgn0002921	Atpalpha
FBpp0289428	FBgn0002921	Atpalpha
FBpp0305517	FBgn0002921	Atpalpha
FBpp0088983	FBgn0002921	Atpalpha
FBpp0428163	FBgn0032554	CG15278
FBpp0428164	FBgn0032554	CG15278
FBpp0428162	FBgn0032554	CG15278
FBpp0087634	FBgn0033412	CG13955
FBpp0082508	FBgn0038302	CG4210
FBpp0081746	FBgn0037827	CG4073
FBpp0080721	FBgn0051800	CG31800
FBpp0309551	FBgn0265785	CG44574
FBpp0100043	FBgn0004227	nonA
FBpp0074012	FBgn0004227	nonA
FBpp0074011	FBgn0004227	nonA
FBpp0309274	FBgn0004227	nonA
FBpp0111438	FBgn0085353	CG34324
FBpp0072568	FBgn0010246	Myo61F
FBpp0072567	FBgn0010246	Myo61F
FBpp0072566	FBgn0010246	Myo61F
FBpp0072565	FBgn0010246	Myo61F
FBpp0073597	FBgn0030474	CG15747
FBpp0312198	FBgn0030474	CG15747
FBpp0302986	FBgn0050471	CG30471
FBpp0289244	FBgn0259714	DIP-epsilon
FBpp0309259	FBgn0030457	CG12096
FBpp0309260	FBgn0030457	CG12096
FBpp0073558	FBgn0030457	CG12096
FBpp0078971	FBgn0086451	l(2)k09022
FBpp0085598	FBgn0034505	CG16739
FBpp0075282	FBgn0263599	Brr2
FBpp0310684	FBgn0038247	Cad88C
FBpp0306256	FBgn0264815	Pde1c
FBpp0306253	FBgn0264815	Pde1c
FBpp0306258	FBgn0264815	Pde1c
FBpp0310561	FBgn0264815	Pde1c
FBpp0306254	FBgn0264815	Pde1c
FBpp0306252	FBgn0264815	Pde1c
FBpp0306255	FBgn0264815	Pde1c
FBpp0306257	FBgn0264815	Pde1c
FBpp0306259	FBgn0264815	Pde1c
FBpp0072948	FBgn0035431	CG14968
FBpp0072952	FBgn0035431	CG14968
FBpp0072951	FBgn0035431	CG14968
FBpp0072949	FBgn0035431	CG14968
FBpp0072950	FBgn0035431	CG14968
FBpp0077144	FBgn0031607	Secp43
FBpp0082984	FBgn0038585	Non3
FBpp0087180	FBgn0033644	Tret1-2
FBpp0072694	FBgn0025725	alphaCOP
FBpp0072693	FBgn0025725	alphaCOP
FBpp0075236	FBgn0036584	CG13054
FBpp0309782	FBgn0026415	Idgf4
FBpp0071328	FBgn0026415	Idgf4
FBpp0071329	FBgn0026415	Idgf4
FBpp0072070	FBgn0034957	Rsph4a
FBpp0300829	FBgn0030747	CG4301
FBpp0074048	FBgn0030747	CG4301
FBpp0300828	FBgn0030747	CG4301
FBpp0289400	FBgn0014135	bnl
FBpp0310902	FBgn0014135	bnl
FBpp0083206	FBgn0014135	bnl
FBpp0297728	FBgn0262980	CG43288
FBpp0087294	FBgn0033572	polyph
FBpp0308557	FBgn0033572	polyph
FBpp0085690	FBgn0034451	Tbcb
FBpp0290431	FBgn0038727	CG7432
FBpp0111932	FBgn0031535	CG12795
FBpp0076330	FBgn0011762	Prim1
FBpp0076600	FBgn0012058	Cdc27
FBpp0305561	FBgn0012058	Cdc27
FBpp0081429	FBgn0037620	ranshi
FBpp0079219	FBgn0032016	Mettl14
FBpp0085959	FBgn0034304	CG5742
FBpp0303034	FBgn0034304	CG5742
FBpp0303035	FBgn0034304	CG5742
FBpp0110100	FBgn0034327	CG14505
FBpp0298015	FBgn0034327	CG14505
FBpp0111311	FBgn0085232	CG34203
FBpp0079464	FBgn0032144	CG17633
FBpp0309438	FBgn0004394	pdm2
FBpp0309439	FBgn0004394	pdm2
FBpp0079974	FBgn0004394	pdm2
FBpp0079973	FBgn0004394	pdm2
FBpp0111318	FBgn0085239	CG34210
FBpp0290107	FBgn0039936	Gyf
FBpp0290108	FBgn0039936	Gyf
FBpp0290104	FBgn0039936	Gyf
FBpp0290106	FBgn0039936	Gyf
FBpp0423228	FBgn0286833	CG46387
FBpp0083018	FBgn0038598	CG7131
FBpp0080988	FBgn0032883	Rhau
FBpp0307146	FBgn0032883	Rhau
FBpp0076819	FBgn0035640	mad2
FBpp0312400	FBgn0285958	Fuca
FBpp0100046	FBgn0285958	Fuca
FBpp0308345	FBgn0265257	CG44271
FBpp0305429	FBgn0086265	psd
FBpp0078868	FBgn0086265	psd
FBpp0290896	FBgn0051690	Tmtc1
FBpp0308958	FBgn0265469	CG44362
FBpp0073790	FBgn0052591	CG32591
FBpp0310033	FBgn0052591	CG32591
FBpp0311787	FBgn0033873	CG6337
FBpp0086772	FBgn0033873	CG6337
FBpp0077187	FBgn0021800	Reph
FBpp0077186	FBgn0021800	Reph
FBpp0077012	FBgn0031118	RhoGAP19D
FBpp0293445	FBgn0031118	RhoGAP19D
FBpp0309351	FBgn0031118	RhoGAP19D
FBpp0311266	FBgn0031118	RhoGAP19D
FBpp0290752	FBgn0031118	RhoGAP19D
FBpp0074866	FBgn0052198	CG32198
FBpp0072685	FBgn0035256	CG13930
FBpp0271958	FBgn0053179	beat-IIIb
FBpp0303008	FBgn0053179	beat-IIIb
FBpp0078559	FBgn0037241	CG14646
FBpp0291543	FBgn0037241	CG14646
FBpp0073087	FBgn0035522	CG1273
FBpp0085109	FBgn0051007	CG31007
FBpp0292225	FBgn0013811	Dhc62B
FBpp0297654	FBgn0262966	CG43277
FBpp0087215	FBgn0033602	Cpr47Ee
FBpp0077381	FBgn0031442	Prosbeta4R1
FBpp0428266	FBgn0287594	CG46463
FBpp0084199	FBgn0051300	CG31300
FBpp0073530	FBgn0052649	Coq8
FBpp0076869	FBgn0035589	CHMP2B
FBpp0304733	FBgn0024947	NTPase
FBpp0077366	FBgn0024947	NTPase
FBpp0304732	FBgn0024947	NTPase
FBpp0077367	FBgn0024947	NTPase
FBpp0077364	FBgn0024947	NTPase
FBpp0087118	FBgn0000426	SmF
FBpp0084431	FBgn0262473	Tl
FBpp0303187	FBgn0262473	Tl
FBpp0303188	FBgn0262473	Tl
FBpp0309842	FBgn0030540	CG11581
FBpp0073709	FBgn0030540	CG11581
FBpp0085198	FBgn0022349	CG1910
FBpp0085200	FBgn0022349	CG1910
FBpp0085199	FBgn0022349	CG1910
FBpp0290188	FBgn0032821	CdGAPr
FBpp0290189	FBgn0032821	CdGAPr
FBpp0304488	FBgn0032821	CdGAPr
FBpp0080851	FBgn0032821	CdGAPr
FBpp0289740	FBgn0259170	alpha-Man-Ia
FBpp0289739	FBgn0259170	alpha-Man-Ia
FBpp0289743	FBgn0259170	alpha-Man-Ia
FBpp0288907	FBgn0259170	alpha-Man-Ia
FBpp0289738	FBgn0259170	alpha-Man-Ia
FBpp0304147	FBgn0259170	alpha-Man-Ia
FBpp0289742	FBgn0259170	alpha-Man-Ia
FBpp0289741	FBgn0259170	alpha-Man-Ia
FBpp0288908	FBgn0259170	alpha-Man-Ia
FBpp0309210	FBgn0265578	CG44405
FBpp0112153	FBgn0038404	CG8925
FBpp0082707	FBgn0038404	CG8925
FBpp0303244	FBgn0261046	Dscam3
FBpp0112310	FBgn0261046	Dscam3
FBpp0303245	FBgn0261046	Dscam3
FBpp0112309	FBgn0261046	Dscam3
FBpp0071137	FBgn0030011	Gbeta5
FBpp0083501	FBgn0038877	CG3308
FBpp0076590	FBgn0035768	CG14834
FBpp0309073	FBgn0024315	Picot
FBpp0086261	FBgn0024315	Picot
FBpp0086260	FBgn0024315	Picot
FBpp0309074	FBgn0024315	Picot
FBpp0072737	FBgn0035293	CG5687
FBpp0312161	FBgn0035293	CG5687
FBpp0079423	FBgn0032123	Oatp30B
FBpp0079426	FBgn0032123	Oatp30B
FBpp0079424	FBgn0032123	Oatp30B
FBpp0079425	FBgn0032123	Oatp30B
FBpp0304654	FBgn0029606	CG14052
FBpp0083563	FBgn0003867	tsl
FBpp0083562	FBgn0003867	tsl
FBpp0306427	FBgn0003867	tsl
FBpp0085503	FBgn0029508	Tsp42Ea
FBpp0085505	FBgn0029508	Tsp42Ea
FBpp0085504	FBgn0029508	Tsp42Ea
FBpp0070180	FBgn0040348	CG3703
FBpp0309808	FBgn0028888	CG4168
FBpp0294010	FBgn0028888	CG4168
FBpp0084086	FBgn0013949	Elal
FBpp0084085	FBgn0013949	Elal
FBpp0306638	FBgn0013949	Elal
FBpp0079875	FBgn0014019	Rh5
FBpp0309539	FBgn0014019	Rh5
FBpp0087216	FBgn0041174	Vhl
FBpp0304693	FBgn0041174	Vhl
FBpp0078138	FBgn0037150	CG7133
FBpp0076468	FBgn0041156	exex
FBpp0306702	FBgn0038816	Lrrk
FBpp0306703	FBgn0038816	Lrrk
FBpp0111700	FBgn0038816	Lrrk
FBpp0078590	FBgn0037242	CG9855
FBpp0308635	FBgn0037242	CG9855
FBpp0312576	FBgn0039840	pHCl-2
FBpp0085128	FBgn0039840	pHCl-2
FBpp0082580	FBgn0000283	Cp190
FBpp0082581	FBgn0000283	Cp190
FBpp0088571	FBgn0032699	CG10383
FBpp0309816	FBgn0032699	CG10383
FBpp0079700	FBgn0032291	CG17118
FBpp0311292	FBgn0051036	CG31036
FBpp0084867	FBgn0051036	CG31036
FBpp0309628	FBgn0283469	Vps4
FBpp0074278	FBgn0283469	Vps4
FBpp0300171	FBgn0053673	CG33673
FBpp0084464	FBgn0026562	SPARC
FBpp0306424	FBgn0026562	SPARC
FBpp0308667	FBgn0033692	wash
FBpp0087097	FBgn0033692	wash
FBpp0304610	FBgn0032614	CG13284
FBpp0311768	FBgn0032614	CG13284
FBpp0080480	FBgn0032614	CG13284
FBpp0080481	FBgn0032614	CG13284
FBpp0304611	FBgn0032614	CG13284
FBpp0293413	FBgn0262534	CG43088
FBpp0310566	FBgn0003048	pcx
FBpp0304655	FBgn0003048	pcx
FBpp0309618	FBgn0003048	pcx
FBpp0086962	FBgn0033770	wuc
FBpp0111989	FBgn0033770	wuc
FBpp0289547	FBgn0259975	Sfp87B
FBpp0077924	FBgn0037035	CG10589
FBpp0088052	FBgn0033185	CG1603
FBpp0307862	FBgn0033185	CG1603
FBpp0081527	FBgn0037686	RpL34b
FBpp0308318	FBgn0037686	RpL34b
FBpp0081528	FBgn0037686	RpL34b
FBpp0308319	FBgn0037686	RpL34b
FBpp0080147	FBgn0001961	Arpc1
FBpp0080146	FBgn0001961	Arpc1
FBpp0081255	FBgn0002542	lds
FBpp0082333	FBgn0038196	CG9922
FBpp0306412	FBgn0038196	CG9922
FBpp0289146	FBgn0039977	Spf30
FBpp0306040	FBgn0039977	Spf30
FBpp0289214	FBgn0287828	Pkcdelta
FBpp0309085	FBgn0287828	Pkcdelta
FBpp0289213	FBgn0287828	Pkcdelta
FBpp0111273	FBgn0085196	CG34167
FBpp0080675	FBgn0015553	tos
FBpp0079714	FBgn0032286	CG7300
FBpp0311686	FBgn0032286	CG7300
FBpp0084722	FBgn0024273	WASp
FBpp0084723	FBgn0024273	WASp
FBpp0307744	FBgn0024273	WASp
FBpp0084721	FBgn0024273	WASp
FBpp0084045	FBgn0051125	CG31125
FBpp0086857	FBgn0033817	GstE14
FBpp0079891	FBgn0032399	CG6785
FBpp0309542	FBgn0032399	CG6785
FBpp0309541	FBgn0032399	CG6785
FBpp0312283	FBgn0050271	CG30271
FBpp0312281	FBgn0050271	CG30271
FBpp0308805	FBgn0050271	CG30271
FBpp0312282	FBgn0050271	CG30271
FBpp0079495	FBgn0025700	CG5885
FBpp0401486	FBgn0025700	CG5885
FBpp0087865	FBgn0021995	Rs1
FBpp0311849	FBgn0021995	Rs1
FBpp0083712	FBgn0039022	Nepl13
FBpp0085641	FBgn0034478	CG10822
FBpp0271710	FBgn0039079	Ir94g
FBpp0070155	FBgn0029529	CG13365
FBpp0080287	FBgn0261881	Ankrd49
FBpp0078915	FBgn0031792	CG13983
FBpp0084240	FBgn0027090	GlnRS
FBpp0071225	FBgn0030085	CG6999
FBpp0071487	FBgn0040653	Dso1
FBpp0311805	FBgn0040653	Dso1
FBpp0307971	FBgn0038491	CG5292
FBpp0082851	FBgn0038491	CG5292
FBpp0083837	FBgn0039107	CG10300
FBpp0311603	FBgn0010213	Sod2
FBpp0086226	FBgn0010213	Sod2
FBpp0310712	FBgn0259834	out
FBpp0074451	FBgn0259834	out
FBpp0310292	FBgn0028518	CG18480
FBpp0310291	FBgn0028518	CG18480
FBpp0080314	FBgn0028518	CG18480
FBpp0289863	FBgn0260231	CG42505
FBpp0079859	FBgn0032381	Mal-B1
FBpp0087815	FBgn0033301	CG12780
FBpp0292309	FBgn0283500	Sac1
FBpp0072546	FBgn0283500	Sac1
FBpp0308695	FBgn0031143	CG1532
FBpp0076960	FBgn0031143	CG1532
FBpp0072569	FBgn0011361	ND-ACP
FBpp0072570	FBgn0011361	ND-ACP
FBpp0304248	FBgn0011361	ND-ACP
FBpp0302786	FBgn0033062	Ars2
FBpp0302785	FBgn0033062	Ars2
FBpp0302787	FBgn0033062	Ars2
FBpp0085354	FBgn0033062	Ars2
FBpp0085357	FBgn0033062	Ars2
FBpp0085356	FBgn0033062	Ars2
FBpp0074268	FBgn0030881	CG12985
FBpp0082239	FBgn0023495	Lip3
FBpp0074341	FBgn0052548	CG32548
FBpp0074340	FBgn0052548	CG32548
FBpp0082973	FBgn0022943	Cbp20
FBpp0073250	FBgn0030260	CG1537
FBpp0078689	FBgn0015834	eIF3i
FBpp0083458	FBgn0038879	CG17298
FBpp0100012	FBgn0031619	CG3355
FBpp0077068	FBgn0031619	CG3355
FBpp0289255	FBgn0259722	CG42376
FBpp0289254	FBgn0259722	CG42376
FBpp0082879	FBgn0038506	CG5860
FBpp0085052	FBgn0039777	Jon99Fii
FBpp0081386	FBgn0037611	CG11755
FBpp0307997	FBgn0037611	CG11755
FBpp0301061	FBgn0039386	Sodq
FBpp0084313	FBgn0039386	Sodq
FBpp0111375	FBgn0085295	CG34266
FBpp0079627	FBgn0032260	CG13144
FBpp0302759	FBgn0022361	Pur-alpha
FBpp0089039	FBgn0022361	Pur-alpha
FBpp0302758	FBgn0022361	Pur-alpha
FBpp0089037	FBgn0022361	Pur-alpha
FBpp0089038	FBgn0022361	Pur-alpha
FBpp0302760	FBgn0022361	Pur-alpha
FBpp0089036	FBgn0022361	Pur-alpha
FBpp0070719	FBgn0029755	Sas10
FBpp0078812	FBgn0031763	CG13996
FBpp0085388	FBgn0033041	Or42a
FBpp0297993	FBgn0262730	dtn
FBpp0297994	FBgn0262730	dtn
FBpp0308753	FBgn0262730	dtn
FBpp0308754	FBgn0262730	dtn
FBpp0296963	FBgn0032640	Sgt
FBpp0080535	FBgn0032640	Sgt
FBpp0099759	FBgn0036306	CG10973
FBpp0312159	FBgn0001226	Hsp27
FBpp0076182	FBgn0001226	Hsp27
FBpp0291128	FBgn0003028	ovo
FBpp0070707	FBgn0003028	ovo
FBpp0099822	FBgn0003028	ovo
FBpp0070708	FBgn0003028	ovo
FBpp0070706	FBgn0003028	ovo
FBpp0087112	FBgn0020377	Sr-CII
FBpp0292156	FBgn0020377	Sr-CII
FBpp0305184	FBgn0051687	CG31687
FBpp0291434	FBgn0051687	CG31687
FBpp0307568	FBgn0087013	Karybeta3
FBpp0078500	FBgn0087013	Karybeta3
FBpp0311780	FBgn0029801	CG15771
FBpp0070775	FBgn0029801	CG15771
FBpp0292382	FBgn0029801	CG15771
FBpp0091116	FBgn0053871	His4:CG33871
FBpp0084187	FBgn0039301	Nup37
FBpp0304467	FBgn0039301	Nup37
FBpp0307230	FBgn0021776	mira
FBpp0083256	FBgn0021776	mira
FBpp0083257	FBgn0021776	mira
FBpp0077712	FBgn0053127	CG33127
FBpp0076232	FBgn0035993	Nf-YA
FBpp0076331	FBgn0035877	CG7083
FBpp0076914	FBgn0031178	CG10918
FBpp0085330	FBgn0033060	CG7849
FBpp0073229	FBgn0052232	t-Grip128
FBpp0289274	FBgn0259730	tal-1A
FBpp0083317	FBgn0038806	CG5412
FBpp0307244	FBgn0033020	COX4L
FBpp0085425	FBgn0033020	COX4L
FBpp0083234	FBgn0038760	MED25
FBpp0080802	FBgn0005590	scw
FBpp0310402	FBgn0005590	scw
FBpp0076579	FBgn0035776	CG8564
FBpp0308494	FBgn0035776	CG8564
FBpp0070877	FBgn0014026	RpL7A
FBpp0309987	FBgn0014026	RpL7A
FBpp0070878	FBgn0014026	RpL7A
FBpp0311460	FBgn0014026	RpL7A
FBpp0309986	FBgn0014026	RpL7A
FBpp0113045	FBgn0038715	CG7333
FBpp0305254	FBgn0036423	CG3919
FBpp0271747	FBgn0036423	CG3919
FBpp0080804	FBgn0032812	Hakai
FBpp0303687	FBgn0032812	Hakai
FBpp0080805	FBgn0032812	Hakai
FBpp0303688	FBgn0032812	Hakai
FBpp0111638	FBgn0085454	CG34425
FBpp0306871	FBgn0264895	RapGAP1
FBpp0306873	FBgn0264895	RapGAP1
FBpp0306872	FBgn0264895	RapGAP1
FBpp0306870	FBgn0264895	RapGAP1
FBpp0306874	FBgn0264895	RapGAP1
FBpp0081124	FBgn0037481	MAGE
FBpp0077263	FBgn0260817	gkt
FBpp0312038	FBgn0052642	CG32642
FBpp0294049	FBgn0052642	CG32642
FBpp0082326	FBgn0000576	ems
FBpp0085857	FBgn0063492	GstE8
FBpp0311784	FBgn0063492	GstE8
FBpp0085529	FBgn0022224	ubl
FBpp0084528	FBgn0039505	CG5934
FBpp0292877	FBgn0032136	Apoltp
FBpp0300836	FBgn0015795	Rab7
FBpp0300835	FBgn0015795	Rab7
FBpp0083891	FBgn0015795	Rab7
FBpp0071067	FBgn0029996	UbcE2H
FBpp0071069	FBgn0029996	UbcE2H
FBpp0071068	FBgn0029996	UbcE2H
FBpp0084312	FBgn0039385	CG5913
FBpp0306852	FBgn0051928	CG31928
FBpp0077594	FBgn0051928	CG31928
FBpp0290708	FBgn0037429	Osi19
FBpp0081204	FBgn0037429	Osi19
FBpp0073977	FBgn0030691	Efhc1.1
FBpp0080213	FBgn0028530	mTTF
FBpp0304980	FBgn0035763	mrva
FBpp0076594	FBgn0035763	mrva
FBpp0081139	FBgn0001077	ftz
FBpp0075590	FBgn0036360	CG10713
FBpp0072926	FBgn0035434	Drsl5
FBpp0073211	FBgn0047330	CG32235
FBpp0428218	FBgn0262961	CG43272
FBpp0428219	FBgn0262961	CG43272
FBpp0307470	FBgn0032139	CG13116
FBpp0079459	FBgn0032139	CG13116
FBpp0310348	FBgn0031485	CG9643
FBpp0077359	FBgn0031485	CG9643
FBpp0070955	FBgn0029914	CG4558
FBpp0289414	FBgn0029914	CG4558
FBpp0074992	FBgn0053051	Polr3G
FBpp0304247	FBgn0052333	CG32333
FBpp0099645	FBgn0052333	CG32333
FBpp0072556	FBgn0052333	CG32333
FBpp0112164	FBgn0038787	CG4360
FBpp0083307	FBgn0038787	CG4360
FBpp0304617	FBgn0031266	Sf3b1
FBpp0077728	FBgn0031266	Sf3b1
FBpp0290922	FBgn0029155	Men-b
FBpp0290921	FBgn0029155	Men-b
FBpp0084480	FBgn0029155	Men-b
FBpp0079103	FBgn0267326	Ntl
FBpp0079102	FBgn0267326	Ntl
FBpp0088286	FBgn0039930	Mpv17
FBpp0292146	FBgn0031418	CG3609
FBpp0303858	FBgn0031418	CG3609
FBpp0077468	FBgn0031418	CG3609
FBpp0074759	FBgn0036856	Mettl5
FBpp0310826	FBgn0036856	Mettl5
FBpp0081191	FBgn0004781	Ccp84Ac
FBpp0310245	FBgn0030437	hec
FBpp0073584	FBgn0030437	hec
FBpp0071484	FBgn0034563	CG15649
FBpp0289790	FBgn0034563	CG15649
FBpp0311622	FBgn0040364	CG11378
FBpp0070190	FBgn0040364	CG11378
FBpp0302731	FBgn0040364	CG11378
FBpp0304785	FBgn0023407	B4
FBpp0080092	FBgn0023407	B4
FBpp0080091	FBgn0023407	B4
FBpp0070105	FBgn0261930	vnd
FBpp0110229	FBgn0261930	vnd
FBpp0078461	FBgn0051538	CG31538
FBpp0085379	FBgn0022288	l(2)09851
FBpp0307248	FBgn0022288	l(2)09851
FBpp0085754	FBgn0267351	Topors
FBpp0304302	FBgn0267351	Topors
FBpp0074092	FBgn0261245	sing
FBpp0291675	FBgn0036896	wnd
FBpp0074733	FBgn0036896	wnd
FBpp0074732	FBgn0036896	wnd
FBpp0074731	FBgn0036896	wnd
FBpp0084978	FBgn0000277	CecA2
FBpp0077427	FBgn0026778	Rad1
FBpp0073779	FBgn0053177	CG33177
FBpp0078765	FBgn0024191	sip1
FBpp0311644	FBgn0024191	sip1
FBpp0076109	FBgn0036016	CG3306
FBpp0303671	FBgn0010607	l(2)05714
FBpp0078687	FBgn0010607	l(2)05714
FBpp0078686	FBgn0010607	l(2)05714
FBpp0083344	FBgn0038818	Nep4
FBpp0306704	FBgn0038818	Nep4
FBpp0083345	FBgn0038818	Nep4
FBpp0085300	FBgn0051703	tplus3b
FBpp0077276	FBgn0031526	CG8838
FBpp0111584	FBgn0085436	Not1
FBpp0291332	FBgn0085436	Not1
FBpp0308486	FBgn0085436	Not1
FBpp0111585	FBgn0085436	Not1
FBpp0293496	FBgn0085436	Not1
FBpp0111586	FBgn0085436	Not1
FBpp0307906	FBgn0038789	Ir92a
FBpp0288564	FBgn0053770	CG33770
FBpp0311141	FBgn0052786	Gem4b
FBpp0289242	FBgn0259712	CG42366
FBpp0304023	FBgn0259712	CG42366
FBpp0305803	FBgn0264605	CG43954
FBpp0073508	FBgn0030411	CG2540
FBpp0080563	FBgn0051803	Rsph9
FBpp0080783	FBgn0032789	CG13083
FBpp0082415	FBgn0038240	CG14851
FBpp0072881	FBgn0035379	spz5
FBpp0076919	FBgn0015558	tty
FBpp0302934	FBgn0015558	tty
FBpp0305891	FBgn0015558	tty
FBpp0302935	FBgn0015558	tty
FBpp0302936	FBgn0015558	tty
FBpp0302937	FBgn0015558	tty
FBpp0085308	FBgn0032988	Tif-IA
FBpp0082742	FBgn0038432	CG14883
FBpp0078206	FBgn0037203	slif
FBpp0078208	FBgn0037203	slif
FBpp0078207	FBgn0037203	slif
FBpp0292899	FBgn0032116	Mco1
FBpp0292900	FBgn0032116	Mco1
FBpp0079407	FBgn0032116	Mco1
FBpp0086892	FBgn0033794	CG13326
FBpp0085512	FBgn0029506	Tsp42Ee
FBpp0307820	FBgn0029506	Tsp42Ee
FBpp0075636	FBgn0052115	CG32115
FBpp0084022	FBgn0051128	CG31128
FBpp0289340	FBgn0033141	CG12831
FBpp0311584	FBgn0033141	CG12831
FBpp0084776	FBgn0039650	Mesh1
FBpp0075809	FBgn0052095	CG32095
FBpp0297709	FBgn0034942	CG13566
FBpp0075482	FBgn0036416	CG7924
FBpp0073801	FBgn0030589	CG9519
FBpp0080265	FBgn0001978	stc
FBpp0080266	FBgn0001978	stc
FBpp0304750	FBgn0001978	stc
FBpp0304749	FBgn0001978	stc
FBpp0080093	FBgn0032530	CG9263
FBpp0082995	FBgn0038597	CG8064
FBpp0084798	FBgn0039668	Trc8
FBpp0089379	FBgn0039668	Trc8
FBpp0305390	FBgn0039668	Trc8
FBpp0084797	FBgn0039668	Trc8
FBpp0112944	FBgn0030349	CG10353
FBpp0311036	FBgn0030349	CG10353
FBpp0311035	FBgn0030349	CG10353
FBpp0303981	FBgn0030349	CG10353
FBpp0112943	FBgn0030349	CG10353
FBpp0300413	FBgn0030349	CG10353
FBpp0303984	FBgn0030349	CG10353
FBpp0078055	FBgn0002842	sa
FBpp0292849	FBgn0038069	CG11608
FBpp0087094	FBgn0023167	SmD3
FBpp0112207	FBgn0039424	ppk15
FBpp0110289	FBgn0030808	RhoGAP15B
FBpp0288535	FBgn0030808	RhoGAP15B
FBpp0085103	FBgn0039816	CG11317
FBpp0306614	FBgn0039816	CG11317
FBpp0076540	FBgn0035795	CG16998
FBpp0312542	FBgn0024912	agt
FBpp0081195	FBgn0024912	agt
FBpp0087132	FBgn0259985	Mppe
FBpp0087131	FBgn0259985	Mppe
FBpp0308657	FBgn0259985	Mppe
FBpp0308658	FBgn0259985	Mppe
FBpp0078832	FBgn0031784	CG9222
FBpp0085392	FBgn0025693	ZnT41F
FBpp0085389	FBgn0025693	ZnT41F
FBpp0085390	FBgn0025693	ZnT41F
FBpp0085391	FBgn0025693	ZnT41F
FBpp0086845	FBgn0053138	AGBE
FBpp0112109	FBgn0037386	CG1208
FBpp0112108	FBgn0037386	CG1208
FBpp0087204	FBgn0037084	Syx6
FBpp0087205	FBgn0037084	Syx6
FBpp0087203	FBgn0037084	Syx6
FBpp0309381	FBgn0052512	CG32512
FBpp0305070	FBgn0052512	CG32512
FBpp0305071	FBgn0052512	CG32512
FBpp0076954	FBgn0052512	CG32512
FBpp0077622	FBgn0031306	CG4577
FBpp0304560	FBgn0031306	CG4577
FBpp0081317	FBgn0014861	Mcm2
FBpp0075933	FBgn0025355	SuUR
FBpp0112440	FBgn0039945	CG17159
FBpp0291698	FBgn0039945	CG17159
FBpp0304717	FBgn0039129	RpS19b
FBpp0083905	FBgn0039129	RpS19b
FBpp0072664	FBgn0067864	Patj
FBpp0290839	FBgn0067864	Patj
FBpp0072662	FBgn0067864	Patj
FBpp0073397	FBgn0030330	Tango10
FBpp0073398	FBgn0030330	Tango10
FBpp0305171	FBgn0030330	Tango10
FBpp0291567	FBgn0054049	CG34049
FBpp0070143	FBgn0015288	RpL22
FBpp0289876	FBgn0260238	CG42512
FBpp0312137	FBgn0260238	CG42512
FBpp0100003	FBgn0029723	Proc-R
FBpp0100007	FBgn0029723	Proc-R
FBpp0311480	FBgn0029723	Proc-R
FBpp0070682	FBgn0029723	Proc-R
FBpp0070681	FBgn0029723	Proc-R
FBpp0070935	FBgn0029905	Nf-YC
FBpp0428470	FBgn0288735	CG46510
FBpp0082108	FBgn0028374	Hug
FBpp0306414	FBgn0002645	Map205
FBpp0085234	FBgn0002645	Map205
FBpp0085235	FBgn0002645	Map205
FBpp0306626	FBgn0051158	Efa6
FBpp0291397	FBgn0051158	Efa6
FBpp0112307	FBgn0051158	Efa6
FBpp0306627	FBgn0051158	Efa6
FBpp0112308	FBgn0051158	Efa6
FBpp0077759	FBgn0067779	dbr
FBpp0297496	FBgn0067779	dbr
FBpp0297495	FBgn0067779	dbr
FBpp0297494	FBgn0067779	dbr
FBpp0297497	FBgn0067779	dbr
FBpp0111960	FBgn0033164	CG11112
FBpp0308422	FBgn0005659	Ets98B
FBpp0084594	FBgn0005659	Ets98B
FBpp0075677	FBgn0260945	Atg1
FBpp0289788	FBgn0260945	Atg1
FBpp0078467	FBgn0087005	rtp
FBpp0301550	FBgn0036830	COX6AL2
FBpp0289099	FBgn0036830	COX6AL2
FBpp0089237	FBgn0016041	Tom40
FBpp0305890	FBgn0016041	Tom40
FBpp0071031	FBgn0016041	Tom40
FBpp0303721	FBgn0032150	CG13123
FBpp0303722	FBgn0032150	CG13123
FBpp0079507	FBgn0032150	CG13123
FBpp0070722	FBgn0029752	TrxT
FBpp0309419	FBgn0029752	TrxT
FBpp0084958	FBgn0002626	RpL32
FBpp0113047	FBgn0002626	RpL32
FBpp0084960	FBgn0002626	RpL32
FBpp0084959	FBgn0002626	RpL32
FBpp0080413	FBgn0024734	PRL-1
FBpp0304635	FBgn0024734	PRL-1
FBpp0080414	FBgn0024734	PRL-1
FBpp0304634	FBgn0024734	PRL-1
FBpp0087504	FBgn0004907	14-3-3zeta
FBpp0305137	FBgn0004907	14-3-3zeta
FBpp0089338	FBgn0004907	14-3-3zeta
FBpp0087501	FBgn0004907	14-3-3zeta
FBpp0087500	FBgn0004907	14-3-3zeta
FBpp0099540	FBgn0004907	14-3-3zeta
FBpp0089337	FBgn0004907	14-3-3zeta
FBpp0099539	FBgn0004907	14-3-3zeta
FBpp0087505	FBgn0004907	14-3-3zeta
FBpp0305136	FBgn0004907	14-3-3zeta
FBpp0087503	FBgn0004907	14-3-3zeta
FBpp0087502	FBgn0004907	14-3-3zeta
FBpp0074685	FBgn0020887	Su(z)12
FBpp0074686	FBgn0020887	Su(z)12
FBpp0291240	FBgn0032660	elfless
FBpp0291241	FBgn0032660	elfless
FBpp0297368	FBgn0026189	promL
FBpp0428265	FBgn0026189	promL
FBpp0306027	FBgn0026189	promL
FBpp0072981	FBgn0026189	promL
FBpp0307985	FBgn0026189	promL
FBpp0072980	FBgn0026189	promL
FBpp0072982	FBgn0026189	promL
FBpp0308489	FBgn0087012	5-HT2A
FBpp0078495	FBgn0087012	5-HT2A
FBpp0289701	FBgn0087012	5-HT2A
FBpp0078494	FBgn0087012	5-HT2A
FBpp0308487	FBgn0087012	5-HT2A
FBpp0423041	FBgn0036230	CG11570
FBpp0071259	FBgn0040235	c12.1
FBpp0073194	FBgn0035537	CG11342
FBpp0078211	FBgn0037206	CG12768
FBpp0303814	FBgn0037206	CG12768
FBpp0303813	FBgn0037206	CG12768
FBpp0303815	FBgn0037206	CG12768
FBpp0087220	FBgn0033616	CG7745
FBpp0074637	FBgn0036938	CG14187
FBpp0304947	FBgn0036938	CG14187
FBpp0112287	FBgn0050424	cGlr2
FBpp0310116	FBgn0050424	cGlr2
FBpp0428407	FBgn0050424	cGlr2
FBpp0112288	FBgn0050424	cGlr2
FBpp0112289	FBgn0050424	cGlr2
FBpp0078871	FBgn0040949	CG13998
FBpp0099880	FBgn0032365	CG14929
FBpp0302838	FBgn0032365	CG14929
FBpp0088436	FBgn0053503	Cyp12d1-d
FBpp0311876	FBgn0031050	Arp10
FBpp0074529	FBgn0031050	Arp10
FBpp0079453	FBgn0028479	Mtpalpha
FBpp0079454	FBgn0028479	Mtpalpha
FBpp0084329	FBgn0002735	E(spl)mgamma-HLH
FBpp0086851	FBgn0033808	CG4627
FBpp0087741	FBgn0033364	CG13747
FBpp0288809	FBgn0259110	mmd
FBpp0309271	FBgn0259110	mmd
FBpp0301990	FBgn0259110	mmd
FBpp0300196	FBgn0259110	mmd
FBpp0301989	FBgn0259110	mmd
FBpp0300195	FBgn0259110	mmd
FBpp0288810	FBgn0259110	mmd
FBpp0300197	FBgn0259110	mmd
FBpp0305428	FBgn0031413	CG9967
FBpp0100109	FBgn0031413	CG9967
FBpp0077476	FBgn0031413	CG9967
FBpp0310223	FBgn0036324	CG12520
FBpp0112082	FBgn0036324	CG12520
FBpp0074612	FBgn0036969	Spn77Bb
FBpp0071276	FBgn0030097	CG12115
FBpp0288724	FBgn0034846	CG9863
FBpp0305727	FBgn0031091	Phf7
FBpp0305726	FBgn0031091	Phf7
FBpp0070026	FBgn0031091	Phf7
FBpp0077195	FBgn0031580	CG15423
FBpp0073300	FBgn0030276	Dlic
FBpp0073299	FBgn0030276	Dlic
FBpp0073297	FBgn0030276	Dlic
FBpp0303507	FBgn0031392	AIF
FBpp0077504	FBgn0031392	AIF
FBpp0077503	FBgn0031392	AIF
FBpp0086070	FBgn0022029	l(2)k01209
FBpp0086069	FBgn0022029	l(2)k01209
FBpp0086071	FBgn0022029	l(2)k01209
FBpp0086068	FBgn0022029	l(2)k01209
FBpp0288420	FBgn0035581	Dnah3
FBpp0288421	FBgn0035581	Dnah3
FBpp0084219	FBgn0051439	Muc96D
FBpp0070628	FBgn0040904	CG15577
FBpp0082828	FBgn0000014	abd-A
FBpp0289712	FBgn0000014	abd-A
FBpp0297433	FBgn0000014	abd-A
FBpp0082829	FBgn0000014	abd-A
FBpp0073385	FBgn0000618	e(y)2
FBpp0291442	FBgn0085736	CG40472
FBpp0082806	FBgn0020907	Scp2
FBpp0087117	FBgn0033696	Cyp6g2
FBpp0083050	FBgn0038619	CG7685
FBpp0305964	FBgn0038619	CG7685
FBpp0307165	FBgn0250835	CG15394
FBpp0307164	FBgn0250835	CG15394
FBpp0082710	FBgn0051287	CG31287
FBpp0311436	FBgn0051287	CG31287
FBpp0423150	FBgn0026206	mei-P26
FBpp0305661	FBgn0026206	mei-P26
FBpp0305660	FBgn0026206	mei-P26
FBpp0305662	FBgn0026206	mei-P26
FBpp0071238	FBgn0026206	mei-P26
FBpp0309300	FBgn0026206	mei-P26
FBpp0078911	FBgn0031802	ppk7
FBpp0081283	FBgn0037543	CG10903
FBpp0302559	FBgn0037543	CG10903
FBpp0291718	FBgn0039749	CG11498
FBpp0402900	FBgn0039749	CG11498
FBpp0072071	FBgn0034959	Xxylt
FBpp0076733	FBgn0035641	CG5568
FBpp0311835	FBgn0040028	CG17450
FBpp0070055	FBgn0040028	CG17450
FBpp0070056	FBgn0040028	CG17450
FBpp0292466	FBgn0261839	pre-mod(mdg4)-Y
FBpp0390641	FBgn0261839	pre-mod(mdg4)-Y
FBpp0110194	FBgn0083970	CG34134
FBpp0075520	FBgn0285896	btl
FBpp0100143	FBgn0285896	btl
FBpp0304829	FBgn0086447	Polr1D
FBpp0307611	FBgn0086447	Polr1D
FBpp0080704	FBgn0086447	Polr1D
FBpp0310205	FBgn0024320	Npc1a
FBpp0310203	FBgn0024320	Npc1a
FBpp0310204	FBgn0024320	Npc1a
FBpp0079547	FBgn0024320	Npc1a
FBpp0292908	FBgn0024320	Npc1a
FBpp0292909	FBgn0024320	Npc1a
FBpp0292910	FBgn0024320	Npc1a
FBpp0072857	FBgn0035392	CG1271
FBpp0072859	FBgn0035392	CG1271
FBpp0072856	FBgn0035392	CG1271
FBpp0072858	FBgn0035392	CG1271
FBpp0079473	FBgn0032160	CG4598
FBpp0304781	FBgn0032160	CG4598
FBpp0085875	FBgn0034351	rswl
FBpp0303910	FBgn0264305	CG43783
FBpp0303907	FBgn0264305	CG43783
FBpp0303908	FBgn0264305	CG43783
FBpp0303906	FBgn0264305	CG43783
FBpp0303909	FBgn0264305	CG43783
FBpp0083749	FBgn0053193	sav
FBpp0292543	FBgn0053193	sav
FBpp0089292	FBgn0020307	dve
FBpp0071689	FBgn0020307	dve
FBpp0087492	FBgn0033481	CG12920
FBpp0303424	FBgn0004456	mew
FBpp0302768	FBgn0004456	mew
FBpp0309167	FBgn0004456	mew
FBpp0073562	FBgn0004456	mew
FBpp0302767	FBgn0004456	mew
FBpp0073563	FBgn0004456	mew
FBpp0271945	FBgn0052702	Cubn
FBpp0303413	FBgn0030269	CDK2AP1
FBpp0073293	FBgn0030269	CDK2AP1
FBpp0301016	FBgn0037624	Nasp
FBpp0081398	FBgn0037624	Nasp
FBpp0099770	FBgn0053544	Vkor
FBpp0288575	FBgn0250755	CG42233
FBpp0083502	FBgn0043012	AP-2sigma
FBpp0111973	FBgn0033429	CG12929
FBpp0087624	FBgn0033429	CG12929
FBpp0072026	FBgn0000241	bw
FBpp0312192	FBgn0000241	bw
FBpp0291477	FBgn0261353	Ccdc56
FBpp0305144	FBgn0261611	CG42700
FBpp0292049	FBgn0261611	CG42700
FBpp0311594	FBgn0261611	CG42700
FBpp0292048	FBgn0261611	CG42700
FBpp0311593	FBgn0261611	CG42700
FBpp0305142	FBgn0261611	CG42700
FBpp0305143	FBgn0261611	CG42700
FBpp0311595	FBgn0261611	CG42700
FBpp0077499	FBgn0026396	Or22c
FBpp0070224	FBgn0024986	CG3719
FBpp0075626	FBgn0036345	CG17300
FBpp0305279	FBgn0086677	jeb
FBpp0087128	FBgn0086677	jeb
FBpp0073458	FBgn0030364	Lsm12a
FBpp0070062	FBgn0040372	G9a
FBpp0305207	FBgn0040372	G9a
FBpp0070667	FBgn0029713	CG11436
FBpp0085516	FBgn0033121	Cyp6u1
FBpp0311262	FBgn0033121	Cyp6u1
FBpp0311788	FBgn0033121	Cyp6u1
FBpp0079912	FBgn0032409	Ced-12
FBpp0085714	FBgn0012051	CalpA
FBpp0111782	FBgn0012051	CalpA
FBpp0309435	FBgn0012051	CalpA
FBpp0085715	FBgn0012051	CalpA
FBpp0288492	FBgn0051115	CG31115
FBpp0087238	FBgn0000581	E(Pc)
FBpp0303473	FBgn0000581	E(Pc)
FBpp0087239	FBgn0000581	E(Pc)
FBpp0303471	FBgn0000581	E(Pc)
FBpp0303472	FBgn0000581	E(Pc)
FBpp0303898	FBgn0264302	wrm1
FBpp0303897	FBgn0264302	wrm1
FBpp0309682	FBgn0265627	CG44435
FBpp0309423	FBgn0265627	CG44435
FBpp0290471	FBgn0260759	CG42557
FBpp0073327	FBgn0020255	Ran
FBpp0309151	FBgn0020255	Ran
FBpp0309150	FBgn0020255	Ran
FBpp0073328	FBgn0020255	Ran
FBpp0293884	FBgn0086681	Mst36Fa
FBpp0075039	FBgn0036695	Papst2
FBpp0307929	FBgn0033203	CG2070
FBpp0087995	FBgn0033203	CG2070
FBpp0289437	FBgn0259918	inaF-B
FBpp0306228	FBgn0264725	CG43993
FBpp0074163	FBgn0030824	CG5070
FBpp0071905	FBgn0010660	Nup214
FBpp0087851	FBgn0050365	spaw
FBpp0308448	FBgn0050365	spaw
FBpp0085438	FBgn0013348	TpnC41C
FBpp0301709	FBgn0013348	TpnC41C
FBpp0423285	FBgn0266734	CG45207
FBpp0423286	FBgn0266734	CG45207
FBpp0111642	FBgn0085458	CG34429
FBpp0308392	FBgn0033248	Dic3
FBpp0087946	FBgn0033248	Dic3
FBpp0075339	FBgn0004590	Eig71Ec
FBpp0303592	FBgn0250907	Cht10
FBpp0303593	FBgn0250907	Cht10
FBpp0110419	FBgn0250907	Cht10
FBpp0078229	FBgn0052462	CG32462
FBpp0072722	FBgn0035298	SCOT
FBpp0072723	FBgn0035298	SCOT
FBpp0305622	FBgn0035298	SCOT
FBpp0074752	FBgn0036873	CG18294
FBpp0310303	FBgn0032169	CG4709
FBpp0079480	FBgn0032169	CG4709
FBpp0306511	FBgn0053481	dpr7
FBpp0306512	FBgn0053481	dpr7
FBpp0070749	FBgn0004687	Mlc-c
FBpp0300803	FBgn0004687	Mlc-c
FBpp0077606	FBgn0002543	robo2
FBpp0303020	FBgn0002543	robo2
FBpp0070298	FBgn0014411	Vps26
FBpp0075585	FBgn0036364	CG14109
FBpp0303922	FBgn0036364	CG14109
FBpp0111645	FBgn0085461	CG34432
FBpp0082113	FBgn0042207	CG18530
FBpp0100150	FBgn0041707	7B2
FBpp0078435	FBgn0041707	7B2
FBpp0310276	FBgn0051832	CG31832
FBpp0088973	FBgn0014018	Rel
FBpp0088971	FBgn0014018	Rel
FBpp0088375	FBgn0014018	Rel
FBpp0088972	FBgn0014018	Rel
FBpp0305582	FBgn0028980	tant
FBpp0076751	FBgn0028980	tant
FBpp0088329	FBgn0053653	Cadps
FBpp0298334	FBgn0053653	Cadps
FBpp0088330	FBgn0053653	Cadps
FBpp0298335	FBgn0053653	Cadps
FBpp0305855	FBgn0053653	Cadps
FBpp0084519	FBgn0039476	CG6271
FBpp0075486	FBgn0036419	CG13482
FBpp0080979	FBgn0028986	Spn38F
FBpp0308646	FBgn0028986	Spn38F
FBpp0087236	FBgn0033635	Prip
FBpp0293611	FBgn0033635	Prip
FBpp0308627	FBgn0033635	Prip
FBpp0087235	FBgn0033635	Prip
FBpp0082135	FBgn0001296	kar
FBpp0291719	FBgn0001296	kar
FBpp0401444	FBgn0283439	CG46281
FBpp0289155	FBgn0053170	CG33170
FBpp0088777	FBgn0053170	CG33170
FBpp0307970	FBgn0053170	CG33170
FBpp0070625	FBgn0040906	CG15579
FBpp0311751	FBgn0040906	CG15579
FBpp0087348	FBgn0027499	wde
FBpp0308553	FBgn0027499	wde
FBpp0072229	FBgn0035042	CG3640
FBpp0073762	FBgn0030572	mRpS25
FBpp0087957	FBgn0050380	CG30380
FBpp0428461	FBgn0288739	CG46514
FBpp0073001	FBgn0052267	CG32267
FBpp0076479	FBgn0035829	HP4
FBpp0076480	FBgn0035829	HP4
FBpp0082163	FBgn0038106	CG7488
FBpp0083946	FBgn0002863	Acp95EF
FBpp0087169	FBgn0033656	S2P
FBpp0306572	FBgn0266719	stac
FBpp0292144	FBgn0266719	stac
FBpp0292145	FBgn0266719	stac
FBpp0293170	FBgn0035872	Cpsf6
FBpp0076433	FBgn0035872	Cpsf6
FBpp0082358	FBgn0038213	CG9624
FBpp0070779	FBgn0029809	CG15767
FBpp0300816	FBgn0062413	Ctr1A
FBpp0070912	FBgn0062413	Ctr1A
FBpp0300817	FBgn0062413	Ctr1A
FBpp0300818	FBgn0062413	Ctr1A
FBpp0085226	FBgn0039864	CG11550
FBpp0072008	FBgn0050183	CG30183
FBpp0311585	FBgn0050183	CG30183
FBpp0080026	FBgn0032490	CG16813
FBpp0306794	FBgn0032490	CG16813
FBpp0074426	FBgn0030966	shop
FBpp0271930	FBgn0087007	bbg
FBpp0271932	FBgn0087007	bbg
FBpp0300820	FBgn0087007	bbg
FBpp0271936	FBgn0087007	bbg
FBpp0271931	FBgn0087007	bbg
FBpp0271933	FBgn0087007	bbg
FBpp0271934	FBgn0087007	bbg
FBpp0271935	FBgn0087007	bbg
FBpp0087262	FBgn0026385	Or47b
FBpp0306268	FBgn0264775	CG44013
FBpp0306267	FBgn0264775	CG44013
FBpp0309431	FBgn0263511	Vsx1
FBpp0070747	FBgn0263511	Vsx1
FBpp0289557	FBgn0052817	CG32817
FBpp0307856	FBgn0052817	CG32817
FBpp0070076	FBgn0052817	CG32817
FBpp0301956	FBgn0028848	Gpo3
FBpp0294018	FBgn0028848	Gpo3
FBpp0078304	FBgn0010403	Obp83b
FBpp0111280	FBgn0085203	CG34174
FBpp0081449	FBgn0028708	Mst85C
FBpp0307733	FBgn0028708	Mst85C
FBpp0099397	FBgn0053985	CG33985
FBpp0071628	FBgn0034657	LBR
FBpp0071630	FBgn0034657	LBR
FBpp0071629	FBgn0034657	LBR
FBpp0079363	FBgn0032086	CG17906
FBpp0308452	FBgn0005638	slbo
FBpp0072179	FBgn0005638	slbo
FBpp0111493	FBgn0085390	Dgk
FBpp0300813	FBgn0085390	Dgk
FBpp0111492	FBgn0085390	Dgk
FBpp0303271	FBgn0085390	Dgk
FBpp0300814	FBgn0085390	Dgk
FBpp0111491	FBgn0085390	Dgk
FBpp0312418	FBgn0085390	Dgk
FBpp0304701	FBgn0037304	CG1113
FBpp0078426	FBgn0037304	CG1113
FBpp0113025	FBgn0038268	CG3631
FBpp0310751	FBgn0038268	CG3631
FBpp0082456	FBgn0038268	CG3631
FBpp0074063	FBgn0030763	CG9782
FBpp0305194	FBgn0005427	ewg
FBpp0088457	FBgn0005427	ewg
FBpp0100035	FBgn0005427	ewg
FBpp0300528	FBgn0005427	ewg
FBpp0100032	FBgn0005427	ewg
FBpp0305193	FBgn0005427	ewg
FBpp0100037	FBgn0005427	ewg
FBpp0100036	FBgn0005427	ewg
FBpp0100034	FBgn0005427	ewg
FBpp0088456	FBgn0005427	ewg
FBpp0305192	FBgn0005427	ewg
FBpp0300529	FBgn0005427	ewg
FBpp0100033	FBgn0005427	ewg
FBpp0071534	FBgn0034627	eEFSec
FBpp0301132	FBgn0263401	CG43447
FBpp0307159	FBgn0042186	CG17239
FBpp0077482	FBgn0042186	CG17239
FBpp0112237	FBgn0040355	CG3526
FBpp0070521	FBgn0040355	CG3526
FBpp0073021	FBgn0035478	CG10853
FBpp0081074	FBgn0015575	alpha-Est7
FBpp0112270	FBgn0050044	s-cup
FBpp0292325	FBgn0035949	CG13314
FBpp0076245	FBgn0035949	CG13314
FBpp0112225	FBgn0039838	CAH6
FBpp0088114	FBgn0003090	pk
FBpp0088115	FBgn0003090	pk
FBpp0088113	FBgn0003090	pk
FBpp0311944	FBgn0262869	Gfrl
FBpp0297311	FBgn0262869	Gfrl
FBpp0297310	FBgn0262869	Gfrl
FBpp0297314	FBgn0262869	Gfrl
FBpp0303066	FBgn0262869	Gfrl
FBpp0297308	FBgn0262869	Gfrl
FBpp0309169	FBgn0262869	Gfrl
FBpp0297312	FBgn0262869	Gfrl
FBpp0297309	FBgn0262869	Gfrl
FBpp0297313	FBgn0262869	Gfrl
FBpp0110064	FBgn0083936	Acp54A1
FBpp0076430	FBgn0087039	Sbp2
FBpp0428495	FBgn0288835	MSAmiP
FBpp0428494	FBgn0288835	MSAmiP
FBpp0297778	FBgn0263026	CG43321
FBpp0077786	FBgn0031240	CG3345
FBpp0087011	FBgn0264560	garz
FBpp0087010	FBgn0264560	garz
FBpp0293612	FBgn0264560	garz
FBpp0077109	FBgn0031627	fipi
FBpp0304544	FBgn0033720	CG13160
FBpp0087022	FBgn0033720	CG13160
FBpp0083077	FBgn0051231	CG31231
FBpp0088180	FBgn0039907	lgs
FBpp0086264	FBgn0040505	Alk
FBpp0304259	FBgn0040505	Alk
FBpp0311073	FBgn0266579	tau
FBpp0311082	FBgn0266579	tau
FBpp0311078	FBgn0266579	tau
FBpp0312546	FBgn0266579	tau
FBpp0311079	FBgn0266579	tau
FBpp0311083	FBgn0266579	tau
FBpp0311076	FBgn0266579	tau
FBpp0428263	FBgn0266579	tau
FBpp0311074	FBgn0266579	tau
FBpp0311077	FBgn0266579	tau
FBpp0311075	FBgn0266579	tau
FBpp0311080	FBgn0266579	tau
FBpp0311084	FBgn0266579	tau
FBpp0311081	FBgn0266579	tau
FBpp0308625	FBgn0034493	CG8908
FBpp0310209	FBgn0032354	Boh2
FBpp0079791	FBgn0032354	Boh2
FBpp0078001	FBgn0052440	CG32440
FBpp0076880	FBgn0035586	Fitm
FBpp0076881	FBgn0035586	Fitm
FBpp0084354	FBgn0002592	E(spl)m2-BFM
FBpp0290641	FBgn0026064	KP78a
FBpp0428191	FBgn0287586	CG46456
FBpp0076363	FBgn0052351	S-Lap2
FBpp0311382	FBgn0259823	CG42404
FBpp0294061	FBgn0259823	CG42404
FBpp0294062	FBgn0259823	CG42404
FBpp0087288	FBgn0033592	CG13215
FBpp0078940	FBgn0031850	Tsp
FBpp0078943	FBgn0031850	Tsp
FBpp0112980	FBgn0031850	Tsp
FBpp0078942	FBgn0031850	Tsp
FBpp0112981	FBgn0031850	Tsp
FBpp0307727	FBgn0031850	Tsp
FBpp0078941	FBgn0031850	Tsp
FBpp0305258	FBgn0036446	Mgat4a
FBpp0075440	FBgn0036446	Mgat4a
FBpp0087157	FBgn0033669	PI31
FBpp0087159	FBgn0033669	PI31
FBpp0301842	FBgn0033669	PI31
FBpp0301844	FBgn0033669	PI31
FBpp0087158	FBgn0033669	PI31
FBpp0079573	FBgn0259482	Mob3
FBpp0310310	FBgn0266172	pre-mod(mdg4)-E
FBpp0390649	FBgn0266172	pre-mod(mdg4)-E
FBpp0310311	FBgn0266172	pre-mod(mdg4)-E
FBpp0070780	FBgn0029810	CG12239
FBpp0305718	FBgn0031675	CG9121
FBpp0290424	FBgn0031675	CG9121
FBpp0311772	FBgn0031675	CG9121
FBpp0078668	FBgn0031675	CG9121
FBpp0303348	FBgn0030191	CG15306
FBpp0071405	FBgn0030191	CG15306
FBpp0073144	FBgn0035534	mRpS6
FBpp0297230	FBgn0035534	mRpS6
FBpp0079391	FBgn0032077	CG9515
FBpp0309229	FBgn0032077	CG9515
FBpp0110401	FBgn0083992	Mkp
FBpp0110276	FBgn0083992	Mkp
FBpp0310474	FBgn0083992	Mkp
FBpp0310519	FBgn0083992	Mkp
FBpp0077564	FBgn0051933	CG31933
FBpp0083002	FBgn0038610	CG7675
FBpp0310903	FBgn0038610	CG7675
FBpp0083004	FBgn0038610	CG7675
FBpp0310904	FBgn0038610	CG7675
FBpp0083003	FBgn0038610	CG7675
FBpp0074108	FBgn0030794	CG13005
FBpp0081422	FBgn0053189	CG33189
FBpp0290489	FBgn0260770	CG42568
FBpp0290488	FBgn0260770	CG42568
FBpp0304374	FBgn0035677	CG13293
FBpp0304373	FBgn0035677	CG13293
FBpp0304372	FBgn0035677	CG13293
FBpp0304371	FBgn0035677	CG13293
FBpp0073505	FBgn0052651	CG32651
FBpp0081100	FBgn0045843	RacGAP84C
FBpp0081099	FBgn0045843	RacGAP84C
FBpp0302660	FBgn0085512	RYa
FBpp0099920	FBgn0014869	Pglym78
FBpp0099919	FBgn0014869	Pglym78
FBpp0084753	FBgn0014869	Pglym78
FBpp0309033	FBgn0034070	SP2353
FBpp0086351	FBgn0034070	SP2353
FBpp0077884	FBgn0036992	Hpd
FBpp0077883	FBgn0036992	Hpd
FBpp0289377	FBgn0036191	Sugb
FBpp0271870	FBgn0036191	Sugb
FBpp0311220	FBgn0036191	Sugb
FBpp0301799	FBgn0045498	Gr22d
FBpp0082956	FBgn0038542	TyrR
FBpp0310845	FBgn0038542	TyrR
FBpp0311989	FBgn0038542	TyrR
FBpp0073212	FBgn0052237	CG32237
FBpp0111473	FBgn0085380	dcma
FBpp0303013	FBgn0085380	dcma
FBpp0073672	FBgn0001612	Grip91
FBpp0081482	FBgn0002932	neur
FBpp0081480	FBgn0002932	neur
FBpp0289643	FBgn0002932	neur
FBpp0081481	FBgn0002932	neur
FBpp0081479	FBgn0002932	neur
FBpp0087744	FBgn0033367	PPO2
FBpp0292997	FBgn0026418	Hsp110
FBpp0075513	FBgn0026418	Hsp110
FBpp0075514	FBgn0026418	Hsp110
FBpp0305265	FBgn0026418	Hsp110
FBpp0293000	FBgn0026418	Hsp110
FBpp0292999	FBgn0026418	Hsp110
FBpp0075515	FBgn0026418	Hsp110
FBpp0292998	FBgn0026418	Hsp110
FBpp0288840	FBgn0004143	nullo
FBpp0072130	FBgn0034923	Upf3
FBpp0309967	FBgn0034923	Upf3
FBpp0091130	FBgn0053885	His4:CG33885
FBpp0289686	FBgn0051909	CG31909
FBpp0289687	FBgn0051909	CG31909
FBpp0084429	FBgn0039436	TwdlB
FBpp0305003	FBgn0036195	Dnai2
FBpp0290541	FBgn0036195	Dnai2
FBpp0079435	FBgn0019809	gcm2
FBpp0300975	FBgn0034045	CG8249
FBpp0086445	FBgn0034045	CG8249
FBpp0300974	FBgn0034045	CG8249
FBpp0078887	FBgn0263278	Fic
FBpp0080517	FBgn0045485	Gr36c
FBpp0428479	FBgn0288745	CG46520
FBpp0089195	FBgn0013746	alien
FBpp0309805	FBgn0013746	alien
FBpp0079381	FBgn0013746	alien
FBpp0308633	FBgn0013746	alien
FBpp0080320	FBgn0028507	CG3793
FBpp0294011	FBgn0028507	CG3793
FBpp0303194	FBgn0259824	Hip14
FBpp0075273	FBgn0259824	Hip14
FBpp0305754	FBgn0259824	Hip14
FBpp0428483	FBgn0034456	Ir56b
FBpp0428484	FBgn0034456	Ir56b
FBpp0311896	FBgn0267048	CG45492
FBpp0080952	FBgn0051674	CG31674
FBpp0308643	FBgn0051674	CG31674
FBpp0075137	FBgn0053257	CG33257
FBpp0306661	FBgn0038369	Arpc3A
FBpp0289797	FBgn0038369	Arpc3A
FBpp0071952	FBgn0050412	CG30412
FBpp0309894	FBgn0050412	CG30412
FBpp0071953	FBgn0050412	CG30412
FBpp0071929	FBgn0034866	Or59c
FBpp0085950	FBgn0034315	CG5721
FBpp0079492	FBgn0051876	Cpr30F
FBpp0085604	FBgn0034509	Obp57c
FBpp0086758	FBgn0033871	CG13339
FBpp0302592	FBgn0030218	CG1628
FBpp0071439	FBgn0030218	CG1628
FBpp0289101	FBgn0002709	mei-218
FBpp0100100	FBgn0002709	mei-218
FBpp0100099	FBgn0002709	mei-218
FBpp0292855	FBgn0002709	mei-218
FBpp0075758	FBgn0036250	Ir68b
FBpp0079297	FBgn0016122	Acer
FBpp0305608	FBgn0016122	Acer
FBpp0087449	FBgn0028426	RNaseZ
FBpp0078499	FBgn0022981	rpk
FBpp0293856	FBgn0022981	rpk
FBpp0074248	FBgn0030868	CG12986
FBpp0422627	FBgn0044048	Ilp5
FBpp0084899	FBgn0039702	Vps16B
FBpp0099709	FBgn0053532	lectin-37Da
FBpp0291557	FBgn0053532	lectin-37Da
FBpp0084698	FBgn0039611	Nepl18
FBpp0081789	FBgn0037829	CG14691
FBpp0081790	FBgn0037829	CG14691
FBpp0307195	FBgn0037829	CG14691
FBpp0091101	FBgn0053855	His1:CG33855
FBpp0306395	FBgn0087008	e(y)3
FBpp0306396	FBgn0087008	e(y)3
FBpp0074531	FBgn0087008	e(y)3
FBpp0306393	FBgn0087008	e(y)3
FBpp0306394	FBgn0087008	e(y)3
FBpp0086349	FBgn0034067	CG8399
FBpp0309032	FBgn0034067	CG8399
FBpp0079221	FBgn0032020	strat
FBpp0311415	FBgn0038294	Mf
FBpp0311414	FBgn0038294	Mf
FBpp0297598	FBgn0038294	Mf
FBpp0082492	FBgn0038294	Mf
FBpp0082493	FBgn0038294	Mf
FBpp0297597	FBgn0038294	Mf
FBpp0291354	FBgn0038294	Mf
FBpp0291352	FBgn0038294	Mf
FBpp0297599	FBgn0038294	Mf
FBpp0306948	FBgn0038294	Mf
FBpp0082489	FBgn0038294	Mf
FBpp0291356	FBgn0038294	Mf
FBpp0306947	FBgn0038294	Mf
FBpp0291353	FBgn0038294	Mf
FBpp0082491	FBgn0038294	Mf
FBpp0082490	FBgn0038294	Mf
FBpp0291355	FBgn0038294	Mf
FBpp0309889	FBgn0003009	ord
FBpp0071956	FBgn0003009	ord
FBpp0075064	FBgn0036678	CG11905
FBpp0294028	FBgn0036678	CG11905
FBpp0112086	FBgn0036678	CG11905
FBpp0075063	FBgn0036678	CG11905
FBpp0075066	FBgn0036678	CG11905
FBpp0112087	FBgn0036678	CG11905
FBpp0075065	FBgn0036678	CG11905
FBpp0075062	FBgn0036678	CG11905
FBpp0075061	FBgn0036678	CG11905
FBpp0075060	FBgn0036678	CG11905
FBpp0070798	FBgn0029807	CG3108
FBpp0289888	FBgn0260401	MED9
FBpp0305659	FBgn0040467	Dlip1
FBpp0071237	FBgn0040467	Dlip1
FBpp0074558	FBgn0010380	AP-1-2beta
FBpp0076301	FBgn0000356	Cp16
FBpp0291744	FBgn0031906	CG5160
FBpp0079092	FBgn0031906	CG5160
FBpp0080564	FBgn0032634	Polr2J
FBpp0309479	FBgn0052563	CG32563
FBpp0074165	FBgn0052563	CG32563
FBpp0074122	FBgn0030800	Nprl2
FBpp0297910	FBgn0033271	CG8708
FBpp0087885	FBgn0033271	CG8708
FBpp0297909	FBgn0033271	CG8708
FBpp0310272	FBgn0053310	CG33310
FBpp0084829	FBgn0039682	Obp99c
FBpp0305401	FBgn0039682	Obp99c
FBpp0080936	FBgn0032869	CG17470
FBpp0082916	FBgn0051249	CG31249
FBpp0078816	FBgn0031769	CG9135
FBpp0311963	FBgn0031769	CG9135
FBpp0078817	FBgn0031769	CG9135
FBpp0309821	FBgn0031769	CG9135
FBpp0086535	FBgn0033995	GPHR
FBpp0076649	FBgn0035720	CG10077
FBpp0290159	FBgn0035720	CG10077
FBpp0305296	FBgn0035720	CG10077
FBpp0076513	FBgn0035799	mmm
FBpp0077991	FBgn0037036	Sems
FBpp0085411	FBgn0033027	TpnC4
FBpp0291229	FBgn0033027	TpnC4
FBpp0309793	FBgn0030929	CG15043
FBpp0074397	FBgn0030929	CG15043
FBpp0297100	FBgn0033076	CG15233
FBpp0112006	FBgn0034356	Pepck2
FBpp0085878	FBgn0034356	Pepck2
FBpp0075074	FBgn0025558	CG4101
FBpp0072782	FBgn0015360	oxt
FBpp0079575	FBgn0032205	CG4957
FBpp0112450	FBgn0039942	CG17163
FBpp0301221	FBgn0039942	CG17163
FBpp0070860	FBgn0029853	Josd
FBpp0305591	FBgn0052313	CG32313
FBpp0305590	FBgn0052313	CG32313
FBpp0072710	FBgn0052313	CG32313
FBpp0077399	FBgn0031456	Tnpo-SR
FBpp0307125	FBgn0031456	Tnpo-SR
FBpp0290462	FBgn0037248	srl
FBpp0307564	FBgn0037248	srl
FBpp0078586	FBgn0037248	srl
FBpp0304043	FBgn0025681	CG3558
FBpp0077330	FBgn0025681	CG3558
FBpp0271738	FBgn0025681	CG3558
FBpp0077329	FBgn0025681	CG3558
FBpp0297516	FBgn0261985	Ptpmeg
FBpp0297517	FBgn0261985	Ptpmeg
FBpp0297518	FBgn0261985	Ptpmeg
FBpp0297515	FBgn0261985	Ptpmeg
FBpp0297514	FBgn0261985	Ptpmeg
FBpp0311494	FBgn0011260	Sema2a
FBpp0086237	FBgn0011260	Sema2a
FBpp0086236	FBgn0011260	Sema2a
FBpp0086238	FBgn0011260	Sema2a
FBpp0304916	FBgn0035287	CG13937
FBpp0289940	FBgn0035287	CG13937
FBpp0304915	FBgn0035287	CG13937
FBpp0289941	FBgn0035287	CG13937
FBpp0289938	FBgn0035287	CG13937
FBpp0289939	FBgn0035287	CG13937
FBpp0081027	FBgn0032924	Nbr
FBpp0390650	FBgn0266171	pre-mod(mdg4)-AB
FBpp0310313	FBgn0266171	pre-mod(mdg4)-AB
FBpp0271910	FBgn0040837	CG8620
FBpp0076627	FBgn0040837	CG8620
FBpp0306951	FBgn0264899	CG44090
FBpp0112105	FBgn0037324	Orco
FBpp0078438	FBgn0037324	Orco
FBpp0304250	FBgn0035211	CG2211
FBpp0072607	FBgn0035211	CG2211
FBpp0084780	FBgn0039642	CG11882
FBpp0307390	FBgn0039642	CG11882
FBpp0110136	FBgn0083961	CG34125
FBpp0305343	FBgn0035481	CG12605
FBpp0073024	FBgn0035481	CG12605
FBpp0073023	FBgn0035481	CG12605
FBpp0305344	FBgn0035481	CG12605
FBpp0073025	FBgn0035481	CG12605
FBpp0079112	FBgn0031951	r2d2
FBpp0310061	FBgn0031951	r2d2
FBpp0290544	FBgn0031951	r2d2
FBpp0091164	FBgn0053926	Srg3
FBpp0311233	FBgn0053926	Srg3
FBpp0074060	FBgn0025743	mbt
FBpp0288838	FBgn0040786	CG14104
FBpp0289885	FBgn0260390	CG42516
FBpp0289884	FBgn0260390	CG42516
FBpp0308408	FBgn0260390	CG42516
FBpp0070072	FBgn0004170	sc
FBpp0083678	FBgn0038983	CG5326
FBpp0288841	FBgn0037920	CG14710
FBpp0082457	FBgn0067628	CG33331
FBpp0070886	FBgn0043796	CG12219
FBpp0082594	FBgn0038299	Spn88Eb
FBpp0075226	FBgn0036597	CG4962
FBpp0304498	FBgn0032229	ClpP
FBpp0079590	FBgn0032229	ClpP
FBpp0086581	FBgn0015714	Cyp6a17
FBpp0311631	FBgn0015714	Cyp6a17
FBpp0112010	FBgn0034433	EndoB
FBpp0112011	FBgn0034433	EndoB
FBpp0085742	FBgn0034433	EndoB
FBpp0085743	FBgn0034433	EndoB
FBpp0308330	FBgn0038873	CG5892
FBpp0072509	FBgn0035151	CG17129
FBpp0072510	FBgn0035151	CG17129
FBpp0072508	FBgn0035151	CG17129
FBpp0071588	FBgn0034655	CG10307
FBpp0311597	FBgn0034655	CG10307
FBpp0310417	FBgn0266259	CG44954
FBpp0073583	FBgn0030439	CG12716
FBpp0074017	FBgn0004432	Cyp1
FBpp0077079	FBgn0031640	Mon1
FBpp0310668	FBgn0038020	GstD9
FBpp0082078	FBgn0038020	GstD9
FBpp0099939	FBgn0028991	seq
FBpp0310607	FBgn0028991	seq
FBpp0074414	FBgn0030969	Usp39
FBpp0074204	FBgn0011758	B-H1
FBpp0306535	FBgn0011758	B-H1
FBpp0086259	FBgn0050463	Pgant9
FBpp0086258	FBgn0050463	Pgant9
FBpp0112293	FBgn0050463	Pgant9
FBpp0112291	FBgn0050463	Pgant9
FBpp0112292	FBgn0050463	Pgant9
FBpp0074332	FBgn0030918	CG15056
FBpp0083675	FBgn0038984	AdipoR
FBpp0083676	FBgn0038984	AdipoR
FBpp0083677	FBgn0038984	AdipoR
FBpp0301003	FBgn0038984	AdipoR
FBpp0306628	FBgn0038984	AdipoR
FBpp0292930	FBgn0262035	CG42846
FBpp0088545	FBgn0036689	CG7730
FBpp0303821	FBgn0035162	Sf3b3
FBpp0072494	FBgn0035162	Sf3b3
FBpp0085137	FBgn0039829	CG15561
FBpp0074885	FBgn0036786	skl
FBpp0310752	FBgn0038355	CG4520
FBpp0082621	FBgn0038355	CG4520
FBpp0073643	FBgn0030511	CG11158
FBpp0309202	FBgn0004872	piwi
FBpp0079755	FBgn0004872	piwi
FBpp0112500	FBgn0063368	Gpb5
FBpp0305191	FBgn0063368	Gpb5
FBpp0112499	FBgn0063368	Gpb5
FBpp0292321	FBgn0031818	CG9536
FBpp0078897	FBgn0031818	CG9536
FBpp0293889	FBgn0029834	CG5937
FBpp0293888	FBgn0029834	CG5937
FBpp0087136	FBgn0033650	CG13193
FBpp0086755	FBgn0033867	Cpr50Ca
FBpp0290223	FBgn0260645	CG42537
FBpp0079948	FBgn0032428	Fam92
FBpp0311089	FBgn0036239	Pop2
FBpp0075790	FBgn0036239	Pop2
FBpp0289500	FBgn0036239	Pop2
FBpp0075792	FBgn0036239	Pop2
FBpp0428156	FBgn0036239	Pop2
FBpp0075791	FBgn0036239	Pop2
FBpp0076546	FBgn0024542	Neos
FBpp0305559	FBgn0024542	Neos
FBpp0072692	FBgn0035249	CG17249
FBpp0077341	FBgn0031501	CG17261
FBpp0307369	FBgn0031501	CG17261
FBpp0099877	FBgn0053155	CG33155
FBpp0099875	FBgn0053155	CG33155
FBpp0099876	FBgn0053155	CG33155
FBpp0074639	FBgn0036935	CG14186
FBpp0288882	FBgn0259163	CG42268
FBpp0303930	FBgn0259163	CG42268
FBpp0303928	FBgn0259163	CG42268
FBpp0303927	FBgn0259163	CG42268
FBpp0303931	FBgn0259163	CG42268
FBpp0291072	FBgn0259163	CG42268
FBpp0428241	FBgn0259163	CG42268
FBpp0423256	FBgn0259163	CG42268
FBpp0288881	FBgn0259163	CG42268
FBpp0083933	FBgn0039154	Npc2f
FBpp0078543	FBgn0027930	MP1
FBpp0290158	FBgn0027930	MP1
FBpp0401490	FBgn0027930	MP1
FBpp0085032	FBgn0051015	PH4alphaPV
FBpp0085258	FBgn0032961	CG1416
FBpp0085260	FBgn0032961	CG1416
FBpp0085259	FBgn0032961	CG1416
FBpp0085515	FBgn0050156	CG30156
FBpp0307721	FBgn0050156	CG30156
FBpp0308405	FBgn0010504	kermit
FBpp0087890	FBgn0010504	kermit
FBpp0087887	FBgn0010504	kermit
FBpp0087888	FBgn0010504	kermit
FBpp0087889	FBgn0010504	kermit
FBpp0352255	FBgn0052391	CG32391
FBpp0294039	FBgn0015602	BEAF-32
FBpp0086571	FBgn0015602	BEAF-32
FBpp0086572	FBgn0015602	BEAF-32
FBpp0297731	FBgn0262983	CG43291
FBpp0311909	FBgn0262983	CG43291
FBpp0312481	FBgn0262983	CG43291
FBpp0309790	FBgn0052677	X11Lbeta
FBpp0071422	FBgn0052677	X11Lbeta
FBpp0309789	FBgn0052677	X11Lbeta
FBpp0297389	FBgn0262873	Diedel2
FBpp0072449	FBgn0035140	BORCS6
FBpp0304170	FBgn0035140	BORCS6
FBpp0309042	FBgn0026015	Top3beta
FBpp0070891	FBgn0026015	Top3beta
FBpp0070482	FBgn0011276	HLH3B
FBpp0428106	FBgn0028699	Rh50
FBpp0311666	FBgn0028699	Rh50
FBpp0303840	FBgn0028699	Rh50
FBpp0073210	FBgn0028699	Rh50
FBpp0081252	FBgn0260005	wtrw
FBpp0081251	FBgn0260005	wtrw
FBpp0081250	FBgn0260005	wtrw
FBpp0308766	FBgn0260005	wtrw
FBpp0298831	FBgn0264695	Mhc
FBpp0291041	FBgn0264695	Mhc
FBpp0080463	FBgn0264695	Mhc
FBpp0080455	FBgn0264695	Mhc
FBpp0080456	FBgn0264695	Mhc
FBpp0080453	FBgn0264695	Mhc
FBpp0312323	FBgn0264695	Mhc
FBpp0080457	FBgn0264695	Mhc
FBpp0298830	FBgn0264695	Mhc
FBpp0291043	FBgn0264695	Mhc
FBpp0080458	FBgn0264695	Mhc
FBpp0080464	FBgn0264695	Mhc
FBpp0080452	FBgn0264695	Mhc
FBpp0080462	FBgn0264695	Mhc
FBpp0298827	FBgn0264695	Mhc
FBpp0298829	FBgn0264695	Mhc
FBpp0080454	FBgn0264695	Mhc
FBpp0291042	FBgn0264695	Mhc
FBpp0080459	FBgn0264695	Mhc
FBpp0080460	FBgn0264695	Mhc
FBpp0298828	FBgn0264695	Mhc
FBpp0085829	FBgn0034380	Vps51
FBpp0075082	FBgn0004108	Nrt
FBpp0075081	FBgn0004108	Nrt
FBpp0292987	FBgn0004108	Nrt
FBpp0423268	FBgn0261386	Gpa2
FBpp0075503	FBgn0001216	Hsc70-1
FBpp0075504	FBgn0001216	Hsc70-1
FBpp0075505	FBgn0001216	Hsc70-1
FBpp0306147	FBgn0003169	put
FBpp0303260	FBgn0003169	put
FBpp0082436	FBgn0003169	put
FBpp0086616	FBgn0033935	Sin1
FBpp0290350	FBgn0031976	CG7367
FBpp0290351	FBgn0031976	CG7367
FBpp0297144	FBgn0031976	CG7367
FBpp0080676	FBgn0032724	CG10428
FBpp0304688	FBgn0032002	CG8353
FBpp0079214	FBgn0032002	CG8353
FBpp0110403	FBgn0046692	Stlk
FBpp0300967	FBgn0046692	Stlk
FBpp0075537	FBgn0026376	Rgl
FBpp0075538	FBgn0026376	Rgl
FBpp0075536	FBgn0026376	Rgl
FBpp0303219	FBgn0026376	Rgl
FBpp0075535	FBgn0026376	Rgl
FBpp0075383	FBgn0047338	CG32148
FBpp0087638	FBgn0033408	ODA-Dnal1
FBpp0080384	FBgn0040079	pkaap
FBpp0112018	FBgn0034716	Oatp58Dc
FBpp0290691	FBgn0034716	Oatp58Dc
FBpp0071690	FBgn0034716	Oatp58Dc
FBpp0076642	FBgn0250849	CG32388
FBpp0305564	FBgn0052432	CG32432
FBpp0077926	FBgn0052432	CG32432
FBpp0079977	FBgn0032447	PICK1
FBpp0309443	FBgn0032447	PICK1
FBpp0079976	FBgn0032447	PICK1
FBpp0309442	FBgn0032447	PICK1
FBpp0309441	FBgn0032447	PICK1
FBpp0297548	FBgn0035611	CG13285
FBpp0076847	FBgn0035611	CG13285
FBpp0079479	FBgn0032166	CG4619
FBpp0289777	FBgn0032166	CG4619
FBpp0305789	FBgn0085420	DIP-delta
FBpp0288451	FBgn0085420	DIP-delta
FBpp0305788	FBgn0085420	DIP-delta
FBpp0303528	FBgn0032938	CG8671
FBpp0312114	FBgn0032938	CG8671
FBpp0081013	FBgn0032938	CG8671
FBpp0081012	FBgn0032938	CG8671
FBpp0113094	FBgn0032938	CG8671
FBpp0303529	FBgn0032938	CG8671
FBpp0303530	FBgn0032938	CG8671
FBpp0081201	FBgn0037456	CG1138
FBpp0311116	FBgn0031981	Megf8
FBpp0311117	FBgn0031981	Megf8
FBpp0084739	FBgn0039636	Atg14
FBpp0083958	FBgn0266282	SMC6
FBpp0306015	FBgn0035981	CG4452
FBpp0088493	FBgn0035981	CG4452
FBpp0081035	FBgn0032910	CG9265
FBpp0303796	FBgn0032910	CG9265
FBpp0303794	FBgn0032910	CG9265
FBpp0303795	FBgn0032910	CG9265
FBpp0076745	FBgn0052406	PVRAP
FBpp0071402	FBgn0052686	CG32686
FBpp0071401	FBgn0052686	CG32686
FBpp0081284	FBgn0288846	unc-45
FBpp0312575	FBgn0288846	unc-45
FBpp0110478	FBgn0262117	IntS3
FBpp0079653	FBgn0032213	CG5390
FBpp0311172	FBgn0032213	CG5390
FBpp0311416	FBgn0250830	CG12547
FBpp0110543	FBgn0250830	CG12547
FBpp0302877	FBgn0250830	CG12547
FBpp0071893	FBgn0034814	CG9890
FBpp0307464	FBgn0014179	gcm
FBpp0079451	FBgn0014179	gcm
FBpp0297521	FBgn0035132	mthl10
FBpp0072471	FBgn0035132	mthl10
FBpp0306034	FBgn0035132	mthl10
FBpp0297519	FBgn0035132	mthl10
FBpp0306035	FBgn0035132	mthl10
FBpp0297520	FBgn0035132	mthl10
FBpp0072472	FBgn0035132	mthl10
FBpp0099475	FBgn0034417	CG15117
FBpp0309400	FBgn0034417	CG15117
FBpp0309399	FBgn0034417	CG15117
FBpp0085777	FBgn0034417	CG15117
FBpp0085778	FBgn0034417	CG15117
FBpp0309401	FBgn0034417	CG15117
FBpp0310806	FBgn0266441	CG45071
FBpp0310805	FBgn0266441	CG45071
FBpp0091114	FBgn0053869	His4:CG33869
FBpp0293418	FBgn0262540	CG43094
FBpp0072854	FBgn0052484	Sk2
FBpp0084639	FBgn0039557	CG12259
FBpp0077314	FBgn0031478	CG8814
FBpp0307728	FBgn0051050	CG31050
FBpp0084686	FBgn0051050	CG31050
FBpp0079116	FBgn0031950	Herp
FBpp0310049	FBgn0031950	Herp
FBpp0309451	FBgn0261871	dpr2
FBpp0309452	FBgn0261871	dpr2
FBpp0311192	FBgn0004839	otk
FBpp0087135	FBgn0004839	otk
FBpp0289421	FBgn0031968	CG7231
FBpp0297432	FBgn0031968	CG7231
FBpp0289422	FBgn0031968	CG7231
FBpp0079153	FBgn0031968	CG7231
FBpp0077053	FBgn0031197	CG17601
FBpp0079668	FBgn0011305	Rsf1
FBpp0305603	FBgn0011305	Rsf1
FBpp0309343	FBgn0030507	CG11164
FBpp0073640	FBgn0030507	CG11164
FBpp0070846	FBgn0052750	CG32750
FBpp0086322	FBgn0034113	CG8060
FBpp0082458	FBgn0067629	CG33332
FBpp0304022	FBgn0032162	CG4592
FBpp0079475	FBgn0032162	CG4592
FBpp0071686	FBgn0034708	Vps35
FBpp0071685	FBgn0034708	Vps35
FBpp0081989	FBgn0037960	mthl5
FBpp0310692	FBgn0037960	mthl5
FBpp0304842	FBgn0040285	Scamp
FBpp0073895	FBgn0040285	Scamp
FBpp0304843	FBgn0040285	Scamp
FBpp0271809	FBgn0038676	CG6026
FBpp0081601	FBgn0267790	rump
FBpp0293226	FBgn0267790	rump
FBpp0081617	FBgn0037754	CG8500
FBpp0312544	FBgn0037754	CG8500
FBpp0291517	FBgn0038001	CG17404
FBpp0083715	FBgn0039020	CG17141
FBpp0078084	FBgn0037117	CG11248
FBpp0078085	FBgn0037117	CG11248
FBpp0306088	FBgn0037117	CG11248
FBpp0290027	FBgn0038809	CG16953
FBpp0071424	FBgn0003204	ras
FBpp0423162	FBgn0003204	ras
FBpp0304573	FBgn0003204	ras
FBpp0071423	FBgn0003204	ras
FBpp0309791	FBgn0003204	ras
FBpp0076924	FBgn0064116	anox
FBpp0076922	FBgn0064116	anox
FBpp0078254	FBgn0037422	Osi13
FBpp0288402	FBgn0036594	CG13047
FBpp0307746	FBgn0051550	CG31550
FBpp0112321	FBgn0051550	CG31550
FBpp0078333	FBgn0051550	CG31550
FBpp0352245	FBgn0051550	CG31550
FBpp0072439	FBgn0040688	CG12483
FBpp0072431	FBgn0035106	rno
FBpp0294000	FBgn0035106	rno
FBpp0293999	FBgn0035106	rno
FBpp0074970	FBgn0036735	Edc3
FBpp0078414	FBgn0025825	HDAC3
FBpp0309204	FBgn0000120	Arr1
FBpp0080583	FBgn0000120	Arr1
FBpp0298351	FBgn0000120	Arr1
FBpp0083135	FBgn0038666	Smu1
FBpp0293232	FBgn0038666	Smu1
FBpp0293233	FBgn0038666	Smu1
FBpp0304021	FBgn0032161	CG4594
FBpp0079474	FBgn0032161	CG4594
FBpp0072621	FBgn0041342	Pcyt1
FBpp0311519	FBgn0041342	Pcyt1
FBpp0072624	FBgn0041342	Pcyt1
FBpp0305588	FBgn0041342	Pcyt1
FBpp0072623	FBgn0041342	Pcyt1
FBpp0072622	FBgn0041342	Pcyt1
FBpp0088211	FBgn0051999	CG31999
FBpp0311184	FBgn0051999	CG31999
FBpp0292353	FBgn0038391	GATAe
FBpp0082672	FBgn0038391	GATAe
FBpp0292352	FBgn0038391	GATAe
FBpp0080271	FBgn0045842	yuri
FBpp0373666	FBgn0045842	yuri
FBpp0080269	FBgn0045842	yuri
FBpp0373665	FBgn0045842	yuri
FBpp0307816	FBgn0045842	yuri
FBpp0080272	FBgn0045842	yuri
FBpp0290154	FBgn0045842	yuri
FBpp0307817	FBgn0045842	yuri
FBpp0075793	FBgn0026432	Grip163
FBpp0303360	FBgn0042135	Gdap2
FBpp0297349	FBgn0042135	Gdap2
FBpp0088010	FBgn0042135	Gdap2
FBpp0088009	FBgn0042135	Gdap2
FBpp0088011	FBgn0042135	Gdap2
FBpp0303359	FBgn0042135	Gdap2
FBpp0080554	FBgn0286781	cass
FBpp0302914	FBgn0020767	Spred
FBpp0086597	FBgn0020767	Spred
FBpp0302915	FBgn0020767	Spred
FBpp0303405	FBgn0028692	Rpn2
FBpp0084754	FBgn0028692	Rpn2
FBpp0306599	FBgn0028692	Rpn2
FBpp0083985	FBgn0039178	CG6356
FBpp0300887	FBgn0037040	CG12983
FBpp0305480	FBgn0037040	CG12983
FBpp0113109	FBgn0037040	CG12983
FBpp0113110	FBgn0037040	CG12983
FBpp0113108	FBgn0037040	CG12983
FBpp0290364	FBgn0035945	CG5026
FBpp0076243	FBgn0035945	CG5026
FBpp0076242	FBgn0035945	CG5026
FBpp0080518	FBgn0046888	Grl36a
FBpp0423072	FBgn0085263	CG34234
FBpp0082080	FBgn0038018	Tim17a1
FBpp0310761	FBgn0038018	Tim17a1
FBpp0075761	FBgn0036207	CG10907
FBpp0086791	FBgn0033848	CG13330
FBpp0072529	FBgn0004429	LysP
FBpp0073733	FBgn0030569	CG9411
FBpp0085568	FBgn0050147	Hil
FBpp0085567	FBgn0050147	Hil
FBpp0080828	FBgn0032819	Dus3
FBpp0302895	FBgn0263934	esn
FBpp0302897	FBgn0263934	esn
FBpp0302896	FBgn0263934	esn
FBpp0302894	FBgn0263934	esn
FBpp0075937	FBgn0036124	Noc1
FBpp0074391	FBgn0030936	CG6481
FBpp0428464	FBgn0288729	CG46504
FBpp0297513	FBgn0028689	Rpn6
FBpp0086604	FBgn0028689	Rpn6
FBpp0086603	FBgn0028689	Rpn6
FBpp0306658	FBgn0038363	Acyp2
FBpp0082628	FBgn0038363	Acyp2
FBpp0071732	FBgn0025878	wrapper
FBpp0291644	FBgn0053125	CG33125
FBpp0304789	FBgn0053125	CG33125
FBpp0288561	FBgn0034507	CG11192
FBpp0084247	FBgn0039291	Saysd1
FBpp0083745	FBgn0039052	CG6733
FBpp0086075	FBgn0034221	CG10764
FBpp0309848	FBgn0037612	CG8112
FBpp0293881	FBgn0037612	CG8112
FBpp0293880	FBgn0037612	CG8112
FBpp0080800	FBgn0032814	CG10366
FBpp0292518	FBgn0040607	CG14244
FBpp0290392	FBgn0262598	mtsh
FBpp0290393	FBgn0262598	mtsh
FBpp0305686	FBgn0264574	Glut1
FBpp0311739	FBgn0264574	Glut1
FBpp0305690	FBgn0264574	Glut1
FBpp0305688	FBgn0264574	Glut1
FBpp0312585	FBgn0264574	Glut1
FBpp0305689	FBgn0264574	Glut1
FBpp0305685	FBgn0264574	Glut1
FBpp0305692	FBgn0264574	Glut1
FBpp0305677	FBgn0264574	Glut1
FBpp0305680	FBgn0264574	Glut1
FBpp0305691	FBgn0264574	Glut1
FBpp0305687	FBgn0264574	Glut1
FBpp0311738	FBgn0264574	Glut1
FBpp0305682	FBgn0264574	Glut1
FBpp0305681	FBgn0264574	Glut1
FBpp0305683	FBgn0264574	Glut1
FBpp0305693	FBgn0264574	Glut1
FBpp0305679	FBgn0264574	Glut1
FBpp0305684	FBgn0264574	Glut1
FBpp0305678	FBgn0264574	Glut1
FBpp0310711	FBgn0030984	tgy
FBpp0288714	FBgn0030984	tgy
FBpp0087643	FBgn0025709	CNT2
FBpp0089107	FBgn0025709	CNT2
FBpp0089108	FBgn0025709	CNT2
FBpp0075796	FBgn0028573	prc
FBpp0085530	FBgn0033104	CG15237
FBpp0298280	FBgn0023216	Parg
FBpp0298281	FBgn0023216	Parg
FBpp0083146	FBgn0002962	nanos
FBpp0307025	FBgn0002962	nanos
FBpp0074104	FBgn0030786	mRpL22
FBpp0085899	FBgn0028496	CG30116
FBpp0085897	FBgn0028496	CG30116
FBpp0085900	FBgn0028496	CG30116
FBpp0085898	FBgn0028496	CG30116
FBpp0297730	FBgn0262982	CG43290
FBpp0291063	FBgn0085442	NKAIN
FBpp0293593	FBgn0085442	NKAIN
FBpp0310104	FBgn0085442	NKAIN
FBpp0291061	FBgn0085442	NKAIN
FBpp0291064	FBgn0085442	NKAIN
FBpp0291062	FBgn0085442	NKAIN
FBpp0291065	FBgn0085442	NKAIN
FBpp0072874	FBgn0266918	CG32486
FBpp0289673	FBgn0032914	CG14397
FBpp0292195	FBgn0261681	CG42728
FBpp0083964	FBgn0039157	Myo95E
FBpp0099956	FBgn0039157	Myo95E
FBpp0099957	FBgn0039157	Myo95E
FBpp0083963	FBgn0039157	Myo95E
FBpp0302593	FBgn0039157	Myo95E
FBpp0099958	FBgn0039157	Myo95E
FBpp0073280	FBgn0003360	sesB
FBpp0312078	FBgn0003360	sesB
FBpp0073279	FBgn0003360	sesB
FBpp0073278	FBgn0003360	sesB
FBpp0073277	FBgn0003360	sesB
FBpp0072331	FBgn0028738	ETH
FBpp0290236	FBgn0054039	CG34039
FBpp0297217	FBgn0262843	CG43207
FBpp0080602	FBgn0032670	CG5783
FBpp0308593	FBgn0036170	CG11714
FBpp0075887	FBgn0036170	CG11714
FBpp0312399	FBgn0036170	CG11714
FBpp0308315	FBgn0038494	beat-IIb
FBpp0082852	FBgn0038494	beat-IIb
FBpp0084918	FBgn0016685	Nlp
FBpp0306756	FBgn0016685	Nlp
FBpp0087307	FBgn0033540	Elp2
FBpp0086056	FBgn0004400	rhi
FBpp0302687	FBgn0028399	Serinc
FBpp0303601	FBgn0028399	Serinc
FBpp0302690	FBgn0028399	Serinc
FBpp0075147	FBgn0028399	Serinc
FBpp0302688	FBgn0028399	Serinc
FBpp0302689	FBgn0028399	Serinc
FBpp0085099	FBgn0039821	Ktch
FBpp0301140	FBgn0039821	Ktch
FBpp0301139	FBgn0039821	Ktch
FBpp0083961	FBgn0039160	CG5510
FBpp0306957	FBgn0262124	uex
FBpp0291437	FBgn0262124	uex
FBpp0312292	FBgn0262124	uex
FBpp0291436	FBgn0262124	uex
FBpp0073085	FBgn0035519	CG1309
FBpp0087908	FBgn0003317	sax
FBpp0087909	FBgn0003317	sax
FBpp0300982	FBgn0003317	sax
FBpp0084241	FBgn0039304	Kdsr
FBpp0074360	FBgn0053639	CG33639
FBpp0292039	FBgn0053639	CG33639
FBpp0292040	FBgn0053639	CG33639
FBpp0304653	FBgn0053639	CG33639
FBpp0070188	FBgn0040343	CG3713
FBpp0302607	FBgn0040343	CG3713
FBpp0083816	FBgn0039083	CG10177
FBpp0087346	FBgn0033550	CG12341
FBpp0308814	FBgn0030247	CG15208
FBpp0312028	FBgn0030247	CG15208
FBpp0073239	FBgn0030247	CG15208
FBpp0087874	FBgn0050371	CG30371
FBpp0301152	FBgn0000308	chic
FBpp0078866	FBgn0000308	chic
FBpp0078865	FBgn0000308	chic
FBpp0089196	FBgn0000308	chic
FBpp0301151	FBgn0000308	chic
FBpp0078864	FBgn0000308	chic
FBpp0308291	FBgn0000150	awd
FBpp0312191	FBgn0000150	awd
FBpp0311978	FBgn0000150	awd
FBpp0074399	FBgn0030927	CG15046
FBpp0074121	FBgn0030802	DENR
FBpp0302657	FBgn0030802	DENR
FBpp0081873	FBgn0037906	PGRP-LB
FBpp0297235	FBgn0037906	PGRP-LB
FBpp0081874	FBgn0037906	PGRP-LB
FBpp0297234	FBgn0037906	PGRP-LB
FBpp0081872	FBgn0037906	PGRP-LB
FBpp0297236	FBgn0037906	PGRP-LB
FBpp0074105	FBgn0030788	Sap30
FBpp0310514	FBgn0030788	Sap30
FBpp0085282	FBgn0032966	CG1421
FBpp0074047	FBgn0004367	mei-41
FBpp0086978	FBgn0033773	Mos
FBpp0076307	FBgn0052024	CG32024
FBpp0086703	FBgn0033911	VGAT
FBpp0071135	FBgn0030015	CG10761
FBpp0077957	FBgn0037057	CG10512
FBpp0077955	FBgn0037057	CG10512
FBpp0077954	FBgn0037057	CG10512
FBpp0077956	FBgn0037057	CG10512
FBpp0087129	FBgn0033679	CG8888
FBpp0071967	FBgn0261786	mi
FBpp0291534	FBgn0036569	IleRS-m
FBpp0078673	FBgn0031668	CG31917
FBpp0083704	FBgn0039025	Usp12-46
FBpp0309667	FBgn0030941	wgn
FBpp0074388	FBgn0030941	wgn
FBpp0304046	FBgn0032974	CG3651
FBpp0304045	FBgn0032974	CG3651
FBpp0304047	FBgn0032974	CG3651
FBpp0423255	FBgn0052220	Csas
FBpp0311650	FBgn0011694	EbpII
FBpp0072357	FBgn0011694	EbpII
FBpp0312344	FBgn0003374	Sgs4
FBpp0305118	FBgn0040941	CG15308
FBpp0289350	FBgn0040941	CG15308
FBpp0081996	FBgn0037955	Kyat
FBpp0081994	FBgn0037955	Kyat
FBpp0081993	FBgn0037955	Kyat
FBpp0081995	FBgn0037955	Kyat
FBpp0074599	FBgn0024814	Clc
FBpp0290037	FBgn0024814	Clc
FBpp0290348	FBgn0024814	Clc
FBpp0305007	FBgn0024814	Clc
FBpp0307788	FBgn0261058	Sfp38D
FBpp0291150	FBgn0261058	Sfp38D
FBpp0080629	FBgn0032691	Atac2
FBpp0086194	FBgn0034165	CG6435
FBpp0073711	FBgn0052603	CG32603
FBpp0306153	FBgn0030748	Traf-like
FBpp0074049	FBgn0030748	Traf-like
FBpp0074051	FBgn0030748	Traf-like
FBpp0306152	FBgn0030748	Traf-like
FBpp0300831	FBgn0030748	Traf-like
FBpp0074050	FBgn0030748	Traf-like
FBpp0300830	FBgn0030748	Traf-like
FBpp0311550	FBgn0034432	Acadvl
FBpp0289511	FBgn0034432	Acadvl
FBpp0307034	FBgn0038073	CG14395
FBpp0307039	FBgn0038073	CG14395
FBpp0307035	FBgn0038073	CG14395
FBpp0307038	FBgn0038073	CG14395
FBpp0302733	FBgn0038073	CG14395
FBpp0307037	FBgn0038073	CG14395
FBpp0307036	FBgn0038073	CG14395
FBpp0289993	FBgn0038073	CG14395
FBpp0307751	FBgn0259244	CG42342
FBpp0307756	FBgn0259244	CG42342
FBpp0307755	FBgn0259244	CG42342
FBpp0292667	FBgn0259244	CG42342
FBpp0307757	FBgn0259244	CG42342
FBpp0307758	FBgn0259244	CG42342
FBpp0307754	FBgn0259244	CG42342
FBpp0307753	FBgn0259244	CG42342
FBpp0289172	FBgn0259244	CG42342
FBpp0307752	FBgn0259244	CG42342
FBpp0293542	FBgn0259244	CG42342
FBpp0293543	FBgn0259244	CG42342
FBpp0076842	FBgn0010894	sinu
FBpp0308266	FBgn0050377	CG30377
FBpp0087920	FBgn0050377	CG30377
FBpp0073089	FBgn0035526	CG1316
FBpp0291365	FBgn0054002	CG34002
FBpp0072965	FBgn0052277	CG32277
FBpp0312120	FBgn0267255	CG45691
FBpp0303845	FBgn0038098	CG7381
FBpp0303846	FBgn0038098	CG7381
FBpp0290437	FBgn0038098	CG7381
FBpp0082195	FBgn0038098	CG7381
FBpp0082194	FBgn0038098	CG7381
FBpp0079428	FBgn0032124	CG17855
FBpp0085501	FBgn0053349	ppk25
FBpp0300795	FBgn0031055	et
FBpp0300794	FBgn0031055	et
FBpp0081549	FBgn0037712	CG16789
FBpp0305029	FBgn0037712	CG16789
FBpp0070202	FBgn0024362	Naa30A
FBpp0302739	FBgn0024362	Naa30A
FBpp0077438	FBgn0031412	CG16995
FBpp0428244	FBgn0036747	CG6052
FBpp0290924	FBgn0032305	CG6700
FBpp0079776	FBgn0032305	CG6700
FBpp0078769	FBgn0051913	CG31913
FBpp0297298	FBgn0004859	ci
FBpp0300417	FBgn0004859	ci
FBpp0088245	FBgn0004859	ci
FBpp0091151	FBgn0053906	His2B:CG33906
FBpp0428197	FBgn0287589	CG46459
FBpp0085744	FBgn0034430	mip40
FBpp0086902	FBgn0033782	sug
FBpp0304310	FBgn0033782	sug
FBpp0289297	FBgn0016076	vri
FBpp0078706	FBgn0016076	vri
FBpp0312171	FBgn0016076	vri
FBpp0309715	FBgn0016076	vri
FBpp0078705	FBgn0016076	vri
FBpp0428183	FBgn0261554	Arms
FBpp0428186	FBgn0261554	Arms
FBpp0428187	FBgn0261554	Arms
FBpp0428188	FBgn0261554	Arms
FBpp0309686	FBgn0261554	Arms
FBpp0291843	FBgn0261554	Arms
FBpp0428184	FBgn0261554	Arms
FBpp0428185	FBgn0261554	Arms
FBpp0291847	FBgn0261554	Arms
FBpp0291841	FBgn0261554	Arms
FBpp0291842	FBgn0261554	Arms
FBpp0291846	FBgn0261554	Arms
FBpp0309687	FBgn0261554	Arms
FBpp0310600	FBgn0261554	Arms
FBpp0310601	FBgn0261554	Arms
FBpp0291844	FBgn0261554	Arms
FBpp0091088	FBgn0053842	His3:CG33842
FBpp0086122	FBgn0263864	Dark
FBpp0086121	FBgn0263864	Dark
FBpp0083420	FBgn0250820	meigo
FBpp0112171	FBgn0250820	meigo
FBpp0082235	FBgn0038143	CG9813
FBpp0082236	FBgn0038143	CG9813
FBpp0082238	FBgn0038143	CG9813
FBpp0307437	FBgn0038143	CG9813
FBpp0082237	FBgn0038143	CG9813
FBpp0082234	FBgn0038143	CG9813
FBpp0082233	FBgn0038143	CG9813
FBpp0077715	FBgn0263933	ebi
FBpp0081440	FBgn0037648	CG11975
FBpp0307729	FBgn0037648	CG11975
FBpp0289991	FBgn0004554	Edg91
FBpp0082926	FBgn0004554	Edg91
FBpp0077090	FBgn0041150	hoe1
FBpp0311695	FBgn0041150	hoe1
FBpp0077088	FBgn0041150	hoe1
FBpp0307798	FBgn0041150	hoe1
FBpp0077089	FBgn0041150	hoe1
FBpp0077091	FBgn0041150	hoe1
FBpp0077086	FBgn0041150	hoe1
FBpp0077087	FBgn0041150	hoe1
FBpp0307797	FBgn0041150	hoe1
FBpp0085620	FBgn0287775	18w
FBpp0291564	FBgn0039406	RpL34a
FBpp0084346	FBgn0039406	RpL34a
FBpp0084345	FBgn0039406	RpL34a
FBpp0308420	FBgn0040684	CG12589
FBpp0078484	FBgn0040684	CG12589
FBpp0308421	FBgn0040684	CG12589
FBpp0290209	FBgn0051974	CG31974
FBpp0303495	FBgn0051974	CG31974
FBpp0303494	FBgn0051974	CG31974
FBpp0081613	FBgn0037751	topi
FBpp0099444	FBgn0054033	CG34033
FBpp0311226	FBgn0030975	SdhBL
FBpp0074419	FBgn0030975	SdhBL
FBpp0073257	FBgn0052670	Rab9Fb
FBpp0081552	FBgn0037718	P58IPK
FBpp0307578	FBgn0265042	Irk1
FBpp0307580	FBgn0265042	Irk1
FBpp0307582	FBgn0265042	Irk1
FBpp0307579	FBgn0265042	Irk1
FBpp0307577	FBgn0265042	Irk1
FBpp0307581	FBgn0265042	Irk1
FBpp0307576	FBgn0265042	Irk1
FBpp0099465	FBgn0054054	CG34054
FBpp0312221	FBgn0028526	CG15293
FBpp0080177	FBgn0028526	CG15293
FBpp0090954	FBgn0053523	CG33523
FBpp0090955	FBgn0053523	CG33523
FBpp0303152	FBgn0053523	CG33523
FBpp0297475	FBgn0053523	CG33523
FBpp0090956	FBgn0053523	CG33523
FBpp0090957	FBgn0053523	CG33523
FBpp0075312	FBgn0087035	AGO2
FBpp0304266	FBgn0087035	AGO2
FBpp0075313	FBgn0087035	AGO2
FBpp0081982	FBgn0260744	Tango9
FBpp0312478	FBgn0260744	Tango9
FBpp0303630	FBgn0085476	CG34447
FBpp0111663	FBgn0085476	CG34447
FBpp0089325	FBgn0003023	otu
FBpp0305351	FBgn0003023	otu
FBpp0071180	FBgn0003023	otu
FBpp0305352	FBgn0003023	otu
FBpp0071181	FBgn0003023	otu
FBpp0301272	FBgn0085387	shakB
FBpp0111484	FBgn0085387	shakB
FBpp0301271	FBgn0085387	shakB
FBpp0113137	FBgn0085387	shakB
FBpp0309671	FBgn0085387	shakB
FBpp0111483	FBgn0085387	shakB
FBpp0111481	FBgn0085387	shakB
FBpp0111482	FBgn0085387	shakB
FBpp0304962	FBgn0037093	Cdk12
FBpp0078014	FBgn0037093	Cdk12
FBpp0078013	FBgn0037093	Cdk12
FBpp0289021	FBgn0265998	Doa
FBpp0289029	FBgn0265998	Doa
FBpp0289028	FBgn0265998	Doa
FBpp0300823	FBgn0265998	Doa
FBpp0300822	FBgn0265998	Doa
FBpp0289023	FBgn0265998	Doa
FBpp0300824	FBgn0265998	Doa
FBpp0289027	FBgn0265998	Doa
FBpp0289020	FBgn0265998	Doa
FBpp0289025	FBgn0265998	Doa
FBpp0289030	FBgn0265998	Doa
FBpp0428182	FBgn0265998	Doa
FBpp0289031	FBgn0265998	Doa
FBpp0289022	FBgn0265998	Doa
FBpp0289026	FBgn0265998	Doa
FBpp0078770	FBgn0031740	CG7239
FBpp0076314	FBgn0035931	CG13312
FBpp0070730	FBgn0026751	XRCC1
FBpp0308956	FBgn0058002	ND-AGGG
FBpp0112496	FBgn0058002	ND-AGGG
FBpp0099954	FBgn0264491	how
FBpp0083576	FBgn0264491	how
FBpp0307182	FBgn0264491	how
FBpp0083575	FBgn0264491	how
FBpp0290616	FBgn0264491	how
FBpp0290615	FBgn0264491	how
FBpp0289842	FBgn0028645	beat-Ib
FBpp0080366	FBgn0028645	beat-Ib
FBpp0082479	FBgn0038256	CG7530
FBpp0082478	FBgn0038256	CG7530
FBpp0305475	FBgn0038256	CG7530
FBpp0082480	FBgn0038256	CG7530
FBpp0086855	FBgn0033813	fsd
FBpp0079090	FBgn0031913	CG5958
FBpp0087872	FBgn0050369	CG30369
FBpp0074382	FBgn0030947	CG6696
FBpp0082147	FBgn0013277	Hsp70Ba
FBpp0080943	FBgn0032884	Pomp
FBpp0077998	FBgn0037073	Tsr1
FBpp0110070	FBgn0038431	CG10405
FBpp0306666	FBgn0039183	Dis3
FBpp0083989	FBgn0039183	Dis3
FBpp0312062	FBgn0266581	pit
FBpp0083572	FBgn0266581	pit
FBpp0083573	FBgn0266581	pit
FBpp0089263	FBgn0010240	Lcch3
FBpp0070037	FBgn0010215	alpha-Cat
FBpp0308926	FBgn0010215	alpha-Cat
FBpp0088101	FBgn0033132	Tsp42Ej
FBpp0071242	FBgn0030103	Obp8a
FBpp0297197	FBgn0262811	CG43182
FBpp0084288	FBgn0011668	Mst57Da
FBpp0079215	FBgn0032003	CG8349
FBpp0111410	FBgn0085330	CG34301
FBpp0072533	FBgn0004431	LysX
FBpp0310346	FBgn0031484	CG3165
FBpp0077327	FBgn0031484	CG3165
FBpp0076189	FBgn0035995	CG3529
FBpp0303973	FBgn0035995	CG3529
FBpp0303972	FBgn0035995	CG3529
FBpp0086284	FBgn0050100	CG30100
FBpp0309036	FBgn0050100	CG30100
FBpp0309305	FBgn0030662	Chsy
FBpp0073880	FBgn0030662	Chsy
FBpp0083967	FBgn0267339	p38c
FBpp0110244	FBgn0083972	CG34136
FBpp0078234	FBgn0037402	Vha14-2
FBpp0301284	FBgn0037402	Vha14-2
FBpp0301285	FBgn0037402	Vha14-2
FBpp0309028	FBgn0037646	CAHbeta
FBpp0081438	FBgn0037646	CAHbeta
FBpp0293508	FBgn0262529	CG43083
FBpp0083356	FBgn0038805	TFAM
FBpp0083355	FBgn0038805	TFAM
FBpp0076853	FBgn0035610	Lkr
FBpp0288705	FBgn0029158	Las
FBpp0307833	FBgn0250903	lmgA
FBpp0079303	FBgn0250903	lmgA
FBpp0111655	FBgn0250903	lmgA
FBpp0305611	FBgn0250903	lmgA
FBpp0293159	FBgn0010905	Spn
FBpp0293160	FBgn0010905	Spn
FBpp0293158	FBgn0010905	Spn
FBpp0293156	FBgn0010905	Spn
FBpp0311289	FBgn0010905	Spn
FBpp0293163	FBgn0010905	Spn
FBpp0293157	FBgn0010905	Spn
FBpp0293161	FBgn0010905	Spn
FBpp0293162	FBgn0010905	Spn
FBpp0293155	FBgn0010905	Spn
FBpp0311290	FBgn0010905	Spn
FBpp0300331	FBgn0030409	CG15728
FBpp0073507	FBgn0030409	CG15728
FBpp0308709	FBgn0037993	dpr15
FBpp0082022	FBgn0037993	dpr15
FBpp0289535	FBgn0259961	CG42471
FBpp0077115	FBgn0028482	bdl
FBpp0303904	FBgn0264307	orb2
FBpp0303902	FBgn0264307	orb2
FBpp0303901	FBgn0264307	orb2
FBpp0423157	FBgn0264307	orb2
FBpp0423158	FBgn0264307	orb2
FBpp0303903	FBgn0264307	orb2
FBpp0303905	FBgn0264307	orb2
FBpp0083956	FBgn0011725	twin
FBpp0083952	FBgn0011725	twin
FBpp0083951	FBgn0011725	twin
FBpp0083953	FBgn0011725	twin
FBpp0083955	FBgn0011725	twin
FBpp0083954	FBgn0011725	twin
FBpp0076421	FBgn0035857	CG8006
FBpp0075965	FBgn0020412	JIL-1
FBpp0075966	FBgn0020412	JIL-1
FBpp0304953	FBgn0020412	JIL-1
FBpp0082832	FBgn0038471	Trm7-32
FBpp0079349	FBgn0004914	Hnf4
FBpp0079350	FBgn0004914	Hnf4
FBpp0307616	FBgn0004914	Hnf4
FBpp0111759	FBgn0004914	Hnf4
FBpp0311113	FBgn0004914	Hnf4
FBpp0300205	FBgn0030913	kairos
FBpp0074350	FBgn0030913	kairos
FBpp0085157	FBgn0039854	CG1635
FBpp0111392	FBgn0085311	CG34282
FBpp0312473	FBgn0085311	CG34282
FBpp0076875	FBgn0052423	shep
FBpp0076876	FBgn0052423	shep
FBpp0301014	FBgn0052423	shep
FBpp0305483	FBgn0052423	shep
FBpp0305484	FBgn0052423	shep
FBpp0076877	FBgn0052423	shep
FBpp0290814	FBgn0052423	shep
FBpp0305482	FBgn0052423	shep
FBpp0070226	FBgn0024365	CG12773
FBpp0304566	FBgn0024365	CG12773
FBpp0309606	FBgn0024365	CG12773
FBpp0099603	FBgn0051072	Lerp
FBpp0306425	FBgn0051072	Lerp
FBpp0084467	FBgn0051072	Lerp
FBpp0290161	FBgn0051072	Lerp
FBpp0087153	FBgn0053145	GalT1
FBpp0087154	FBgn0053145	GalT1
FBpp0305030	FBgn0037713	CG16790
FBpp0081590	FBgn0037713	CG16790
FBpp0310617	FBgn0263980	Stacl
FBpp0310611	FBgn0263980	Stacl
FBpp0303046	FBgn0263980	Stacl
FBpp0423271	FBgn0263980	Stacl
FBpp0303048	FBgn0263980	Stacl
FBpp0310614	FBgn0263980	Stacl
FBpp0310609	FBgn0263980	Stacl
FBpp0310612	FBgn0263980	Stacl
FBpp0310615	FBgn0263980	Stacl
FBpp0310610	FBgn0263980	Stacl
FBpp0303044	FBgn0263980	Stacl
FBpp0303047	FBgn0263980	Stacl
FBpp0303045	FBgn0263980	Stacl
FBpp0310613	FBgn0263980	Stacl
FBpp0310616	FBgn0263980	Stacl
FBpp0303051	FBgn0263980	Stacl
FBpp0423272	FBgn0263980	Stacl
FBpp0303042	FBgn0263980	Stacl
FBpp0083809	FBgn0039088	CG10164
FBpp0289812	FBgn0039088	CG10164
FBpp0088027	FBgn0004132	boca
FBpp0084016	FBgn0039182	Rrp5
FBpp0428425	FBgn0010352	Ogdh
FBpp0075023	FBgn0010352	Ogdh
FBpp0111773	FBgn0010352	Ogdh
FBpp0305416	FBgn0010352	Ogdh
FBpp0075027	FBgn0010352	Ogdh
FBpp0075026	FBgn0010352	Ogdh
FBpp0075029	FBgn0010352	Ogdh
FBpp0075024	FBgn0010352	Ogdh
FBpp0075028	FBgn0010352	Ogdh
FBpp0071726	FBgn0013272	Gp150
FBpp0309750	FBgn0013272	Gp150
FBpp0071727	FBgn0013272	Gp150
FBpp0309749	FBgn0013272	Gp150
FBpp0071729	FBgn0013272	Gp150
FBpp0071728	FBgn0013272	Gp150
FBpp0303755	FBgn0263220	Hk
FBpp0300310	FBgn0263220	Hk
FBpp0300314	FBgn0263220	Hk
FBpp0303756	FBgn0263220	Hk
FBpp0300311	FBgn0263220	Hk
FBpp0300312	FBgn0263220	Hk
FBpp0303754	FBgn0263220	Hk
FBpp0300315	FBgn0263220	Hk
FBpp0300313	FBgn0263220	Hk
FBpp0289621	FBgn0010315	CycD
FBpp0289620	FBgn0010315	CycD
FBpp0289622	FBgn0010315	CycD
FBpp0075124	FBgn0036643	Syx8
FBpp0086118	FBgn0050101	Vajk4
FBpp0072437	FBgn0263988	Dic61B
FBpp0072438	FBgn0263988	Dic61B
FBpp0075439	FBgn0036442	CG13473
FBpp0073807	FBgn0030581	CG14408
FBpp0309408	FBgn0030581	CG14408
FBpp0294031	FBgn0030581	CG14408
FBpp0308532	FBgn0030581	CG14408
FBpp0308533	FBgn0030581	CG14408
FBpp0288966	FBgn0259202	CG42306
FBpp0309339	FBgn0259202	CG42306
FBpp0288967	FBgn0259202	CG42306
FBpp0271852	FBgn0050464	Ir52d
FBpp0312606	FBgn0038839	Ktl
FBpp0083390	FBgn0038839	Ktl
FBpp0074443	FBgn0030999	Mur18B
FBpp0085577	FBgn0050145	Obp57e
FBpp0290550	FBgn0039932	fuss
FBpp0306687	FBgn0039932	fuss
FBpp0290551	FBgn0039932	fuss
FBpp0071263	FBgn0030120	CG17440
FBpp0111809	FBgn0020510	Abi
FBpp0082371	FBgn0020510	Abi
FBpp0297919	FBgn0020510	Abi
FBpp0308013	FBgn0020510	Abi
FBpp0297920	FBgn0020510	Abi
FBpp0308012	FBgn0020510	Abi
FBpp0304699	FBgn0025643	CG3588
FBpp0290283	FBgn0025643	CG3588
FBpp0290282	FBgn0025643	CG3588
FBpp0290281	FBgn0025643	CG3588
FBpp0290280	FBgn0025643	CG3588
FBpp0271773	FBgn0039331	ND-49L
FBpp0080311	FBgn0028370	kek3
FBpp0290072	FBgn0028370	kek3
FBpp0071245	FBgn0030107	CG15370
FBpp0301736	FBgn0033421	CG1888
FBpp0301734	FBgn0033421	CG1888
FBpp0087630	FBgn0033421	CG1888
FBpp0301735	FBgn0033421	CG1888
FBpp0288735	FBgn0004054	zen2
FBpp0081171	FBgn0004054	zen2
FBpp0304121	FBgn0026411	Lim1
FBpp0071216	FBgn0026411	Lim1
FBpp0306244	FBgn0264743	CG44001
FBpp0306242	FBgn0264743	CG44001
FBpp0306245	FBgn0264743	CG44001
FBpp0306243	FBgn0264743	CG44001
FBpp0306241	FBgn0264743	CG44001
FBpp0073569	FBgn0030459	CG12723
FBpp0303957	FBgn0037007	BNIP3
FBpp0077876	FBgn0037007	BNIP3
FBpp0077875	FBgn0037007	BNIP3
FBpp0077874	FBgn0037007	BNIP3
FBpp0077877	FBgn0037007	BNIP3
FBpp0087798	FBgn0040777	CG14767
FBpp0087799	FBgn0040777	CG14767
FBpp0087797	FBgn0040777	CG14767
FBpp0428405	FBgn0029728	CG2861
FBpp0428404	FBgn0029728	CG2861
FBpp0428406	FBgn0029728	CG2861
FBpp0304591	FBgn0029728	CG2861
FBpp0304592	FBgn0029728	CG2861
FBpp0070699	FBgn0029728	CG2861
FBpp0087297	FBgn0033578	BBS4
FBpp0308569	FBgn0033578	BBS4
FBpp0307945	FBgn0038428	Ttc1
FBpp0082765	FBgn0038428	Ttc1
FBpp0079854	FBgn0267327	Acp33A
FBpp0073012	FBgn0064227	Rdh
FBpp0075653	FBgn0036305	CG10984
FBpp0075651	FBgn0036305	CG10984
FBpp0075652	FBgn0036305	CG10984
FBpp0303944	FBgn0036305	CG10984
FBpp0071240	FBgn0030099	CG12056
FBpp0083489	FBgn0051438	CheB93b
FBpp0087335	FBgn0010356	Taf5
FBpp0079592	FBgn0032230	lft
FBpp0291652	FBgn0032230	lft
FBpp0289405	FBgn0013771	Cyp6a9
FBpp0070333	FBgn0023545	PIG-K
FBpp0070774	FBgn0029799	CG15772
FBpp0308791	FBgn0029799	CG15772
FBpp0311702	FBgn0051908	CG31908
FBpp0079057	FBgn0051908	CG31908
FBpp0079058	FBgn0051908	CG31908
FBpp0271918	FBgn0036892	Lon
FBpp0074735	FBgn0036892	Lon
FBpp0077595	FBgn0053128	CG33128
FBpp0079315	FBgn0032042	CG13398
FBpp0304312	FBgn0032042	CG13398
FBpp0306980	FBgn0259228	C3G
FBpp0289069	FBgn0259228	C3G
FBpp0289071	FBgn0259228	C3G
FBpp0289070	FBgn0259228	C3G
FBpp0309086	FBgn0259228	C3G
FBpp0289073	FBgn0259228	C3G
FBpp0289753	FBgn0259228	C3G
FBpp0306981	FBgn0259228	C3G
FBpp0306982	FBgn0259228	C3G
FBpp0289072	FBgn0259228	C3G
FBpp0086628	FBgn0033949	Had2
FBpp0402889	FBgn0284236	CG46320
FBpp0402890	FBgn0284236	CG46320
FBpp0076007	FBgn0052066	CG32066
FBpp0076006	FBgn0052066	CG32066
FBpp0311502	FBgn0036656	CG13026
FBpp0288817	FBgn0036656	CG13026
FBpp0080111	FBgn0024846	p38b
FBpp0091135	FBgn0053890	His2B:CG33890
FBpp0083083	FBgn0038641	ChT
FBpp0083084	FBgn0038641	ChT
FBpp0087589	FBgn0016970	l(2)k10201
FBpp0100005	FBgn0040658	CG13516
FBpp0309763	FBgn0040658	CG13516
FBpp0297769	FBgn0263035	CG43330
FBpp0073875	FBgn0030670	Pis
FBpp0073874	FBgn0030670	Pis
FBpp0084640	FBgn0053213	Boh1
FBpp0080260	FBgn0041713	yellow-c
FBpp0311705	FBgn0041713	yellow-c
FBpp0303185	FBgn0039427	CG5447
FBpp0084384	FBgn0039427	CG5447
FBpp0306215	FBgn0000045	Act79B
FBpp0078131	FBgn0000045	Act79B
FBpp0088554	FBgn0036900	CG8765
FBpp0304243	FBgn0036900	CG8765
FBpp0088555	FBgn0036900	CG8765
FBpp0076087	FBgn0036058	CG6707
FBpp0076086	FBgn0036058	CG6707
FBpp0076085	FBgn0036058	CG6707
FBpp0086785	FBgn0019928	Ser8
FBpp0082813	FBgn0038463	CG3534
FBpp0110181	FBgn0036493	CG7255
FBpp0110180	FBgn0036493	CG7255
FBpp0290403	FBgn0036493	CG7255
FBpp0306227	FBgn0036493	CG7255
FBpp0099766	FBgn0036493	CG7255
FBpp0075348	FBgn0261109	mrn
FBpp0111535	FBgn0085412	kmr
FBpp0306634	FBgn0085412	kmr
FBpp0111536	FBgn0085412	kmr
FBpp0306636	FBgn0085412	kmr
FBpp0302931	FBgn0085412	kmr
FBpp0306635	FBgn0085412	kmr
FBpp0288450	FBgn0085412	kmr
FBpp0302933	FBgn0085412	kmr
FBpp0302932	FBgn0085412	kmr
FBpp0111534	FBgn0085412	kmr
FBpp0082867	FBgn0038473	Ns1
FBpp0293959	FBgn0031285	CG3662
FBpp0099899	FBgn0031285	CG3662
FBpp0291122	FBgn0031285	CG3662
FBpp0077677	FBgn0031285	CG3662
FBpp0081042	FBgn0023091	dimm
FBpp0305546	FBgn0023091	dimm
FBpp0292856	FBgn0028581	mei-217
FBpp0293862	FBgn0034156	CG5348
FBpp0293861	FBgn0034156	CG5348
FBpp0073743	FBgn0030551	CG11674
FBpp0292079	FBgn0261614	CG42703
FBpp0071687	FBgn0034713	CG11291
FBpp0306192	FBgn0000629	E(z)
FBpp0271846	FBgn0000629	E(z)
FBpp0076008	FBgn0000629	E(z)
FBpp0074935	FBgn0052187	CG32187
FBpp0308312	FBgn0037670	Ibf1
FBpp0081457	FBgn0037670	Ibf1
FBpp0311793	FBgn0042712	HBS1
FBpp0072745	FBgn0042712	HBS1
FBpp0312042	FBgn0030261	CG15203
FBpp0073248	FBgn0030261	CG15203
FBpp0078152	FBgn0027086	IleRS
FBpp0078151	FBgn0027086	IleRS
FBpp0078150	FBgn0027086	IleRS
FBpp0290878	FBgn0039269	veli
FBpp0084162	FBgn0039269	veli
FBpp0085061	FBgn0039797	eIF4H2
FBpp0308596	FBgn0039797	eIF4H2
FBpp0074503	FBgn0031037	CG14207
FBpp0297990	FBgn0031037	CG14207
FBpp0311833	FBgn0031037	CG14207
FBpp0074502	FBgn0031037	CG14207
FBpp0072979	FBgn0035400	CG11537
FBpp0301174	FBgn0035400	CG11537
FBpp0112046	FBgn0035400	CG11537
FBpp0112045	FBgn0035400	CG11537
FBpp0306026	FBgn0035400	CG11537
FBpp0072978	FBgn0035400	CG11537
FBpp0072977	FBgn0035400	CG11537
FBpp0085675	FBgn0046880	Obp56b
FBpp0428478	FBgn0288744	CG46519
FBpp0076907	FBgn0020272	mst
FBpp0312074	FBgn0020272	mst
FBpp0075995	FBgn0036102	CG12523
FBpp0308845	FBgn0036102	CG12523
FBpp0076539	FBgn0052374	CG32374
FBpp0077758	FBgn0031248	CG11912
FBpp0293013	FBgn0259214	PMCA
FBpp0289784	FBgn0259214	PMCA
FBpp0293009	FBgn0259214	PMCA
FBpp0289782	FBgn0259214	PMCA
FBpp0289783	FBgn0259214	PMCA
FBpp0293011	FBgn0259214	PMCA
FBpp0293012	FBgn0259214	PMCA
FBpp0289781	FBgn0259214	PMCA
FBpp0289786	FBgn0259214	PMCA
FBpp0289785	FBgn0259214	PMCA
FBpp0293010	FBgn0259214	PMCA
FBpp0290831	FBgn0086779	step
FBpp0290832	FBgn0086779	step
FBpp0304747	FBgn0086779	step
FBpp0085264	FBgn0086779	step
FBpp0305589	FBgn0035233	Pex10
FBpp0072626	FBgn0035233	Pex10
FBpp0288961	FBgn0259199	Snup
FBpp0076834	FBgn0035621	CG10591
FBpp0110071	FBgn0037440	CRAT
FBpp0310697	FBgn0037440	CRAT
FBpp0312437	FBgn0037440	CRAT
FBpp0081231	FBgn0037440	CRAT
FBpp0311247	FBgn0040075	rept
FBpp0074756	FBgn0040075	rept
FBpp0304236	FBgn0040075	rept
FBpp0308542	FBgn0262807	CG43178
FBpp0312415	FBgn0262807	CG43178
FBpp0297090	FBgn0262807	CG43178
FBpp0071743	FBgn0034733	CG4752
FBpp0073732	FBgn0030566	betaNACtes4
FBpp0112990	FBgn0031324	CG14342
FBpp0305268	FBgn0035903	CG6765
FBpp0076347	FBgn0035903	CG6765
FBpp0305269	FBgn0035903	CG6765
FBpp0099725	FBgn0037913	fabp
FBpp0099726	FBgn0037913	fabp
FBpp0099728	FBgn0037913	fabp
FBpp0304704	FBgn0051445	CG31445
FBpp0084770	FBgn0051445	CG31445
FBpp0073235	FBgn0030239	Pgls
FBpp0390660	FBgn0267652	pre-mod(mdg4)-N
FBpp0312467	FBgn0267652	pre-mod(mdg4)-N
FBpp0077888	FBgn0036988	CG5262
FBpp0302735	FBgn0036988	CG5262
FBpp0086831	FBgn0265272	CG30060
FBpp0312528	FBgn0047095	CG33939
FBpp0071992	FBgn0016762	angel
FBpp0083188	FBgn0051404	CG31404
FBpp0072682	FBgn0035262	CG18171
FBpp0288681	FBgn0031856	CG11322
FBpp0086598	FBgn0033963	CG12857
FBpp0302916	FBgn0033963	CG12857
FBpp0082728	FBgn0287225	bor
FBpp0297140	FBgn0287225	bor
FBpp0082729	FBgn0010438	mtSSB
FBpp0070471	FBgn0024980	Syx4
FBpp0304772	FBgn0024980	Syx4
FBpp0074742	FBgn0262517	Ltn1
FBpp0292542	FBgn0039048	CG17111
FBpp0423284	FBgn0267709	CG46042
FBpp0309909	FBgn0010323	Gsc
FBpp0309910	FBgn0010323	Gsc
FBpp0312549	FBgn0010323	Gsc
FBpp0071482	FBgn0034567	CG15651
FBpp0084090	FBgn0039246	CG10845
FBpp0074889	FBgn0036777	CG7341
FBpp0074890	FBgn0036777	CG7341
FBpp0078255	FBgn0040279	Osi14
FBpp0310758	FBgn0085431	Sol1
FBpp0111566	FBgn0085431	Sol1
FBpp0111568	FBgn0085431	Sol1
FBpp0311681	FBgn0032280	CG17105
FBpp0079695	FBgn0032280	CG17105
FBpp0075798	FBgn0036228	obst-G
FBpp0083170	FBgn0038701	CG18493
FBpp0306773	FBgn0038828	CG17270
FBpp0083398	FBgn0038828	CG17270
FBpp0079449	FBgn0051882	CG31882
FBpp0075418	FBgn0036467	CG12310
FBpp0428482	FBgn0288810	CG46525
FBpp0293507	FBgn0262528	CG43082
FBpp0073007	FBgn0035462	IntS10
FBpp0085623	FBgn0034484	CG11044
FBpp0087224	FBgn0050031	CG30031
FBpp0074289	FBgn0030895	CG7135
FBpp0079838	FBgn0032372	CG4988
FBpp0074582	FBgn0031061	CG14232
FBpp0301157	FBgn0031061	CG14232
FBpp0306218	FBgn0036257	RhoGAP68F
FBpp0306216	FBgn0036257	RhoGAP68F
FBpp0306217	FBgn0036257	RhoGAP68F
FBpp0075729	FBgn0036257	RhoGAP68F
FBpp0428433	FBgn0036257	RhoGAP68F
FBpp0082088	FBgn0038005	Cyp313a5
FBpp0088541	FBgn0020429	GluRIIB
FBpp0084822	FBgn0039686	CG15506
FBpp0084928	FBgn0039744	Rpp14b
FBpp0084223	FBgn0039328	CHKov2
FBpp0304200	FBgn0036970	Spn77Bc
FBpp0077830	FBgn0036970	Spn77Bc
FBpp0297896	FBgn0085318	CG34289
FBpp0288691	FBgn0085318	CG34289
FBpp0099895	FBgn0040077	primo-1
FBpp0099893	FBgn0040077	primo-1
FBpp0112133	FBgn0037876	CG4820
FBpp0070516	FBgn0040393	CG14265
FBpp0086283	FBgn0028424	JhI-26
FBpp0077085	FBgn0031649	hoe2
FBpp0088337	FBgn0066303	CG33932
FBpp0311905	FBgn0066303	CG33932
FBpp0072020	FBgn0034879	Rrp4
FBpp0309932	FBgn0034879	Rrp4
FBpp0075721	FBgn0036278	CrzR
FBpp0303102	FBgn0036278	CrzR
FBpp0311923	FBgn0030529	Clic
FBpp0073666	FBgn0030529	Clic
FBpp0079390	FBgn0032078	C1GalTA
FBpp0079389	FBgn0032078	C1GalTA
FBpp0079388	FBgn0032078	C1GalTA
FBpp0074432	FBgn0030956	CG18259
FBpp0084415	FBgn0039454	CG14247
FBpp0303953	FBgn0035648	CG13288
FBpp0112061	FBgn0035648	CG13288
FBpp0078568	FBgn0037255	Fip1
FBpp0305031	FBgn0037710	CG9393
FBpp0081591	FBgn0037710	CG9393
FBpp0077457	FBgn0011818	oaf
FBpp0077456	FBgn0011818	oaf
FBpp0077459	FBgn0011818	oaf
FBpp0077458	FBgn0011818	oaf
FBpp0302608	FBgn0053061	CG33061
FBpp0112360	FBgn0053061	CG33061
FBpp0084778	FBgn0041186	Slbp
FBpp0088997	FBgn0036790	AstC-R1
FBpp0077702	FBgn0031286	CG3862
FBpp0111892	FBgn0030331	CG15221
FBpp0083680	FBgn0053093	CG33093
FBpp0307250	FBgn0033042	Tsp42A
FBpp0085381	FBgn0033042	Tsp42A
FBpp0312135	FBgn0085306	CG34277
FBpp0304469	FBgn0085306	CG34277
FBpp0293475	FBgn0016696	Pitslre
FBpp0303913	FBgn0016696	Pitslre
FBpp0077908	FBgn0016696	Pitslre
FBpp0293474	FBgn0016696	Pitslre
FBpp0077905	FBgn0016696	Pitslre
FBpp0301697	FBgn0029590	CG14811
FBpp0305462	FBgn0283472	S6k
FBpp0076820	FBgn0283472	S6k
FBpp0075401	FBgn0286818	Pdi
FBpp0312224	FBgn0286818	Pdi
FBpp0301175	FBgn0052343	Atac3
FBpp0305063	FBgn0052343	Atac3
FBpp0289109	FBgn0052343	Atac3
FBpp0289116	FBgn0052343	Atac3
FBpp0074466	FBgn0030990	CG7556
FBpp0309972	FBgn0030990	CG7556
FBpp0070805	FBgn0029800	lin-52
FBpp0308792	FBgn0029800	lin-52
FBpp0305783	FBgn0030066	Uros1
FBpp0071211	FBgn0030066	Uros1
FBpp0084806	FBgn0039669	ND-20L
FBpp0308934	FBgn0039669	ND-20L
FBpp0072164	FBgn0015544	spag
FBpp0302959	FBgn0041184	Socs36E
FBpp0080593	FBgn0041184	Socs36E
FBpp0302960	FBgn0041184	Socs36E
FBpp0308360	FBgn0040600	CG13631
FBpp0084072	FBgn0040600	CG13631
FBpp0073532	FBgn0030429	CG4661
FBpp0301043	FBgn0029711	Usf
FBpp0070669	FBgn0029711	Usf
FBpp0072012	FBgn0034885	Eglp4
FBpp0072011	FBgn0034885	Eglp4
FBpp0297476	FBgn0034885	Eglp4
FBpp0072014	FBgn0034885	Eglp4
FBpp0307865	FBgn0034885	Eglp4
FBpp0072013	FBgn0034885	Eglp4
FBpp0308240	FBgn0265180	CG44245
FBpp0308239	FBgn0265180	CG44245
FBpp0084793	FBgn0039664	CG2006
FBpp0292508	FBgn0039664	CG2006
FBpp0291484	FBgn0261360	CG42637
FBpp0291483	FBgn0261360	CG42637
FBpp0291485	FBgn0261360	CG42637
FBpp0077937	FBgn0037018	CG4042
FBpp0302832	FBgn0037018	CG4042
FBpp0085937	FBgn0034322	CG18536
FBpp0075554	FBgn0036374	Spt20
FBpp0309524	FBgn0036374	Spt20
FBpp0293443	FBgn0036374	Spt20
FBpp0312401	FBgn0003511	Sry-beta
FBpp0084922	FBgn0003511	Sry-beta
FBpp0297098	FBgn0038630	Tssk
FBpp0083054	FBgn0038630	Tssk
FBpp0083056	FBgn0038630	Tssk
FBpp0076224	FBgn0001225	Hsp26
FBpp0312157	FBgn0001225	Hsp26
FBpp0307371	FBgn0283427	FASN1
FBpp0077343	FBgn0283427	FASN1
FBpp0083516	FBgn0011766	E2f1
FBpp0083517	FBgn0011766	E2f1
FBpp0306739	FBgn0011766	E2f1
FBpp0311985	FBgn0011766	E2f1
FBpp0311412	FBgn0011766	E2f1
FBpp0083518	FBgn0011766	E2f1
FBpp0297392	FBgn0262875	CG43230
FBpp0307818	FBgn0283467	PolD3
FBpp0292263	FBgn0283467	PolD3
FBpp0071771	FBgn0026261	bonsai
FBpp0084875	FBgn0051040	Cog7
FBpp0310330	FBgn0032804	CG13081
FBpp0080793	FBgn0032804	CG13081
FBpp0076223	FBgn0001227	Hsp67Ba
FBpp0305358	FBgn0264542	hwt
FBpp0305359	FBgn0264542	hwt
FBpp0305357	FBgn0264542	hwt
FBpp0311960	FBgn0264542	hwt
FBpp0073841	FBgn0030622	CG9101
FBpp0079879	FBgn0032402	PLCXD
FBpp0079878	FBgn0032402	PLCXD
FBpp0076184	FBgn0288470	Cpsf5
FBpp0110163	FBgn0288470	Cpsf5
FBpp0080487	FBgn0032602	ppk17
FBpp0310327	FBgn0032602	ppk17
FBpp0289850	FBgn0085317	CG34288
FBpp0308642	FBgn0051673	CG31673
FBpp0080951	FBgn0051673	CG31673
FBpp0070418	FBgn0040394	CG16903
FBpp0082228	FBgn0038149	GILT1
FBpp0301542	FBgn0004895	FoxL1
FBpp0073048	FBgn0004895	FoxL1
FBpp0297941	FBgn0263082	CG43350
FBpp0307609	FBgn0263082	CG43350
FBpp0311717	FBgn0033543	Daao1
FBpp0087351	FBgn0033543	Daao1
FBpp0309759	FBgn0034743	RpS16
FBpp0071766	FBgn0034743	RpS16
FBpp0310228	FBgn0031006	rictor
FBpp0074458	FBgn0031006	rictor
FBpp0310227	FBgn0031006	rictor
FBpp0080666	FBgn0032715	CG17597
FBpp0311123	FBgn0032715	CG17597
FBpp0087939	FBgn0013307	Odc1
FBpp0077357	FBgn0002989	okr
FBpp0070028	FBgn0041626	Or19a
FBpp0080689	FBgn0263198	Acn
FBpp0307803	FBgn0263198	Acn
FBpp0080688	FBgn0263198	Acn
FBpp0076580	FBgn0052380	SMSr
FBpp0076450	FBgn0035847	mthl7
FBpp0076449	FBgn0035847	mthl7
FBpp0081799	FBgn0037818	CG6465
FBpp0074857	FBgn0036808	Dic4
FBpp0306182	FBgn0036808	Dic4
FBpp0306183	FBgn0036808	Dic4
FBpp0075690	FBgn0264848	vih
FBpp0081709	FBgn0037810	sle
FBpp0081710	FBgn0037810	sle
FBpp0075663	FBgn0052110	CG32110
FBpp0304491	FBgn0032836	CG10680
FBpp0080838	FBgn0032836	CG10680
FBpp0073059	FBgn0035490	CG1136
FBpp0085033	FBgn0051013	CG31013
FBpp0084507	FBgn0003495	spz
FBpp0111747	FBgn0003495	spz
FBpp0112921	FBgn0003495	spz
FBpp0084508	FBgn0003495	spz
FBpp0084510	FBgn0003495	spz
FBpp0084509	FBgn0003495	spz
FBpp0084516	FBgn0003495	spz
FBpp0084515	FBgn0003495	spz
FBpp0309769	FBgn0083940	RhoU
FBpp0110079	FBgn0083940	RhoU
FBpp0110080	FBgn0083940	RhoU
FBpp0079561	FBgn0032175	CG13131
FBpp0099690	FBgn0029836	CG5928
FBpp0300510	FBgn0029836	CG5928
FBpp0070836	FBgn0029836	CG5928
FBpp0402906	FBgn0034970	yki
FBpp0301274	FBgn0034970	yki
FBpp0288697	FBgn0034970	yki
FBpp0288695	FBgn0034970	yki
FBpp0305435	FBgn0261055	Sfp26Ad
FBpp0291147	FBgn0261055	Sfp26Ad
FBpp0305443	FBgn0265778	PDZ-GEF
FBpp0289315	FBgn0265778	PDZ-GEF
FBpp0289316	FBgn0265778	PDZ-GEF
FBpp0078879	FBgn0265778	PDZ-GEF
FBpp0083263	FBgn0038746	Surf6
FBpp0311847	FBgn0034512	Bbd
FBpp0085534	FBgn0034512	Bbd
FBpp0081767	FBgn0011768	Fdh
FBpp0084791	FBgn0004369	Ptp99A
FBpp0292247	FBgn0004369	Ptp99A
FBpp0089274	FBgn0004369	Ptp99A
FBpp0292507	FBgn0004369	Ptp99A
FBpp0084792	FBgn0004369	Ptp99A
FBpp0084274	FBgn0039356	CG5039
FBpp0076894	FBgn0015379	dod
FBpp0306054	FBgn0051324	Cipc
FBpp0084358	FBgn0051324	Cipc
FBpp0306053	FBgn0051324	Cipc
FBpp0082035	FBgn0003651	svp
FBpp0082036	FBgn0003651	svp
FBpp0082034	FBgn0003651	svp
FBpp0428128	FBgn0003651	svp
FBpp0303610	FBgn0003651	svp
FBpp0081556	FBgn0037723	SpdS
FBpp0297149	FBgn0037723	SpdS
FBpp0081557	FBgn0037723	SpdS
FBpp0072036	FBgn0024234	gbb
FBpp0309939	FBgn0024234	gbb
FBpp0300177	FBgn0053124	CG33124
FBpp0304804	FBgn0037486	CG14605
FBpp0081119	FBgn0037486	CG14605
FBpp0304803	FBgn0037486	CG14605
FBpp0087279	FBgn0086519	Cpr47Eg
FBpp0302674	FBgn0024728	Slip1
FBpp0088159	FBgn0024728	Slip1
FBpp0302673	FBgn0024728	Slip1
FBpp0111948	FBgn0032331	CG14913
FBpp0079897	FBgn0032394	Hacd1
FBpp0078701	FBgn0031693	Cyp4ac1
FBpp0301767	FBgn0260938	tay
FBpp0073960	FBgn0260938	tay
FBpp0301766	FBgn0260938	tay
FBpp0309360	FBgn0260938	tay
FBpp0309136	FBgn0030766	mthl1
FBpp0074089	FBgn0030766	mthl1
FBpp0423119	FBgn0051088	CG31088
FBpp0080214	FBgn0264253	Send2
FBpp0070347	FBgn0023518	trr
FBpp0070346	FBgn0023518	trr
FBpp0075803	FBgn0036217	CG5906
FBpp0077299	FBgn0051698	CG31698
FBpp0310557	FBgn0051698	CG31698
FBpp0076699	FBgn0020641	Lcp65Ad
FBpp0305758	FBgn0020641	Lcp65Ad
FBpp0072251	FBgn0035021	CG4622
FBpp0289717	FBgn0035021	CG4622
FBpp0080925	FBgn0032879	CarT
FBpp0307149	FBgn0032879	CarT
FBpp0075724	FBgn0036248	ssp
FBpp0089010	FBgn0036362	CG10725
FBpp0291188	FBgn0039946	ATbp
FBpp0311614	FBgn0040091	Ugt317A1
FBpp0071845	FBgn0040091	Ugt317A1
FBpp0289734	FBgn0260007	CG42493
FBpp0289999	FBgn0035529	Fdx2
FBpp0302669	FBgn0030440	CG15719
FBpp0301612	FBgn0030440	CG15719
FBpp0079354	FBgn0032057	CG9287
FBpp0292767	FBgn0038508	CG5866
FBpp0087207	FBgn0033588	CG13228
FBpp0302561	FBgn0037410	Osi2
FBpp0078241	FBgn0037410	Osi2
FBpp0078242	FBgn0037410	Osi2
FBpp0088810	FBgn0015925	csul
FBpp0088811	FBgn0015925	csul
FBpp0301961	FBgn0036474	Or71a
FBpp0075412	FBgn0036474	Or71a
FBpp0311837	FBgn0003300	run
FBpp0293135	FBgn0003300	run
FBpp0076971	FBgn0003300	run
FBpp0081134	FBgn0014863	Mlp84B
FBpp0312428	FBgn0014863	Mlp84B
FBpp0081133	FBgn0014863	Mlp84B
FBpp0086446	FBgn0003130	Poxn
FBpp0302942	FBgn0003130	Poxn
FBpp0423071	FBgn0053768	CG33768
FBpp0075338	FBgn0004592	Eig71Ee
FBpp0087755	FBgn0027607	CG8230
FBpp0074138	FBgn0030773	CG9676
FBpp0312485	FBgn0033202	Grl43a
FBpp0072798	FBgn0035346	CG1146
FBpp0072799	FBgn0035346	CG1146
FBpp0072800	FBgn0035346	CG1146
FBpp0310625	FBgn0035346	CG1146
FBpp0070116	FBgn0025634	CG13367
FBpp0111436	FBgn0085351	inaF-A
FBpp0075656	FBgn0036311	CG17666
FBpp0075655	FBgn0036311	CG17666
FBpp0080906	FBgn0011638	La
FBpp0091117	FBgn0053872	His2B:CG33872
FBpp0083142	FBgn0016120	ATPsynD
FBpp0311983	FBgn0016120	ATPsynD
FBpp0083141	FBgn0016120	ATPsynD
FBpp0305371	FBgn0029006	Smurf
FBpp0086011	FBgn0029006	Smurf
FBpp0309534	FBgn0032385	CG16964
FBpp0079866	FBgn0032385	CG16964
FBpp0082821	FBgn0015011	AhcyL2
FBpp0089085	FBgn0015011	AhcyL2
FBpp0305084	FBgn0003997	hid
FBpp0074899	FBgn0003997	hid
FBpp0084948	FBgn0086355	Tpi
FBpp0084949	FBgn0086355	Tpi
FBpp0084950	FBgn0086355	Tpi
FBpp0077900	FBgn0036973	Rbbp5
FBpp0076678	FBgn0052396	betaTub65B
FBpp0303733	FBgn0040345	CG3708
FBpp0083881	FBgn0039128	CG13599
FBpp0309200	FBgn0021761	Nup154
FBpp0309199	FBgn0021761	Nup154
FBpp0088820	FBgn0021761	Nup154
FBpp0075140	FBgn0036617	Cpr72Ea
FBpp0291151	FBgn0261059	Sfp78E
FBpp0306091	FBgn0261059	Sfp78E
FBpp0075208	FBgn0036571	Strump
FBpp0291126	FBgn0036571	Strump
FBpp0305487	FBgn0036571	Strump
FBpp0305444	FBgn0264543	CG43922
FBpp0073681	FBgn0030500	Ndc80
FBpp0290374	FBgn0020880	CG7179
FBpp0290733	FBgn0261526	NT1
FBpp0305763	FBgn0261526	NT1
FBpp0290735	FBgn0261526	NT1
FBpp0305764	FBgn0261526	NT1
FBpp0290823	FBgn0261526	NT1
FBpp0290732	FBgn0261526	NT1
FBpp0290734	FBgn0261526	NT1
FBpp0082645	FBgn0017567	ND-23
FBpp0301886	FBgn0262856	CG43220
FBpp0086611	FBgn0033952	Adgf-E
FBpp0078664	FBgn0028694	Rpn11
FBpp0075934	FBgn0263241	Mocs1
FBpp0075935	FBgn0263241	Mocs1
FBpp0084138	FBgn0039266	CG11791
FBpp0112195	FBgn0039266	CG11791
FBpp0306571	FBgn0039266	CG11791
FBpp0084137	FBgn0039266	CG11791
FBpp0303230	FBgn0031897	CG13784
FBpp0110096	FBgn0031897	CG13784
FBpp0303231	FBgn0031897	CG13784
FBpp0303232	FBgn0031897	CG13784
FBpp0079042	FBgn0031897	CG13784
FBpp0087606	FBgn0033426	Nt5c
FBpp0087605	FBgn0033426	Nt5c
FBpp0087604	FBgn0033426	Nt5c
FBpp0078634	FBgn0031659	CG14043
FBpp0076791	FBgn0029121	Sras
FBpp0113096	FBgn0024555	flfl
FBpp0082285	FBgn0024555	flfl
FBpp0311112	FBgn0024555	flfl
FBpp0292249	FBgn0039101	CG16710
FBpp0305515	FBgn0000611	exd
FBpp0305514	FBgn0000611	exd
FBpp0073940	FBgn0000611	exd
FBpp0073942	FBgn0000611	exd
FBpp0309434	FBgn0265632	CG44439
FBpp0091077	FBgn0053831	His1:CG33831
FBpp0289232	FBgn0259702	Grl62b
FBpp0085174	FBgn0051002	Ugt35D1
FBpp0074406	FBgn0030960	Atg101
FBpp0081234	FBgn0261789	SmD2
FBpp0307764	FBgn0027655	htt
FBpp0084679	FBgn0027655	htt
FBpp0086919	FBgn0033783	CG17019
FBpp0308787	FBgn0033783	CG17019
FBpp0076990	FBgn0027334	l(1)G0004
FBpp0087179	FBgn0050035	Tret1-1
FBpp0087178	FBgn0050035	Tret1-1
FBpp0291966	FBgn0085241	CG34212
FBpp0111320	FBgn0085241	CG34212
FBpp0085564	FBgn0250850	rig
FBpp0309230	FBgn0032076	Argl
FBpp0289058	FBgn0032076	Argl
FBpp0099918	FBgn0032076	Argl
FBpp0085893	FBgn0034361	mRpS28
FBpp0076026	FBgn0036080	Or67d
FBpp0080484	FBgn0022213	Cse1
FBpp0072668	FBgn0027790	GV1
FBpp0072667	FBgn0027790	GV1
FBpp0084879	FBgn0003861	trp
FBpp0303774	FBgn0003861	trp
FBpp0073015	FBgn0026592	Fie
FBpp0305346	FBgn0026592	Fie
FBpp0100115	FBgn0001228	CG4456
FBpp0292526	FBgn0001228	CG4456
FBpp0100114	FBgn0001228	CG4456
FBpp0292525	FBgn0001228	CG4456
FBpp0070068	FBgn0040371	CG12470
FBpp0086010	FBgn0029079	icln
FBpp0311630	FBgn0013773	Cyp6a22
FBpp0309004	FBgn0013773	Cyp6a22
FBpp0086580	FBgn0013773	Cyp6a22
FBpp0307867	FBgn0033443	CG1698
FBpp0087558	FBgn0033443	CG1698
FBpp0071749	FBgn0003175	px
FBpp0428149	FBgn0003175	px
FBpp0304274	FBgn0003175	px
FBpp0428148	FBgn0003175	px
FBpp0304275	FBgn0003175	px
FBpp0111732	FBgn0003175	px
FBpp0082597	FBgn0000047	Act88F
FBpp0079088	FBgn0025697	santa-maria
FBpp0312169	FBgn0025697	santa-maria
FBpp0081044	FBgn0023090	dtr
FBpp0084570	FBgn0039529	CG5612
FBpp0083834	FBgn0051413	Qsox4
FBpp0300200	FBgn0005632	faf
FBpp0308326	FBgn0005632	faf
FBpp0300202	FBgn0005632	faf
FBpp0085203	FBgn0005632	faf
FBpp0300199	FBgn0005632	faf
FBpp0308327	FBgn0005632	faf
FBpp0085202	FBgn0005632	faf
FBpp0071783	FBgn0034770	Obp58d
FBpp0085360	FBgn0033056	CG7856
FBpp0079823	FBgn0000287	salr
FBpp0079822	FBgn0000287	salr
FBpp0297936	FBgn0000287	salr
FBpp0078263	FBgn0037418	Osi11
FBpp0075087	FBgn0021768	nudC
FBpp0297079	FBgn0021768	nudC
FBpp0289683	FBgn0031694	Cyp4ac2
FBpp0075820	FBgn0036204	Tim13
FBpp0293332	FBgn0036368	CG10738
FBpp0291649	FBgn0036368	CG10738
FBpp0293331	FBgn0036368	CG10738
FBpp0291650	FBgn0036368	CG10738
FBpp0080417	FBgn0020416	Idgf1
FBpp0085561	FBgn0034538	CG16799
FBpp0309593	FBgn0034538	CG16799
FBpp0401595	FBgn0283625	CG46298
FBpp0401594	FBgn0283625	CG46298
FBpp0078159	FBgn0037167	CG11425
FBpp0072160	FBgn0041706	CG3253
FBpp0293957	FBgn0041706	CG3253
FBpp0292391	FBgn0265607	beat-IIIa
FBpp0309161	FBgn0265607	beat-IIIa
FBpp0079660	FBgn0032210	CYLD
FBpp0079661	FBgn0032210	CYLD
FBpp0079659	FBgn0032210	CYLD
FBpp0087871	FBgn0033277	CG14760
FBpp0081791	FBgn0004841	TkR86C
FBpp0111701	FBgn0004841	TkR86C
FBpp0305229	FBgn0266019	rudhira
FBpp0294057	FBgn0266019	rudhira
FBpp0294056	FBgn0266019	rudhira
FBpp0294054	FBgn0266019	rudhira
FBpp0294055	FBgn0266019	rudhira
FBpp0428278	FBgn0266019	rudhira
FBpp0079628	FBgn0032258	Cog4
FBpp0305033	FBgn0000560	eg
FBpp0078091	FBgn0000560	eg
FBpp0078092	FBgn0000560	eg
FBpp0083549	FBgn0038916	dnd
FBpp0304633	FBgn0261999	Ca-Ma2d
FBpp0292804	FBgn0261999	Ca-Ma2d
FBpp0077788	FBgn0003444	smo
FBpp0071533	FBgn0034629	Acox57D-d
FBpp0075596	FBgn0002573	sens
FBpp0309244	FBgn0034294	Muc55B
FBpp0085988	FBgn0034294	Muc55B
FBpp0083438	FBgn0038853	RhoGAP93B
FBpp0072227	FBgn0035039	Adck1
FBpp0310095	FBgn0035039	Adck1
FBpp0305702	FBgn0264975	Nrg
FBpp0290978	FBgn0264975	Nrg
FBpp0089326	FBgn0264975	Nrg
FBpp0071155	FBgn0264975	Nrg
FBpp0071154	FBgn0264975	Nrg
FBpp0290977	FBgn0264975	Nrg
FBpp0290976	FBgn0264975	Nrg
FBpp0305703	FBgn0264975	Nrg
FBpp0297081	FBgn0264975	Nrg
FBpp0085457	FBgn0033093	CG3270
FBpp0083988	FBgn0011785	BRWD3
FBpp0308598	FBgn0000639	Fbp1
FBpp0075492	FBgn0000639	Fbp1
FBpp0075491	FBgn0000639	Fbp1
FBpp0312429	FBgn0036789	AstC-R2
FBpp0305089	FBgn0036789	AstC-R2
FBpp0303121	FBgn0036789	AstC-R2
FBpp0088996	FBgn0036789	AstC-R2
FBpp0084783	FBgn0039638	dgt6
FBpp0072264	FBgn0035003	CG15873
FBpp0082947	FBgn0038552	Alg1
FBpp0308688	FBgn0043001	Chrac-16
FBpp0073475	FBgn0043001	Chrac-16
FBpp0078054	FBgn0037081	barc
FBpp0078053	FBgn0037081	barc
FBpp0073049	FBgn0035483	Mul1
FBpp0312381	FBgn0035483	Mul1
FBpp0297152	FBgn0005386	ash1
FBpp0297151	FBgn0005386	ash1
FBpp0086475	FBgn0034035	Gmppa
FBpp0088516	FBgn0022740	HLH54F
FBpp0290270	FBgn0053465	CG33465
FBpp0288706	FBgn0032656	CG5674
FBpp0080574	FBgn0032656	CG5674
FBpp0080575	FBgn0032656	CG5674
FBpp0309162	FBgn0032656	CG5674
FBpp0308007	FBgn0038097	CG14384
FBpp0082199	FBgn0038097	CG14384
FBpp0075034	FBgn0036686	CG7728
FBpp0305737	FBgn0036581	MED10
FBpp0290696	FBgn0036581	MED10
FBpp0078353	FBgn0019637	Atu
FBpp0291494	FBgn0259187	Ir60d
FBpp0303680	FBgn0020618	Rack1
FBpp0311572	FBgn0020618	Rack1
FBpp0079187	FBgn0020618	Rack1
FBpp0303679	FBgn0020618	Rack1
FBpp0311295	FBgn0024811	Crk
FBpp0311294	FBgn0024811	Crk
FBpp0088181	FBgn0024811	Crk
FBpp0088182	FBgn0024811	Crk
FBpp0088183	FBgn0024811	Crk
FBpp0300576	FBgn0024811	Crk
FBpp0293411	FBgn0024811	Crk
FBpp0085248	FBgn0051617	His1:CG31617
FBpp0081290	FBgn0037551	Arl8
FBpp0308780	FBgn0037551	Arl8
FBpp0308779	FBgn0037551	Arl8
FBpp0070725	FBgn0029750	CG3323
FBpp0312334	FBgn0038197	foxo
FBpp0089344	FBgn0038197	foxo
FBpp0089343	FBgn0038197	foxo
FBpp0293589	FBgn0038197	foxo
FBpp0308010	FBgn0038197	foxo
FBpp0290300	FBgn0085331	CG34302
FBpp0428228	FBgn0262579	Sarm
FBpp0293536	FBgn0262579	Sarm
FBpp0293530	FBgn0262579	Sarm
FBpp0293533	FBgn0262579	Sarm
FBpp0293532	FBgn0262579	Sarm
FBpp0293535	FBgn0262579	Sarm
FBpp0293531	FBgn0262579	Sarm
FBpp0293534	FBgn0262579	Sarm
FBpp0428504	FBgn0262579	Sarm
FBpp0306073	FBgn0262579	Sarm
FBpp0307175	FBgn0264953	Piezo
FBpp0312564	FBgn0264953	Piezo
FBpp0312565	FBgn0264953	Piezo
FBpp0307169	FBgn0264953	Piezo
FBpp0307176	FBgn0264953	Piezo
FBpp0307171	FBgn0264953	Piezo
FBpp0307168	FBgn0264953	Piezo
FBpp0307170	FBgn0264953	Piezo
FBpp0307173	FBgn0264953	Piezo
FBpp0307172	FBgn0264953	Piezo
FBpp0307174	FBgn0264953	Piezo
FBpp0088355	FBgn0014342	mia
FBpp0289286	FBgn0014342	mia
FBpp0311964	FBgn0014342	mia
FBpp0075035	FBgn0036688	Fit2
FBpp0297181	FBgn0261530	nbs
FBpp0297182	FBgn0261530	nbs
FBpp0091036	FBgn0053774	CG33774
FBpp0110114	FBgn0083953	CG34117
FBpp0078025	FBgn0028663	VhaM9.7-b
FBpp0305645	FBgn0028663	VhaM9.7-b
FBpp0307009	FBgn0037313	CG1161
FBpp0078431	FBgn0037313	CG1161
FBpp0075000	FBgn0036716	CG13728
FBpp0077722	FBgn0027592	MED15
FBpp0079060	FBgn0284084	wg
FBpp0080117	FBgn0028919	CG16865
FBpp0304016	FBgn0028919	CG16865
FBpp0088258	FBgn0039927	CG11155
FBpp0305854	FBgn0039927	CG11155
FBpp0088259	FBgn0039927	CG11155
FBpp0291496	FBgn0261363	PPO3
FBpp0084583	FBgn0039521	CG5402
FBpp0301564	FBgn0031374	Wdr62
FBpp0111925	FBgn0031374	Wdr62
FBpp0111924	FBgn0031374	Wdr62
FBpp0110182	FBgn0031374	Wdr62
FBpp0305221	FBgn0031374	Wdr62
FBpp0077488	FBgn0031374	Wdr62
FBpp0110183	FBgn0031374	Wdr62
FBpp0305222	FBgn0031374	Wdr62
FBpp0290054	FBgn0033183	CG1620
FBpp0088056	FBgn0033183	CG1620
FBpp0307855	FBgn0033183	CG1620
FBpp0085115	FBgn0013973	Gycbeta100B
FBpp0071139	FBgn0030006	CG17982
FBpp0311875	FBgn0030006	CG17982
FBpp0073491	FBgn0030403	CG1824
FBpp0085533	FBgn0050154	CG30154
FBpp0084144	FBgn0039274	CG11920
FBpp0083348	FBgn0015279	Pi3K92E
FBpp0306705	FBgn0015279	Pi3K92E
FBpp0083349	FBgn0015279	Pi3K92E
FBpp0311657	FBgn0035165	CG13887
FBpp0072480	FBgn0035165	CG13887
FBpp0072481	FBgn0035165	CG13887
FBpp0293337	FBgn0035165	CG13887
FBpp0081490	FBgn0260243	E(var)3-9
FBpp0290211	FBgn0052259	CG32259
FBpp0290210	FBgn0052259	CG32259
FBpp0310892	FBgn0266492	SclB
FBpp0310894	FBgn0266492	SclB
FBpp0310891	FBgn0266492	SclB
FBpp0310893	FBgn0266492	SclB
FBpp0293022	FBgn0288310	mv
FBpp0311275	FBgn0035713	velo
FBpp0076661	FBgn0035713	velo
FBpp0076660	FBgn0035713	velo
FBpp0076659	FBgn0035713	velo
FBpp0086675	FBgn0033928	Arc2
FBpp0309720	FBgn0265959	rdgC
FBpp0309722	FBgn0265959	rdgC
FBpp0423099	FBgn0265959	rdgC
FBpp0309723	FBgn0265959	rdgC
FBpp0309721	FBgn0265959	rdgC
FBpp0301178	FBgn0031187	Usp2
FBpp0301177	FBgn0031187	Usp2
FBpp0077038	FBgn0031187	Usp2
FBpp0077041	FBgn0031187	Usp2
FBpp0352241	FBgn0031187	Usp2
FBpp0308590	FBgn0031187	Usp2
FBpp0077040	FBgn0031187	Usp2
FBpp0077039	FBgn0031187	Usp2
FBpp0308589	FBgn0031187	Usp2
FBpp0075179	FBgn0036622	Agpat4
FBpp0075180	FBgn0036622	Agpat4
FBpp0303599	FBgn0036622	Agpat4
FBpp0110121	FBgn0033756	CG17760
FBpp0291628	FBgn0053260	Tsen34
FBpp0309187	FBgn0028956	mthl3
FBpp0086111	FBgn0028956	mthl3
FBpp0309186	FBgn0028956	mthl3
FBpp0292020	FBgn0261580	CG42690
FBpp0312449	FBgn0261580	CG42690
FBpp0078698	FBgn0031689	Cyp28d1
FBpp0085119	FBgn0039828	CG1542
FBpp0083486	FBgn0004862	bap
FBpp0089083	FBgn0053180	Ranbp16
FBpp0292665	FBgn0053180	Ranbp16
FBpp0292664	FBgn0053180	Ranbp16
FBpp0292662	FBgn0053180	Ranbp16
FBpp0292663	FBgn0053180	Ranbp16
FBpp0309272	FBgn0053180	Ranbp16
FBpp0293189	FBgn0262365	CG43063
FBpp0074166	FBgn0265267	CG18258
FBpp0308509	FBgn0283510	Pal1
FBpp0087473	FBgn0283510	Pal1
FBpp0308510	FBgn0283510	Pal1
FBpp0303501	FBgn0031250	Ent1
FBpp0077754	FBgn0031250	Ent1
FBpp0077753	FBgn0031250	Ent1
FBpp0082549	FBgn0038327	Trax
FBpp0312597	FBgn0038327	Trax
FBpp0084486	FBgn0003482	spn-D
FBpp0076420	FBgn0035856	CG13679
FBpp0073471	FBgn0030370	Uch-L5R
FBpp0310414	FBgn0283728	CG31600
FBpp0085303	FBgn0283728	CG31600
FBpp0075924	FBgn0036112	CG14147
FBpp0071043	FBgn0029966	Ir7c
FBpp0301563	FBgn0029966	Ir7c
FBpp0081545	FBgn0037709	BckdhA
FBpp0091086	FBgn0053840	His1:CG33840
FBpp0291388	FBgn0037553	CG18249
FBpp0290118	FBgn0037553	CG18249
FBpp0113005	FBgn0031440	CG15395
FBpp0088683	FBgn0019828	dj
FBpp0088682	FBgn0019828	dj
FBpp0297104	FBgn0019828	dj
FBpp0302844	FBgn0263842	CG43703
FBpp0290224	FBgn0260646	CG42538
FBpp0402874	FBgn0284224	CG46308
FBpp0071734	FBgn0034725	CG6044
FBpp0308616	FBgn0034725	CG6044
FBpp0077617	FBgn0015905	ast
FBpp0082887	FBgn0038509	CG14332
FBpp0290468	FBgn0260756	CG42554
FBpp0070078	FBgn0023536	CG3156
FBpp0075167	FBgn0261799	dsx-c73A
FBpp0084878	FBgn0003356	Jon99Cii
FBpp0305436	FBgn0264546	CG43925
FBpp0302752	FBgn0004574	Rop
FBpp0073119	FBgn0004574	Rop
FBpp0305815	FBgn0026375	RhoGAPp190
FBpp0305816	FBgn0026375	RhoGAPp190
FBpp0305817	FBgn0026375	RhoGAPp190
FBpp0074255	FBgn0026375	RhoGAPp190
FBpp0305818	FBgn0026375	RhoGAPp190
FBpp0074257	FBgn0026375	RhoGAPp190
FBpp0074256	FBgn0026375	RhoGAPp190
FBpp0297257	FBgn0262844	CG43208
FBpp0087321	FBgn0033555	RpS15Ab
FBpp0077461	FBgn0264978	Slh
FBpp0307162	FBgn0264978	Slh
FBpp0086578	FBgn0028434	Ercc1
FBpp0082250	FBgn0038126	CG8483
FBpp0310383	FBgn0040992	CG10570
FBpp0311566	FBgn0040992	CG10570
FBpp0080667	FBgn0040992	CG10570
FBpp0082927	FBgn0038519	Prx3
FBpp0071814	FBgn0034795	MED23
FBpp0083982	FBgn0086365	Orct2
FBpp0306892	FBgn0086365	Orct2
FBpp0072807	FBgn0035356	CG16986
FBpp0291626	FBgn0035356	CG16986
FBpp0077981	FBgn0053285	CG33285
FBpp0112376	FBgn0053542	upd3
FBpp0086953	FBgn0028683	spt4
FBpp0082469	FBgn0004597	CycC
FBpp0073108	FBgn0035512	Cpr64Ac
FBpp0075826	FBgn0003377	Sgs7
FBpp0076952	FBgn0031157	CG1503
FBpp0310781	FBgn0031157	CG1503
FBpp0074926	FBgn0036761	MED19
FBpp0311801	FBgn0036761	MED19
FBpp0074958	FBgn0036750	CG6034
FBpp0085763	FBgn0027535	botv
FBpp0112948	FBgn0034012	Hr51
FBpp0291021	FBgn0058064	ARY
FBpp0291022	FBgn0058064	ARY
FBpp0086476	FBgn0023441	fus
FBpp0086479	FBgn0023441	fus
FBpp0297603	FBgn0023441	fus
FBpp0086478	FBgn0023441	fus
FBpp0086480	FBgn0023441	fus
FBpp0291536	FBgn0023441	fus
FBpp0086477	FBgn0023441	fus
FBpp0086481	FBgn0023441	fus
FBpp0070537	FBgn0003285	rst
FBpp0310320	FBgn0003285	rst
FBpp0303091	FBgn0003254	rib
FBpp0303090	FBgn0003254	rib
FBpp0085700	FBgn0003254	rib
FBpp0304543	FBgn0053012	CG33012
FBpp0293887	FBgn0029833	MCTS1
FBpp0070832	FBgn0029833	MCTS1
FBpp0078354	FBgn0037351	RpL13A
FBpp0307201	FBgn0037351	RpL13A
FBpp0080585	FBgn0051741	CG31741
FBpp0074058	FBgn0267384	Ubc7
FBpp0309143	FBgn0267384	Ubc7
FBpp0080067	FBgn0032479	CG16974
FBpp0294006	FBgn0032479	CG16974
FBpp0078288	FBgn0037384	dgrn
FBpp0078287	FBgn0037384	dgrn
FBpp0310533	FBgn0037384	dgrn
FBpp0072848	FBgn0035383	CPT2
FBpp0308959	FBgn0024289	Sodh1
FBpp0081141	FBgn0024289	Sodh1
FBpp0081978	FBgn0037975	CG3397
FBpp0078236	FBgn0037405	CG1077
FBpp0084665	FBgn0051051	CG31051
FBpp0307964	FBgn0051051	CG31051
FBpp0293207	FBgn0261053	Cad86C
FBpp0291145	FBgn0261053	Cad86C
FBpp0293205	FBgn0261053	Cad86C
FBpp0293206	FBgn0261053	Cad86C
FBpp0293208	FBgn0261053	Cad86C
FBpp0071013	FBgn0029948	CheA7a
FBpp0071477	FBgn0001133	grau
FBpp0077130	FBgn0040705	ND-B8
FBpp0074378	FBgn0030951	CG6873
FBpp0307143	FBgn0032593	Trpgamma
FBpp0080498	FBgn0032593	Trpgamma
FBpp0080499	FBgn0032593	Trpgamma
FBpp0305842	FBgn0036725	CG18265
FBpp0074981	FBgn0036725	CG18265
FBpp0305841	FBgn0036725	CG18265
FBpp0086137	FBgn0034197	Cda9
FBpp0309120	FBgn0034197	Cda9
FBpp0081097	FBgn0028400	Syt4
FBpp0312440	FBgn0028331	l(1)G0289
FBpp0071404	FBgn0028331	l(1)G0289
FBpp0428426	FBgn0028331	l(1)G0289
FBpp0312441	FBgn0028331	l(1)G0289
FBpp0300624	FBgn0040106	lectin-21Cb
FBpp0290920	FBgn0040092	lectin-46Cb
FBpp0087054	FBgn0033749	achi
FBpp0308697	FBgn0033749	achi
FBpp0087053	FBgn0033749	achi
FBpp0072898	FBgn0052281	CG32281
FBpp0074220	FBgn0030834	CG8675
FBpp0305845	FBgn0036749	CG7460
FBpp0074952	FBgn0036749	CG7460
FBpp0111377	FBgn0085297	CG34268
FBpp0304768	FBgn0028369	kirre
FBpp0070535	FBgn0028369	kirre
FBpp0301279	FBgn0028369	kirre
FBpp0301281	FBgn0028369	kirre
FBpp0070534	FBgn0028369	kirre
FBpp0301278	FBgn0028369	kirre
FBpp0301280	FBgn0028369	kirre
FBpp0292869	FBgn0037260	Mur82C
FBpp0084296	FBgn0039368	CG17196
FBpp0291387	FBgn0039368	CG17196
FBpp0307969	FBgn0039368	CG17196
FBpp0081170	FBgn0004053	zen
FBpp0303731	FBgn0260970	Ubr3
FBpp0303730	FBgn0260970	Ubr3
FBpp0290962	FBgn0260970	Ubr3
FBpp0074098	FBgn0052572	CG32572
FBpp0310952	FBgn0266539	CG45100
FBpp0075571	FBgn0023095	caps
FBpp0075570	FBgn0023095	caps
FBpp0293933	FBgn0023095	caps
FBpp0312404	FBgn0023095	caps
FBpp0075233	FBgn0036591	CG13050
FBpp0085236	FBgn0040206	krz
FBpp0293792	FBgn0040206	krz
FBpp0304991	FBgn0261797	Dhc64C
FBpp0304987	FBgn0261797	Dhc64C
FBpp0304988	FBgn0261797	Dhc64C
FBpp0073215	FBgn0261797	Dhc64C
FBpp0271878	FBgn0261797	Dhc64C
FBpp0304989	FBgn0261797	Dhc64C
FBpp0304990	FBgn0261797	Dhc64C
FBpp0304986	FBgn0261797	Dhc64C
FBpp0082777	FBgn0038447	CG14892
FBpp0081068	FBgn0015568	alpha-Est1
FBpp0076325	FBgn0011509	SrpRbeta
FBpp0306023	FBgn0011509	SrpRbeta
FBpp0297918	FBgn0259483	Mob4
FBpp0085474	FBgn0259483	Mob4
FBpp0304831	FBgn0023519	mRpL16
FBpp0070301	FBgn0023519	mRpL16
FBpp0083111	FBgn0003248	Rh2
FBpp0289537	FBgn0259963	Sfp33A2
FBpp0076785	FBgn0035649	PXo
FBpp0423204	FBgn0035649	PXo
FBpp0079924	FBgn0032421	crok
FBpp0071376	FBgn0030189	CG2909
FBpp0085461	FBgn0027066	Eb1
FBpp0089088	FBgn0027066	Eb1
FBpp0085463	FBgn0027066	Eb1
FBpp0289513	FBgn0027066	Eb1
FBpp0085464	FBgn0027066	Eb1
FBpp0305157	FBgn0027066	Eb1
FBpp0083602	FBgn0038942	CG13862
FBpp0309152	FBgn0031791	AANATL2
FBpp0078873	FBgn0031791	AANATL2
FBpp0081348	FBgn0037571	CG11694
FBpp0307931	FBgn0032252	loh
FBpp0079619	FBgn0032252	loh
FBpp0293074	FBgn0032252	loh
FBpp0310098	FBgn0261373	CG33228
FBpp0290259	FBgn0261373	CG33228
FBpp0078692	FBgn0031653	Jon25Biii
FBpp0111362	FBgn0085282	CG34253
FBpp0074160	FBgn0260748	CG5004
FBpp0312375	FBgn0260748	CG5004
FBpp0291570	FBgn0260748	CG5004
FBpp0291571	FBgn0260748	CG5004
FBpp0291572	FBgn0260748	CG5004
FBpp0309890	FBgn0260748	CG5004
FBpp0080339	FBgn0028946	Or35a
FBpp0290322	FBgn0260658	CG42541
FBpp0304663	FBgn0260658	CG42541
FBpp0304662	FBgn0260658	CG42541
FBpp0290321	FBgn0260658	CG42541
FBpp0071981	FBgn0004795	retn
FBpp0309043	FBgn0004795	retn
FBpp0309045	FBgn0004795	retn
FBpp0309044	FBgn0004795	retn
FBpp0071982	FBgn0004795	retn
FBpp0079119	FBgn0031948	CG7149
FBpp0310052	FBgn0031948	CG7149
FBpp0310051	FBgn0031948	CG7149
FBpp0081672	FBgn0001321	knk
FBpp0084161	FBgn0011336	Stt3B
FBpp0072114	FBgn0034945	CG10904
FBpp0309954	FBgn0034945	CG10904
FBpp0076708	FBgn0024921	Tnpo
FBpp0076709	FBgn0024921	Tnpo
FBpp0305273	FBgn0024921	Tnpo
FBpp0076710	FBgn0024921	Tnpo
FBpp0079546	FBgn0032196	CG5708
FBpp0310202	FBgn0032196	CG5708
FBpp0079545	FBgn0032196	CG5708
FBpp0074505	FBgn0031038	Tyler
FBpp0312196	FBgn0031038	Tyler
FBpp0312197	FBgn0031038	Tyler
FBpp0076703	FBgn0020645	Lcp65Aa
FBpp0289838	FBgn0003890	betaTub97EF
FBpp0306927	FBgn0003890	betaTub97EF
FBpp0070208	FBgn0023169	AMPKalpha
FBpp0070209	FBgn0023169	AMPKalpha
FBpp0089374	FBgn0023169	AMPKalpha
FBpp0304195	FBgn0036762	CG7430
FBpp0074906	FBgn0036762	CG7430
FBpp0073284	FBgn0030263	CG2076
FBpp0312037	FBgn0030263	CG2076
FBpp0293107	FBgn0051515	CG31515
FBpp0306761	FBgn0039730	CG7903
FBpp0084973	FBgn0039730	CG7903
FBpp0084023	FBgn0000039	nAChRalpha2
FBpp0084024	FBgn0000039	nAChRalpha2
FBpp0073564	FBgn0030462	CG15742
FBpp0288641	FBgn0030462	CG15742
FBpp0288642	FBgn0030462	CG15742
FBpp0071600	FBgn0034646	Rae1
FBpp0074707	FBgn0036886	CG9300
FBpp0307790	FBgn0086657	IKKepsilon
FBpp0080920	FBgn0086657	IKKepsilon
FBpp0080785	FBgn0002044	swm
FBpp0303743	FBgn0002044	swm
FBpp0080786	FBgn0002044	swm
FBpp0303744	FBgn0002044	swm
FBpp0088416	FBgn0266186	Vamp7
FBpp0312219	FBgn0266186	Vamp7
FBpp0288721	FBgn0036426	CG9592
FBpp0072608	FBgn0035210	msd5
FBpp0086633	FBgn0053469	CG33469
FBpp0309000	FBgn0053469	CG33469
FBpp0073204	FBgn0027085	LeuRS-m
FBpp0074883	FBgn0036787	CG4306
FBpp0086790	FBgn0024556	mEFTu1
FBpp0290603	FBgn0024556	mEFTu1
FBpp0081645	FBgn0037739	CG12948
FBpp0311385	FBgn0037739	CG12948
FBpp0076300	FBgn0000358	Cp19
FBpp0111282	FBgn0085205	CG34176
FBpp0076883	FBgn0035590	Tcs5
FBpp0086659	FBgn0050069	Sdb
FBpp0301841	FBgn0036782	CG7320
FBpp0073745	FBgn0030544	CG13403
FBpp0309843	FBgn0030544	CG13403
FBpp0075009	FBgn0036708	CG13725
FBpp0079110	FBgn0031946	CG7164
FBpp0310048	FBgn0031946	CG7164
FBpp0304640	FBgn0032010	CG8086
FBpp0304641	FBgn0032010	CG8086
FBpp0304639	FBgn0032010	CG8086
FBpp0297484	FBgn0032010	CG8086
FBpp0297483	FBgn0032010	CG8086
FBpp0079240	FBgn0032010	CG8086
FBpp0304637	FBgn0032010	CG8086
FBpp0304638	FBgn0032010	CG8086
FBpp0079239	FBgn0032010	CG8086
FBpp0304642	FBgn0032010	CG8086
FBpp0304636	FBgn0032010	CG8086
FBpp0304643	FBgn0032010	CG8086
FBpp0428139	FBgn0259242	CG42340
FBpp0289141	FBgn0259242	CG42340
FBpp0303729	FBgn0259242	CG42340
FBpp0304660	FBgn0259242	CG42340
FBpp0084441	FBgn0039466	CG5521
FBpp0290357	FBgn0039466	CG5521
FBpp0073494	FBgn0283712	LIMK1
FBpp0073492	FBgn0283712	LIMK1
FBpp0291044	FBgn0283712	LIMK1
FBpp0291045	FBgn0283712	LIMK1
FBpp0073493	FBgn0283712	LIMK1
FBpp0087549	FBgn0050005	GstT2
FBpp0071930	FBgn0034865	Or59b
FBpp0070156	FBgn0025633	spdi
FBpp0308518	FBgn0025633	spdi
FBpp0308517	FBgn0025633	spdi
FBpp0308521	FBgn0025633	spdi
FBpp0110088	FBgn0025633	spdi
FBpp0308519	FBgn0025633	spdi
FBpp0308520	FBgn0025633	spdi
FBpp0071033	FBgn0029958	Pdp
FBpp0298274	FBgn0029958	Pdp
FBpp0070425	FBgn0004643	Zw10
FBpp0083657	FBgn0053110	CG33110
FBpp0082677	FBgn0038396	CG5013
FBpp0310344	FBgn0031244	CG11601
FBpp0077796	FBgn0031244	CG11601
FBpp0310345	FBgn0031244	CG11601
FBpp0078035	FBgn0037099	CG7173
FBpp0072175	FBgn0034999	Fatp3
FBpp0072176	FBgn0034999	Fatp3
FBpp0080099	FBgn0003983	Vm34Ca
FBpp0309041	FBgn0028982	Spt6
FBpp0070861	FBgn0028982	Spt6
FBpp0080866	FBgn0032848	nesd
FBpp0080867	FBgn0032848	nesd
FBpp0084043	FBgn0051126	CG31126
FBpp0072000	FBgn0034902	CG5532
FBpp0311636	FBgn0034902	CG5532
FBpp0079445	FBgn0032138	CG4364
FBpp0088522	FBgn0026316	Ubc10
FBpp0088360	FBgn0032720	mRpL13
FBpp0070243	FBgn0026872	CG14777
FBpp0289581	FBgn0026872	CG14777
FBpp0308651	FBgn0026872	CG14777
FBpp0308652	FBgn0026872	CG14777
FBpp0311617	FBgn0026872	CG14777
FBpp0091160	FBgn0053920	CG33920
FBpp0084924	FBgn0003512	Sry-delta
FBpp0075390	FBgn0036479	CG13458
FBpp0079942	FBgn0032415	rho-6
FBpp0309546	FBgn0032415	rho-6
FBpp0308308	FBgn0039031	Gbp3
FBpp0083733	FBgn0039031	Gbp3
FBpp0305255	FBgn0003459	stwl
FBpp0305256	FBgn0003459	stwl
FBpp0075471	FBgn0003459	stwl
FBpp0300203	FBgn0039877	Mccc1
FBpp0085215	FBgn0039877	Mccc1
FBpp0300204	FBgn0039877	Mccc1
FBpp0085214	FBgn0039877	Mccc1
FBpp0112316	FBgn0051342	CG31342
FBpp0112315	FBgn0051342	CG31342
FBpp0111465	FBgn0085374	CG34345
FBpp0073112	FBgn0028664	VhaM9.7-c
FBpp0072150	FBgn0028411	Nxt1
FBpp0309935	FBgn0028411	Nxt1
FBpp0079803	FBgn0283678	Osi21
FBpp0291084	FBgn0037746	CG8478
FBpp0081611	FBgn0037746	CG8478
FBpp0304480	FBgn0037746	CG8478
FBpp0291085	FBgn0037746	CG8478
FBpp0071271	FBgn0030102	SmydA-9
FBpp0309430	FBgn0030102	SmydA-9
FBpp0073891	FBgn0026433	Grip128
FBpp0293539	FBgn0037299	Vps37B
FBpp0293538	FBgn0037299	Vps37B
FBpp0078424	FBgn0037299	Vps37B
FBpp0423258	FBgn0051223	CG31223
FBpp0070063	FBgn0000316	cin
FBpp0070064	FBgn0000316	cin
FBpp0076765	FBgn0020639	Lcp65Af
FBpp0076461	FBgn0035833	CG7565
FBpp0070731	FBgn0010014	CanB
FBpp0300667	FBgn0010014	CanB
FBpp0306006	FBgn0036469	CG18649
FBpp0075416	FBgn0036469	CG18649
FBpp0085273	FBgn0022893	Df31
FBpp0099688	FBgn0022893	Df31
FBpp0085274	FBgn0022893	Df31
FBpp0297890	FBgn0086758	chinmo
FBpp0292933	FBgn0086758	chinmo
FBpp0292934	FBgn0086758	chinmo
FBpp0292932	FBgn0086758	chinmo
FBpp0077545	FBgn0086758	chinmo
FBpp0077546	FBgn0086758	chinmo
FBpp0112436	FBgn0020908	Scp1
FBpp0306952	FBgn0020908	Scp1
FBpp0304244	FBgn0036899	tey
FBpp0271915	FBgn0036899	tey
FBpp0074728	FBgn0036899	tey
FBpp0304245	FBgn0036899	tey
FBpp0082601	FBgn0038344	obe
FBpp0312332	FBgn0046697	Ppr-Y
FBpp0072169	FBgn0034989	CG3356
FBpp0300959	FBgn0032600	BuGZ
FBpp0300960	FBgn0032600	BuGZ
FBpp0111954	FBgn0032600	BuGZ
FBpp0302977	FBgn0032600	BuGZ
FBpp0302976	FBgn0032600	BuGZ
FBpp0080450	FBgn0032600	BuGZ
FBpp0310325	FBgn0032600	BuGZ
FBpp0111299	FBgn0085220	Ufm1
FBpp0309077	FBgn0085220	Ufm1
FBpp0084484	FBgn0039495	CG5909
FBpp0079111	FBgn0031947	Brd7-9
FBpp0303934	FBgn0042138	Apt1
FBpp0303935	FBgn0042138	Apt1
FBpp0075835	FBgn0042138	Apt1
FBpp0075834	FBgn0042138	Apt1
FBpp0075836	FBgn0042138	Apt1
FBpp0079218	FBgn0032014	CG7840
FBpp0084617	FBgn0003279	RpL4
FBpp0290724	FBgn0262728	Pal2
FBpp0088497	FBgn0262728	Pal2
FBpp0312237	FBgn0262728	Pal2
FBpp0087300	FBgn0033581	CG12391
FBpp0085206	FBgn0039881	CG1971
FBpp0310456	FBgn0039881	CG1971
FBpp0293661	FBgn0039881	CG1971
FBpp0085207	FBgn0039881	CG1971
FBpp0073202	FBgn0042199	CG13713
FBpp0073459	FBgn0030365	Tango4
FBpp0084242	FBgn0039300	RpS27
FBpp0293236	FBgn0039300	RpS27
FBpp0306263	FBgn0264816	koko
FBpp0306264	FBgn0264816	koko
FBpp0306265	FBgn0264816	koko
FBpp0306266	FBgn0264816	koko
FBpp0074583	FBgn0031060	Tcs4
FBpp0301156	FBgn0031060	Tcs4
FBpp0078535	FBgn0037261	CG9775
FBpp0307563	FBgn0037261	CG9775
FBpp0290512	FBgn0037261	CG9775
FBpp0078534	FBgn0037261	CG9775
FBpp0300968	FBgn0036817	CG6865
FBpp0099828	FBgn0003950	unc
FBpp0309047	FBgn0003950	unc
FBpp0302861	FBgn0036354	Poc1
FBpp0075597	FBgn0036354	Poc1
FBpp0082743	FBgn0027053	CSN5
FBpp0306602	FBgn0027053	CSN5
FBpp0100028	FBgn0050087	CG30087
FBpp0076645	FBgn0035725	Mis12
FBpp0307858	FBgn0029524	CG3176
FBpp0310106	FBgn0029524	CG3176
FBpp0070077	FBgn0029524	CG3176
FBpp0307857	FBgn0029524	CG3176
FBpp0070526	FBgn0029642	CG3592
FBpp0084214	FBgn0039336	CG4553
FBpp0076931	FBgn0031168	CG1722
FBpp0112313	FBgn0051269	CG31269
FBpp0077075	FBgn0031630	CG15629
FBpp0112920	FBgn0035999	CG3552
FBpp0076191	FBgn0035999	CG3552
FBpp0071085	FBgn0029977	hdm
FBpp0307834	FBgn0085470	lmgB
FBpp0111656	FBgn0085470	lmgB
FBpp0305612	FBgn0085470	lmgB
FBpp0111657	FBgn0085470	lmgB
FBpp0078348	FBgn0037345	PolZ2
FBpp0076283	FBgn0035948	CG5644
FBpp0087402	FBgn0033526	Caf1-105
FBpp0086025	FBgn0034272	Ir54a
FBpp0308000	FBgn0265158	CG44227
FBpp0290897	FBgn0259794	sinah
FBpp0311063	FBgn0260793	2mit
FBpp0311062	FBgn0260793	2mit
FBpp0290651	FBgn0260793	2mit
FBpp0303176	FBgn0260793	2mit
FBpp0082018	FBgn0037995	Adk1
FBpp0076541	FBgn0035792	CG7548
FBpp0073303	FBgn0030283	CG15198
FBpp0307571	FBgn0038576	Arp5
FBpp0082979	FBgn0038576	Arp5
FBpp0292697	FBgn0285944	para
FBpp0292681	FBgn0285944	para
FBpp0292713	FBgn0285944	para
FBpp0292692	FBgn0285944	para
FBpp0292710	FBgn0285944	para
FBpp0292724	FBgn0285944	para
FBpp0292717	FBgn0285944	para
FBpp0292675	FBgn0285944	para
FBpp0074073	FBgn0285944	para
FBpp0292722	FBgn0285944	para
FBpp0292718	FBgn0285944	para
FBpp0292709	FBgn0285944	para
FBpp0292677	FBgn0285944	para
FBpp0292716	FBgn0285944	para
FBpp0292703	FBgn0285944	para
FBpp0292678	FBgn0285944	para
FBpp0292705	FBgn0285944	para
FBpp0292695	FBgn0285944	para
FBpp0292684	FBgn0285944	para
FBpp0292715	FBgn0285944	para
FBpp0292711	FBgn0285944	para
FBpp0292693	FBgn0285944	para
FBpp0292704	FBgn0285944	para
FBpp0292673	FBgn0285944	para
FBpp0303597	FBgn0285944	para
FBpp0292683	FBgn0285944	para
FBpp0292719	FBgn0285944	para
FBpp0292700	FBgn0285944	para
FBpp0110321	FBgn0285944	para
FBpp0292699	FBgn0285944	para
FBpp0292674	FBgn0285944	para
FBpp0288560	FBgn0285944	para
FBpp0292679	FBgn0285944	para
FBpp0292694	FBgn0285944	para
FBpp0292689	FBgn0285944	para
FBpp0292698	FBgn0285944	para
FBpp0292680	FBgn0285944	para
FBpp0309614	FBgn0285944	para
FBpp0292723	FBgn0285944	para
FBpp0292714	FBgn0285944	para
FBpp0292706	FBgn0285944	para
FBpp0292685	FBgn0285944	para
FBpp0292691	FBgn0285944	para
FBpp0292676	FBgn0285944	para
FBpp0292702	FBgn0285944	para
FBpp0292720	FBgn0285944	para
FBpp0110322	FBgn0285944	para
FBpp0292707	FBgn0285944	para
FBpp0292672	FBgn0285944	para
FBpp0292708	FBgn0285944	para
FBpp0292712	FBgn0285944	para
FBpp0292687	FBgn0285944	para
FBpp0292686	FBgn0285944	para
FBpp0292721	FBgn0285944	para
FBpp0292688	FBgn0285944	para
FBpp0292701	FBgn0285944	para
FBpp0292696	FBgn0285944	para
FBpp0292682	FBgn0285944	para
FBpp0292690	FBgn0285944	para
FBpp0311217	FBgn0285944	para
FBpp0111328	FBgn0085249	CG34220
FBpp0087515	FBgn0013435	Cdc2rk
FBpp0309192	FBgn0034246	Dcr-2
FBpp0086061	FBgn0034246	Dcr-2
FBpp0309029	FBgn0034060	Tmem131
FBpp0086345	FBgn0034060	Tmem131
FBpp0076257	FBgn0040827	CG13315
FBpp0309528	FBgn0040827	CG13315
FBpp0086732	FBgn0033890	Ctf4
FBpp0080135	FBgn0032538	Vajk2
FBpp0311716	FBgn0001285	Jon44E
FBpp0087783	FBgn0001285	Jon44E
FBpp0312299	FBgn0085521	CG40813
FBpp0086648	FBgn0033899	CG13016
FBpp0081001	FBgn0032925	Noc2
FBpp0076562	FBgn0035777	CG8563
FBpp0304970	FBgn0035777	CG8563
FBpp0086295	FBgn0034121	CG6262
FBpp0086297	FBgn0034121	CG6262
FBpp0086296	FBgn0034121	CG6262
FBpp0291023	FBgn0058198	CG40198
FBpp0305391	FBgn0058198	CG40198
FBpp0085660	FBgn0034455	CG11007
FBpp0311843	FBgn0034455	CG11007
FBpp0085719	FBgn0034447	CG7744
FBpp0070623	FBgn0040907	mRpL33
FBpp0072970	FBgn0035415	CG14966
FBpp0271953	FBgn0032462	CG16800
FBpp0083389	FBgn0044810	TotX
FBpp0309422	FBgn0265626	CG44434
FBpp0301144	FBgn0013995	Calx
FBpp0301142	FBgn0013995	Calx
FBpp0301143	FBgn0013995	Calx
FBpp0083403	FBgn0013995	Calx
FBpp0083402	FBgn0013995	Calx
FBpp0301141	FBgn0013995	Calx
FBpp0083404	FBgn0013995	Calx
FBpp0310709	FBgn0013995	Calx
FBpp0310708	FBgn0013995	Calx
FBpp0078813	FBgn0051643	CG31643
FBpp0309819	FBgn0051643	CG31643
FBpp0084151	FBgn0046214	vig2
FBpp0084150	FBgn0046214	vig2
FBpp0112266	FBgn0046214	vig2
FBpp0084152	FBgn0046214	vig2
FBpp0290956	FBgn0260955	CG42587
FBpp0087141	FBgn0260932	cuff
FBpp0309508	FBgn0265714	CG44521
FBpp0311362	FBgn0010313	corto
FBpp0300442	FBgn0010313	corto
FBpp0300440	FBgn0010313	corto
FBpp0078485	FBgn0010313	corto
FBpp0300441	FBgn0010313	corto
FBpp0073329	FBgn0030270	CG15199
FBpp0298018	FBgn0030270	CG15199
FBpp0085483	FBgn0262736	Vha16-1
FBpp0085485	FBgn0262736	Vha16-1
FBpp0085484	FBgn0262736	Vha16-1
FBpp0085486	FBgn0262736	Vha16-1
FBpp0312208	FBgn0035889	mkg-p
FBpp0076388	FBgn0035889	mkg-p
FBpp0076387	FBgn0035889	mkg-p
FBpp0078531	FBgn0027570	Nep2
FBpp0306050	FBgn0027570	Nep2
FBpp0293663	FBgn0027570	Nep2
FBpp0077136	FBgn0011603	ine
FBpp0077138	FBgn0011603	ine
FBpp0290622	FBgn0011603	ine
FBpp0290621	FBgn0011603	ine
FBpp0077137	FBgn0011603	ine
FBpp0081435	FBgn0003015	osk
FBpp0089372	FBgn0003015	osk
FBpp0075472	FBgn0036422	CG3868
FBpp0075668	FBgn0036320	CG10943
FBpp0099609	FBgn0061356	Hao
FBpp0080196	FBgn0261529	ms(2)34Fe
FBpp0072507	FBgn0035152	CG3386
FBpp0305569	FBgn0035152	CG3386
FBpp0305570	FBgn0035152	CG3386
FBpp0305571	FBgn0035152	CG3386
FBpp0088345	FBgn0010453	Wnt4
FBpp0306845	FBgn0010453	Wnt4
FBpp0311919	FBgn0053178	CG33178
FBpp0309372	FBgn0053178	CG33178
FBpp0073780	FBgn0053178	CG33178
FBpp0079717	FBgn0032284	CG7294
FBpp0076455	FBgn0035844	CG13676
FBpp0305000	FBgn0035844	CG13676
FBpp0306925	FBgn0026417	Hus1-like
FBpp0078516	FBgn0026417	Hus1-like
FBpp0082288	FBgn0002937	ninaB
FBpp0428135	FBgn0052204	CG32204
FBpp0112341	FBgn0052204	CG32204
FBpp0305905	FBgn0029676	HIP-R
FBpp0070572	FBgn0029676	HIP-R
FBpp0070573	FBgn0029676	HIP-R
FBpp0111550	FBgn0085423	GramD1B
FBpp0297431	FBgn0085423	GramD1B
FBpp0304682	FBgn0085423	GramD1B
FBpp0297429	FBgn0085423	GramD1B
FBpp0111551	FBgn0085423	GramD1B
FBpp0111553	FBgn0085423	GramD1B
FBpp0091071	FBgn0053825	His1:CG33825
FBpp0289851	FBgn0260224	Tcs6
FBpp0078032	FBgn0037102	CRIF
FBpp0076521	FBgn0035816	CG13685
FBpp0306706	FBgn0035816	CG13685
FBpp0303598	FBgn0035816	CG13685
FBpp0312405	FBgn0035816	CG13685
FBpp0072024	FBgn0041233	Gr59e
FBpp0306443	FBgn0262167	ana1
FBpp0084029	FBgn0262167	ana1
FBpp0075994	FBgn0036099	CG11811
FBpp0077576	FBgn0031359	Rim2
FBpp0294064	FBgn0031359	Rim2
FBpp0297297	FBgn0031359	Rim2
FBpp0423283	FBgn0034807	CG9897
FBpp0292834	FBgn0261997	CG42815
FBpp0293217	FBgn0025866	CalpB
FBpp0076072	FBgn0025866	CalpB
FBpp0082483	FBgn0038281	RpL10Aa
FBpp0071298	FBgn0030141	Gga
FBpp0084068	FBgn0004885	tok
FBpp0084069	FBgn0004885	tok
FBpp0308359	FBgn0004885	tok
FBpp0075846	FBgn0036199	Bmcp
FBpp0075845	FBgn0036199	Bmcp
FBpp0289682	FBgn0034622	BBS9
FBpp0309075	FBgn0011743	Arp53D
FBpp0070302	FBgn0023509	mip130
FBpp0072462	FBgn0035144	Kah
FBpp0087015	FBgn0266111	ana3
FBpp0084314	FBgn0039387	Mco3
FBpp0303522	FBgn0031384	CG4238
FBpp0306829	FBgn0031384	CG4238
FBpp0290289	FBgn0031384	CG4238
FBpp0303521	FBgn0031384	CG4238
FBpp0306830	FBgn0031384	CG4238
FBpp0290288	FBgn0031384	CG4238
FBpp0290290	FBgn0031384	CG4238
FBpp0083165	FBgn0038682	CG5835
FBpp0086142	FBgn0034205	CG10950
FBpp0289253	FBgn0259721	CG42375
FBpp0074294	FBgn0283471	wupA
FBpp0307836	FBgn0283471	wupA
FBpp0074300	FBgn0283471	wupA
FBpp0307835	FBgn0283471	wupA
FBpp0074298	FBgn0283471	wupA
FBpp0074299	FBgn0283471	wupA
FBpp0074297	FBgn0283471	wupA
FBpp0300555	FBgn0283471	wupA
FBpp0074296	FBgn0283471	wupA
FBpp0300557	FBgn0283471	wupA
FBpp0300556	FBgn0283471	wupA
FBpp0307837	FBgn0283471	wupA
FBpp0074295	FBgn0283471	wupA
FBpp0081508	FBgn0037689	CG8135
FBpp0071462	FBgn0034579	mRpL54
FBpp0077060	FBgn0266848	wap
FBpp0308582	FBgn0266848	wap
FBpp0301179	FBgn0266848	wap
FBpp0293677	FBgn0266848	wap
FBpp0311413	FBgn0039213	atl
FBpp0084037	FBgn0039213	atl
FBpp0084036	FBgn0039213	atl
FBpp0352243	FBgn0265991	Zasp52
FBpp0352244	FBgn0265991	Zasp52
FBpp0302948	FBgn0265991	Zasp52
FBpp0302946	FBgn0265991	Zasp52
FBpp0291373	FBgn0265991	Zasp52
FBpp0290528	FBgn0265991	Zasp52
FBpp0428217	FBgn0265991	Zasp52
FBpp0099800	FBgn0265991	Zasp52
FBpp0110340	FBgn0265991	Zasp52
FBpp0302947	FBgn0265991	Zasp52
FBpp0301784	FBgn0265991	Zasp52
FBpp0301786	FBgn0265991	Zasp52
FBpp0301785	FBgn0265991	Zasp52
FBpp0302943	FBgn0265991	Zasp52
FBpp0352256	FBgn0265991	Zasp52
FBpp0302945	FBgn0265991	Zasp52
FBpp0302944	FBgn0265991	Zasp52
FBpp0302950	FBgn0265991	Zasp52
FBpp0086449	FBgn0265991	Zasp52
FBpp0309588	FBgn0265991	Zasp52
FBpp0302949	FBgn0265991	Zasp52
FBpp0099801	FBgn0265991	Zasp52
FBpp0071267	FBgn0260789	mxc
FBpp0310024	FBgn0260789	mxc
FBpp0081325	FBgn0062412	Ctr1B
FBpp0312368	FBgn0267489	PRY
FBpp0087458	FBgn0265512	mlt
FBpp0087457	FBgn0265512	mlt
FBpp0304278	FBgn0265512	mlt
FBpp0309755	FBgn0034731	CG10384
FBpp0309756	FBgn0034731	CG10384
FBpp0289084	FBgn0050120	CG30120
FBpp0079171	FBgn0031973	Spn28Dc
FBpp0073578	FBgn0010303	hep
FBpp0073579	FBgn0010303	hep
FBpp0428279	FBgn0010303	hep
FBpp0303423	FBgn0010303	hep
FBpp0303422	FBgn0010303	hep
FBpp0428280	FBgn0010303	hep
FBpp0309264	FBgn0010303	hep
FBpp0309960	FBgn0052756	CG32756
FBpp0070825	FBgn0052756	CG32756
FBpp0292197	FBgn0261683	B9d2
FBpp0091050	FBgn0053801	His1:CG33801
FBpp0087317	FBgn0033549	mms4
FBpp0297934	FBgn0001114	Glt
FBpp0079331	FBgn0001114	Glt
FBpp0082794	FBgn0003944	Ubx
FBpp0089155	FBgn0003944	Ubx
FBpp0082796	FBgn0003944	Ubx
FBpp0082797	FBgn0003944	Ubx
FBpp0082795	FBgn0003944	Ubx
FBpp0082793	FBgn0003944	Ubx
FBpp0112947	FBgn0032337	AstCC
FBpp0310218	FBgn0032337	AstCC
FBpp0075107	FBgn0043578	PGRP-SB1
FBpp0076622	FBgn0035743	Acbp6
FBpp0311659	FBgn0035743	Acbp6
FBpp0088028	FBgn0050499	Rpe
FBpp0301728	FBgn0050499	Rpe
FBpp0073576	FBgn0030449	Fer3HCH
FBpp0311417	FBgn0033339	Sec31
FBpp0308410	FBgn0033339	Sec31
FBpp0087724	FBgn0033339	Sec31
FBpp0087723	FBgn0033339	Sec31
FBpp0308325	FBgn0039751	CG1983
FBpp0084940	FBgn0039751	CG1983
FBpp0292839	FBgn0262008	CG42826
FBpp0301209	FBgn0053543	CG33543
FBpp0303889	FBgn0264296	CG43774
FBpp0077818	FBgn0031219	CG13694
FBpp0307800	FBgn0031219	CG13694
FBpp0309413	FBgn0053453	CG33453
FBpp0085748	FBgn0053453	CG33453
FBpp0086741	FBgn0033885	DJ-1alpha
FBpp0312552	FBgn0032721	CG10602
FBpp0088356	FBgn0032721	CG10602
FBpp0088357	FBgn0032721	CG10602
FBpp0309757	FBgn0034741	CG4269
FBpp0071765	FBgn0034741	CG4269
FBpp0309758	FBgn0034741	CG4269
FBpp0085430	FBgn0033017	CG10465
FBpp0311195	FBgn0034638	CG10433
FBpp0071607	FBgn0034638	CG10433
FBpp0071608	FBgn0034638	CG10433
FBpp0071547	FBgn0050391	CG30391
FBpp0099758	FBgn0004407	PolG2
FBpp0111406	FBgn0085326	CG34297
FBpp0082180	FBgn0038118	timeout
FBpp0294051	FBgn0030438	CG15721
FBpp0088562	FBgn0003742	tra2
FBpp0088564	FBgn0003742	tra2
FBpp0088561	FBgn0003742	tra2
FBpp0088563	FBgn0003742	tra2
FBpp0088946	FBgn0003742	tra2
FBpp0088947	FBgn0003742	tra2
FBpp0088560	FBgn0003742	tra2
FBpp0078775	FBgn0043362	bchs
FBpp0070355	FBgn0028969	deltaCOP
FBpp0291138	FBgn0028969	deltaCOP
FBpp0306740	FBgn0261599	RpS29
FBpp0081614	FBgn0261599	RpS29
FBpp0084745	FBgn0028671	Vha100-1
FBpp0290864	FBgn0028671	Vha100-1
FBpp0307388	FBgn0028671	Vha100-1
FBpp0084744	FBgn0028671	Vha100-1
FBpp0084743	FBgn0028671	Vha100-1
FBpp0084748	FBgn0028671	Vha100-1
FBpp0084749	FBgn0028671	Vha100-1
FBpp0084750	FBgn0028671	Vha100-1
FBpp0084746	FBgn0028671	Vha100-1
FBpp0290865	FBgn0028671	Vha100-1
FBpp0072547	FBgn0035196	Bfc
FBpp0307584	FBgn0037228	CG1092
FBpp0307583	FBgn0037228	CG1092
FBpp0075330	FBgn0036527	CG7304
FBpp0271699	FBgn0039093	CG10183
FBpp0076746	FBgn0040060	yip7
FBpp0309235	FBgn0034258	eIF3c
FBpp0086013	FBgn0034258	eIF3c
FBpp0309278	FBgn0032730	CG10431
FBpp0080678	FBgn0032730	CG10431
FBpp0086936	FBgn0050056	CG30056
FBpp0086392	FBgn0265605	Ric
FBpp0289803	FBgn0265605	Ric
FBpp0309726	FBgn0034642	CG15674
FBpp0071576	FBgn0034642	CG15674
FBpp0071254	FBgn0030122	Aladin
FBpp0308972	FBgn0030122	Aladin
FBpp0070197	FBgn0040357	CG14624
FBpp0077206	FBgn0031534	Snx1
FBpp0309920	FBgn0031534	Snx1
FBpp0308254	FBgn0265187	Fatp2
FBpp0308255	FBgn0265187	Fatp2
FBpp0308253	FBgn0265187	Fatp2
FBpp0290917	FBgn0040089	meso18E
FBpp0308522	FBgn0040089	meso18E
FBpp0074581	FBgn0040089	meso18E
FBpp0308523	FBgn0040089	meso18E
FBpp0076316	FBgn0035929	CG13311
FBpp0074951	FBgn0052183	Ccn
FBpp0082907	FBgn0038528	CG14326
FBpp0292121	FBgn0261631	CG42714
FBpp0080843	FBgn0032834	CG13965
FBpp0305280	FBgn0040765	luna
FBpp0311726	FBgn0040765	luna
FBpp0087305	FBgn0040765	luna
FBpp0073878	FBgn0030665	CG15646
FBpp0308749	FBgn0030665	CG15646
FBpp0088880	FBgn0025682	scf
FBpp0088881	FBgn0025682	scf
FBpp0082467	FBgn0038274	Nup93-2
FBpp0423043	FBgn0030074	CG12662
FBpp0071207	FBgn0030074	CG12662
FBpp0310690	FBgn0038756	CG4783
FBpp0083232	FBgn0038756	CG4783
FBpp0310579	FBgn0261549	rdgA
FBpp0305778	FBgn0261549	rdgA
FBpp0310580	FBgn0261549	rdgA
FBpp0291804	FBgn0261549	rdgA
FBpp0428093	FBgn0261549	rdgA
FBpp0291801	FBgn0261549	rdgA
FBpp0291803	FBgn0261549	rdgA
FBpp0305779	FBgn0261549	rdgA
FBpp0291802	FBgn0261549	rdgA
FBpp0291805	FBgn0261549	rdgA
FBpp0291800	FBgn0261549	rdgA
FBpp0087121	FBgn0014184	Oda
FBpp0087122	FBgn0014184	Oda
FBpp0087123	FBgn0014184	Oda
FBpp0291482	FBgn0261358	CG42635
FBpp0312138	FBgn0261358	CG42635
FBpp0082423	FBgn0013981	His4r
FBpp0082422	FBgn0013981	His4r
FBpp0082421	FBgn0013981	His4r
FBpp0306146	FBgn0013981	His4r
FBpp0390632	FBgn0262952	mt:ND4
FBpp0074473	FBgn0030982	CG7423
FBpp0073488	FBgn0030407	Fpgs1
FBpp0312046	FBgn0030407	Fpgs1
FBpp0070314	FBgn0025627	CG4194
FBpp0306805	FBgn0264000	GluRIB
FBpp0312406	FBgn0264000	GluRIB
FBpp0303373	FBgn0264000	GluRIB
FBpp0303372	FBgn0264000	GluRIB
FBpp0305620	FBgn0040153	l(1)G0469
FBpp0073744	FBgn0040153	l(1)G0469
FBpp0305619	FBgn0040153	l(1)G0469
FBpp0291629	FBgn0261508	CG42656
FBpp0091016	FBgn0053710	CG33710
FBpp0088999	FBgn0040796	CG13064
FBpp0309812	FBgn0032706	Irk3
FBpp0080669	FBgn0032706	Irk3
FBpp0309813	FBgn0032706	Irk3
FBpp0079633	FBgn0032249	TBC1D16
FBpp0083218	FBgn0038720	CG6231
FBpp0083217	FBgn0038720	CG6231
FBpp0306944	FBgn0038720	CG6231
FBpp0306943	FBgn0038720	CG6231
FBpp0083219	FBgn0038720	CG6231
FBpp0083220	FBgn0038720	CG6231
FBpp0291371	FBgn0016059	Sema1b
FBpp0089289	FBgn0016059	Sema1b
FBpp0086050	FBgn0016059	Sema1b
FBpp0087699	FBgn0015477	Rme-8
FBpp0308461	FBgn0015477	Rme-8
FBpp0309563	FBgn0032520	CG10859
FBpp0080100	FBgn0032520	CG10859
FBpp0303002	FBgn0000318	cl
FBpp0303003	FBgn0000318	cl
FBpp0078728	FBgn0000318	cl
FBpp0311609	FBgn0260767	CG42565
FBpp0290484	FBgn0260767	CG42565
FBpp0086873	FBgn0033814	Qsox1
FBpp0309429	FBgn0033814	Qsox1
FBpp0075424	FBgn0036463	Reck
FBpp0306008	FBgn0036463	Reck
FBpp0086107	FBgn0034231	APC10
FBpp0083383	FBgn0038842	hdly
FBpp0306939	FBgn0038842	hdly
FBpp0112169	FBgn0038842	hdly
FBpp0079367	FBgn0032088	CG13102
FBpp0301576	FBgn0032088	CG13102
FBpp0075624	FBgn0010452	trn
FBpp0303108	FBgn0010452	trn
FBpp0292991	FBgn0261975	CG42806
FBpp0077950	FBgn0037050	ICA69
FBpp0293952	FBgn0037050	ICA69
FBpp0302028	FBgn0263707	CG43659
FBpp0306068	FBgn0086690	Plp
FBpp0297119	FBgn0086690	Plp
FBpp0306069	FBgn0086690	Plp
FBpp0306064	FBgn0086690	Plp
FBpp0306067	FBgn0086690	Plp
FBpp0099787	FBgn0086690	Plp
FBpp0306065	FBgn0086690	Plp
FBpp0306072	FBgn0086690	Plp
FBpp0306070	FBgn0086690	Plp
FBpp0297121	FBgn0086690	Plp
FBpp0306066	FBgn0086690	Plp
FBpp0306071	FBgn0086690	Plp
FBpp0084956	FBgn0003479	spn-A
FBpp0084955	FBgn0003479	spn-A
FBpp0297369	FBgn0016756	Usp47
FBpp0076803	FBgn0016756	Usp47
FBpp0076802	FBgn0016756	Usp47
FBpp0087930	FBgn0050378	CG30378
FBpp0289230	FBgn0259699	CG42353
FBpp0289229	FBgn0259699	CG42353
FBpp0111866	FBgn0264386	Ca-alpha1T
FBpp0306997	FBgn0264386	Ca-alpha1T
FBpp0293152	FBgn0264386	Ca-alpha1T
FBpp0293151	FBgn0264386	Ca-alpha1T
FBpp0088415	FBgn0264386	Ca-alpha1T
FBpp0308314	FBgn0265197	CG44257
FBpp0302955	FBgn0263974	qin
FBpp0309916	FBgn0031700	CG14022
FBpp0078714	FBgn0031700	CG14022
FBpp0074541	FBgn0031030	Tao
FBpp0074542	FBgn0031030	Tao
FBpp0074543	FBgn0031030	Tao
FBpp0292968	FBgn0031030	Tao
FBpp0301176	FBgn0031030	Tao
FBpp0307673	FBgn0031030	Tao
FBpp0074540	FBgn0031030	Tao
FBpp0307672	FBgn0031030	Tao
FBpp0292969	FBgn0031030	Tao
FBpp0308365	FBgn0039298	to
FBpp0084185	FBgn0039298	to
FBpp0086939	FBgn0033755	ClC-b
FBpp0075904	FBgn0036159	CG7557
FBpp0075905	FBgn0036159	CG7557
FBpp0112259	FBgn0043005	prt
FBpp0311532	FBgn0052191	CG32191
FBpp0300164	FBgn0052191	CG32191
FBpp0311555	FBgn0260648	Rrp40
FBpp0077551	FBgn0260648	Rrp40
FBpp0310947	FBgn0038541	TyrRII
FBpp0304483	FBgn0038541	TyrRII
FBpp0304482	FBgn0038541	TyrRII
FBpp0082936	FBgn0038541	TyrRII
FBpp0297221	FBgn0262842	UQCR-6.4L
FBpp0288393	FBgn0028421	Kap3
FBpp0288392	FBgn0028421	Kap3
FBpp0309845	FBgn0028421	Kap3
FBpp0288394	FBgn0028421	Kap3
FBpp0309844	FBgn0028421	Kap3
FBpp0072581	FBgn0261243	Psa
FBpp0072582	FBgn0261243	Psa
FBpp0297512	FBgn0261243	Psa
FBpp0072584	FBgn0261243	Psa
FBpp0305587	FBgn0261243	Psa
FBpp0072586	FBgn0261243	Psa
FBpp0072585	FBgn0261243	Psa
FBpp0072583	FBgn0261243	Psa
FBpp0071314	FBgn0000233	btd
FBpp0082817	FBgn0266917	Sf3a1
FBpp0305433	FBgn0031752	CG9044
FBpp0271920	FBgn0031752	CG9044
FBpp0071789	FBgn0034774	CG13526
FBpp0288475	FBgn0030850	stas
FBpp0074261	FBgn0030850	stas
FBpp0078898	FBgn0259749	mmy
FBpp0078899	FBgn0259749	mmy
FBpp0308834	FBgn0259749	mmy
FBpp0112286	FBgn0050381	PIG-X
FBpp0308274	FBgn0050381	PIG-X
FBpp0312570	FBgn0267904	CG46192
FBpp0301700	FBgn0263621	CG43630
FBpp0310468	FBgn0040233	cana
FBpp0079795	FBgn0040233	cana
FBpp0310467	FBgn0040233	cana
FBpp0311473	FBgn0029820	CG16721
FBpp0070786	FBgn0029820	CG16721
FBpp0308971	FBgn0029820	CG16721
FBpp0078635	FBgn0031660	mRpL28
FBpp0303669	FBgn0031660	mRpL28
FBpp0073145	FBgn0053514	CG33514
FBpp0288662	FBgn0035797	CG14837
FBpp0075866	FBgn0036187	RIOK1
FBpp0075865	FBgn0036187	RIOK1
FBpp0073631	FBgn0052633	CG32633
FBpp0302579	FBgn0052633	CG32633
FBpp0082599	FBgn0038342	B9d1
FBpp0308604	FBgn0050020	CG30020
FBpp0087330	FBgn0050020	CG30020
FBpp0112272	FBgn0284257	Ttd14
FBpp0085903	FBgn0284257	Ttd14
FBpp0112273	FBgn0284257	Ttd14
FBpp0074567	FBgn0031078	Nup205
FBpp0074568	FBgn0031078	Nup205
FBpp0076111	FBgn0267348	LanB2
FBpp0311281	FBgn0267348	LanB2
FBpp0075827	FBgn0003373	Sgs3
FBpp0080857	FBgn0032815	CG10462
FBpp0303686	FBgn0032815	CG10462
FBpp0303685	FBgn0032815	CG10462
FBpp0297094	FBgn0032815	CG10462
FBpp0099757	FBgn0032815	CG10462
FBpp0099756	FBgn0032815	CG10462
FBpp0076672	FBgn0035709	eIF4E4
FBpp0070473	FBgn0000376	crm
FBpp0070472	FBgn0000376	crm
FBpp0084179	FBgn0039288	CG13653
FBpp0076655	FBgn0041194	Prat2
FBpp0076654	FBgn0041194	Prat2
FBpp0303980	FBgn0030351	CG1840
FBpp0073415	FBgn0030351	CG1840
FBpp0088565	FBgn0040227	eIF3d1
FBpp0075166	FBgn0004569	aos
FBpp0075671	FBgn0036317	CG10948
FBpp0075670	FBgn0036317	CG10948
FBpp0271745	FBgn0036317	CG10948
FBpp0075456	FBgn0036436	CG4914
FBpp0310138	FBgn0036627	Gagr
FBpp0075146	FBgn0036627	Gagr
FBpp0081096	FBgn0037492	Dtwd2
FBpp0089240	FBgn0031150	bves
FBpp0305069	FBgn0031150	bves
FBpp0305068	FBgn0031150	bves
FBpp0076939	FBgn0031150	bves
FBpp0083158	FBgn0038690	CG11703
FBpp0085912	FBgn0028983	Spn55B
FBpp0075499	FBgn0052137	CG32137
FBpp0075500	FBgn0052137	CG32137
FBpp0085090	FBgn0039796	CG12069
FBpp0307433	FBgn0039796	CG12069
FBpp0074982	FBgn0036726	QIL1
FBpp0303561	FBgn0250906	Pgk
FBpp0303562	FBgn0250906	Pgk
FBpp0303560	FBgn0250906	Pgk
FBpp0306279	FBgn0250906	Pgk
FBpp0077419	FBgn0250906	Pgk
FBpp0081176	FBgn0046873	Pif2
FBpp0076762	FBgn0005658	Ets65A
FBpp0271863	FBgn0005658	Ets65A
FBpp0076763	FBgn0005658	Ets65A
FBpp0312433	FBgn0005658	Ets65A
FBpp0312432	FBgn0005658	Ets65A
FBpp0077262	FBgn0031536	Cog3
FBpp0075553	FBgn0036373	Tgi
FBpp0075552	FBgn0036373	Tgi
FBpp0307453	FBgn0031500	CG17221
FBpp0077339	FBgn0031500	CG17221
FBpp0077340	FBgn0031500	CG17221
FBpp0079720	FBgn0032271	CG7329
FBpp0303791	FBgn0032271	CG7329
FBpp0074757	FBgn0260857	Bet1
FBpp0074758	FBgn0260857	Bet1
FBpp0083182	FBgn0038709	CG15025
FBpp0289502	FBgn0036158	CG6149
FBpp0084111	FBgn0051118	RabX4
FBpp0293796	FBgn0036667	kud
FBpp0075098	FBgn0036667	kud
FBpp0075890	FBgn0053272	CG33272
FBpp0308384	FBgn0035069	CG3611
FBpp0311730	FBgn0035069	CG3611
FBpp0072284	FBgn0035069	CG3611
FBpp0072976	FBgn0035402	Usp5
FBpp0298309	FBgn0035402	Usp5
FBpp0401600	FBgn0035402	Usp5
FBpp0113052	FBgn0020381	Dredd
FBpp0113053	FBgn0020381	Dredd
FBpp0113051	FBgn0020381	Dredd
FBpp0309082	FBgn0020381	Dredd
FBpp0291809	FBgn0261550	Orp8
FBpp0291813	FBgn0261550	Orp8
FBpp0291808	FBgn0261550	Orp8
FBpp0292619	FBgn0261550	Orp8
FBpp0291806	FBgn0261550	Orp8
FBpp0291810	FBgn0261550	Orp8
FBpp0291807	FBgn0261550	Orp8
FBpp0297589	FBgn0261550	Orp8
FBpp0297588	FBgn0261550	Orp8
FBpp0081207	FBgn0037432	CG10298
FBpp0077183	FBgn0051960	CG31960
FBpp0087289	FBgn0033591	CG13216
FBpp0110254	FBgn0083974	CG34138
FBpp0073839	FBgn0030624	CG9106
FBpp0073838	FBgn0030624	CG9106
FBpp0070071	FBgn0000022	ac
FBpp0309609	FBgn0052656	Muc11A
FBpp0084476	FBgn0027574	CG5815
FBpp0308369	FBgn0027574	CG5815
FBpp0074975	FBgn0036705	CG13723
FBpp0070930	FBgn0086693	iav
FBpp0075727	FBgn0046296	DEF8
FBpp0312435	FBgn0038032	CG10096
FBpp0082074	FBgn0038032	CG10096
FBpp0312434	FBgn0038032	CG10096
FBpp0082073	FBgn0038032	CG10096
FBpp0306270	FBgn0260743	GC1
FBpp0081958	FBgn0260743	GC1
FBpp0086932	FBgn0250842	CG17575
FBpp0292065	FBgn0250842	CG17575
FBpp0111917	FBgn0030976	CG7378
FBpp0074420	FBgn0030976	CG7378
FBpp0309670	FBgn0030976	CG7378
FBpp0080815	FBgn0032801	CG10165
FBpp0311158	FBgn0032801	CG10165
FBpp0080816	FBgn0032801	CG10165
FBpp0292791	FBgn0032801	CG10165
FBpp0292792	FBgn0032801	CG10165
FBpp0099590	FBgn0032515	loqs
FBpp0292361	FBgn0032515	loqs
FBpp0309562	FBgn0032515	loqs
FBpp0080076	FBgn0032515	loqs
FBpp0309561	FBgn0032515	loqs
FBpp0080075	FBgn0032515	loqs
FBpp0091134	FBgn0053889	His4:CG33889
FBpp0099637	FBgn0260458	PGRP-LD
FBpp0113069	FBgn0260458	PGRP-LD
FBpp0099636	FBgn0260458	PGRP-LD
FBpp0099635	FBgn0260458	PGRP-LD
FBpp0088208	FBgn0042696	NfI
FBpp0305834	FBgn0042696	NfI
FBpp0075021	FBgn0036676	CG13028
FBpp0078267	FBgn0046876	Obp83ef
FBpp0072351	FBgn0001325	Kr
FBpp0305365	FBgn0001325	Kr
FBpp0071824	FBgn0000405	CycB
FBpp0071822	FBgn0000405	CycB
FBpp0071825	FBgn0000405	CycB
FBpp0301592	FBgn0000405	CycB
FBpp0074684	FBgn0036920	CG8004
FBpp0312110	FBgn0002525	Lam
FBpp0078733	FBgn0002525	Lam
FBpp0297902	FBgn0002525	Lam
FBpp0297901	FBgn0002525	Lam
FBpp0086325	FBgn0050324	CG30324
FBpp0077542	FBgn0026397	Or22b
FBpp0293214	FBgn0036402	CG6650
FBpp0309806	FBgn0036402	CG6650
FBpp0075511	FBgn0036402	CG6650
FBpp0086852	FBgn0040754	CG17059
FBpp0305228	FBgn0003963	ush
FBpp0305227	FBgn0003963	ush
FBpp0077723	FBgn0003963	ush
FBpp0301730	FBgn0003963	ush
FBpp0302929	FBgn0003963	ush
FBpp0288398	FBgn0278608	Dsp1
FBpp0089258	FBgn0278608	Dsp1
FBpp0088318	FBgn0278608	Dsp1
FBpp0308813	FBgn0278608	Dsp1
FBpp0089257	FBgn0278608	Dsp1
FBpp0088319	FBgn0278608	Dsp1
FBpp0088320	FBgn0278608	Dsp1
FBpp0307421	FBgn0039792	CG2267
FBpp0085034	FBgn0039792	CG2267
FBpp0088945	FBgn0264855	AP-2alpha
FBpp0088490	FBgn0264855	AP-2alpha
FBpp0085848	FBgn0040734	BomS5
FBpp0072192	FBgn0034976	CG4049
FBpp0071883	FBgn0034826	CG13544
FBpp0072170	FBgn0050418	nord
FBpp0084910	FBgn0027583	CG7601
FBpp0078214	FBgn0037207	Mes2
FBpp0078212	FBgn0037207	Mes2
FBpp0084222	FBgn0039329	CG10669
FBpp0289911	FBgn0039329	CG10669
FBpp0076238	FBgn0011787	mRpL12
FBpp0070545	FBgn0029669	CG13021
FBpp0070546	FBgn0029669	CG13021
FBpp0298307	FBgn0263108	BtbVII
FBpp0298306	FBgn0263108	BtbVII
FBpp0298302	FBgn0263108	BtbVII
FBpp0303182	FBgn0263108	BtbVII
FBpp0298303	FBgn0263108	BtbVII
FBpp0298305	FBgn0263108	BtbVII
FBpp0303181	FBgn0263108	BtbVII
FBpp0304406	FBgn0263108	BtbVII
FBpp0081037	FBgn0264556	Gr39a
FBpp0081039	FBgn0264556	Gr39a
FBpp0081036	FBgn0264556	Gr39a
FBpp0081038	FBgn0264556	Gr39a
FBpp0288428	FBgn0050022	CG30022
FBpp0076797	FBgn0035625	Blimp-1
FBpp0311662	FBgn0035625	Blimp-1
FBpp0304193	FBgn0035625	Blimp-1
FBpp0304192	FBgn0035625	Blimp-1
FBpp0304194	FBgn0035625	Blimp-1
FBpp0304191	FBgn0035625	Blimp-1
FBpp0307916	FBgn0040849	Ir41a
FBpp0075903	FBgn0036157	CG7560
FBpp0073685	FBgn0030536	CG11068
FBpp0306850	FBgn0031391	CG11723
FBpp0077524	FBgn0031391	CG11723
FBpp0072875	FBgn0035390	scramb2
FBpp0303563	FBgn0031451	CG9961
FBpp0077420	FBgn0031451	CG9961
FBpp0307430	FBgn0039798	CG11313
FBpp0307429	FBgn0039798	CG11313
FBpp0311569	FBgn0031859	CG17377
FBpp0301561	FBgn0031859	CG17377
FBpp0079005	FBgn0031859	CG17377
FBpp0301562	FBgn0031859	CG17377
FBpp0070770	FBgn0000394	cv
FBpp0309406	FBgn0000394	cv
FBpp0309407	FBgn0000394	cv
FBpp0080720	FBgn0032744	Ttc19
FBpp0087320	FBgn0029134	Prosbeta5
FBpp0087319	FBgn0029134	Prosbeta5
FBpp0075748	FBgn0036266	Tsen54
FBpp0292112	FBgn0052507	CG32507
FBpp0307823	FBgn0033137	Tsp42Ep
FBpp0088131	FBgn0033137	Tsp42Ep
FBpp0077664	FBgn0031273	CG2839
FBpp0075209	FBgn0011016	SsRbeta
FBpp0290208	FBgn0031446	Trf5
FBpp0076009	FBgn0036089	CG14151
FBpp0312492	FBgn0037874	Tctp
FBpp0081820	FBgn0037874	Tctp
FBpp0071969	FBgn0050185	AIMP3
FBpp0077713	FBgn0000061	al
FBpp0305232	FBgn0036440	CG17177
FBpp0075454	FBgn0036440	CG17177
FBpp0071270	FBgn0086367	t
FBpp0309288	FBgn0086367	t
FBpp0075333	FBgn0041160	comm2
FBpp0082177	FBgn0260962	pic
FBpp0083214	FBgn0283536	Vha13
FBpp0311933	FBgn0283536	Vha13
FBpp0079580	FBgn0032219	CG4995
FBpp0079581	FBgn0032219	CG4995
FBpp0079579	FBgn0032219	CG4995
FBpp0304055	FBgn0032219	CG4995
FBpp0303745	FBgn0032793	Ctu2
FBpp0080822	FBgn0032793	Ctu2
FBpp0289086	FBgn0052299	CG32299
FBpp0072776	FBgn0052299	CG32299
FBpp0087857	FBgn0028561	sut3
FBpp0304541	FBgn0028561	sut3
FBpp0303492	FBgn0031228	ND-15
FBpp0303489	FBgn0031228	ND-15
FBpp0077777	FBgn0031228	ND-15
FBpp0077776	FBgn0031228	ND-15
FBpp0291101	FBgn0031228	ND-15
FBpp0303491	FBgn0031228	ND-15
FBpp0297500	FBgn0031228	ND-15
FBpp0303490	FBgn0031228	ND-15
FBpp0291100	FBgn0031228	ND-15
FBpp0303488	FBgn0031228	ND-15
FBpp0076689	FBgn0035708	axed
FBpp0423135	FBgn0035708	axed
FBpp0076690	FBgn0035708	axed
FBpp0076687	FBgn0035708	axed
FBpp0303217	FBgn0035708	axed
FBpp0087120	FBgn0033690	EndoG
FBpp0076299	FBgn0000355	Cp15
FBpp0072363	FBgn0001147	gsb-n
FBpp0288834	FBgn0259143	CG42258
FBpp0308871	FBgn0259143	CG42258
FBpp0288833	FBgn0259143	CG42258
FBpp0308872	FBgn0259143	CG42258
FBpp0290567	FBgn0001250	if
FBpp0290566	FBgn0001250	if
FBpp0074131	FBgn0001250	if
FBpp0290568	FBgn0001250	if
FBpp0070205	FBgn0024364	CG11417
FBpp0309135	FBgn0010412	RpS19a
FBpp0311350	FBgn0010412	RpS19a
FBpp0074086	FBgn0010412	RpS19a
FBpp0074087	FBgn0010412	RpS19a
FBpp0074088	FBgn0010412	RpS19a
FBpp0292018	FBgn0053062	CG33062
FBpp0292017	FBgn0053062	CG33062
FBpp0289333	FBgn0031853	TTLL3B
FBpp0079848	FBgn0032377	CG14937
FBpp0073074	FBgn0040696	CG18675
FBpp0073460	FBgn0030369	Cyp318a1
FBpp0088129	FBgn0033138	Tsp42Eq
FBpp0075483	FBgn0036417	CG7906
FBpp0302809	FBgn0036417	CG7906
FBpp0086135	FBgn0034194	CG15611
FBpp0086134	FBgn0034194	CG15611
FBpp0077609	FBgn0031335	CG5565
FBpp0288501	FBgn0051812	Tsen2
FBpp0086076	FBgn0024196	robl
FBpp0075529	FBgn0036396	CG17359
FBpp0070089	FBgn0029525	CG18273
FBpp0087004	FBgn0033754	Ak6
FBpp0304497	FBgn0032080	CG9525
FBpp0079386	FBgn0032080	CG9525
FBpp0070808	FBgn0052758	Snx27
FBpp0309512	FBgn0052758	Snx27
FBpp0308608	FBgn0052758	Snx27
FBpp0312470	FBgn0266178	pre-mod(mdg4)-B
FBpp0310318	FBgn0266178	pre-mod(mdg4)-B
FBpp0390659	FBgn0266178	pre-mod(mdg4)-B
FBpp0086186	FBgn0289323	IntS8
FBpp0082484	FBgn0038291	CG3984
FBpp0306059	FBgn0283468	slmb
FBpp0083434	FBgn0283468	slmb
FBpp0303082	FBgn0283468	slmb
FBpp0290508	FBgn0024807	DIP1
FBpp0289602	FBgn0024807	DIP1
FBpp0289603	FBgn0024807	DIP1
FBpp0077064	FBgn0024807	DIP1
FBpp0077063	FBgn0024807	DIP1
FBpp0290507	FBgn0024807	DIP1
FBpp0077065	FBgn0024807	DIP1
FBpp0290509	FBgn0024807	DIP1
FBpp0309931	FBgn0067903	IM18
FBpp0100134	FBgn0067903	IM18
FBpp0311270	FBgn0033453	Sting
FBpp0311271	FBgn0033453	Sting
FBpp0309249	FBgn0000057	adp
FBpp0085923	FBgn0000057	adp
FBpp0292080	FBgn0261615	CG42704
FBpp0311951	FBgn0030410	Aven
FBpp0073542	FBgn0030410	Aven
FBpp0077824	FBgn0002121	l(2)gl
FBpp0077827	FBgn0002121	l(2)gl
FBpp0077826	FBgn0002121	l(2)gl
FBpp0077829	FBgn0002121	l(2)gl
FBpp0297544	FBgn0002121	l(2)gl
FBpp0297547	FBgn0002121	l(2)gl
FBpp0303505	FBgn0002121	l(2)gl
FBpp0297545	FBgn0002121	l(2)gl
FBpp0077825	FBgn0002121	l(2)gl
FBpp0077828	FBgn0002121	l(2)gl
FBpp0297546	FBgn0002121	l(2)gl
FBpp0087426	FBgn0033502	CG12910
FBpp0301826	FBgn0033502	CG12910
FBpp0301827	FBgn0033502	CG12910
FBpp0311696	FBgn0031608	CG15435
FBpp0077131	FBgn0031608	CG15435
FBpp0305549	FBgn0036271	Pbgs
FBpp0075743	FBgn0036271	Pbgs
FBpp0307732	FBgn0051100	CG31100
FBpp0081489	FBgn0051100	CG31100
FBpp0071025	FBgn0029951	CG11369
FBpp0081959	FBgn0037970	GC2
FBpp0306271	FBgn0037970	GC2
FBpp0076532	FBgn0035807	CG7492
FBpp0308822	FBgn0250869	CG42240
FBpp0288747	FBgn0250869	CG42240
FBpp0303241	FBgn0250869	CG42240
FBpp0290099	FBgn0035497	CG14995
FBpp0302750	FBgn0035497	CG14995
FBpp0291510	FBgn0035497	CG14995
FBpp0073127	FBgn0035497	CG14995
FBpp0291509	FBgn0035497	CG14995
FBpp0073128	FBgn0035497	CG14995
FBpp0073129	FBgn0035497	CG14995
FBpp0075097	FBgn0003250	Rh4
FBpp0072616	FBgn0004378	Klp61F
FBpp0292729	FBgn0261531	CG42659
FBpp0080210	FBgn0020258	ppk
FBpp0089217	FBgn0023512	eIF2Bepsilon
FBpp0070336	FBgn0023512	eIF2Bepsilon
FBpp0271833	FBgn0050361	mtt
FBpp0303458	FBgn0050361	mtt
FBpp0271835	FBgn0050361	mtt
FBpp0271834	FBgn0050361	mtt
FBpp0087835	FBgn0050361	mtt
FBpp0079662	FBgn0032209	Hand
FBpp0302585	FBgn0053978	CG33978
FBpp0306415	FBgn0053978	CG33978
FBpp0302584	FBgn0053978	CG33978
FBpp0302583	FBgn0053978	CG33978
FBpp0300571	FBgn0053978	CG33978
FBpp0297209	FBgn0262827	CG43198
FBpp0081503	FBgn0037683	CG18473
FBpp0304066	FBgn0014189	Hel25E
FBpp0078754	FBgn0014189	Hel25E
FBpp0078755	FBgn0014189	Hel25E
FBpp0078756	FBgn0014189	Hel25E
FBpp0310398	FBgn0000529	bsh
FBpp0088920	FBgn0000529	bsh
FBpp0292332	FBgn0039742	CG15528
FBpp0289789	FBgn0026379	Pten
FBpp0088840	FBgn0026379	Pten
FBpp0290736	FBgn0026379	Pten
FBpp0088844	FBgn0026379	Pten
FBpp0088839	FBgn0026379	Pten
FBpp0088841	FBgn0026379	Pten
FBpp0088843	FBgn0026379	Pten
FBpp0077384	FBgn0031444	Trf4
FBpp0085630	FBgn0034488	Hacl
FBpp0083357	FBgn0038804	CG10877
FBpp0077669	FBgn0040725	CG13946
FBpp0085811	FBgn0034398	CG15098
FBpp0309456	FBgn0032368	spag4
FBpp0304369	FBgn0035675	CG6610
FBpp0304370	FBgn0035675	CG6610
FBpp0076756	FBgn0035675	CG6610
FBpp0084355	FBgn0002733	E(spl)mbeta-HLH
FBpp0072333	FBgn0041205	key
FBpp0296952	FBgn0041205	key
FBpp0311721	FBgn0034566	CG9313
FBpp0309629	FBgn0034566	CG9313
FBpp0071450	FBgn0034566	CG9313
FBpp0291588	FBgn0053262	CG33262
FBpp0072239	FBgn0260456	CG4806
FBpp0310435	FBgn0030641	CG6299
FBpp0073849	FBgn0030641	CG6299
FBpp0310436	FBgn0030641	CG6299
FBpp0073850	FBgn0030641	CG6299
FBpp0311351	FBgn0030641	CG6299
FBpp0290614	FBgn0001319	kn
FBpp0302917	FBgn0001319	kn
FBpp0111721	FBgn0001319	kn
FBpp0086595	FBgn0001319	kn
FBpp0111722	FBgn0001319	kn
FBpp0080191	FBgn0028543	NimB2
FBpp0309377	FBgn0265610	CG44428
FBpp0081548	FBgn0261049	Vps45
FBpp0302573	FBgn0051151	wge
FBpp0110132	FBgn0051151	wge
FBpp0302575	FBgn0051151	wge
FBpp0302574	FBgn0051151	wge
FBpp0074400	FBgn0030926	psh
FBpp0112145	FBgn0038238	CG14854
FBpp0292666	FBgn0051493	CG31493
FBpp0081086	FBgn0051493	CG31493
FBpp0076747	FBgn0035663	CG6462
FBpp0111336	FBgn0085257	CG34228
FBpp0292307	FBgn0052834	CG32834
FBpp0099546	FBgn0045500	Gr22b
FBpp0305121	FBgn0030183	Ypel
FBpp0071416	FBgn0030183	Ypel
FBpp0305120	FBgn0030183	Ypel
FBpp0111887	FBgn0030183	Ypel
FBpp0305119	FBgn0030183	Ypel
FBpp0087535	FBgn0033463	CG1513
FBpp0304288	FBgn0033463	CG1513
FBpp0291386	FBgn0033463	CG1513
FBpp0307905	FBgn0031632	CG15628
FBpp0077076	FBgn0031632	CG15628
FBpp0290749	FBgn0003218	rdgB
FBpp0073653	FBgn0003218	rdgB
FBpp0099561	FBgn0003218	rdgB
FBpp0290750	FBgn0003218	rdgB
FBpp0290747	FBgn0003218	rdgB
FBpp0309250	FBgn0003218	rdgB
FBpp0304106	FBgn0003218	rdgB
FBpp0099560	FBgn0003218	rdgB
FBpp0073654	FBgn0003218	rdgB
FBpp0304105	FBgn0003218	rdgB
FBpp0290748	FBgn0003218	rdgB
FBpp0086690	FBgn0261270	Sps1
FBpp0086691	FBgn0261270	Sps1
FBpp0084638	FBgn0039558	BCAS2
FBpp0312132	FBgn0050072	Obp50c
FBpp0293290	FBgn0034086	CG8441
FBpp0086385	FBgn0034086	CG8441
FBpp0075429	FBgn0036433	CG9628
FBpp0290457	FBgn0036433	CG9628
FBpp0075430	FBgn0036433	CG9628
FBpp0080627	FBgn0032693	Cyp310a1
FBpp0085590	FBgn0026136	CkIIbeta2
FBpp0077841	FBgn0001259	in
FBpp0085412	FBgn0050440	CG30440
FBpp0081919	FBgn0037931	CG18476
FBpp0111848	FBgn0028429	I-2
FBpp0076099	FBgn0028429	I-2
FBpp0309471	FBgn0085422	CG34393
FBpp0111549	FBgn0085422	CG34393
FBpp0112952	FBgn0031518	CG3277
FBpp0071138	FBgn0030007	alpha-PheRS
FBpp0077259	FBgn0005616	msl-2
FBpp0077260	FBgn0005616	msl-2
FBpp0077234	FBgn0031562	CG3604
FBpp0312172	FBgn0031562	CG3604
FBpp0075319	FBgn0036515	AIMP2
FBpp0075318	FBgn0036515	AIMP2
FBpp0310003	FBgn0061198	HSPC300
FBpp0072103	FBgn0061198	HSPC300
FBpp0305427	FBgn0040510	ACXA
FBpp0293944	FBgn0040510	ACXA
FBpp0079996	FBgn0040510	ACXA
FBpp0293943	FBgn0040510	ACXA
FBpp0310549	FBgn0040510	ACXA
FBpp0292615	FBgn0039193	CG13613
FBpp0070246	FBgn0013720	pck
FBpp0099568	FBgn0013720	pck
FBpp0070245	FBgn0013720	pck
FBpp0312496	FBgn0050263	stum
FBpp0312495	FBgn0050263	stum
FBpp0271816	FBgn0050263	stum
FBpp0077205	FBgn0031533	CG2772
FBpp0073939	FBgn0030717	Slc25A46a
FBpp0303061	FBgn0038814	CG15923
FBpp0112166	FBgn0038814	CG15923
FBpp0079752	FBgn0015756	RpL9
FBpp0309201	FBgn0015756	RpL9
FBpp0079753	FBgn0015756	RpL9
FBpp0297275	FBgn0261983	l(2)gd1
FBpp0079786	FBgn0261983	l(2)gd1
FBpp0271956	FBgn0032491	CG16815
FBpp0084251	FBgn0039339	CG5116
FBpp0309866	FBgn0039339	CG5116
FBpp0099395	FBgn0053983	obst-H
FBpp0084813	FBgn0039674	CG1907
FBpp0303038	FBgn0267002	unc-104
FBpp0112000	FBgn0267002	unc-104
FBpp0293222	FBgn0267002	unc-104
FBpp0293221	FBgn0267002	unc-104
FBpp0086227	FBgn0267002	unc-104
FBpp0312423	FBgn0267002	unc-104
FBpp0112002	FBgn0267002	unc-104
FBpp0112001	FBgn0267002	unc-104
FBpp0297768	FBgn0263034	CG43329
FBpp0077188	FBgn0003430	slp1
FBpp0078657	FBgn0031682	CG5828
FBpp0303016	FBgn0031682	CG5828
FBpp0307932	FBgn0032256	RluA-2
FBpp0293073	FBgn0032256	RluA-2
FBpp0079622	FBgn0032256	RluA-2
FBpp0307933	FBgn0032256	RluA-2
FBpp0083926	FBgn0040283	SMC1
FBpp0073731	FBgn0052601	betaNACtes3
FBpp0070528	FBgn0029643	CG14420
FBpp0111907	FBgn0030796	CG4829
FBpp0074112	FBgn0030796	CG4829
FBpp0307256	FBgn0030796	CG4829
FBpp0074110	FBgn0030796	CG4829
FBpp0074111	FBgn0030796	CG4829
FBpp0111908	FBgn0030796	CG4829
FBpp0303802	FBgn0029594	Coa8
FBpp0070300	FBgn0029594	Coa8
FBpp0070421	FBgn0040376	AANATL7
FBpp0291636	FBgn0040376	AANATL7
FBpp0291635	FBgn0040376	AANATL7
FBpp0291637	FBgn0040376	AANATL7
FBpp0099544	FBgn0000056	Adhr
FBpp0099545	FBgn0000056	Adhr
FBpp0310282	FBgn0000056	Adhr
FBpp0081507	FBgn0037687	CG8132
FBpp0309979	FBgn0263968	nonC
FBpp0070933	FBgn0263968	nonC
FBpp0311571	FBgn0040985	osi
FBpp0080512	FBgn0040985	osi
FBpp0071142	FBgn0030000	CG2260
FBpp0084040	FBgn0000139	ash2
FBpp0084039	FBgn0000139	ash2
FBpp0297301	FBgn0000139	ash2
FBpp0083551	FBgn0038914	fit
FBpp0300228	FBgn0263206	CG43376
FBpp0077720	FBgn0031256	shv
FBpp0076214	FBgn0035986	CG4022
FBpp0301096	FBgn0035986	CG4022
FBpp0301097	FBgn0035986	CG4022
FBpp0077083	FBgn0031645	CG3036
FBpp0307796	FBgn0031645	CG3036
FBpp0071974	FBgn0050184	CG30184
FBpp0071809	FBgn0004896	fd59A
FBpp0086328	FBgn0001308	Khc
FBpp0307445	FBgn0264990	CG44141
FBpp0311949	FBgn0030420	pira
FBpp0073537	FBgn0030420	pira
FBpp0084520	FBgn0039475	CG6277
FBpp0079070	FBgn0031910	CG15818
FBpp0310676	FBgn0039886	CG2003
FBpp0085230	FBgn0039886	CG2003
FBpp0085229	FBgn0039886	CG2003
FBpp0088303	FBgn0023213	eIF4G1
FBpp0288389	FBgn0023213	eIF4G1
FBpp0111817	FBgn0023213	eIF4G1
FBpp0290123	FBgn0037898	Dtd
FBpp0308465	FBgn0037898	Dtd
FBpp0082058	FBgn0082831	pps
FBpp0293286	FBgn0082831	pps
FBpp0305306	FBgn0032429	CG5446
FBpp0079969	FBgn0032429	CG5446
FBpp0305307	FBgn0032429	CG5446
FBpp0073308	FBgn0030292	NdufV3
FBpp0077623	FBgn0031307	MFS3
FBpp0305361	FBgn0052544	CG32544
FBpp0074415	FBgn0052544	CG32544
FBpp0307047	FBgn0031064	CG12531
FBpp0074557	FBgn0031064	CG12531
FBpp0091076	FBgn0053830	His3:CG33830
FBpp0071633	FBgn0034659	CG4021
FBpp0081882	FBgn0264694	mgr
FBpp0079584	FBgn0019932	SamDC
FBpp0290033	FBgn0064119	CG33934
FBpp0290914	FBgn0064119	CG33934
FBpp0290032	FBgn0064119	CG33934
FBpp0071818	FBgn0034791	EMC8-9
FBpp0297095	FBgn0039321	CG10550
FBpp0084232	FBgn0039321	CG10550
FBpp0084231	FBgn0039321	CG10550
FBpp0073473	FBgn0030367	Cyp311a1
FBpp0086994	FBgn0033760	CG8785
FBpp0086995	FBgn0033760	CG8785
FBpp0083525	FBgn0051233	CG31233
FBpp0312341	FBgn0051233	CG31233
FBpp0079334	FBgn0032065	CG12438
FBpp0289312	FBgn0030778	CG4678
FBpp0308861	FBgn0030778	CG4678
FBpp0308862	FBgn0030778	CG4678
FBpp0289310	FBgn0030778	CG4678
FBpp0301002	FBgn0030778	CG4678
FBpp0308863	FBgn0030778	CG4678
FBpp0289309	FBgn0030778	CG4678
FBpp0289311	FBgn0030778	CG4678
FBpp0423213	FBgn0265877	CG44666
FBpp0071838	FBgn0050196	CG30196
FBpp0085218	FBgn0003065	CG2150
FBpp0304002	FBgn0029666	CG10803
FBpp0304000	FBgn0029666	CG10803
FBpp0070544	FBgn0029666	CG10803
FBpp0304001	FBgn0029666	CG10803
FBpp0304564	FBgn0029666	CG10803
FBpp0305374	FBgn0035094	CG9380
FBpp0305373	FBgn0035094	CG9380
FBpp0305376	FBgn0035094	CG9380
FBpp0305375	FBgn0035094	CG9380
FBpp0309529	FBgn0265762	CG44569
FBpp0073387	FBgn0003277	Polr2A
FBpp0084610	FBgn0086346	ALiX
FBpp0082107	FBgn0013279	Hsp70Bc
FBpp0079318	FBgn0040959	Peritrophin-15a
FBpp0293054	FBgn0032240	CG17768
FBpp0099642	FBgn0032240	CG17768
FBpp0081004	FBgn0032929	Mcm10
FBpp0076112	FBgn0036018	CG3335
FBpp0075122	FBgn0027500	spd-2
FBpp0081188	FBgn0004780	Ccp84Ad
FBpp0082968	FBgn0038567	CG14316
FBpp0298295	FBgn0000108	Appl
FBpp0298292	FBgn0000108	Appl
FBpp0298293	FBgn0000108	Appl
FBpp0298294	FBgn0000108	Appl
FBpp0070104	FBgn0000108	Appl
FBpp0298296	FBgn0000108	Appl
FBpp0307787	FBgn0024245	dnt
FBpp0080765	FBgn0024245	dnt
FBpp0087673	FBgn0015037	Cyp4p1
FBpp0428205	FBgn0038455	CG14907
FBpp0086274	FBgn0034094	Tsf3
FBpp0073630	FBgn0052631	CG32631
FBpp0075572	FBgn0003034	SP
FBpp0428268	FBgn0287596	CG46465
FBpp0301726	FBgn0031270	CG13689
FBpp0077731	FBgn0031270	CG13689
FBpp0087255	FBgn0010359	gammaTry
FBpp0084676	FBgn0039593	Sid
FBpp0083437	FBgn0038854	CG7044
FBpp0080578	FBgn0051742	Prosbeta5R2
FBpp0309163	FBgn0051742	Prosbeta5R2
FBpp0076172	FBgn0035980	mRRF1
FBpp0084711	FBgn0039623	CG1951
FBpp0074855	FBgn0036812	Nufip
FBpp0080031	FBgn0032495	CG16820
FBpp0303911	FBgn0035638	Tektin-C
FBpp0303912	FBgn0035638	Tektin-C
FBpp0076821	FBgn0035638	Tektin-C
FBpp0311561	FBgn0004867	RpS2
FBpp0079500	FBgn0004867	RpS2
FBpp0303531	FBgn0004867	RpS2
FBpp0090945	FBgn0053509	CG33509
FBpp0305953	FBgn0037949	prd1
FBpp0082005	FBgn0037949	prd1
FBpp0352252	FBgn0039347	CG5071
FBpp0084258	FBgn0039347	CG5071
FBpp0293345	FBgn0039347	CG5071
FBpp0084259	FBgn0039347	CG5071
FBpp0309680	FBgn0030974	Flacc
FBpp0074423	FBgn0030974	Flacc
FBpp0309681	FBgn0030974	Flacc
FBpp0111432	FBgn0016053	pgc
FBpp0111431	FBgn0016053	pgc
FBpp0309751	FBgn0016053	pgc
FBpp0080814	FBgn0032805	CG10337
FBpp0085338	FBgn0033074	tomboy40
FBpp0081484	FBgn0040534	Sf3b5
FBpp0301960	FBgn0262160	CG9932
FBpp0088895	FBgn0262160	CG9932
FBpp0307599	FBgn0262160	CG9932
FBpp0307600	FBgn0262160	CG9932
FBpp0078124	FBgn0037140	SLC22A
FBpp0091122	FBgn0053877	His4:CG33877
FBpp0078181	FBgn0260481	CG32454
FBpp0085958	FBgn0022238	lolal
FBpp0311512	FBgn0022238	lolal
FBpp0085956	FBgn0022238	lolal
FBpp0085957	FBgn0022238	lolal
FBpp0289711	FBgn0022238	lolal
FBpp0085955	FBgn0022238	lolal
FBpp0293794	FBgn0022238	lolal
FBpp0289710	FBgn0022238	lolal
FBpp0091048	FBgn0053798	CG33798
FBpp0074940	FBgn0052185	edin
FBpp0305449	FBgn0031546	CG8851
FBpp0077215	FBgn0031546	CG8851
FBpp0078069	FBgn0037064	CG9389
FBpp0072448	FBgn0035137	CG1233
FBpp0072447	FBgn0035137	CG1233
FBpp0297754	FBgn0263020	CG43315
FBpp0297755	FBgn0263020	CG43315
FBpp0076131	FBgn0036036	CG14174
FBpp0080134	FBgn0028544	Vajk3
FBpp0289844	FBgn0023097	bon
FBpp0306699	FBgn0023097	bon
FBpp0303076	FBgn0023097	bon
FBpp0083320	FBgn0023097	bon
FBpp0306701	FBgn0023097	bon
FBpp0306700	FBgn0023097	bon
FBpp0307014	FBgn0039710	dgt1
FBpp0308967	FBgn0039710	dgt1
FBpp0084893	FBgn0039710	dgt1
FBpp0086668	FBgn0027538	beta4GalNAcTA
FBpp0309927	FBgn0031711	Elp4
FBpp0078729	FBgn0031711	Elp4
FBpp0074669	FBgn0036926	CG7646
FBpp0310511	FBgn0036926	CG7646
FBpp0074670	FBgn0036926	CG7646
FBpp0074979	FBgn0040793	COX7B
FBpp0289094	FBgn0034266	CG4975
FBpp0309239	FBgn0034266	CG4975
FBpp0083336	FBgn0265606	Prosalpha4T1
FBpp0112271	FBgn0050045	Cpr49Aa
FBpp0087336	FBgn0050016	CG30016
FBpp0306865	FBgn0031907	CG5171
FBpp0311455	FBgn0031907	CG5171
FBpp0079068	FBgn0031907	CG5171
FBpp0079067	FBgn0031907	CG5171
FBpp0291743	FBgn0031907	CG5171
FBpp0079849	FBgn0032376	Tsp33B
FBpp0307559	FBgn0053202	dpr11
FBpp0081202	FBgn0053202	dpr11
FBpp0075839	FBgn0015828	TfIIEalpha
FBpp0079862	FBgn0026392	Or33a
FBpp0292532	FBgn0043799	CG31381
FBpp0084088	FBgn0043799	CG31381
FBpp0080622	FBgn0032690	CG10333
FBpp0297944	FBgn0263086	CG43354
FBpp0070340	FBgn0052801	CG32801
FBpp0087566	FBgn0023180	Orc6
FBpp0071235	FBgn0030093	Bap111
FBpp0071168	FBgn0027864	Ogg1
FBpp0309827	FBgn0031777	CG9154
FBpp0078844	FBgn0031777	CG9154
FBpp0088237	FBgn0052006	CG32006
FBpp0428094	FBgn0263747	CG43672
FBpp0308232	FBgn0265178	Lipt1
FBpp0308231	FBgn0265178	Lipt1
FBpp0307364	FBgn0263080	CG43348
FBpp0297939	FBgn0263080	CG43348
FBpp0302773	FBgn0052521	Mnr
FBpp0304198	FBgn0052521	Mnr
FBpp0302772	FBgn0052521	Mnr
FBpp0076930	FBgn0052521	Mnr
FBpp0076928	FBgn0052521	Mnr
FBpp0304199	FBgn0052521	Mnr
FBpp0304197	FBgn0052521	Mnr
FBpp0302774	FBgn0052521	Mnr
FBpp0076929	FBgn0052521	Mnr
FBpp0078329	FBgn0037329	POLDIP2
FBpp0078330	FBgn0037329	POLDIP2
FBpp0099862	FBgn0035197	CG9130
FBpp0099861	FBgn0035197	CG9130
FBpp0307001	FBgn0285954	caz
FBpp0307000	FBgn0285954	caz
FBpp0073996	FBgn0285954	caz
FBpp0307002	FBgn0285954	caz
FBpp0073829	FBgn0030634	CG9164
FBpp0310008	FBgn0030634	CG9164
FBpp0073831	FBgn0030634	CG9164
FBpp0087826	FBgn0002569	Mal-A2
FBpp0070742	FBgn0029765	CG16756
FBpp0083001	FBgn0038611	CG14309
FBpp0110192	FBgn0033365	CG8170
FBpp0087746	FBgn0033365	CG8170
FBpp0087087	FBgn0028407	Drep3
FBpp0087088	FBgn0028407	Drep3
FBpp0304315	FBgn0040958	Peritrophin-15b
FBpp0304316	FBgn0040958	Peritrophin-15b
FBpp0079319	FBgn0040958	Peritrophin-15b
FBpp0082016	FBgn0051361	dpr17
FBpp0308704	FBgn0051361	dpr17
FBpp0082017	FBgn0051361	dpr17
FBpp0308703	FBgn0051361	dpr17
FBpp0289403	FBgn0051361	dpr17
FBpp0077775	FBgn0031224	CG11454
FBpp0110311	FBgn0263490	mld
FBpp0293451	FBgn0263490	mld
FBpp0293453	FBgn0263490	mld
FBpp0293454	FBgn0263490	mld
FBpp0293452	FBgn0263490	mld
FBpp0076132	FBgn0036038	defl
FBpp0310096	FBgn0035040	CG4741
FBpp0293500	FBgn0035040	CG4741
FBpp0072244	FBgn0035040	CG4741
FBpp0310125	FBgn0027601	pdgy
FBpp0073789	FBgn0027601	pdgy
FBpp0300995	FBgn0027601	pdgy
FBpp0292386	FBgn0027601	pdgy
FBpp0080013	FBgn0028410	Pk34A
FBpp0077479	FBgn0051681	CG31681
FBpp0084165	FBgn0051111	CG31111
FBpp0306032	FBgn0262139	trh
FBpp0293065	FBgn0262139	trh
FBpp0303180	FBgn0262139	trh
FBpp0293064	FBgn0262139	trh
FBpp0293063	FBgn0262139	trh
FBpp0306033	FBgn0262139	trh
FBpp0303179	FBgn0262139	trh
FBpp0085563	FBgn0061362	Polr3K
FBpp0310419	FBgn0032104	aust
FBpp0079418	FBgn0032104	aust
FBpp0083205	FBgn0038734	Acsx4
FBpp0085665	FBgn0034460	CG18367
FBpp0083016	FBgn0010877	l(3)05822
FBpp0306428	FBgn0010877	l(3)05822
FBpp0083017	FBgn0010877	l(3)05822
FBpp0306429	FBgn0010877	l(3)05822
FBpp0078088	FBgn0037128	CG14572
FBpp0302580	FBgn0086674	Tpst
FBpp0290842	FBgn0086674	Tpst
FBpp0112355	FBgn0086674	Tpst
FBpp0302581	FBgn0086674	Tpst
FBpp0303425	FBgn0086674	Tpst
FBpp0305872	FBgn0086674	Tpst
FBpp0309445	FBgn0032442	Nepl7
FBpp0079993	FBgn0032442	Nepl7
FBpp0071767	FBgn0034744	Vps20
FBpp0300826	FBgn0034744	Vps20
FBpp0074161	FBgn0260747	Chchd2
FBpp0309956	FBgn0260747	Chchd2
FBpp0080967	FBgn0288834	RPA2
FBpp0305226	FBgn0288834	RPA2
FBpp0291642	FBgn0002939	ninaD
FBpp0080584	FBgn0002939	ninaD
FBpp0078343	FBgn0041191	Rheb
FBpp0078342	FBgn0041191	Rheb
FBpp0306131	FBgn0263999	CG43742
FBpp0073352	FBgn0030304	Cyp4g15
FBpp0312025	FBgn0030304	Cyp4g15
FBpp0087101	FBgn0033697	Cyp6t3
FBpp0296929	FBgn0053267	CG33267
FBpp0078783	FBgn0031751	CG9016
FBpp0078782	FBgn0031751	CG9016
FBpp0071192	FBgn0041629	Hexo2
FBpp0077525	FBgn0031390	tho2
FBpp0290874	FBgn0031390	tho2
FBpp0306851	FBgn0031390	tho2
FBpp0309356	FBgn0030617	CG9095
FBpp0073843	FBgn0030617	CG9095
FBpp0303428	FBgn0030617	CG9095
FBpp0111897	FBgn0030617	CG9095
FBpp0302538	FBgn0263740	eIF2gamma
FBpp0302537	FBgn0263740	eIF2gamma
FBpp0307983	FBgn0263740	eIF2gamma
FBpp0300746	FBgn0263271	CG43397
FBpp0300745	FBgn0263271	CG43397
FBpp0082935	FBgn0038540	CG14321
FBpp0075871	FBgn0036181	Muc68Ca
FBpp0293632	FBgn0052062	Rbfox1
FBpp0293634	FBgn0052062	Rbfox1
FBpp0293630	FBgn0052062	Rbfox1
FBpp0112331	FBgn0052062	Rbfox1
FBpp0293631	FBgn0052062	Rbfox1
FBpp0293633	FBgn0052062	Rbfox1
FBpp0422975	FBgn0052062	Rbfox1
FBpp0112330	FBgn0052062	Rbfox1
FBpp0305201	FBgn0052062	Rbfox1
FBpp0292851	FBgn0030018	slpr
FBpp0292852	FBgn0030018	slpr
FBpp0099601	FBgn0030018	slpr
FBpp0292850	FBgn0030018	slpr
FBpp0111539	FBgn0085415	CG34386
FBpp0311706	FBgn0085415	CG34386
FBpp0312558	FBgn0016920	nompC
FBpp0309913	FBgn0016920	nompC
FBpp0293383	FBgn0016920	nompC
FBpp0289289	FBgn0016920	nompC
FBpp0312557	FBgn0016920	nompC
FBpp0307896	FBgn0036010	Ir67a
FBpp0302971	FBgn0033998	row
FBpp0086533	FBgn0033998	row
FBpp0086534	FBgn0033998	row
FBpp0072574	FBgn0003295	ru
FBpp0302016	FBgn0263705	Myo10A
FBpp0302015	FBgn0263705	Myo10A
FBpp0302017	FBgn0263705	Myo10A
FBpp0312035	FBgn0263705	Myo10A
FBpp0076458	FBgn0042112	mRpL36
FBpp0075684	FBgn0261933	SmD1
FBpp0308297	FBgn0038702	CG3739
FBpp0310457	FBgn0039887	Pos
FBpp0085232	FBgn0039887	Pos
FBpp0111819	FBgn0286784	TER94
FBpp0111818	FBgn0286784	TER94
FBpp0310395	FBgn0286784	TER94
FBpp0087479	FBgn0286784	TER94
FBpp0305098	FBgn0025820	JTBR
FBpp0305099	FBgn0025820	JTBR
FBpp0072671	FBgn0025820	JTBR
FBpp0085634	FBgn0034471	Obp56e
FBpp0309474	FBgn0034471	Obp56e
FBpp0084786	FBgn0288875	Cul5
FBpp0312085	FBgn0032858	CG10949
FBpp0080899	FBgn0032858	CG10949
FBpp0290060	FBgn0029955	CG15478
FBpp0071035	FBgn0029955	CG15478
FBpp0423411	FBgn0050076	CG30076
FBpp0401571	FBgn0261845	pre-mod(mdg4)-U
FBpp0292471	FBgn0261845	pre-mod(mdg4)-U
FBpp0390647	FBgn0261845	pre-mod(mdg4)-U
FBpp0073989	FBgn0004066	Prosalpha4
FBpp0070152	FBgn0002579	RpL36
FBpp0070151	FBgn0002579	RpL36
FBpp0070153	FBgn0002579	RpL36
FBpp0070150	FBgn0002579	RpL36
FBpp0311481	FBgn0002579	RpL36
FBpp0070400	FBgn0029608	CG3091
FBpp0309619	FBgn0029608	CG3091
FBpp0301838	FBgn0033799	GLaz
FBpp0086885	FBgn0033799	GLaz
FBpp0301836	FBgn0033799	GLaz
FBpp0301839	FBgn0033799	GLaz
FBpp0301837	FBgn0033799	GLaz
FBpp0301840	FBgn0033799	GLaz
FBpp0111812	FBgn0020762	Atet
FBpp0077117	FBgn0020762	Atet
FBpp0111811	FBgn0020762	Atet
FBpp0077116	FBgn0020762	Atet
FBpp0307128	FBgn0031457	Snx21
FBpp0077416	FBgn0031457	Snx21
FBpp0312107	FBgn0083938	BG642163
FBpp0110065	FBgn0083938	BG642163
FBpp0080648	FBgn0032703	CG10343
FBpp0083901	FBgn0039131	CG12268
FBpp0300414	FBgn0039131	CG12268
FBpp0083900	FBgn0039131	CG12268
FBpp0297861	FBgn0035410	MnM
FBpp0290185	FBgn0051140	CG31140
FBpp0112304	FBgn0051140	CG31140
FBpp0303397	FBgn0051140	CG31140
FBpp0293578	FBgn0051140	CG31140
FBpp0083886	FBgn0051140	CG31140
FBpp0112305	FBgn0051140	CG31140
FBpp0083885	FBgn0051140	CG31140
FBpp0083512	FBgn0038894	Jhbp16
FBpp0111631	FBgn0085450	Snoo
FBpp0111629	FBgn0085450	Snoo
FBpp0310055	FBgn0085450	Snoo
FBpp0111630	FBgn0085450	Snoo
FBpp0079429	FBgn0032125	Cpr30B
FBpp0077377	FBgn0031435	Elba2
FBpp0402876	FBgn0284226	CG46310
FBpp0305674	FBgn0005683	pie
FBpp0079636	FBgn0005683	pie
FBpp0084842	FBgn0039691	IntS11
FBpp0112264	FBgn0045761	CHKov1
FBpp0070416	FBgn0004861	ph-p
FBpp0311667	FBgn0004861	ph-p
FBpp0290730	FBgn0004861	ph-p
FBpp0310186	FBgn0004861	ph-p
FBpp0071839	FBgn0034756	Cyp6d2
FBpp0293154	FBgn0053337	CG33337
FBpp0085720	FBgn0284243	betaTub56D
FBpp0085721	FBgn0284243	betaTub56D
FBpp0086567	FBgn0012042	AttA
FBpp0290035	FBgn0030687	Polr3A
FBpp0078778	FBgn0001128	Gpdh1
FBpp0305431	FBgn0001128	Gpdh1
FBpp0078779	FBgn0001128	Gpdh1
FBpp0078777	FBgn0001128	Gpdh1
FBpp0305432	FBgn0001128	Gpdh1
FBpp0305430	FBgn0001128	Gpdh1
FBpp0085458	FBgn0014009	Rab2
FBpp0307641	FBgn0014009	Rab2
FBpp0082149	FBgn0038056	CG5961
FBpp0292148	FBgn0038056	CG5961
FBpp0309164	FBgn0038056	CG5961
FBpp0290769	FBgn0261872	scaf6
FBpp0075048	FBgn0261872	scaf6
FBpp0311297	FBgn0261872	scaf6
FBpp0085836	FBgn0034372	Gint3
FBpp0085837	FBgn0034372	Gint3
FBpp0309338	FBgn0034372	Gint3
FBpp0075576	FBgn0036349	SNCF
FBpp0288476	FBgn0038135	CG8773
FBpp0308933	FBgn0052320	CG32320
FBpp0080469	FBgn0040260	Ugt37D1
FBpp0311165	FBgn0040260	Ugt37D1
FBpp0080468	FBgn0040260	Ugt37D1
FBpp0072352	FBgn0050429	CG30429
FBpp0084758	FBgn0039648	CG14515
FBpp0087602	FBgn0033422	Or45b
FBpp0078253	FBgn0037421	CG15594
FBpp0310470	FBgn0015546	spel1
FBpp0080203	FBgn0015546	spel1
FBpp0301208	FBgn0015546	spel1
FBpp0310469	FBgn0015546	spel1
FBpp0110101	FBgn0040892	CG14634
FBpp0072677	FBgn0022702	Cht2
FBpp0297108	FBgn0022702	Cht2
FBpp0306200	FBgn0022702	Cht2
FBpp0305775	FBgn0036566	ClC-c
FBpp0075201	FBgn0036566	ClC-c
FBpp0291665	FBgn0036566	ClC-c
FBpp0073637	FBgn0030501	BthD
FBpp0290230	FBgn0052221	CG32221
FBpp0078831	FBgn0284255	Arpc4
FBpp0070002	FBgn0062565	Or19b
FBpp0077128	FBgn0031603	CG15432
FBpp0303851	FBgn0031603	CG15432
FBpp0303852	FBgn0031603	CG15432
FBpp0086683	FBgn0050075	CG30075
FBpp0308320	FBgn0037512	CG2616
FBpp0081235	FBgn0037512	CG2616
FBpp0080060	FBgn0032493	Mabi
FBpp0081016	FBgn0032935	Atg18b
FBpp0304068	FBgn0032935	Atg18b
FBpp0293149	FBgn0004595	pros
FBpp0293147	FBgn0004595	pros
FBpp0293148	FBgn0004595	pros
FBpp0293146	FBgn0004595	pros
FBpp0293145	FBgn0004595	pros
FBpp0293150	FBgn0004595	pros
FBpp0082294	FBgn0038180	Cht5
FBpp0084447	FBgn0039469	TwdlC
FBpp0077304	FBgn0031467	Cpr23B
FBpp0290682	FBgn0066101	LpR1
FBpp0307224	FBgn0066101	LpR1
FBpp0290681	FBgn0066101	LpR1
FBpp0290685	FBgn0066101	LpR1
FBpp0307223	FBgn0066101	LpR1
FBpp0307225	FBgn0066101	LpR1
FBpp0307222	FBgn0066101	LpR1
FBpp0290684	FBgn0066101	LpR1
FBpp0290686	FBgn0066101	LpR1
FBpp0112390	FBgn0066101	LpR1
FBpp0304476	FBgn0014141	cher
FBpp0428262	FBgn0014141	cher
FBpp0088478	FBgn0014141	cher
FBpp0288454	FBgn0014141	cher
FBpp0428261	FBgn0014141	cher
FBpp0292427	FBgn0014141	cher
FBpp0308015	FBgn0014141	cher
FBpp0288453	FBgn0014141	cher
FBpp0088480	FBgn0014141	cher
FBpp0288452	FBgn0014141	cher
FBpp0311283	FBgn0036030	Prps
FBpp0302783	FBgn0036030	Prps
FBpp0076145	FBgn0036030	Prps
FBpp0311284	FBgn0036030	Prps
FBpp0076144	FBgn0036030	Prps
FBpp0311282	FBgn0036030	Prps
FBpp0305989	FBgn0036030	Prps
FBpp0302782	FBgn0036030	Prps
FBpp0305990	FBgn0036030	Prps
FBpp0072897	FBgn0052278	CG32278
FBpp0310829	FBgn0266456	CG45081
FBpp0310828	FBgn0266456	CG45081
FBpp0081448	FBgn0037657	hyx
FBpp0289644	FBgn0037657	hyx
FBpp0084067	FBgn0039218	Polr2L
FBpp0072679	FBgn0035264	Oseg4
FBpp0306202	FBgn0035264	Oseg4
FBpp0075235	FBgn0040801	CG13053
FBpp0305740	FBgn0040801	CG13053
FBpp0076462	FBgn0026263	bip1
FBpp0291535	FBgn0026263	bip1
FBpp0076884	FBgn0035592	CG10674
FBpp0293004	FBgn0033480	mRpL42
FBpp0087491	FBgn0033480	mRpL42
FBpp0304196	FBgn0036763	TrpRS-m
FBpp0074907	FBgn0036763	TrpRS-m
FBpp0303769	FBgn0037698	CG16779
FBpp0303768	FBgn0037698	CG16779
FBpp0428255	FBgn0037698	CG16779
FBpp0428256	FBgn0037698	CG16779
FBpp0303767	FBgn0037698	CG16779
FBpp0291561	FBgn0036932	Lamtor1
FBpp0074641	FBgn0036932	Lamtor1
FBpp0090973	FBgn0053552	CG33552
FBpp0081593	FBgn0037708	CG9386
FBpp0087035	FBgn0033731	Cpr49Ah
FBpp0111998	FBgn0034128	CG4409
FBpp0291489	FBgn0261361	CG42638
FBpp0087821	FBgn0028836	CSN7
FBpp0075010	FBgn0036706	ND-24L
FBpp0087285	FBgn0033600	Cpr47Ec
FBpp0303613	FBgn0031816	Rchy1
FBpp0078901	FBgn0031816	Rchy1
FBpp0271911	FBgn0035751	CG14829
FBpp0071393	FBgn0030207	CG2887
FBpp0311200	FBgn0085398	ppk9
FBpp0111506	FBgn0085398	ppk9
FBpp0428418	FBgn0030375	CG11356
FBpp0075593	FBgn0053263	CG33263
FBpp0071473	FBgn0050293	Cht12
FBpp0077839	FBgn0024887	kin17
FBpp0082229	FBgn0040553	CG14374
FBpp0078671	FBgn0031673	CG31650
FBpp0078670	FBgn0031673	CG31650
FBpp0291120	FBgn0031673	CG31650
FBpp0291121	FBgn0031673	CG31650
FBpp0078669	FBgn0031673	CG31650
FBpp0305719	FBgn0031673	CG31650
FBpp0291119	FBgn0031673	CG31650
FBpp0308440	FBgn0033324	CG14744
FBpp0308441	FBgn0033324	CG14744
FBpp0297867	FBgn0033324	CG14744
FBpp0078563	FBgn0051528	CG31528
FBpp0080513	FBgn0052832	CG32832
FBpp0309160	FBgn0052832	CG32832
FBpp0079525	FBgn0053301	CG33301
FBpp0310308	FBgn0053301	CG33301
FBpp0111309	FBgn0085230	CG34201
FBpp0072701	FBgn0035245	GC
FBpp0291234	FBgn0035245	GC
FBpp0072661	FBgn0035273	CG12020
FBpp0086041	FBgn0003545	sub
FBpp0309241	FBgn0003545	sub
FBpp0082340	FBgn0038190	CG9926
FBpp0312483	FBgn0038190	CG9926
FBpp0081275	FBgn0037516	CG11286
FBpp0297184	FBgn0037516	CG11286
FBpp0085780	FBgn0034415	Gpxl
FBpp0079589	FBgn0032225	Frmd5
FBpp0310073	FBgn0000640	Fbp2
FBpp0079408	FBgn0000640	Fbp2
FBpp0310074	FBgn0000640	Fbp2
FBpp0073670	FBgn0052625	CG32625
FBpp0290293	FBgn0036274	CG4328
FBpp0305573	FBgn0027843	CAH2
FBpp0075733	FBgn0027843	CAH2
FBpp0100122	FBgn0259984	kuz
FBpp0309702	FBgn0259984	kuz
FBpp0080088	FBgn0259984	kuz
FBpp0080087	FBgn0259984	kuz
FBpp0290626	FBgn0259984	kuz
FBpp0072334	FBgn0035064	TyrRS-m
FBpp0086782	FBgn0053470	BaraA1
FBpp0292218	FBgn0053470	BaraA1
FBpp0308672	FBgn0023513	CG14803
FBpp0070297	FBgn0023513	CG14803
FBpp0075781	FBgn0036240	CG6928
FBpp0075782	FBgn0036240	CG6928
FBpp0304956	FBgn0036240	CG6928
FBpp0304955	FBgn0036240	CG6928
FBpp0085414	FBgn0033005	CG3107
FBpp0085413	FBgn0033005	CG3107
FBpp0110537	FBgn0033005	CG3107
FBpp0311260	FBgn0033005	CG3107
FBpp0082951	FBgn0038548	CG17806
FBpp0082231	FBgn0038146	CG9799
FBpp0301160	FBgn0030174	CG15312
FBpp0301159	FBgn0030174	CG15312
FBpp0071358	FBgn0030174	CG15312
FBpp0071357	FBgn0030174	CG15312
FBpp0301158	FBgn0030174	CG15312
FBpp0071356	FBgn0030174	CG15312
FBpp0310167	FBgn0029715	CG11444
FBpp0070666	FBgn0029715	CG11444
FBpp0076437	FBgn0035868	CG7194
FBpp0085801	FBgn0034402	CG15084
FBpp0428476	FBgn0288742	CG46517
FBpp0070377	FBgn0023549	Mct1
FBpp0309617	FBgn0023549	Mct1
FBpp0076618	FBgn0035737	Cpr65Ec
FBpp0309725	FBgn0052772	CG32772
FBpp0310137	FBgn0052772	CG32772
FBpp0290219	FBgn0052772	CG32772
FBpp0309724	FBgn0052772	CG32772
FBpp0084586	FBgn0039538	CG12883
FBpp0079405	FBgn0032111	CG13110
FBpp0084481	FBgn0039494	grass
FBpp0084482	FBgn0039494	grass
FBpp0084929	FBgn0039732	CG15525
FBpp0080227	FBgn0028913	CG3473
FBpp0310283	FBgn0028913	CG3473
FBpp0078512	FBgn0037280	BBS5
FBpp0311663	FBgn0035676	ssp6
FBpp0076757	FBgn0035676	ssp6
FBpp0083028	FBgn0038586	CG7168
FBpp0085785	FBgn0014269	prod
FBpp0079154	FBgn0031971	Sirup
FBpp0310037	FBgn0031971	Sirup
FBpp0072505	FBgn0035154	hiro
FBpp0080202	FBgn0001970	Pgant35A
FBpp0312356	FBgn0024944	Oamb
FBpp0303555	FBgn0024944	Oamb
FBpp0303556	FBgn0024944	Oamb
FBpp0083342	FBgn0024944	Oamb
FBpp0303557	FBgn0024944	Oamb
FBpp0083341	FBgn0024944	Oamb
FBpp0073396	FBgn0030329	prtp
FBpp0292397	FBgn0030329	prtp
FBpp0292398	FBgn0030329	prtp
FBpp0305170	FBgn0030329	prtp
FBpp0308731	FBgn0031985	mon2
FBpp0290447	FBgn0031985	mon2
FBpp0308638	FBgn0031183	CG14621
FBpp0077036	FBgn0031183	CG14621
FBpp0309677	FBgn0031183	CG14621
FBpp0308637	FBgn0031183	CG14621
FBpp0312170	FBgn0051821	CG31821
FBpp0080367	FBgn0051821	CG31821
FBpp0112210	FBgn0039563	CG4951
FBpp0084634	FBgn0039563	CG4951
FBpp0308423	FBgn0039519	Cyp6a18
FBpp0084553	FBgn0039519	Cyp6a18
FBpp0087103	FBgn0033701	CG13171
FBpp0085233	FBgn0002780	mod
FBpp0301951	FBgn0002780	mod
FBpp0086560	FBgn0027596	Kank
FBpp0292770	FBgn0027596	Kank
FBpp0086559	FBgn0027596	Kank
FBpp0292769	FBgn0027596	Kank
FBpp0305078	FBgn0027596	Kank
FBpp0086561	FBgn0027596	Kank
FBpp0290549	FBgn0027596	Kank
FBpp0111842	FBgn0027596	Kank
FBpp0292768	FBgn0027596	Kank
FBpp0291606	FBgn0053665	CG33665
FBpp0075738	FBgn0052100	CG32100
FBpp0310714	FBgn0051224	CG31224
FBpp0083106	FBgn0051224	CG31224
FBpp0310713	FBgn0051224	CG31224
FBpp0085114	FBgn0039810	CG15549
FBpp0085396	FBgn0033033	scaf
FBpp0085397	FBgn0033033	scaf
FBpp0088004	FBgn0015614	CanB2
FBpp0301600	FBgn0015614	CanB2
FBpp0086183	FBgn0040743	CG15919
FBpp0289521	FBgn0033413	prel
FBpp0305218	FBgn0033413	prel
FBpp0081562	FBgn0037731	CG18542
FBpp0087147	FBgn0026573	ADD1
FBpp0087148	FBgn0026573	ADD1
FBpp0312209	FBgn0026573	ADD1
FBpp0083329	FBgn0004107	Cdk2
FBpp0289675	FBgn0004107	Cdk2
FBpp0083330	FBgn0004107	Cdk2
FBpp0070295	FBgn0026873	MED18
FBpp0112946	FBgn0026873	MED18
FBpp0070917	FBgn0029891	Pink1
FBpp0311462	FBgn0029891	Pink1
FBpp0099831	FBgn0029891	Pink1
FBpp0099832	FBgn0029891	Pink1
FBpp0099833	FBgn0029891	Pink1
FBpp0070918	FBgn0029891	Pink1
FBpp0099835	FBgn0029891	Pink1
FBpp0099837	FBgn0029891	Pink1
FBpp0099830	FBgn0029891	Pink1
FBpp0302606	FBgn0263761	CG43678
FBpp0072214	FBgn0035024	CG11414
FBpp0082521	FBgn0014879	Set
FBpp0075620	FBgn0036341	Syx13
FBpp0304386	FBgn0036341	Syx13
FBpp0289685	FBgn0050222	CG30222
FBpp0309699	FBgn0050222	CG30222
FBpp0289684	FBgn0050222	CG30222
FBpp0082993	FBgn0038592	CG18599
FBpp0088221	FBgn0051997	CG31997
FBpp0311450	FBgn0051997	CG31997
FBpp0423263	FBgn0286874	CG46396
FBpp0305939	FBgn0027087	HisRS
FBpp0074365	FBgn0027087	HisRS
FBpp0305938	FBgn0027087	HisRS
FBpp0305940	FBgn0027087	HisRS
FBpp0081333	FBgn0261108	Atg13
FBpp0075681	FBgn0036309	Hip1
FBpp0075680	FBgn0036309	Hip1
FBpp0071191	FBgn0262976	lawc
FBpp0291291	FBgn0262976	lawc
FBpp0298287	FBgn0262976	lawc
FBpp0298288	FBgn0262976	lawc
FBpp0076958	FBgn0031146	CG15449
FBpp0073876	FBgn0030669	CG9240
FBpp0300838	FBgn0030669	CG9240
FBpp0072257	FBgn0017556	Prosalpha4T2
FBpp0310089	FBgn0017556	Prosalpha4T2
FBpp0081258	FBgn0000504	dsx
FBpp0081256	FBgn0000504	dsx
FBpp0428501	FBgn0000504	dsx
FBpp0303106	FBgn0000504	dsx
FBpp0081257	FBgn0000504	dsx
FBpp0308767	FBgn0000504	dsx
FBpp0303107	FBgn0000504	dsx
FBpp0085120	FBgn0039831	CG12054
FBpp0307391	FBgn0039831	CG12054
FBpp0112224	FBgn0039831	CG12054
FBpp0307392	FBgn0039831	CG12054
FBpp0087085	FBgn0004463	Polr3B
FBpp0075519	FBgn0013563	Pex1
FBpp0080722	FBgn0001202	hook
FBpp0087266	FBgn0025373	Fpps
FBpp0311627	FBgn0000079	Amy-p
FBpp0086155	FBgn0000079	Amy-p
FBpp0288433	FBgn0050096	CG30096
FBpp0306942	FBgn0038721	subdued
FBpp0083215	FBgn0038721	subdued
FBpp0083216	FBgn0038721	subdued
FBpp0306941	FBgn0038721	subdued
FBpp0291654	FBgn0038721	subdued
FBpp0083613	FBgn0038953	CG18596
FBpp0086843	FBgn0086532	Spt-I
FBpp0086842	FBgn0086532	Spt-I
FBpp0086844	FBgn0086532	Spt-I
FBpp0290160	FBgn0031171	CG1801
FBpp0071920	FBgn0041712	yellow-d
FBpp0082103	FBgn0038055	trus
FBpp0082187	FBgn0038110	CG8031
FBpp0082287	FBgn0038170	CG14367
FBpp0081619	FBgn0037757	CG8516
FBpp0072757	FBgn0035323	CG13807
FBpp0305002	FBgn0052088	sunn
FBpp0070331	FBgn0000667	Actn
FBpp0305936	FBgn0000667	Actn
FBpp0302778	FBgn0000667	Actn
FBpp0302777	FBgn0000667	Actn
FBpp0070329	FBgn0000667	Actn
FBpp0292167	FBgn0000667	Actn
FBpp0302779	FBgn0000667	Actn
FBpp0305935	FBgn0000667	Actn
FBpp0070330	FBgn0000667	Actn
FBpp0074538	FBgn0031033	CG14219
FBpp0087062	FBgn0033738	DUBAI
FBpp0087061	FBgn0033738	DUBAI
FBpp0082416	FBgn0038242	CG14852
FBpp0309509	FBgn0040780	Atg10
FBpp0112243	FBgn0040780	Atg10
FBpp0071166	FBgn0030055	Rubicon
FBpp0304117	FBgn0030055	Rubicon
FBpp0293417	FBgn0262541	CG43095
FBpp0308466	FBgn0037900	CG5276
FBpp0081866	FBgn0037900	CG5276
FBpp0306800	FBgn0040717	Nplp4
FBpp0077493	FBgn0040717	Nplp4
FBpp0308866	FBgn0030030	CG1636
FBpp0308865	FBgn0030030	CG1636
FBpp0071119	FBgn0030030	CG1636
FBpp0077671	FBgn0041250	Gr21a
FBpp0304041	FBgn0041250	Gr21a
FBpp0074597	FBgn0036959	CG6951
FBpp0074598	FBgn0036959	CG6951
FBpp0081828	FBgn0037880	CG17726
FBpp0081431	FBgn0001180	hb
FBpp0081432	FBgn0001180	hb
FBpp0307126	FBgn0031458	aph-1
FBpp0077400	FBgn0031458	aph-1
FBpp0303782	FBgn0039355	CG4730
FBpp0303781	FBgn0039355	CG4730
FBpp0084308	FBgn0039355	CG4730
FBpp0306028	FBgn0260655	l(3)76BDm
FBpp0074734	FBgn0260655	l(3)76BDm
FBpp0290166	FBgn0010531	Ccs
FBpp0305282	FBgn0010531	Ccs
FBpp0303989	FBgn0029878	Pat1
FBpp0070906	FBgn0029878	Pat1
FBpp0303990	FBgn0029878	Pat1
FBpp0087981	FBgn0033190	Gpo2
FBpp0074137	FBgn0030774	sphe
FBpp0072500	FBgn0025676	CkIIalpha-i3
FBpp0312155	FBgn0025676	CkIIalpha-i3
FBpp0072499	FBgn0025676	CkIIalpha-i3
FBpp0112147	FBgn0038269	Rrp6
FBpp0311911	FBgn0038269	Rrp6
FBpp0086582	FBgn0033978	Cyp6a23
FBpp0074235	FBgn0026058	OdsH
FBpp0084938	FBgn0039755	CG15531
FBpp0086646	FBgn0033934	CG17385
FBpp0309009	FBgn0033934	CG17385
FBpp0081802	FBgn0037857	Tengl4
FBpp0071746	FBgn0034736	gas
FBpp0075139	FBgn0283681	Tcs3
FBpp0300630	FBgn0035429	CG12017
FBpp0072916	FBgn0035429	CG12017
FBpp0300632	FBgn0035429	CG12017
FBpp0300631	FBgn0035429	CG12017
FBpp0310269	FBgn0261534	l(2)34Fc
FBpp0080212	FBgn0261534	l(2)34Fc
FBpp0309444	FBgn0032449	CG17036
FBpp0079989	FBgn0032449	CG17036
FBpp0310166	FBgn0029709	CHOp24
FBpp0070643	FBgn0029709	CHOp24
FBpp0072641	FBgn0013753	Bgb
FBpp0303213	FBgn0013753	Bgb
FBpp0112362	FBgn0053156	Nadk1b
FBpp0086803	FBgn0053156	Nadk1b
FBpp0086801	FBgn0053156	Nadk1b
FBpp0086804	FBgn0053156	Nadk1b
FBpp0086802	FBgn0053156	Nadk1b
FBpp0087709	FBgn0033379	Mys45A
FBpp0312345	FBgn0030361	CG1492
FBpp0073423	FBgn0030361	CG1492
FBpp0112069	FBgn0036056	CG6709
FBpp0076089	FBgn0036056	CG6709
FBpp0078077	FBgn0037110	ORMDL
FBpp0302567	FBgn0029894	CG14440
FBpp0070947	FBgn0029894	CG14440
FBpp0074800	FBgn0036848	Naxd
FBpp0081655	FBgn0041105	nerfin-2
FBpp0303116	FBgn0041105	nerfin-2
FBpp0080057	FBgn0028406	Drep4
FBpp0080749	FBgn0032783	CG10237
FBpp0306293	FBgn0032783	CG10237
FBpp0080748	FBgn0032783	CG10237
FBpp0080750	FBgn0032783	CG10237
FBpp0300885	FBgn0032783	CG10237
FBpp0080937	FBgn0051677	CG31677
FBpp0303540	FBgn0264087	Slob
FBpp0303544	FBgn0264087	Slob
FBpp0303547	FBgn0264087	Slob
FBpp0303546	FBgn0264087	Slob
FBpp0303541	FBgn0264087	Slob
FBpp0303545	FBgn0264087	Slob
FBpp0303543	FBgn0264087	Slob
FBpp0303542	FBgn0264087	Slob
FBpp0303548	FBgn0264087	Slob
FBpp0303549	FBgn0264087	Slob
FBpp0307463	FBgn0264087	Slob
FBpp0080637	FBgn0284256	bsf
FBpp0084523	FBgn0039472	CG17192
FBpp0111639	FBgn0085455	CG34426
FBpp0079963	FBgn0051858	t-cup
FBpp0302603	FBgn0263763	CG43680
FBpp0297113	FBgn0039507	mrt
FBpp0297114	FBgn0039507	mrt
FBpp0084544	FBgn0039507	mrt
FBpp0297116	FBgn0039507	mrt
FBpp0297117	FBgn0039507	mrt
FBpp0297115	FBgn0039507	mrt
FBpp0086116	FBgn0034214	CG6550
FBpp0303099	FBgn0024150	Ac78C
FBpp0303100	FBgn0024150	Ac78C
FBpp0305550	FBgn0024150	Ac78C
FBpp0293953	FBgn0024150	Ac78C
FBpp0290915	FBgn0024150	Ac78C
FBpp0076185	FBgn0023129	aay
FBpp0071907	FBgn0034833	CG13539
FBpp0309885	FBgn0034833	CG13539
FBpp0088712	FBgn0261649	tinc
FBpp0307967	FBgn0261649	tinc
FBpp0307968	FBgn0261649	tinc
FBpp0293444	FBgn0261649	tinc
FBpp0088713	FBgn0261649	tinc
FBpp0082839	FBgn0038476	kuk
FBpp0082838	FBgn0038476	kuk
FBpp0297129	FBgn0038476	kuk
FBpp0071679	FBgn0034700	CG11269
FBpp0307554	FBgn0039787	CG9702
FBpp0085026	FBgn0039787	CG9702
FBpp0307555	FBgn0039787	CG9702
FBpp0301222	FBgn0037395	CG10280
FBpp0078297	FBgn0037395	CG10280
FBpp0304484	FBgn0027514	CG1024
FBpp0288651	FBgn0027514	CG1024
FBpp0304485	FBgn0027514	CG1024
FBpp0075105	FBgn0287696	mus302
FBpp0305787	FBgn0287696	mus302
FBpp0289508	FBgn0035870	Gr66a
FBpp0303766	FBgn0000063	Mps1
FBpp0082911	FBgn0000063	Mps1
FBpp0083346	FBgn0028422	GluRIID
FBpp0303211	FBgn0036411	Sox21a
FBpp0075490	FBgn0036411	Sox21a
FBpp0085443	FBgn0029131	Debcl
FBpp0085938	FBgn0034323	CG18537
FBpp0084411	FBgn0288631	Yif1
FBpp0084410	FBgn0288631	Yif1
FBpp0084409	FBgn0288631	Yif1
FBpp0306588	FBgn0038654	CG14298
FBpp0083109	FBgn0038654	CG14298
FBpp0087664	FBgn0050344	CG30344
FBpp0082246	FBgn0038129	TBC1D5
FBpp0083439	FBgn0038852	HHEX
FBpp0091141	FBgn0053896	His2B:CG33896
FBpp0072128	FBgn0015268	Nap1
FBpp0297131	FBgn0015268	Nap1
FBpp0297132	FBgn0015268	Nap1
FBpp0305354	FBgn0011763	Dp
FBpp0086853	FBgn0011763	Dp
FBpp0086854	FBgn0011763	Dp
FBpp0072475	FBgn0052344	CG32344
FBpp0083940	FBgn0039165	CG6204
FBpp0296932	FBgn0003638	su(w[a])
FBpp0307668	FBgn0003638	su(w[a])
FBpp0070171	FBgn0003638	su(w[a])
FBpp0089322	FBgn0003638	su(w[a])
FBpp0296931	FBgn0003638	su(w[a])
FBpp0292012	FBgn0003638	su(w[a])
FBpp0089323	FBgn0003638	su(w[a])
FBpp0086568	FBgn0041581	AttB
FBpp0290164	FBgn0041581	AttB
FBpp0293274	FBgn0260446	GABA-B-R1
FBpp0293273	FBgn0260446	GABA-B-R1
FBpp0307605	FBgn0032109	CG17005
FBpp0271694	FBgn0032109	CG17005
FBpp0307606	FBgn0032109	CG17005
FBpp0307607	FBgn0032109	CG17005
FBpp0308528	FBgn0266572	ebo
FBpp0070093	FBgn0266572	ebo
FBpp0308529	FBgn0266572	ebo
FBpp0077676	FBgn0015621	Clp
FBpp0303011	FBgn0083962	CG34126
FBpp0288449	FBgn0083962	CG34126
FBpp0303010	FBgn0083962	CG34126
FBpp0303009	FBgn0083962	CG34126
FBpp0303012	FBgn0083962	CG34126
FBpp0079805	FBgn0014076	Vm32E
FBpp0310213	FBgn0014076	Vm32E
FBpp0073615	FBgn0030494	Cpr12A
FBpp0070088	FBgn0023537	CG17896
FBpp0070087	FBgn0023537	CG17896
FBpp0073638	FBgn0030503	Tango2
FBpp0309341	FBgn0030503	Tango2
FBpp0300867	FBgn0030503	Tango2
FBpp0304111	FBgn0030503	Tango2
FBpp0309461	FBgn0265668	CG44475
FBpp0082365	FBgn0051327	CG31327
FBpp0070854	FBgn0003302	rux
FBpp0298289	FBgn0003302	rux
FBpp0293340	FBgn0035078	Tpc2
FBpp0293573	FBgn0051163	SKIP
FBpp0307693	FBgn0051163	SKIP
FBpp0083595	FBgn0051163	SKIP
FBpp0290250	FBgn0051163	SKIP
FBpp0301887	FBgn0051163	SKIP
FBpp0293574	FBgn0051163	SKIP
FBpp0303407	FBgn0051163	SKIP
FBpp0076274	FBgn0035956	Doc2
FBpp0306866	FBgn0031861	CG17375
FBpp0290045	FBgn0031861	CG17375
FBpp0301560	FBgn0031861	CG17375
FBpp0086555	FBgn0033989	CG7639
FBpp0081467	FBgn0000412	D1
FBpp0081468	FBgn0000412	D1
FBpp0290739	FBgn0000412	D1
FBpp0305799	FBgn0035858	CG13674
FBpp0076442	FBgn0035858	CG13674
FBpp0075398	FBgn0036489	CG7011
FBpp0079332	FBgn0260861	Trs23
FBpp0113015	FBgn0050403	CG30403
FBpp0085001	FBgn0039758	CG9737
FBpp0083912	FBgn0013347	TfIIA-S
FBpp0080014	FBgn0032473	kmg
FBpp0082850	FBgn0038490	Smug
FBpp0083159	FBgn0267975	vib
FBpp0301765	FBgn0267975	vib
FBpp0310907	FBgn0267975	vib
FBpp0081465	FBgn0037668	CG16736
FBpp0312506	FBgn0024491	Bin1
FBpp0312505	FBgn0024491	Bin1
FBpp0082731	FBgn0024491	Bin1
FBpp0312530	FBgn0083068	CG33947
FBpp0071262	FBgn0030121	Cfp1
FBpp0292089	FBgn0030121	Cfp1
FBpp0110105	FBgn0083950	side-VI
FBpp0290292	FBgn0083950	side-VI
FBpp0291560	FBgn0052573	CG32573
FBpp0074090	FBgn0052573	CG32573
FBpp0070683	FBgn0029727	CG6978
FBpp0112083	FBgn0036421	CG13481
FBpp0305236	FBgn0036421	CG13481
FBpp0306423	FBgn0011774	Irbp
FBpp0081861	FBgn0011774	Irbp
FBpp0303321	FBgn0039286	dan
FBpp0084178	FBgn0039286	dan
FBpp0303320	FBgn0039286	dan
FBpp0086109	FBgn0034224	insb
FBpp0311712	FBgn0034224	insb
FBpp0070365	FBgn0023507	D2hgdh
FBpp0070366	FBgn0023507	D2hgdh
FBpp0070367	FBgn0023507	D2hgdh
FBpp0077022	FBgn0031106	Syx16
FBpp0085999	FBgn0050110	CG30110
FBpp0074760	FBgn0036859	CG14085
FBpp0075606	FBgn0036329	CG11262
FBpp0086768	FBgn0033880	CG6553
FBpp0300390	FBgn0085395	Shawl
FBpp0304848	FBgn0085395	Shawl
FBpp0079770	FBgn0027453	Dnz1
FBpp0081957	FBgn0000147	aurA
FBpp0311587	FBgn0050278	CG30278
FBpp0311586	FBgn0050278	CG30278
FBpp0071693	FBgn0050278	CG30278
FBpp0077899	FBgn0259676	Prim2
FBpp0111275	FBgn0085198	CG34169
FBpp0292298	FBgn0027544	CG2217
FBpp0310874	FBgn0027544	CG2217
FBpp0084994	FBgn0027544	CG2217
FBpp0310875	FBgn0027544	CG2217
FBpp0086175	FBgn0034157	resilin
FBpp0086176	FBgn0034157	resilin
FBpp0292775	FBgn0260933	rempA
FBpp0077738	FBgn0260933	rempA
FBpp0297290	FBgn0034884	Eglp3
FBpp0070863	FBgn0029858	mldr
FBpp0293947	FBgn0029858	mldr
FBpp0081817	FBgn0037870	CG18577
FBpp0084420	FBgn0023179	amon
FBpp0079344	FBgn0032068	LManV
FBpp0311773	FBgn0032068	LManV
FBpp0308986	FBgn0033900	CysRS-m
FBpp0086706	FBgn0033900	CysRS-m
FBpp0078760	FBgn0031710	Vps52
FBpp0076589	FBgn0015298	Srp19
FBpp0071631	FBgn0034658	Grx1t
FBpp0091153	FBgn0053908	His2B:CG33908
FBpp0079471	FBgn0024285	Srp54
FBpp0084433	FBgn0039459	IntS12
FBpp0291173	FBgn0032901	sky
FBpp0080972	FBgn0032901	sky
FBpp0303288	FBgn0032901	sky
FBpp0080971	FBgn0032901	sky
FBpp0303289	FBgn0032901	sky
FBpp0080974	FBgn0032901	sky
FBpp0080975	FBgn0032901	sky
FBpp0303287	FBgn0032901	sky
FBpp0080969	FBgn0032901	sky
FBpp0080973	FBgn0032901	sky
FBpp0080970	FBgn0032901	sky
FBpp0080976	FBgn0032901	sky
FBpp0084493	FBgn0042111	CG18766
FBpp0084492	FBgn0042111	CG18766
FBpp0305519	FBgn0042111	CG18766
FBpp0073306	FBgn0030290	CG11756
FBpp0085013	FBgn0260440	spdo
FBpp0308414	FBgn0033347	CG8248
FBpp0087759	FBgn0033347	CG8248
FBpp0087104	FBgn0033703	CG13170
FBpp0084861	FBgn0051038	CG31038
FBpp0084863	FBgn0051038	CG31038
FBpp0084860	FBgn0051038	CG31038
FBpp0305473	FBgn0051038	CG31038
FBpp0084864	FBgn0051038	CG31038
FBpp0305472	FBgn0051038	CG31038
FBpp0428485	FBgn0051038	CG31038
FBpp0084862	FBgn0051038	CG31038
FBpp0084647	FBgn0004171	Mst98Cb
FBpp0082596	FBgn0028984	Spn88Ea
FBpp0082595	FBgn0028984	Spn88Ea
FBpp0288546	FBgn0023083	fray
FBpp0288649	FBgn0023083	fray
FBpp0083057	FBgn0023083	fray
FBpp0428099	FBgn0023083	fray
FBpp0288648	FBgn0023083	fray
FBpp0083058	FBgn0023083	fray
FBpp0312568	FBgn0023083	fray
FBpp0310694	FBgn0023083	fray
FBpp0087045	FBgn0033741	CG8545
FBpp0302536	FBgn0263755	Su(var)3-9
FBpp0086776	FBgn0033865	CG6220
FBpp0099423	FBgn0054012	CG34012
FBpp0072201	FBgn0035007	CG3492
FBpp0312578	FBgn0032969	CG2528
FBpp0310618	FBgn0032969	CG2528
FBpp0087551	FBgn0033439	CG1773
FBpp0289989	FBgn0033955	Targ
FBpp0289988	FBgn0033955	Targ
FBpp0309002	FBgn0033955	Targ
FBpp0309003	FBgn0033955	Targ
FBpp0307638	FBgn0265935	coro
FBpp0085526	FBgn0265935	coro
FBpp0089194	FBgn0265935	coro
FBpp0307639	FBgn0265935	coro
FBpp0085527	FBgn0265935	coro
FBpp0307640	FBgn0265935	coro
FBpp0307637	FBgn0265935	coro
FBpp0289759	FBgn0259243	Pka-R1
FBpp0291778	FBgn0259243	Pka-R1
FBpp0291783	FBgn0259243	Pka-R1
FBpp0289758	FBgn0259243	Pka-R1
FBpp0289755	FBgn0259243	Pka-R1
FBpp0289170	FBgn0259243	Pka-R1
FBpp0291780	FBgn0259243	Pka-R1
FBpp0291781	FBgn0259243	Pka-R1
FBpp0289762	FBgn0259243	Pka-R1
FBpp0289761	FBgn0259243	Pka-R1
FBpp0291779	FBgn0259243	Pka-R1
FBpp0289760	FBgn0259243	Pka-R1
FBpp0291777	FBgn0259243	Pka-R1
FBpp0289169	FBgn0259243	Pka-R1
FBpp0289757	FBgn0259243	Pka-R1
FBpp0289171	FBgn0259243	Pka-R1
FBpp0291782	FBgn0259243	Pka-R1
FBpp0289756	FBgn0259243	Pka-R1
FBpp0087526	FBgn0033468	CG1418
FBpp0307155	FBgn0031069	Abcd3
FBpp0307154	FBgn0031069	Abcd3
FBpp0307156	FBgn0031069	Abcd3
FBpp0074564	FBgn0031069	Abcd3
FBpp0293249	FBgn0050018	mthl13
FBpp0288504	FBgn0036518	RhoGAP71E
FBpp0292544	FBgn0036518	RhoGAP71E
FBpp0304403	FBgn0036518	RhoGAP71E
FBpp0075321	FBgn0036518	RhoGAP71E
FBpp0075322	FBgn0036518	RhoGAP71E
FBpp0304402	FBgn0036518	RhoGAP71E
FBpp0075320	FBgn0036518	RhoGAP71E
FBpp0307631	FBgn0265045	Strn-Mlck
FBpp0307632	FBgn0265045	Strn-Mlck
FBpp0307630	FBgn0265045	Strn-Mlck
FBpp0307634	FBgn0265045	Strn-Mlck
FBpp0307636	FBgn0265045	Strn-Mlck
FBpp0307629	FBgn0265045	Strn-Mlck
FBpp0307633	FBgn0265045	Strn-Mlck
FBpp0307628	FBgn0265045	Strn-Mlck
FBpp0307627	FBgn0265045	Strn-Mlck
FBpp0307635	FBgn0265045	Strn-Mlck
FBpp0292011	FBgn0052811	CG32811
FBpp0309092	FBgn0011606	Klp3A
FBpp0070432	FBgn0011606	Klp3A
FBpp0087596	FBgn0004360	Wnt2
FBpp0308474	FBgn0004360	Wnt2
FBpp0304735	FBgn0003174	pwn
FBpp0304734	FBgn0003174	pwn
FBpp0081385	FBgn0037610	CG8043
FBpp0292807	FBgn0262001	CG42819
FBpp0113087	FBgn0030087	CG7766
FBpp0113086	FBgn0030087	CG7766
FBpp0309977	FBgn0030087	CG7766
FBpp0071286	FBgn0030087	CG7766
FBpp0071287	FBgn0030087	CG7766
FBpp0301190	FBgn0030087	CG7766
FBpp0301189	FBgn0030087	CG7766
FBpp0072196	FBgn0035000	CG13578
FBpp0428475	FBgn0288741	CG46516
FBpp0306809	FBgn0047351	CG31468
FBpp0083864	FBgn0047351	CG31468
FBpp0297362	FBgn0265298	SC35
FBpp0088837	FBgn0265298	SC35
FBpp0088838	FBgn0265298	SC35
FBpp0292041	FBgn0265298	SC35
FBpp0079267	FBgn0032032	CG17294
FBpp0077193	FBgn0031575	Cep97
FBpp0290304	FBgn0031575	Cep97
FBpp0290222	FBgn0051619	nolo
FBpp0308276	FBgn0051619	nolo
FBpp0110259	FBgn0051619	nolo
FBpp0085256	FBgn0051619	nolo
FBpp0308277	FBgn0051619	nolo
FBpp0085257	FBgn0051619	nolo
FBpp0298832	FBgn0051619	nolo
FBpp0300561	FBgn0034692	CG13502
FBpp0071712	FBgn0034692	CG13502
FBpp0073613	FBgn0030492	CG15754
FBpp0311441	FBgn0266566	CG45105
FBpp0311011	FBgn0266566	CG45105
FBpp0311013	FBgn0266566	CG45105
FBpp0311015	FBgn0266566	CG45105
FBpp0311442	FBgn0266566	CG45105
FBpp0311012	FBgn0266566	CG45105
FBpp0311014	FBgn0266566	CG45105
FBpp0311016	FBgn0266566	CG45105
FBpp0312420	FBgn0034715	Oatp58Db
FBpp0071970	FBgn0034877	levy
FBpp0309930	FBgn0034877	levy
FBpp0091124	FBgn0053879	His4:CG33879
FBpp0073863	FBgn0030660	CG8097
FBpp0309303	FBgn0030660	CG8097
FBpp0290925	FBgn0038967	CG13847
FBpp0307974	FBgn0038967	CG13847
FBpp0087280	FBgn0010423	TpnC47D
FBpp0311639	FBgn0010423	TpnC47D
FBpp0292903	FBgn0032115	CG4438
FBpp0079412	FBgn0032115	CG4438
FBpp0085129	FBgn0039836	CG1750
FBpp0083738	FBgn0039042	CG13837
FBpp0077642	FBgn0031323	CG5139
FBpp0088106	FBgn0033136	Tsp42Eo
FBpp0078405	FBgn0086768	Pcmt
FBpp0308602	FBgn0086768	Pcmt
FBpp0080705	FBgn0086443	AsnRS
FBpp0304830	FBgn0086443	AsnRS
FBpp0304964	FBgn0037085	Neu2
FBpp0078048	FBgn0037085	Neu2
FBpp0311276	FBgn0035601	Uev1A
FBpp0076860	FBgn0035601	Uev1A
FBpp0076859	FBgn0035601	Uev1A
FBpp0076996	FBgn0011280	Obp19d
FBpp0076995	FBgn0011280	Obp19d
FBpp0297509	FBgn0262948	CG43267
FBpp0085668	FBgn0034464	CG11018
FBpp0090977	FBgn0053627	CG33627
FBpp0074185	FBgn0030815	CG8945
FBpp0086206	FBgn0026402	NiPp1
FBpp0083672	FBgn0053107	CG33107
FBpp0309982	FBgn0029930	CG12541
FBpp0289984	FBgn0029930	CG12541
FBpp0307448	FBgn0020309	crol
FBpp0307451	FBgn0020309	crol
FBpp0307449	FBgn0020309	crol
FBpp0079845	FBgn0020309	crol
FBpp0079847	FBgn0020309	crol
FBpp0079846	FBgn0020309	crol
FBpp0079844	FBgn0020309	crol
FBpp0307450	FBgn0020309	crol
FBpp0293786	FBgn0020309	crol
FBpp0080654	FBgn0032713	Ugt36D1
FBpp0310382	FBgn0032713	Ugt36D1
FBpp0300798	FBgn0032713	Ugt36D1
FBpp0300799	FBgn0032713	Ugt36D1
FBpp0071681	FBgn0034704	Fbxo42
FBpp0309068	FBgn0034137	CG4945
FBpp0086247	FBgn0034137	CG4945
FBpp0086246	FBgn0034137	CG4945
FBpp0086245	FBgn0034137	CG4945
FBpp0303155	FBgn0085447	sif
FBpp0111620	FBgn0085447	sif
FBpp0312426	FBgn0085447	sif
FBpp0303157	FBgn0085447	sif
FBpp0309505	FBgn0085447	sif
FBpp0111624	FBgn0085447	sif
FBpp0303158	FBgn0085447	sif
FBpp0303156	FBgn0085447	sif
FBpp0428438	FBgn0085447	sif
FBpp0111622	FBgn0085447	sif
FBpp0309506	FBgn0085447	sif
FBpp0309507	FBgn0085447	sif
FBpp0303159	FBgn0085447	sif
FBpp0111621	FBgn0085447	sif
FBpp0289288	FBgn0036255	Atg12
FBpp0087063	FBgn0033737	Nup54
FBpp0304273	FBgn0043471	kappaTry
FBpp0311708	FBgn0034081	CG10731
FBpp0310878	FBgn0034081	CG10731
FBpp0082786	FBgn0038453	Arl6IP1
FBpp0305875	FBgn0038453	Arl6IP1
FBpp0308764	FBgn0261625	GLS
FBpp0292097	FBgn0261625	GLS
FBpp0292104	FBgn0261625	GLS
FBpp0292100	FBgn0261625	GLS
FBpp0292101	FBgn0261625	GLS
FBpp0292102	FBgn0261625	GLS
FBpp0292099	FBgn0261625	GLS
FBpp0310603	FBgn0261625	GLS
FBpp0292098	FBgn0261625	GLS
FBpp0292103	FBgn0261625	GLS
FBpp0083103	FBgn0286828	dind
FBpp0312497	FBgn0085426	Rgk3
FBpp0309683	FBgn0085426	Rgk3
FBpp0111558	FBgn0085426	Rgk3
FBpp0309684	FBgn0085426	Rgk3
FBpp0290676	FBgn0032940	Mondo
FBpp0290672	FBgn0032940	Mondo
FBpp0290673	FBgn0032940	Mondo
FBpp0290678	FBgn0032940	Mondo
FBpp0290675	FBgn0032940	Mondo
FBpp0081052	FBgn0032940	Mondo
FBpp0081053	FBgn0032940	Mondo
FBpp0290679	FBgn0032940	Mondo
FBpp0290677	FBgn0032940	Mondo
FBpp0081055	FBgn0032940	Mondo
FBpp0290674	FBgn0032940	Mondo
FBpp0078839	FBgn0051639	CG31639
FBpp0078838	FBgn0051639	CG31639
FBpp0303770	FBgn0260399	gwl
FBpp0083089	FBgn0260399	gwl
FBpp0083090	FBgn0051226	CG31226
FBpp0083091	FBgn0051226	CG31226
FBpp0074745	FBgn0036878	Cpr76Ba
FBpp0307909	FBgn0051424	Ir94b
FBpp0077619	FBgn0031301	CG14339
FBpp0082903	FBgn0038524	sll
FBpp0293851	FBgn0038524	sll
FBpp0084794	FBgn0039666	Diedel
FBpp0085444	FBgn0050443	Opbp
FBpp0078883	FBgn0031805	Nepl4
FBpp0303125	FBgn0036851	CG14082
FBpp0312151	FBgn0036851	CG14082
FBpp0303124	FBgn0036851	CG14082
FBpp0076994	FBgn0031110	Obp19b
FBpp0293829	FBgn0262612	CG43138
FBpp0077037	FBgn0014395	tilB
FBpp0075811	FBgn0036211	CG5946
FBpp0291346	FBgn0036211	CG5946
FBpp0310443	FBgn0036211	CG5946
FBpp0110168	FBgn0036211	CG5946
FBpp0110169	FBgn0036211	CG5946
FBpp0075810	FBgn0036211	CG5946
FBpp0290358	FBgn0036211	CG5946
FBpp0301589	FBgn0262143	CG42869
FBpp0303634	FBgn0020622	Pi3K21B
FBpp0303633	FBgn0020622	Pi3K21B
FBpp0303635	FBgn0020622	Pi3K21B
FBpp0303632	FBgn0020622	Pi3K21B
FBpp0076798	FBgn0035626	lin-28
FBpp0081644	FBgn0037741	Tti1
FBpp0075148	FBgn0053158	CG33158
FBpp0078109	FBgn0037124	CG14568
FBpp0310851	FBgn0039308	CG11889
FBpp0100074	FBgn0039308	CG11889
FBpp0071847	FBgn0034750	CG3732
FBpp0303866	FBgn0261976	Psf2
FBpp0303867	FBgn0261976	Psf2
FBpp0291049	FBgn0086778	nAChRalpha7
FBpp0089248	FBgn0086778	nAChRalpha7
FBpp0310357	FBgn0086778	nAChRalpha7
FBpp0291048	FBgn0086778	nAChRalpha7
FBpp0303345	FBgn0038603	PKD
FBpp0083013	FBgn0038603	PKD
FBpp0288462	FBgn0038603	PKD
FBpp0083012	FBgn0038603	PKD
FBpp0083010	FBgn0038603	PKD
FBpp0303344	FBgn0038603	PKD
FBpp0307966	FBgn0038603	PKD
FBpp0083011	FBgn0038603	PKD
FBpp0307965	FBgn0038603	PKD
FBpp0288563	FBgn0033289	CG2121
FBpp0087842	FBgn0033289	CG2121
FBpp0074776	FBgn0003089	pip
FBpp0074774	FBgn0003089	pip
FBpp0306029	FBgn0003089	pip
FBpp0074777	FBgn0003089	pip
FBpp0074775	FBgn0003089	pip
FBpp0074779	FBgn0003089	pip
FBpp0074772	FBgn0003089	pip
FBpp0074780	FBgn0003089	pip
FBpp0074770	FBgn0003089	pip
FBpp0074771	FBgn0003089	pip
FBpp0074778	FBgn0003089	pip
FBpp0072177	FBgn0288686	betaTub60D
FBpp0310087	FBgn0288686	betaTub60D
FBpp0311374	FBgn0030328	Amun
FBpp0073452	FBgn0030328	Amun
FBpp0305931	FBgn0030328	Amun
FBpp0292399	FBgn0030328	Amun
FBpp0073454	FBgn0030328	Amun
FBpp0292400	FBgn0030328	Amun
FBpp0292402	FBgn0030328	Amun
FBpp0073453	FBgn0030328	Amun
FBpp0073456	FBgn0030328	Amun
FBpp0292401	FBgn0030328	Amun
FBpp0305930	FBgn0030328	Amun
FBpp0073455	FBgn0030328	Amun
FBpp0080235	FBgn0250834	CG33308
FBpp0086720	FBgn0275436	PheRS-m
FBpp0075168	FBgn0027080	TyrRS
FBpp0071010	FBgn0029945	Acsf3
FBpp0110339	FBgn0083991	CG34155
FBpp0271859	FBgn0035099	CG6845
FBpp0271861	FBgn0035099	CG6845
FBpp0271860	FBgn0035099	CG6845
FBpp0306859	FBgn0051663	CG31663
FBpp0293139	FBgn0051663	CG31663
FBpp0077561	FBgn0051663	CG31663
FBpp0073006	FBgn0052266	CG32266
FBpp0071578	FBgn0034644	Ip6k
FBpp0071579	FBgn0034644	Ip6k
FBpp0297066	FBgn0052075	CG32075
FBpp0075969	FBgn0052075	CG32075
FBpp0070383	FBgn0040391	CG2854
FBpp0289583	FBgn0031617	CG15635
FBpp0303329	FBgn0027518	Wdr24
FBpp0084909	FBgn0027518	Wdr24
FBpp0071544	FBgn0050392	CG30392
FBpp0309690	FBgn0050392	CG30392
FBpp0289404	FBgn0033980	Cyp6a20
FBpp0075906	FBgn0036161	CG7551
FBpp0074555	FBgn0052533	CG32533
FBpp0311889	FBgn0052533	CG32533
FBpp0289553	FBgn0259966	Sfp51E
FBpp0290346	FBgn0026083	tyf
FBpp0293713	FBgn0026083	tyf
FBpp0293715	FBgn0026083	tyf
FBpp0293709	FBgn0026083	tyf
FBpp0070611	FBgn0026083	tyf
FBpp0293714	FBgn0026083	tyf
FBpp0293712	FBgn0026083	tyf
FBpp0293711	FBgn0026083	tyf
FBpp0311757	FBgn0026083	tyf
FBpp0293710	FBgn0026083	tyf
FBpp0290153	FBgn0026083	tyf
FBpp0291746	FBgn0039530	Tusp
FBpp0307232	FBgn0039530	Tusp
FBpp0291745	FBgn0039530	Tusp
FBpp0307233	FBgn0039530	Tusp
FBpp0305667	FBgn0085289	CG34260
FBpp0070801	FBgn0029804	CG3097
FBpp0080268	FBgn0259982	Uxt
FBpp0302578	FBgn0259982	Uxt
FBpp0289425	FBgn0052079	CG32079
FBpp0312383	FBgn0052382	sphinx2
FBpp0289591	FBgn0052382	sphinx2
FBpp0072627	FBgn0035234	CG12003
FBpp0078416	FBgn0037328	RpL35A
FBpp0081902	FBgn0037939	CG14718
FBpp0078694	FBgn0031651	mRpL24
FBpp0078830	FBgn0051642	CG31642
FBpp0086336	FBgn0034092	CG7798
FBpp0087774	FBgn0022027	Vps25
FBpp0072615	FBgn0035194	Psf1
FBpp0085535	FBgn0034513	CG13423
FBpp0305438	FBgn0032475	Sfmbt
FBpp0080070	FBgn0032475	Sfmbt
FBpp0080069	FBgn0032475	Sfmbt
FBpp0288419	FBgn0032475	Sfmbt
FBpp0112089	FBgn0036680	Cpr73D
FBpp0312459	FBgn0036680	Cpr73D
FBpp0078396	FBgn0250753	kra
FBpp0078394	FBgn0250753	kra
FBpp0078397	FBgn0250753	kra
FBpp0078395	FBgn0250753	kra
FBpp0078393	FBgn0250753	kra
FBpp0078399	FBgn0250753	kra
FBpp0078398	FBgn0250753	kra
FBpp0082293	FBgn0038179	CG9312
FBpp0297444	FBgn0011672	Mvl
FBpp0297443	FBgn0011672	Mvl
FBpp0290693	FBgn0011672	Mvl
FBpp0088507	FBgn0011672	Mvl
FBpp0303079	FBgn0011672	Mvl
FBpp0290692	FBgn0011672	Mvl
FBpp0310817	FBgn0266448	CG45078
FBpp0111903	FBgn0030735	CG3632
FBpp0111902	FBgn0030735	CG3632
FBpp0111901	FBgn0030735	CG3632
FBpp0310622	FBgn0030735	CG3632
FBpp0309796	FBgn0030735	CG3632
FBpp0111904	FBgn0030735	CG3632
FBpp0081069	FBgn0015571	alpha-Est3
FBpp0308765	FBgn0015571	alpha-Est3
FBpp0302664	FBgn0015571	alpha-Est3
FBpp0289723	FBgn0015571	alpha-Est3
FBpp0309548	FBgn0028425	JhI-21
FBpp0293626	FBgn0028425	JhI-21
FBpp0088598	FBgn0028425	JhI-21
FBpp0312092	FBgn0028425	JhI-21
FBpp0088925	FBgn0028425	JhI-21
FBpp0306748	FBgn0264829	CG44037
FBpp0305288	FBgn0036451	Helz
FBpp0075443	FBgn0036451	Helz
FBpp0305287	FBgn0036451	Helz
FBpp0072534	FBgn0035187	Trhn
FBpp0292731	FBgn0053772	CG33772
FBpp0083520	FBgn0038892	CG15498
FBpp0309062	FBgn0025836	RhoGAP1A
FBpp0111833	FBgn0025836	RhoGAP1A
FBpp0291410	FBgn0025836	RhoGAP1A
FBpp0111832	FBgn0025836	RhoGAP1A
FBpp0309060	FBgn0025836	RhoGAP1A
FBpp0309061	FBgn0025836	RhoGAP1A
FBpp0074865	FBgn0042134	Capr
FBpp0311792	FBgn0042134	Capr
FBpp0084573	FBgn0027492	wdb
FBpp0084575	FBgn0027492	wdb
FBpp0084577	FBgn0027492	wdb
FBpp0084574	FBgn0027492	wdb
FBpp0084578	FBgn0027492	wdb
FBpp0084579	FBgn0027492	wdb
FBpp0428201	FBgn0027492	wdb
FBpp0071801	FBgn0050272	MFS1
FBpp0081936	FBgn0037915	CG6790
FBpp0086721	FBgn0033891	CG8067
FBpp0303475	FBgn0033891	CG8067
FBpp0072245	FBgn0035036	CG4707
FBpp0080176	FBgn0051769	CG31769
FBpp0071716	FBgn0034687	CG11475
FBpp0308600	FBgn0023143	Uba1
FBpp0087583	FBgn0023143	Uba1
FBpp0297427	FBgn0052296	Mrtf
FBpp0305635	FBgn0052296	Mrtf
FBpp0310920	FBgn0052296	Mrtf
FBpp0087284	FBgn0033601	Cpr47Ed
FBpp0083610	FBgn0267385	PyK
FBpp0083611	FBgn0267385	PyK
FBpp0073844	FBgn0030616	RpL37-1
FBpp0303429	FBgn0030616	RpL37-1
FBpp0310504	FBgn0029663	CG10804
FBpp0112979	FBgn0029663	CG10804
FBpp0070566	FBgn0029663	CG10804
FBpp0070567	FBgn0029663	CG10804
FBpp0099945	FBgn0004644	hh
FBpp0079439	FBgn0032135	GlcAT-S
FBpp0079438	FBgn0032135	GlcAT-S
FBpp0291409	FBgn0032135	GlcAT-S
FBpp0073871	FBgn0030673	CG15601
FBpp0308742	FBgn0030673	CG15601
FBpp0308740	FBgn0030673	CG15601
FBpp0308741	FBgn0030673	CG15601
FBpp0081102	FBgn0051501	nxf4
FBpp0085607	FBgn0034510	CG13426
FBpp0079738	FBgn0026148	CG12253
FBpp0085951	FBgn0034313	CG5726
FBpp0305038	FBgn0036496	cocoon
FBpp0075370	FBgn0036496	cocoon
FBpp0302983	FBgn0031814	retm
FBpp0078902	FBgn0031814	retm
FBpp0308835	FBgn0031814	retm
FBpp0307647	FBgn0026761	Trap1
FBpp0085482	FBgn0026761	Trap1
FBpp0088093	FBgn0033154	CG1850
FBpp0073325	FBgn0052668	CG32668
FBpp0087607	FBgn0033428	Urod
FBpp0074384	FBgn0030946	CG6659
FBpp0074383	FBgn0030946	CG6659
FBpp0074812	FBgn0036837	CG18135
FBpp0074811	FBgn0036837	CG18135
FBpp0304897	FBgn0036837	CG18135
FBpp0074809	FBgn0036837	CG18135
FBpp0074810	FBgn0036837	CG18135
FBpp0302824	FBgn0032740	CG15172
FBpp0302823	FBgn0032740	CG15172
FBpp0302822	FBgn0032740	CG15172
FBpp0080684	FBgn0032740	CG15172
FBpp0289006	FBgn0262081	Csk
FBpp0289773	FBgn0262081	Csk
FBpp0289774	FBgn0262081	Csk
FBpp0307427	FBgn0262081	Csk
FBpp0289776	FBgn0262081	Csk
FBpp0289775	FBgn0262081	Csk
FBpp0289007	FBgn0262081	Csk
FBpp0111540	FBgn0259108	futsch
FBpp0300235	FBgn0259108	futsch
FBpp0300236	FBgn0259108	futsch
FBpp0083931	FBgn0026317	Tsc1
FBpp0305087	FBgn0036785	CG13700
FBpp0305088	FBgn0036785	CG13700
FBpp0288880	FBgn0036785	CG13700
FBpp0305086	FBgn0036785	CG13700
FBpp0080169	FBgn0260011	NimC4
FBpp0086586	FBgn0288232	Cyp6a21
FBpp0112473	FBgn0287186	scro
FBpp0112474	FBgn0287186	scro
FBpp0112475	FBgn0287186	scro
FBpp0308955	FBgn0287186	scro
FBpp0077415	FBgn0026324	Taf10b
FBpp0076295	FBgn0035922	Pex7
FBpp0271836	FBgn0035922	Pex7
FBpp0074737	FBgn0020277	lush
FBpp0290704	FBgn0020277	lush
FBpp0089291	FBgn0015239	Hr78
FBpp0078046	FBgn0015239	Hr78
FBpp0078044	FBgn0015239	Hr78
FBpp0292671	FBgn0015239	Hr78
FBpp0292670	FBgn0015239	Hr78
FBpp0078045	FBgn0015239	Hr78
FBpp0086503	FBgn0034005	ItgaPS4
FBpp0076789	FBgn0035644	PolE2
FBpp0302712	FBgn0039078	CG4374
FBpp0292405	FBgn0039078	CG4374
FBpp0076949	FBgn0031164	CG1724
FBpp0075601	FBgn0052119	CG32119
FBpp0308576	FBgn0029893	CG14442
FBpp0289996	FBgn0029893	CG14442
FBpp0070948	FBgn0029893	CG14442
FBpp0308577	FBgn0029893	CG14442
FBpp0308575	FBgn0029893	CG14442
FBpp0085933	FBgn0000658	fj
FBpp0113106	FBgn0041585	Orai
FBpp0085974	FBgn0041585	Orai
FBpp0085976	FBgn0041585	Orai
FBpp0307679	FBgn0041585	Orai
FBpp0307680	FBgn0041585	Orai
FBpp0079533	FBgn0032187	CG4839
FBpp0079534	FBgn0032187	CG4839
FBpp0309774	FBgn0085437	CG34408
FBpp0071374	FBgn0085437	CG34408
FBpp0309776	FBgn0085437	CG34408
FBpp0309779	FBgn0085437	CG34408
FBpp0111587	FBgn0085437	CG34408
FBpp0113077	FBgn0085437	CG34408
FBpp0309777	FBgn0085437	CG34408
FBpp0309778	FBgn0085437	CG34408
FBpp0113076	FBgn0085437	CG34408
FBpp0309775	FBgn0085437	CG34408
FBpp0080401	FBgn0001995	mRpL4
FBpp0297402	FBgn0039800	Npc2g
FBpp0085085	FBgn0039800	Npc2g
FBpp0074496	FBgn0000257	car
FBpp0074497	FBgn0000257	car
FBpp0303585	FBgn0000257	car
FBpp0307934	FBgn0032261	CG6094
FBpp0079680	FBgn0032261	CG6094
FBpp0088107	FBgn0033139	Tsp42Er
FBpp0086019	FBgn0034263	CG10934
FBpp0075497	FBgn0036382	CG13737
FBpp0075496	FBgn0036382	CG13737
FBpp0305621	FBgn0035295	Cnb
FBpp0072721	FBgn0035295	Cnb
FBpp0083845	FBgn0039111	PTPMT1
FBpp0083844	FBgn0039111	PTPMT1
FBpp0072652	FBgn0035266	Gk2
FBpp0311803	FBgn0035266	Gk2
FBpp0072651	FBgn0035266	Gk2
FBpp0072650	FBgn0035266	Gk2
FBpp0072653	FBgn0035266	Gk2
FBpp0072654	FBgn0035266	Gk2
FBpp0390639	FBgn0261015	Pif1A
FBpp0304777	FBgn0261015	Pif1A
FBpp0304776	FBgn0261015	Pif1A
FBpp0304778	FBgn0261015	Pif1A
FBpp0291090	FBgn0261015	Pif1A
FBpp0078462	FBgn0037307	Tim17a2
FBpp0086751	FBgn0000633	tei
FBpp0308965	FBgn0000633	tei
FBpp0289610	FBgn0050083	CG30083
FBpp0087310	FBgn0033542	CAH13
FBpp0297774	FBgn0263079	CG43338
FBpp0297775	FBgn0263079	CG43338
FBpp0083151	FBgn0038692	Polr2M
FBpp0310297	FBgn0028858	CG10839
FBpp0080358	FBgn0028858	CG10839
FBpp0294014	FBgn0028858	CG10839
FBpp0082980	FBgn0038578	MED17
FBpp0288440	FBgn0035756	unc-13-4A
FBpp0305560	FBgn0035756	unc-13-4A
FBpp0081123	FBgn0037482	CG10055
FBpp0078956	FBgn0051634	Oatp26F
FBpp0289435	FBgn0259917	CG42446
FBpp0081225	FBgn0037446	Zif
FBpp0303224	FBgn0037446	Zif
FBpp0291578	FBgn0037446	Zif
FBpp0082908	FBgn0038530	AttD
FBpp0308762	FBgn0020930	Dgkepsilon
FBpp0086966	FBgn0020930	Dgkepsilon
FBpp0088871	FBgn0002567	Rab32
FBpp0088870	FBgn0002567	Rab32
FBpp0088872	FBgn0002567	Rab32
FBpp0088873	FBgn0002567	Rab32
FBpp0312215	FBgn0002567	Rab32
FBpp0308460	FBgn0002567	Rab32
FBpp0312216	FBgn0002567	Rab32
FBpp0112072	FBgn0036059	nudE
FBpp0311744	FBgn0036059	nudE
FBpp0112071	FBgn0036059	nudE
FBpp0076073	FBgn0036059	nudE
FBpp0113092	FBgn0036059	nudE
FBpp0100170	FBgn0260453	CG17140
FBpp0100169	FBgn0260453	CG17140
FBpp0084985	FBgn0010113	heca
FBpp0303343	FBgn0010113	heca
FBpp0084984	FBgn0010113	heca
FBpp0084983	FBgn0010113	heca
FBpp0304930	FBgn0086906	sls
FBpp0304927	FBgn0086906	sls
FBpp0304928	FBgn0086906	sls
FBpp0072727	FBgn0086906	sls
FBpp0304926	FBgn0086906	sls
FBpp0304922	FBgn0086906	sls
FBpp0304925	FBgn0086906	sls
FBpp0304929	FBgn0086906	sls
FBpp0301063	FBgn0086906	sls
FBpp0304924	FBgn0086906	sls
FBpp0304923	FBgn0086906	sls
FBpp0304921	FBgn0086906	sls
FBpp0304920	FBgn0086906	sls
FBpp0303753	FBgn0020378	Sp1
FBpp0271862	FBgn0020378	Sp1
FBpp0301973	FBgn0020378	Sp1
FBpp0071316	FBgn0020378	Sp1
FBpp0076278	FBgn0016070	smg
FBpp0076277	FBgn0016070	smg
FBpp0288542	FBgn0016070	smg
FBpp0288543	FBgn0016070	smg
FBpp0076276	FBgn0016070	smg
FBpp0293180	FBgn0262358	CG43056
FBpp0081064	FBgn0015570	alpha-Est2
FBpp0302569	FBgn0015570	alpha-Est2
FBpp0081723	FBgn0259938	cwo
FBpp0293681	FBgn0259938	cwo
FBpp0293682	FBgn0259938	cwo
FBpp0089421	FBgn0026250	eIF1A
FBpp0310418	FBgn0026250	eIF1A
FBpp0082994	FBgn0026250	eIF1A
FBpp0082166	FBgn0038109	CG11656
FBpp0289799	FBgn0015765	p38a
FBpp0083965	FBgn0015765	p38a
FBpp0083966	FBgn0015765	p38a
FBpp0087274	FBgn0033609	Fbl6
FBpp0087275	FBgn0033609	Fbl6
FBpp0087276	FBgn0033609	Fbl6
FBpp0082349	FBgn0038198	Npc2b
FBpp0082350	FBgn0038198	Npc2b
FBpp0074437	FBgn0030991	CG7453
FBpp0293016	FBgn0260965	CG42588
FBpp0290931	FBgn0260965	CG42588
FBpp0080744	FBgn0032780	CG13085
FBpp0307442	FBgn0032780	CG13085
FBpp0087421	FBgn0033491	CG18011
FBpp0288682	FBgn0001967	NimC3
FBpp0075580	FBgn0036352	CG14110
FBpp0311745	FBgn0040812	CG8750
FBpp0075544	FBgn0040812	CG8750
FBpp0305327	FBgn0023130	a6
FBpp0070269	FBgn0023130	a6
FBpp0303433	FBgn0023130	a6
FBpp0079936	FBgn0032424	CG17010
FBpp0083893	FBgn0051184	LSm3
FBpp0289873	FBgn0051184	LSm3
FBpp0078039	FBgn0029152	Mkrn1
FBpp0293874	FBgn0029152	Mkrn1
FBpp0078038	FBgn0029152	Mkrn1
FBpp0305339	FBgn0259971	CG42481
FBpp0289543	FBgn0259971	CG42481
FBpp0075251	FBgn0036567	CG13074
FBpp0309326	FBgn0030932	Ggt-1
FBpp0074393	FBgn0030932	Ggt-1
FBpp0074563	FBgn0031068	Alr
FBpp0304151	FBgn0031068	Alr
FBpp0290455	FBgn0033763	CG8646
FBpp0307210	FBgn0000024	Ace
FBpp0289713	FBgn0000024	Ace
FBpp0082248	FBgn0000024	Ace
FBpp0076376	FBgn0035907	GstO1
FBpp0289410	FBgn0033371	CNT1
FBpp0289204	FBgn0044872	FucTC
FBpp0290082	FBgn0260436	CG42531
FBpp0302005	FBgn0260436	CG42531
FBpp0110224	FBgn0005640	Eip63E
FBpp0110222	FBgn0005640	Eip63E
FBpp0291754	FBgn0005640	Eip63E
FBpp0110221	FBgn0005640	Eip63E
FBpp0291160	FBgn0005640	Eip63E
FBpp0072994	FBgn0005640	Eip63E
FBpp0110220	FBgn0005640	Eip63E
FBpp0303101	FBgn0005640	Eip63E
FBpp0072992	FBgn0005640	Eip63E
FBpp0072991	FBgn0005640	Eip63E
FBpp0072990	FBgn0005640	Eip63E
FBpp0110223	FBgn0005640	Eip63E
FBpp0110225	FBgn0005640	Eip63E
FBpp0072993	FBgn0005640	Eip63E
FBpp0078483	FBgn0037293	RabGGTa
FBpp0308322	FBgn0037515	Sp7
FBpp0308321	FBgn0037515	Sp7
FBpp0081237	FBgn0037515	Sp7
FBpp0086651	FBgn0033904	CG18327
FBpp0305138	FBgn0033904	CG18327
FBpp0304873	FBgn0040929	CG12659
FBpp0428194	FBgn0287587	CG46457
FBpp0088600	FBgn0003380	Sh
FBpp0291167	FBgn0003380	Sh
FBpp0088601	FBgn0003380	Sh
FBpp0292033	FBgn0003380	Sh
FBpp0300520	FBgn0003380	Sh
FBpp0088602	FBgn0003380	Sh
FBpp0304578	FBgn0003380	Sh
FBpp0088605	FBgn0003380	Sh
FBpp0300519	FBgn0003380	Sh
FBpp0292034	FBgn0003380	Sh
FBpp0312319	FBgn0003380	Sh
FBpp0428420	FBgn0003380	Sh
FBpp0312316	FBgn0003380	Sh
FBpp0088599	FBgn0003380	Sh
FBpp0428419	FBgn0003380	Sh
FBpp0088603	FBgn0003380	Sh
FBpp0312318	FBgn0003380	Sh
FBpp0082368	FBgn0038208	CG14355
FBpp0071104	FBgn0030004	CG10958
FBpp0293730	FBgn0262592	CG43127
FBpp0293729	FBgn0262592	CG43127
FBpp0086055	FBgn0034255	Oxp
FBpp0304089	FBgn0038258	CG7362
FBpp0091002	FBgn0053680	Jhbp10
FBpp0309376	FBgn0265608	CG44426
FBpp0079124	FBgn0260479	CG31904
FBpp0079125	FBgn0260479	CG31904
FBpp0084157	FBgn0039280	Mocs2B
FBpp0073426	FBgn0003865	tsg
FBpp0072720	FBgn0035294	Mfap1
FBpp0099977	FBgn0024182	waw
FBpp0080706	FBgn0086444	l(2)37Cb
FBpp0078885	FBgn0031808	Nepl5
FBpp0080809	FBgn0005672	spi
FBpp0100054	FBgn0005672	spi
FBpp0080811	FBgn0005672	spi
FBpp0080810	FBgn0005672	spi
FBpp0080808	FBgn0005672	spi
FBpp0307646	FBgn0033081	geminin
FBpp0085480	FBgn0033081	geminin
FBpp0428172	FBgn0032172	CG5850
FBpp0301150	FBgn0032172	CG5850
FBpp0079486	FBgn0032172	CG5850
FBpp0301149	FBgn0032172	CG5850
FBpp0303021	FBgn0032172	CG5850
FBpp0301148	FBgn0032172	CG5850
FBpp0292904	FBgn0032172	CG5850
FBpp0070359	FBgn0025624	CG4025
FBpp0072167	FBgn0266083	ocm
FBpp0292795	FBgn0266083	ocm
FBpp0310080	FBgn0266083	ocm
FBpp0074218	FBgn0030837	CG8661
FBpp0307660	FBgn0265052	St3
FBpp0307661	FBgn0265052	St3
FBpp0307659	FBgn0265052	St3
FBpp0085450	FBgn0033086	CG9410
FBpp0303285	FBgn0033086	CG9410
FBpp0085449	FBgn0033086	CG9410
FBpp0308511	FBgn0033469	CG12133
FBpp0086151	FBgn0050458	CG30458
FBpp0074754	FBgn0036871	CG14096
FBpp0086739	FBgn0262739	AGO1
FBpp0086738	FBgn0262739	AGO1
FBpp0086740	FBgn0262739	AGO1
FBpp0294043	FBgn0262739	AGO1
FBpp0074691	FBgn0003744	trc
FBpp0304464	FBgn0003744	trc
FBpp0293581	FBgn0039172	Spase22-23
FBpp0083949	FBgn0039172	Spase22-23
FBpp0080427	FBgn0051815	CG31815
FBpp0309465	FBgn0032666	CG5758
FBpp0080590	FBgn0032666	CG5758
FBpp0080588	FBgn0032666	CG5758
FBpp0309464	FBgn0032666	CG5758
FBpp0080589	FBgn0032666	CG5758
FBpp0309463	FBgn0032666	CG5758
FBpp0310022	FBgn0030574	sbm
FBpp0073761	FBgn0030574	sbm
FBpp0073760	FBgn0030574	sbm
FBpp0310023	FBgn0030574	sbm
FBpp0071470	FBgn0034583	CG10527
FBpp0072195	FBgn0034972	CG10339
FBpp0087212	FBgn0026386	Or47a
FBpp0074713	FBgn0036891	CG9372
FBpp0080448	FBgn0032597	Nubp1
FBpp0072029	FBgn0015372	RabX1
FBpp0305180	FBgn0029840	raptor
FBpp0311819	FBgn0029840	raptor
FBpp0081451	FBgn0037661	Ada
FBpp0305997	FBgn0036007	path
FBpp0076156	FBgn0036007	path
FBpp0305998	FBgn0036007	path
FBpp0070165	FBgn0040347	mus81
FBpp0077134	FBgn0031613	HP6
FBpp0309246	FBgn0003701	thr
FBpp0086004	FBgn0003701	thr
FBpp0077624	FBgn0283525	l(2)10685
FBpp0305565	FBgn0023001	melt
FBpp0291254	FBgn0023001	melt
FBpp0099491	FBgn0023001	melt
FBpp0079837	FBgn0032371	CG4983
FBpp0309457	FBgn0032371	CG4983
FBpp0082849	FBgn0264291	Det
FBpp0082819	FBgn0038461	EMC2B
FBpp0307993	FBgn0038461	EMC2B
FBpp0306793	FBgn0032482	Pect
FBpp0080022	FBgn0032482	Pect
FBpp0080021	FBgn0032482	Pect
FBpp0080020	FBgn0032482	Pect
FBpp0077885	FBgn0036990	mRpL15
FBpp0078621	FBgn0037225	TwdlG
FBpp0311973	FBgn0037225	TwdlG
FBpp0307690	FBgn0037225	TwdlG
FBpp0297367	FBgn0038108	CG7518
FBpp0306579	FBgn0038108	CG7518
FBpp0306577	FBgn0038108	CG7518
FBpp0306578	FBgn0038108	CG7518
FBpp0297366	FBgn0038108	CG7518
FBpp0077698	FBgn0031287	CG4291
FBpp0306844	FBgn0031287	CG4291
FBpp0081793	FBgn0037826	CG14689
FBpp0311437	FBgn0041224	Gr97a
FBpp0084453	FBgn0041224	Gr97a
FBpp0070908	FBgn0029879	APC7
FBpp0070907	FBgn0029879	APC7
FBpp0297274	FBgn0035016	CG4612
FBpp0072253	FBgn0035016	CG4612
FBpp0070518	FBgn0028746	CG18508
FBpp0311752	FBgn0028746	CG18508
FBpp0086467	FBgn0050467	CG30467
FBpp0310038	FBgn0031974	CG12560
FBpp0289985	FBgn0031974	CG12560
FBpp0073678	FBgn0030506	DNAlig4
FBpp0076389	FBgn0035887	Jon66Cii
FBpp0311231	FBgn0002924	ncd
FBpp0084900	FBgn0002924	ncd
FBpp0083618	FBgn0038957	CG7059
FBpp0083617	FBgn0038957	CG7059
FBpp0083616	FBgn0038957	CG7059
FBpp0304673	FBgn0261383	IntS6
FBpp0070806	FBgn0261383	IntS6
FBpp0070807	FBgn0261383	IntS6
FBpp0304674	FBgn0261383	IntS6
FBpp0304675	FBgn0261383	IntS6
FBpp0303859	FBgn0028515	EndoGI
FBpp0303860	FBgn0028515	EndoGI
FBpp0080382	FBgn0028515	EndoGI
FBpp0081618	FBgn0037756	CG8507
FBpp0071931	FBgn0034863	SkpF
FBpp0072402	FBgn0052476	mthl14
FBpp0071160	FBgn0030052	CG12065
FBpp0428081	FBgn0030052	CG12065
FBpp0071162	FBgn0030052	CG12065
FBpp0071163	FBgn0030052	CG12065
FBpp0289974	FBgn0030052	CG12065
FBpp0071161	FBgn0030052	CG12065
FBpp0289975	FBgn0030052	CG12065
FBpp0289329	FBgn0036796	CG18231
FBpp0300964	FBgn0086608	CG34112
FBpp0110102	FBgn0086608	CG34112
FBpp0300965	FBgn0086608	CG34112
FBpp0300966	FBgn0086608	CG34112
FBpp0110314	FBgn0086711	mol
FBpp0080238	FBgn0086711	mol
FBpp0110313	FBgn0086711	mol
FBpp0304790	FBgn0086711	mol
FBpp0304791	FBgn0086711	mol
FBpp0304331	FBgn0264340	CG43796
FBpp0303750	FBgn0028527	CG18507
FBpp0080105	FBgn0028527	CG18507
FBpp0080106	FBgn0028527	CG18507
FBpp0303751	FBgn0028527	CG18507
FBpp0303752	FBgn0028527	CG18507
FBpp0079361	FBgn0040963	CG18662
FBpp0075667	FBgn0036319	Ent3
FBpp0304359	FBgn0036319	Ent3
FBpp0311498	FBgn0036319	Ent3
FBpp0309057	FBgn0030293	CG1737
FBpp0309056	FBgn0030293	CG1737
FBpp0073309	FBgn0030293	CG1737
FBpp0111394	FBgn0085313	CG34284
FBpp0307157	FBgn0264979	CG4267
FBpp0077431	FBgn0264979	CG4267
FBpp0073668	FBgn0030524	CG10993
FBpp0304314	FBgn0001084	fy
FBpp0079317	FBgn0001084	fy
FBpp0071846	FBgn0261596	RpS24
FBpp0289083	FBgn0034350	Lamtor2
FBpp0085873	FBgn0034350	Lamtor2
FBpp0088297	FBgn0052016	4E-T
FBpp0088293	FBgn0052016	4E-T
FBpp0306688	FBgn0052016	4E-T
FBpp0302771	FBgn0052016	4E-T
FBpp0081523	FBgn0037690	Task7
FBpp0083514	FBgn0259113	PolA1
FBpp0071488	FBgn0034553	CG9993
FBpp0112256	FBgn0042105	CG18748
FBpp0112257	FBgn0042105	CG18748
FBpp0078087	FBgn0037125	CG14573
FBpp0072370	FBgn0020386	Pdk1
FBpp0072366	FBgn0020386	Pdk1
FBpp0072367	FBgn0020386	Pdk1
FBpp0072373	FBgn0020386	Pdk1
FBpp0072369	FBgn0020386	Pdk1
FBpp0072371	FBgn0020386	Pdk1
FBpp0072368	FBgn0020386	Pdk1
FBpp0072372	FBgn0020386	Pdk1
FBpp0305420	FBgn0020386	Pdk1
FBpp0072493	FBgn0035164	CG13901
FBpp0303820	FBgn0035164	CG13901
FBpp0073714	FBgn0004649	yl
FBpp0073715	FBgn0004649	yl
FBpp0079045	FBgn0031896	CG4502
FBpp0079044	FBgn0031896	CG4502
FBpp0070235	FBgn0026876	CG11403
FBpp0074135	FBgn0030777	CG9672
FBpp0304062	FBgn0032264	Lip4
FBpp0293062	FBgn0032264	Lip4
FBpp0079682	FBgn0032264	Lip4
FBpp0084695	FBgn0039602	CG1647
FBpp0307740	FBgn0039602	CG1647
FBpp0074436	FBgn0030981	CG14191
FBpp0076729	FBgn0020765	Acp65Aa
FBpp0289979	FBgn0025388	Alms1a
FBpp0289978	FBgn0025388	Alms1a
FBpp0312214	FBgn0050011	gem
FBpp0308515	FBgn0050011	gem
FBpp0088700	FBgn0050011	gem
FBpp0088699	FBgn0050011	gem
FBpp0311635	FBgn0034899	CG13560
FBpp0071997	FBgn0034899	CG13560
FBpp0074434	FBgn0030979	CG14190
FBpp0078478	FBgn0004913	Gnf1
FBpp0099511	FBgn0004913	Gnf1
FBpp0085901	FBgn0034352	Dnaaf3
FBpp0303412	FBgn0264005	Hmx
FBpp0312056	FBgn0264005	Hmx
FBpp0303411	FBgn0264005	Hmx
FBpp0309390	FBgn0265356	tn
FBpp0085757	FBgn0265356	tn
FBpp0309389	FBgn0265356	tn
FBpp0309391	FBgn0265356	tn
FBpp0085756	FBgn0265356	tn
FBpp0113114	FBgn0265356	tn
FBpp0083962	FBgn0039159	mRpS24
FBpp0306741	FBgn0037759	CG8526
FBpp0081620	FBgn0037759	CG8526
FBpp0089321	FBgn0046879	Obp56c
FBpp0300325	FBgn0046879	Obp56c
FBpp0074054	FBgn0030753	rngo
FBpp0310006	FBgn0030753	rngo
FBpp0302661	FBgn0030812	wcy
FBpp0293380	FBgn0030812	wcy
FBpp0293379	FBgn0030812	wcy
FBpp0303447	FBgn0030812	wcy
FBpp0074186	FBgn0030812	wcy
FBpp0302662	FBgn0030812	wcy
FBpp0081634	FBgn0037758	CG9467
FBpp0428158	FBgn0037758	CG9467
FBpp0428159	FBgn0037758	CG9467
FBpp0083823	FBgn0039073	CG4408
FBpp0308683	FBgn0039073	CG4408
FBpp0112296	FBgn0051092	LpR2
FBpp0112299	FBgn0051092	LpR2
FBpp0112300	FBgn0051092	LpR2
FBpp0084302	FBgn0051092	LpR2
FBpp0307558	FBgn0051092	LpR2
FBpp0307557	FBgn0051092	LpR2
FBpp0112298	FBgn0051092	LpR2
FBpp0084301	FBgn0051092	LpR2
FBpp0112297	FBgn0051092	LpR2
FBpp0083635	FBgn0038943	CG5391
FBpp0111360	FBgn0085280	CG34251
FBpp0290234	FBgn0085280	CG34251
FBpp0111791	FBgn0265784	CrebB
FBpp0302024	FBgn0265784	CrebB
FBpp0402805	FBgn0265784	CrebB
FBpp0074327	FBgn0265784	CrebB
FBpp0311927	FBgn0265784	CrebB
FBpp0302023	FBgn0265784	CrebB
FBpp0428193	FBgn0265784	CrebB
FBpp0111792	FBgn0265784	CrebB
FBpp0074329	FBgn0265784	CrebB
FBpp0300552	FBgn0265784	CrebB
FBpp0307759	FBgn0020910	RpL3
FBpp0081823	FBgn0020910	RpL3
FBpp0291742	FBgn0020910	RpL3
FBpp0081822	FBgn0020910	RpL3
FBpp0080298	FBgn0003448	sna
FBpp0298365	FBgn0035888	CG7120
FBpp0305199	FBgn0035888	CG7120
FBpp0298367	FBgn0035888	CG7120
FBpp0298366	FBgn0035888	CG7120
FBpp0070430	FBgn0029629	eIF3g1
FBpp0303479	FBgn0024732	Drep1
FBpp0087086	FBgn0024732	Drep1
FBpp0082859	FBgn0038479	CG17477
FBpp0289867	FBgn0260233	CG42507
FBpp0289866	FBgn0260233	CG42507
FBpp0084130	FBgn0039258	beta4GalT7
FBpp0070035	FBgn0031080	CG12655
FBpp0297096	FBgn0037387	CG1213
FBpp0078293	FBgn0037387	CG1213
FBpp0078292	FBgn0037387	CG1213
FBpp0078291	FBgn0037387	CG1213
FBpp0304547	FBgn0033868	S-Lap7
FBpp0086775	FBgn0033868	S-Lap7
FBpp0422970	FBgn0039254	Nmnat
FBpp0307941	FBgn0039254	Nmnat
FBpp0084124	FBgn0039254	Nmnat
FBpp0084125	FBgn0039254	Nmnat
FBpp0077464	FBgn0051948	CG31948
FBpp0077465	FBgn0051948	CG31948
FBpp0084253	FBgn0039342	CG5107
FBpp0307398	FBgn0051216	Naam
FBpp0083200	FBgn0051216	Naam
FBpp0076348	FBgn0035904	GstO3
FBpp0311193	FBgn0022985	qkr58E-2
FBpp0308618	FBgn0022985	qkr58E-2
FBpp0071739	FBgn0022985	qkr58E-2
FBpp0083826	FBgn0039098	GILT3
FBpp0091152	FBgn0053907	His4:CG33907
FBpp0086754	FBgn0033866	CG6280
FBpp0090984	FBgn0053641	CG33641
FBpp0075253	FBgn0263602	Tasp1
FBpp0305777	FBgn0263602	Tasp1
FBpp0072141	FBgn0004581	bgcn
FBpp0311191	FBgn0004581	bgcn
FBpp0070541	FBgn0040353	CG14417
FBpp0307366	FBgn0040723	CG5011
FBpp0077638	FBgn0040723	CG5011
FBpp0373669	FBgn0000015	Abd-B
FBpp0312359	FBgn0000015	Abd-B
FBpp0082823	FBgn0000015	Abd-B
FBpp0373670	FBgn0000015	Abd-B
FBpp0082825	FBgn0000015	Abd-B
FBpp0082826	FBgn0000015	Abd-B
FBpp0373671	FBgn0000015	Abd-B
FBpp0089276	FBgn0000015	Abd-B
FBpp0082824	FBgn0000015	Abd-B
FBpp0303552	FBgn0000015	Abd-B
FBpp0311560	FBgn0262782	Mdh1
FBpp0079640	FBgn0262782	Mdh1
FBpp0111302	FBgn0085223	CG34194
FBpp0309193	FBgn0085223	CG34194
FBpp0072760	FBgn0052302	CG32302
FBpp0074116	FBgn0030803	CG4880
FBpp0302656	FBgn0030803	CG4880
FBpp0083719	FBgn0039013	RNF220
FBpp0312122	FBgn0031942	CG7203
FBpp0288711	FBgn0031942	CG7203
FBpp0079336	FBgn0052986	CG32986
FBpp0309923	FBgn0031726	Cyp6a16
FBpp0309924	FBgn0031726	Cyp6a16
FBpp0082699	FBgn0027657	glob1
FBpp0310754	FBgn0027657	glob1
FBpp0290117	FBgn0027657	glob1
FBpp0082702	FBgn0027657	glob1
FBpp0082700	FBgn0027657	glob1
FBpp0082701	FBgn0027657	glob1
FBpp0288969	FBgn0259203	CG42307
FBpp0310824	FBgn0259203	CG42307
FBpp0288970	FBgn0259203	CG42307
FBpp0288971	FBgn0259203	CG42307
FBpp0304319	FBgn0051760	CG31760
FBpp0290241	FBgn0051760	CG31760
FBpp0304318	FBgn0051760	CG31760
FBpp0077103	FBgn0031635	tank
FBpp0077104	FBgn0031635	tank
FBpp0297800	FBgn0263048	Gpdh3
FBpp0297798	FBgn0263048	Gpdh3
FBpp0297799	FBgn0263048	Gpdh3
FBpp0312488	FBgn0029694	CG15375
FBpp0073336	FBgn0010391	SrpRalpha
FBpp0072838	FBgn0035343	CG16762
FBpp0076139	FBgn0036040	CG6749
FBpp0111770	FBgn0010328	woc
FBpp0306778	FBgn0010328	woc
FBpp0306779	FBgn0010328	woc
FBpp0084548	FBgn0010328	woc
FBpp0300754	FBgn0010328	woc
FBpp0311196	FBgn0041243	Gr43a
FBpp0110117	FBgn0041243	Gr43a
FBpp0088086	FBgn0041243	Gr43a
FBpp0401446	FBgn0283442	vas
FBpp0401445	FBgn0283442	vas
FBpp0401447	FBgn0283442	vas
FBpp0292404	FBgn0023458	Rbcn-3A
FBpp0293585	FBgn0262577	CG43117
FBpp0309938	FBgn0034914	CG5554
FBpp0072035	FBgn0034914	CG5554
FBpp0078010	FBgn0037090	Est-Q
FBpp0111541	FBgn0085417	natalisin
FBpp0290303	FBgn0085417	natalisin
FBpp0070273	FBgn0023530	CG3740
FBpp0304670	FBgn0050472	CG30472
FBpp0085821	FBgn0034390	CG15093
FBpp0085822	FBgn0034390	CG15093
FBpp0292854	FBgn0034390	CG15093
FBpp0311373	FBgn0015024	CkIalpha
FBpp0309354	FBgn0015024	CkIalpha
FBpp0073513	FBgn0015024	CkIalpha
FBpp0311372	FBgn0015024	CkIalpha
FBpp0073515	FBgn0015024	CkIalpha
FBpp0289609	FBgn0015024	CkIalpha
FBpp0311851	FBgn0053474	CG33474
FBpp0087355	FBgn0053474	CG33474
FBpp0085952	FBgn0027836	Dgp-1
FBpp0085953	FBgn0027836	Dgp-1
FBpp0081117	FBgn0037489	Noc3
FBpp0291469	FBgn0021764	sdk
FBpp0309172	FBgn0021764	sdk
FBpp0309171	FBgn0021764	sdk
FBpp0309170	FBgn0021764	sdk
FBpp0070126	FBgn0021764	sdk
FBpp0291468	FBgn0021764	sdk
FBpp0070128	FBgn0021764	sdk
FBpp0070125	FBgn0021764	sdk
FBpp0070127	FBgn0021764	sdk
FBpp0074766	FBgn0023395	Chd3
FBpp0088796	FBgn0041723	rho-5
FBpp0310571	FBgn0086686	l(3)L1231
FBpp0293220	FBgn0086686	l(3)L1231
FBpp0082434	FBgn0086686	l(3)L1231
FBpp0077688	FBgn0002936	ninaA
FBpp0307127	FBgn0031459	HINT1
FBpp0077403	FBgn0031459	HINT1
FBpp0077402	FBgn0031459	HINT1
FBpp0308484	FBgn0033431	CG1827
FBpp0080249	FBgn0028866	CG18420
FBpp0291058	FBgn0053513	Nmdar2
FBpp0070276	FBgn0053513	Nmdar2
FBpp0089173	FBgn0053513	Nmdar2
FBpp0291056	FBgn0053513	Nmdar2
FBpp0308664	FBgn0053513	Nmdar2
FBpp0089172	FBgn0053513	Nmdar2
FBpp0291057	FBgn0053513	Nmdar2
FBpp0070168	FBgn0040337	CG3021
FBpp0309380	FBgn0031148	Cbs
FBpp0076938	FBgn0031148	Cbs
FBpp0076937	FBgn0031148	Cbs
FBpp0085627	FBgn0025720	Ate1
FBpp0089149	FBgn0025720	Ate1
FBpp0085626	FBgn0025720	Ate1
FBpp0307617	FBgn0025720	Ate1
FBpp0071255	FBgn0002576	lz
FBpp0111726	FBgn0002576	lz
FBpp0086498	FBgn0034000	CG11808
FBpp0076310	FBgn0263930	dally
FBpp0297069	FBgn0263930	dally
FBpp0307186	FBgn0019960	Mitofilin
FBpp0288710	FBgn0019960	Mitofilin
FBpp0307187	FBgn0019960	Mitofilin
FBpp0309285	FBgn0032729	L2HGDH
FBpp0309284	FBgn0032729	L2HGDH
FBpp0080728	FBgn0032729	L2HGDH
FBpp0110066	FBgn0250831	BG642167
FBpp0289348	FBgn0038114	CG11670
FBpp0423257	FBgn0038114	CG11670
FBpp0076778	FBgn0035656	CG10479
FBpp0304351	FBgn0035656	CG10479
FBpp0075508	FBgn0250848	CtsK1
FBpp0082998	FBgn0038609	Nup43
FBpp0082150	FBgn0038051	CG17207
FBpp0271758	FBgn0028703	Nhe3
FBpp0305540	FBgn0028703	Nhe3
FBpp0289556	FBgn0028703	Nhe3
FBpp0305539	FBgn0028703	Nhe3
FBpp0271756	FBgn0028703	Nhe3
FBpp0271755	FBgn0028703	Nhe3
FBpp0083524	FBgn0051343	CG31343
FBpp0076311	FBgn0052026	CG32026
FBpp0072477	FBgn0000575	emc
FBpp0311581	FBgn0032360	CG14926
FBpp0079835	FBgn0032360	CG14926
FBpp0311582	FBgn0032360	CG14926
FBpp0073735	FBgn0052598	betaNACtes6
FBpp0079012	FBgn0015776	nrv1
FBpp0304646	FBgn0015776	nrv1
FBpp0072224	FBgn0035035	Samtor
FBpp0293427	FBgn0262547	CG43101
FBpp0288784	FBgn0259099	DCX-EMAP
FBpp0288783	FBgn0259099	DCX-EMAP
FBpp0303172	FBgn0259099	DCX-EMAP
FBpp0303608	FBgn0259099	DCX-EMAP
FBpp0082883	FBgn0038511	cysu
FBpp0291408	FBgn0004512	Mdr49
FBpp0086914	FBgn0004512	Mdr49
FBpp0289481	FBgn0259935	CG42458
FBpp0083972	FBgn0053100	eIF4EHP
FBpp0289702	FBgn0053100	eIF4EHP
FBpp0292258	FBgn0053100	eIF4EHP
FBpp0292259	FBgn0053100	eIF4EHP
FBpp0073975	FBgn0025809	Paf-AHalpha
FBpp0073976	FBgn0025809	Paf-AHalpha
FBpp0289359	FBgn0259745	wech
FBpp0289361	FBgn0259745	wech
FBpp0289360	FBgn0259745	wech
FBpp0289357	FBgn0259745	wech
FBpp0289358	FBgn0259745	wech
FBpp0075498	FBgn0001108	DCTN1-p150
FBpp0072985	FBgn0035398	Cht7
FBpp0076032	FBgn0052056	scramb1
FBpp0076031	FBgn0052056	scramb1
FBpp0076030	FBgn0052056	scramb1
FBpp0309689	FBgn0050390	Sgf29
FBpp0071543	FBgn0050390	Sgf29
FBpp0288819	FBgn0085399	CG34370
FBpp0304546	FBgn0085399	CG34370
FBpp0308554	FBgn0033564	Pex6
FBpp0308555	FBgn0033564	Pex6
FBpp0082158	FBgn0087021	Spc25
FBpp0311704	FBgn0284253	LeuRS
FBpp0077251	FBgn0284253	LeuRS
FBpp0310077	FBgn0021875	Zfrp8
FBpp0072162	FBgn0021875	Zfrp8
FBpp0086970	FBgn0040755	CG17580
FBpp0311496	FBgn0036356	CG10222
FBpp0075595	FBgn0036356	CG10222
FBpp0289017	FBgn0259219	CG42319
FBpp0289019	FBgn0259219	CG42319
FBpp0289014	FBgn0259219	CG42319
FBpp0289015	FBgn0259219	CG42319
FBpp0289018	FBgn0259219	CG42319
FBpp0289016	FBgn0259219	CG42319
FBpp0079224	FBgn0032023	witty
FBpp0086814	FBgn0004638	drk
FBpp0086816	FBgn0004638	drk
FBpp0086813	FBgn0004638	drk
FBpp0086817	FBgn0004638	drk
FBpp0086815	FBgn0004638	drk
FBpp0072317	FBgn0035083	Tina-1
FBpp0099803	FBgn0035083	Tina-1
FBpp0078541	FBgn0041605	cpx
FBpp0112253	FBgn0041605	cpx
FBpp0112252	FBgn0041605	cpx
FBpp0290985	FBgn0041605	cpx
FBpp0099936	FBgn0041605	cpx
FBpp0290986	FBgn0041605	cpx
FBpp0290984	FBgn0041605	cpx
FBpp0078537	FBgn0041605	cpx
FBpp0099938	FBgn0041605	cpx
FBpp0078539	FBgn0041605	cpx
FBpp0112249	FBgn0041605	cpx
FBpp0302644	FBgn0041605	cpx
FBpp0307585	FBgn0041605	cpx
FBpp0112250	FBgn0041605	cpx
FBpp0290013	FBgn0041605	cpx
FBpp0290982	FBgn0041605	cpx
FBpp0078540	FBgn0041605	cpx
FBpp0078538	FBgn0041605	cpx
FBpp0290983	FBgn0041605	cpx
FBpp0302734	FBgn0041605	cpx
FBpp0078542	FBgn0041605	cpx
FBpp0073109	FBgn0035511	Cpr64Ab
FBpp0292494	FBgn0261854	aPKC
FBpp0302923	FBgn0261854	aPKC
FBpp0292489	FBgn0261854	aPKC
FBpp0302924	FBgn0261854	aPKC
FBpp0292488	FBgn0261854	aPKC
FBpp0292491	FBgn0261854	aPKC
FBpp0292487	FBgn0261854	aPKC
FBpp0302921	FBgn0261854	aPKC
FBpp0292492	FBgn0261854	aPKC
FBpp0292486	FBgn0261854	aPKC
FBpp0302922	FBgn0261854	aPKC
FBpp0292490	FBgn0261854	aPKC
FBpp0080533	FBgn0032636	CG5043
FBpp0300744	FBgn0263270	CG43396
FBpp0085601	FBgn0042198	CG16741
FBpp0079444	FBgn0011207	pelo
FBpp0288954	FBgn0259192	CG42296
FBpp0293174	FBgn0262354	CG43052
FBpp0079988	FBgn0032450	CG5776
FBpp0302957	FBgn0032450	CG5776
FBpp0289328	FBgn0052201	CG32201
FBpp0293526	FBgn0262733	Src64B
FBpp0291750	FBgn0262733	Src64B
FBpp0099947	FBgn0262733	Src64B
FBpp0099948	FBgn0262733	Src64B
FBpp0310444	FBgn0262733	Src64B
FBpp0099944	FBgn0262733	Src64B
FBpp0293527	FBgn0262733	Src64B
FBpp0073177	FBgn0262733	Src64B
FBpp0099946	FBgn0262733	Src64B
FBpp0309320	FBgn0031111	Obp19c
FBpp0077018	FBgn0031111	Obp19c
FBpp0088179	FBgn0026262	Taf3
FBpp0078759	FBgn0031713	Coq6
FBpp0080389	FBgn0011708	Syx5
FBpp0080390	FBgn0011708	Syx5
FBpp0085445	FBgn0013732	sced
FBpp0307644	FBgn0013732	sced
FBpp0082450	FBgn0038260	CG14855
FBpp0071252	FBgn0028292	ric8a
FBpp0311994	FBgn0028292	ric8a
FBpp0306286	FBgn0032986	Nubpl
FBpp0289153	FBgn0032986	Nubpl
FBpp0306285	FBgn0032986	Nubpl
FBpp0081525	FBgn0037688	CG9356
FBpp0081526	FBgn0037688	CG9356
FBpp0086282	FBgn0034106	CG9068
FBpp0077509	FBgn0031401	papi
FBpp0077508	FBgn0031401	papi
FBpp0077510	FBgn0031401	papi
FBpp0077511	FBgn0031401	papi
FBpp0078953	FBgn0051636	CG31636
FBpp0310404	FBgn0051636	CG31636
FBpp0292193	FBgn0261679	CG42726
FBpp0312494	FBgn0037836	CG14692
FBpp0091080	FBgn0053834	His1:CG33834
FBpp0311471	FBgn0038398	sxe2
FBpp0082679	FBgn0038398	sxe2
FBpp0305780	FBgn0030071	CG12661
FBpp0071208	FBgn0030071	CG12661
FBpp0290233	FBgn0085265	CG34236
FBpp0311852	FBgn0085265	CG34236
FBpp0309578	FBgn0034485	CG11099
FBpp0085624	FBgn0034485	CG11099
FBpp0082242	FBgn0038139	PK2-R2
FBpp0082241	FBgn0038139	PK2-R2
FBpp0311692	FBgn0034354	GstE11
FBpp0085876	FBgn0034354	GstE11
FBpp0086569	FBgn0050476	ave
FBpp0086856	FBgn0033815	CG4676
FBpp0288457	FBgn0038312	Zip88E
FBpp0297762	FBgn0263030	CG43325
FBpp0297763	FBgn0263030	CG43325
FBpp0311611	FBgn0263030	CG43325
FBpp0289484	FBgn0014006	Ask1
FBpp0089256	FBgn0014006	Ask1
FBpp0308230	FBgn0265177	CG44242
FBpp0308229	FBgn0265177	CG44242
FBpp0080120	FBgn0015271	Orc5
FBpp0271717	FBgn0039969	Fis1
FBpp0085409	FBgn0039969	Fis1
FBpp0271718	FBgn0039969	Fis1
FBpp0271716	FBgn0039969	Fis1
FBpp0311263	FBgn0039969	Fis1
FBpp0271719	FBgn0039969	Fis1
FBpp0085489	FBgn0014028	SdhB
FBpp0112400	FBgn0086675	fne
FBpp0297664	FBgn0086675	fne
FBpp0305512	FBgn0086675	fne
FBpp0297665	FBgn0086675	fne
FBpp0428415	FBgn0086675	fne
FBpp0310243	FBgn0086675	fne
FBpp0300900	FBgn0086675	fne
FBpp0428414	FBgn0086675	fne
FBpp0073543	FBgn0086675	fne
FBpp0305511	FBgn0086675	fne
FBpp0310244	FBgn0086675	fne
FBpp0087570	FBgn0033448	hebe
FBpp0087571	FBgn0033448	hebe
FBpp0111974	FBgn0033448	hebe
FBpp0087574	FBgn0033448	hebe
FBpp0076203	FBgn0035997	phol
FBpp0311669	FBgn0035997	phol
FBpp0078934	FBgn0051910	CG31910
FBpp0291688	FBgn0259710	CG42364
FBpp0079908	FBgn0032407	Pex19
FBpp0309544	FBgn0032407	Pex19
FBpp0081986	FBgn0013275	Hsp70Aa
FBpp0076714	FBgn0041623	Or65c
FBpp0086230	FBgn0034152	Acp53C14a
FBpp0311605	FBgn0034152	Acp53C14a
FBpp0077020	FBgn0040651	CG15458
FBpp0304078	FBgn0038550	CG17801
FBpp0080018	FBgn0032478	Rsph1
FBpp0072939	FBgn0035445	Ids
FBpp0290894	FBgn0083975	Nlg4
FBpp0428113	FBgn0083975	Nlg4
FBpp0290296	FBgn0083975	Nlg4
FBpp0312060	FBgn0083975	Nlg4
FBpp0290297	FBgn0083975	Nlg4
FBpp0078108	FBgn0037126	CG14567
FBpp0298275	FBgn0261393	alpha-Est5
FBpp0081071	FBgn0261393	alpha-Est5
FBpp0074608	FBgn0003124	polo
FBpp0099722	FBgn0003124	polo
FBpp0292111	FBgn0051861	CG31861
FBpp0077923	FBgn0040637	CG11458
FBpp0110558	FBgn0037217	CG14636
FBpp0078627	FBgn0037217	CG14636
FBpp0077537	FBgn0001125	Got2
FBpp0077536	FBgn0001125	Got2
FBpp0078068	FBgn0012034	AcCoAS
FBpp0305337	FBgn0012034	AcCoAS
FBpp0078067	FBgn0012034	AcCoAS
FBpp0423068	FBgn0052984	CG32984
FBpp0080661	FBgn0003896	tup
FBpp0080662	FBgn0003896	tup
FBpp0309708	FBgn0003896	tup
FBpp0303077	FBgn0261285	Ppcs
FBpp0083166	FBgn0261285	Ppcs
FBpp0312439	FBgn0261285	Ppcs
FBpp0289156	FBgn0054038	CG34038
FBpp0298026	FBgn0054038	CG34038
FBpp0073324	FBgn0026268	Antdh
FBpp0293783	FBgn0032312	CG14071
FBpp0309455	FBgn0032312	CG14071
FBpp0079767	FBgn0032312	CG14071
FBpp0113046	FBgn0001174	halo
FBpp0428468	FBgn0288733	CG46508
FBpp0081428	FBgn0037621	M1BP
FBpp0079683	FBgn0032265	CG18301
FBpp0311518	FBgn0036369	CG10089
FBpp0075562	FBgn0036369	CG10089
FBpp0303925	FBgn0036369	CG10089
FBpp0075565	FBgn0036369	CG10089
FBpp0075564	FBgn0036369	CG10089
FBpp0075563	FBgn0036369	CG10089
FBpp0289525	FBgn0259952	Sfp24Bb
FBpp0083612	FBgn0038952	CG7069
FBpp0070883	FBgn0003139	PpV
FBpp0303847	FBgn0003139	PpV
FBpp0303848	FBgn0003139	PpV
FBpp0303849	FBgn0003139	PpV
FBpp0077789	FBgn0031247	CG11562
FBpp0079724	FBgn0032262	CG7384
FBpp0288955	FBgn0259193	Ir94d
FBpp0083321	FBgn0038815	CG5466
FBpp0087287	FBgn0033593	Listericin
FBpp0293897	FBgn0037802	Sirt6
FBpp0082981	FBgn0028499	CG7985
FBpp0307572	FBgn0028499	CG7985
FBpp0083155	FBgn0038694	CG5217
FBpp0079130	FBgn0031936	CG13794
FBpp0292294	FBgn0034570	CG10543
FBpp0304844	FBgn0034570	CG10543
FBpp0304845	FBgn0034570	CG10543
FBpp0428125	FBgn0034570	CG10543
FBpp0071453	FBgn0034570	CG10543
FBpp0070514	FBgn0010295	ng3
FBpp0075916	FBgn0061469	Ube3a
FBpp0076078	FBgn0263251	vnc
FBpp0076080	FBgn0263251	vnc
FBpp0076079	FBgn0263251	vnc
FBpp0076081	FBgn0263251	vnc
FBpp0076077	FBgn0263251	vnc
FBpp0112233	FBgn0040256	Ugt35C1
FBpp0073616	FBgn0030495	CG11816
FBpp0304125	FBgn0030495	CG11816
FBpp0304576	FBgn0030495	CG11816
FBpp0304577	FBgn0030495	CG11816
FBpp0084714	FBgn0039620	wat
FBpp0312109	FBgn0250847	CG14034
FBpp0110099	FBgn0250847	CG14034
FBpp0086405	FBgn0034058	Pex11ab
FBpp0075131	FBgn0036610	CG13058
FBpp0077489	FBgn0267972	Der-1
FBpp0306799	FBgn0267972	Der-1
FBpp0084378	FBgn0039425	Ald2
FBpp0297647	FBgn0039425	Ald2
FBpp0311563	FBgn0032521	CG7110
FBpp0080078	FBgn0032521	CG7110
FBpp0086468	FBgn0022097	Vha36-1
FBpp0423117	FBgn0259178	5PtaseI
FBpp0288935	FBgn0259178	5PtaseI
FBpp0288936	FBgn0259178	5PtaseI
FBpp0083259	FBgn0038752	CG4462
FBpp0081268	FBgn0037521	CG2993
FBpp0304080	FBgn0037521	CG2993
FBpp0304081	FBgn0037521	CG2993
FBpp0073142	FBgn0052251	Claspin
FBpp0312156	FBgn0052251	Claspin
FBpp0288788	FBgn0259101	CG42249
FBpp0288787	FBgn0259101	CG42249
FBpp0304658	FBgn0259101	CG42249
FBpp0288925	FBgn0259175	ome
FBpp0288926	FBgn0259175	ome
FBpp0305257	FBgn0259175	ome
FBpp0288924	FBgn0259175	ome
FBpp0293344	FBgn0024222	IKKbeta
FBpp0311671	FBgn0035896	CG6983
FBpp0076383	FBgn0035896	CG6983
FBpp0301748	FBgn0037592	CG11737
FBpp0301749	FBgn0037592	CG11737
FBpp0081358	FBgn0037592	CG11737
FBpp0071928	FBgn0034867	CG13557
FBpp0070466	FBgn0024975	CG2712
FBpp0303703	FBgn0264270	Sxl
FBpp0303707	FBgn0264270	Sxl
FBpp0303695	FBgn0264270	Sxl
FBpp0303713	FBgn0264270	Sxl
FBpp0303691	FBgn0264270	Sxl
FBpp0303700	FBgn0264270	Sxl
FBpp0303689	FBgn0264270	Sxl
FBpp0303699	FBgn0264270	Sxl
FBpp0303706	FBgn0264270	Sxl
FBpp0303697	FBgn0264270	Sxl
FBpp0303712	FBgn0264270	Sxl
FBpp0303692	FBgn0264270	Sxl
FBpp0303698	FBgn0264270	Sxl
FBpp0307710	FBgn0264270	Sxl
FBpp0303704	FBgn0264270	Sxl
FBpp0303702	FBgn0264270	Sxl
FBpp0303693	FBgn0264270	Sxl
FBpp0303708	FBgn0264270	Sxl
FBpp0303705	FBgn0264270	Sxl
FBpp0307709	FBgn0264270	Sxl
FBpp0312374	FBgn0264270	Sxl
FBpp0307708	FBgn0264270	Sxl
FBpp0303701	FBgn0264270	Sxl
FBpp0303710	FBgn0264270	Sxl
FBpp0303696	FBgn0264270	Sxl
FBpp0078199	FBgn0037197	CG13239
FBpp0073848	FBgn0030638	CG11655
FBpp0428095	FBgn0261860	CG42789
FBpp0428096	FBgn0261860	CG42789
FBpp0083445	FBgn0038849	CG7079
FBpp0311940	FBgn0038849	CG7079
FBpp0099860	FBgn0040608	CG14246
FBpp0308346	FBgn0040608	CG14246
FBpp0310672	FBgn0040608	CG14246
FBpp0070613	FBgn0029697	CG15570
FBpp0076972	FBgn0031132	CG15450
FBpp0304967	FBgn0261574	kug
FBpp0304968	FBgn0261574	kug
FBpp0311915	FBgn0261574	kug
FBpp0084401	FBgn0039434	TwdlM
FBpp0112317	FBgn0051414	Gba1b
FBpp0306807	FBgn0051414	Gba1b
FBpp0073528	FBgn0030431	Flad1
FBpp0073529	FBgn0030431	Flad1
FBpp0310953	FBgn0266540	CG45101
FBpp0081313	FBgn0037534	Elovl7
FBpp0071816	FBgn0267823	Gmer
FBpp0312453	FBgn0001078	ftz-f1
FBpp0074854	FBgn0001078	ftz-f1
FBpp0293169	FBgn0001078	ftz-f1
FBpp0074853	FBgn0001078	ftz-f1
FBpp0071688	FBgn0025186	ari-2
FBpp0073132	FBgn0004516	Gad1
FBpp0305196	FBgn0004516	Gad1
FBpp0073133	FBgn0004516	Gad1
FBpp0073131	FBgn0004516	Gad1
FBpp0087478	FBgn0000606	eve
FBpp0087407	FBgn0033519	CG11825
FBpp0302904	FBgn0033519	CG11825
FBpp0302903	FBgn0033519	CG11825
FBpp0306961	FBgn0043884	mask
FBpp0083948	FBgn0043884	mask
FBpp0083947	FBgn0043884	mask
FBpp0311438	FBgn0043884	mask
FBpp0306960	FBgn0043884	mask
FBpp0293580	FBgn0043884	mask
FBpp0088324	FBgn0030538	betaNACtes1
FBpp0082051	FBgn0053098	CG33098
FBpp0304470	FBgn0053098	CG33098
FBpp0082052	FBgn0053098	CG33098
FBpp0304471	FBgn0053098	CG33098
FBpp0082050	FBgn0053098	CG33098
FBpp0428181	FBgn0033638	atos
FBpp0087191	FBgn0033638	atos
FBpp0290167	FBgn0033638	atos
FBpp0297171	FBgn0033638	atos
FBpp0303725	FBgn0031313	CG5080
FBpp0077647	FBgn0031313	CG5080
FBpp0077646	FBgn0031313	CG5080
FBpp0080889	FBgn0015803	RtGEF
FBpp0307725	FBgn0015803	RtGEF
FBpp0080888	FBgn0015803	RtGEF
FBpp0307724	FBgn0015803	RtGEF
FBpp0428192	FBgn0015803	RtGEF
FBpp0111798	FBgn0015803	RtGEF
FBpp0307723	FBgn0015803	RtGEF
FBpp0291316	FBgn0015803	RtGEF
FBpp0087722	FBgn0021825	DCTN2-p50
FBpp0086930	FBgn0050486	CG30486
FBpp0079506	FBgn0032151	nAChRalpha6
FBpp0303720	FBgn0032151	nAChRalpha6
FBpp0292901	FBgn0032151	nAChRalpha6
FBpp0079505	FBgn0032151	nAChRalpha6
FBpp0079503	FBgn0032151	nAChRalpha6
FBpp0079504	FBgn0032151	nAChRalpha6
FBpp0079502	FBgn0032151	nAChRalpha6
FBpp0422978	FBgn0265047	FDY
FBpp0422977	FBgn0265047	FDY
FBpp0076916	FBgn0028583	lcs
FBpp0303330	FBgn0004622	TkR99D
FBpp0084873	FBgn0004622	TkR99D
FBpp0290870	FBgn0004622	TkR99D
FBpp0311091	FBgn0015222	Fer1HCH
FBpp0304479	FBgn0015222	Fer1HCH
FBpp0084998	FBgn0015222	Fer1HCH
FBpp0084996	FBgn0015222	Fer1HCH
FBpp0084997	FBgn0015222	Fer1HCH
FBpp0297542	FBgn0015222	Fer1HCH
FBpp0084995	FBgn0015222	Fer1HCH
FBpp0297543	FBgn0015222	Fer1HCH
FBpp0084999	FBgn0015222	Fer1HCH
FBpp0309181	FBgn0265575	yin
FBpp0309179	FBgn0265575	yin
FBpp0309178	FBgn0265575	yin
FBpp0309180	FBgn0265575	yin
FBpp0086006	FBgn0034242	CG14480
FBpp0293275	FBgn0034242	CG14480
FBpp0306055	FBgn0083963	Nlg3
FBpp0290294	FBgn0083963	Nlg3
FBpp0288478	FBgn0041111	lilli
FBpp0077319	FBgn0041111	lilli
FBpp0077317	FBgn0041111	lilli
FBpp0304731	FBgn0041111	lilli
FBpp0288479	FBgn0041111	lilli
FBpp0288477	FBgn0041111	lilli
FBpp0288480	FBgn0041111	lilli
FBpp0402856	FBgn0041111	lilli
FBpp0077318	FBgn0041111	lilli
FBpp0079634	FBgn0032248	Bug22
FBpp0087345	FBgn0086898	dgo
FBpp0087344	FBgn0086898	dgo
FBpp0309557	FBgn0051644	COX6CL
FBpp0078790	FBgn0051644	COX6CL
FBpp0309556	FBgn0051644	COX6CL
FBpp0310030	FBgn0029870	Marf
FBpp0089221	FBgn0029870	Marf
FBpp0089222	FBgn0029870	Marf
FBpp0087219	FBgn0033615	CG7741
FBpp0293218	FBgn0033615	CG7741
FBpp0308563	FBgn0033615	CG7741
FBpp0428174	FBgn0036807	CG6893
FBpp0112922	FBgn0036807	CG6893
FBpp0070221	FBgn0027794	Lrpprc2
FBpp0308258	FBgn0265189	sud1
FBpp0072407	FBgn0035124	ttm2
FBpp0304060	FBgn0027491	Cdk5alpha
FBpp0079652	FBgn0027491	Cdk5alpha
FBpp0075894	FBgn0036145	CG7607
FBpp0305041	FBgn0044328	CG32052
FBpp0312611	FBgn0044328	CG32052
FBpp0312612	FBgn0044328	CG32052
FBpp0086281	FBgn0034104	CG15705
FBpp0081765	FBgn0037848	Tsp86D
FBpp0303183	FBgn0037848	Tsp86D
FBpp0297595	FBgn0037848	Tsp86D
FBpp0074642	FBgn0261283	SREBP
FBpp0074644	FBgn0261283	SREBP
FBpp0306009	FBgn0261283	SREBP
FBpp0074643	FBgn0261283	SREBP
FBpp0081636	FBgn0002868	MtnA
FBpp0306744	FBgn0002868	MtnA
FBpp0070865	FBgn0029863	CG3823
FBpp0289319	FBgn0259737	CG42391
FBpp0084070	FBgn0003719	tld
FBpp0079485	FBgn0015664	Dref
FBpp0302627	FBgn0015664	Dref
FBpp0079210	FBgn0031999	CG8419
FBpp0070654	FBgn0262699	fzr
FBpp0070655	FBgn0262699	fzr
FBpp0079883	FBgn0003145	prd
FBpp0079882	FBgn0003145	prd
FBpp0070007	FBgn0031094	CG9578
FBpp0301602	FBgn0261538	CG42662
FBpp0291711	FBgn0261538	CG42662
FBpp0291710	FBgn0261538	CG42662
FBpp0291712	FBgn0261538	CG42662
FBpp0070552	FBgn0044046	Ilp7
FBpp0076879	FBgn0263831	Gen
FBpp0289539	FBgn0259965	Sfp35C
FBpp0312326	FBgn0259965	Sfp35C
FBpp0290957	FBgn0260968	CG42591
FBpp0089141	FBgn0285950	RpL19
FBpp0072312	FBgn0285950	RpL19
FBpp0074817	FBgn0040323	GNBP1
FBpp0070040	FBgn0052230	ND-MLRQ
FBpp0303825	FBgn0052230	ND-MLRQ
FBpp0070039	FBgn0052230	ND-MLRQ
FBpp0078439	FBgn0037323	CG2663
FBpp0311147	FBgn0037323	CG2663
FBpp0112213	FBgn0039600	Prp39
FBpp0112211	FBgn0039600	Prp39
FBpp0084691	FBgn0039600	Prp39
FBpp0084694	FBgn0039600	Prp39
FBpp0084692	FBgn0039600	Prp39
FBpp0310230	FBgn0260997	CG42598
FBpp0087898	FBgn0033258	uno
FBpp0087899	FBgn0033258	uno
FBpp0291574	FBgn0038083	Ugt37A3
FBpp0308541	FBgn0003660	Syb
FBpp0271782	FBgn0003660	Syb
FBpp0087450	FBgn0003660	Syb
FBpp0271783	FBgn0003660	Syb
FBpp0087451	FBgn0003660	Syb
FBpp0088689	FBgn0037455	CG2336
FBpp0071149	FBgn0014466	Cp7Fc
FBpp0304269	FBgn0033570	ND-B14
FBpp0087333	FBgn0033570	ND-B14
FBpp0293550	FBgn0262562	CG43102
FBpp0293549	FBgn0262562	CG43102
FBpp0310948	FBgn0262562	CG43102
FBpp0303065	FBgn0262562	CG43102
FBpp0293546	FBgn0262562	CG43102
FBpp0293547	FBgn0262562	CG43102
FBpp0293548	FBgn0262562	CG43102
FBpp0390630	FBgn0013672	mt:ATPase6
FBpp0390644	FBgn0261841	pre-mod(mdg4)-AD
FBpp0292468	FBgn0261841	pre-mod(mdg4)-AD
FBpp0085111	FBgn0062411	Ctr1C
FBpp0291019	FBgn0030082	HP1b
FBpp0071221	FBgn0030082	HP1b
FBpp0301605	FBgn0030082	HP1b
FBpp0079526	FBgn0053302	Cpr31A
FBpp0081551	FBgn0037717	CG8301
FBpp0309891	FBgn0085453	Mthfs
FBpp0111637	FBgn0085453	Mthfs
FBpp0402851	FBgn0284080	CG46302
FBpp0091073	FBgn0053827	His3:CG33827
FBpp0071434	FBgn0052673	Rab9E
FBpp0079623	FBgn0026431	Grip75
FBpp0086207	FBgn0034176	ste24a
FBpp0077125	FBgn0031601	Dim1
FBpp0086430	FBgn0034051	Mlf
FBpp0089346	FBgn0034051	Mlf
FBpp0297606	FBgn0034051	Mlf
FBpp0086428	FBgn0034051	Mlf
FBpp0291359	FBgn0034051	Mlf
FBpp0297605	FBgn0034051	Mlf
FBpp0297604	FBgn0034051	Mlf
FBpp0086429	FBgn0034051	Mlf
FBpp0091142	FBgn0053897	His4:CG33897
FBpp0088816	FBgn0013305	Nmda1
FBpp0301213	FBgn0013305	Nmda1
FBpp0088814	FBgn0013305	Nmda1
FBpp0088813	FBgn0013305	Nmda1
FBpp0305105	FBgn0013305	Nmda1
FBpp0301212	FBgn0013305	Nmda1
FBpp0088817	FBgn0013305	Nmda1
FBpp0088812	FBgn0013305	Nmda1
FBpp0088815	FBgn0013305	Nmda1
FBpp0428267	FBgn0287595	CG46464
FBpp0076718	FBgn0035696	Best2
FBpp0071400	FBgn0052681	CG32681
FBpp0075303	FBgn0036501	CG7272
FBpp0082805	FBgn0027562	CG10345
FBpp0086599	FBgn0266723	Trs31
FBpp0086570	FBgn0033961	ND-B15
FBpp0071762	FBgn0034718	wdp
FBpp0071761	FBgn0034718	wdp
FBpp0071760	FBgn0034718	wdp
FBpp0309748	FBgn0034718	wdp
FBpp0071763	FBgn0034718	wdp
FBpp0304137	FBgn0030357	Sclp
FBpp0073430	FBgn0030357	Sclp
FBpp0291392	FBgn0030357	Sclp
FBpp0308981	FBgn0033901	O-fut1
FBpp0086649	FBgn0033901	O-fut1
FBpp0084273	FBgn0039354	Lgr3
FBpp0086042	FBgn0034270	PIG-A
FBpp0309242	FBgn0034270	PIG-A
FBpp0086326	FBgn0034105	CG7755
FBpp0083739	FBgn0041225	Gr94a
FBpp0080789	FBgn0032800	CG10137
FBpp0074016	FBgn0030740	CG9917
FBpp0304144	FBgn0030740	CG9917
FBpp0290660	FBgn0002922	nau
FBpp0083863	FBgn0002922	nau
FBpp0088573	FBgn0034289	CG10910
FBpp0086869	FBgn0033819	CG4714
FBpp0292483	FBgn0004910	Eip63F-1
FBpp0292481	FBgn0004910	Eip63F-1
FBpp0073031	FBgn0004910	Eip63F-1
FBpp0292482	FBgn0004910	Eip63F-1
FBpp0076249	FBgn0028789	Doc1
FBpp0303938	FBgn0028789	Doc1
FBpp0311293	FBgn0041780	Ssl2
FBpp0307767	FBgn0265063	CG44174
FBpp0070880	FBgn0029874	CG3342
FBpp0071306	FBgn0030137	CG15317
FBpp0072365	FBgn0002564	Lsp1gamma
FBpp0071266	FBgn0000077	amx
FBpp0298282	FBgn0000077	amx
FBpp0293491	FBgn0026147	TTLL4A
FBpp0293492	FBgn0026147	TTLL4A
FBpp0289632	FBgn0026147	TTLL4A
FBpp0289630	FBgn0026147	TTLL4A
FBpp0293490	FBgn0026147	TTLL4A
FBpp0293487	FBgn0026147	TTLL4A
FBpp0293489	FBgn0026147	TTLL4A
FBpp0289633	FBgn0026147	TTLL4A
FBpp0289631	FBgn0026147	TTLL4A
FBpp0289629	FBgn0026147	TTLL4A
FBpp0081952	FBgn0037964	CG14731
FBpp0303290	FBgn0263996	CG43739
FBpp0290382	FBgn0037916	CG5342
FBpp0086416	FBgn0284254	Impbeta11
FBpp0083546	FBgn0038917	CG6678
FBpp0075985	FBgn0036091	CG18628
FBpp0077792	FBgn0017457	U2af38
FBpp0305600	FBgn0017457	U2af38
FBpp0091024	FBgn0053758	CG33758
FBpp0087343	FBgn0033554	Lsm10
FBpp0290645	FBgn0260959	MCPH1
FBpp0290644	FBgn0260959	MCPH1
FBpp0290643	FBgn0260959	MCPH1
FBpp0290646	FBgn0260959	MCPH1
FBpp0306426	FBgn0001197	His2Av
FBpp0084434	FBgn0001197	His2Av
FBpp0289501	FBgn0032446	IFT43
FBpp0312010	FBgn0030716	Cep164
FBpp0073951	FBgn0030716	Cep164
FBpp0073952	FBgn0030716	Cep164
FBpp0084666	FBgn0039580	Gfat2
FBpp0072642	FBgn0035248	CG13919
FBpp0084388	FBgn0039430	CG5455
FBpp0084387	FBgn0039430	CG5455
FBpp0290722	FBgn0033988	pcs
FBpp0080466	FBgn0040262	Ugt37C2
FBpp0304010	FBgn0040262	Ugt37C2
FBpp0291368	FBgn0261268	Cul3
FBpp0291366	FBgn0261268	Cul3
FBpp0291367	FBgn0261268	Cul3
FBpp0291369	FBgn0261268	Cul3
FBpp0292030	FBgn0040606	CG6503
FBpp0301060	FBgn0040606	CG6503
FBpp0084397	FBgn0040606	CG6503
FBpp0087523	FBgn0022382	Pka-R2
FBpp0111815	FBgn0022382	Pka-R2
FBpp0111814	FBgn0022382	Pka-R2
FBpp0087524	FBgn0022382	Pka-R2
FBpp0082654	FBgn0038381	EndoU
FBpp0290561	FBgn0014859	Hr38
FBpp0080927	FBgn0014859	Hr38
FBpp0292636	FBgn0261929	5-HT2B
FBpp0303177	FBgn0261929	5-HT2B
FBpp0308426	FBgn0261929	5-HT2B
FBpp0076833	FBgn0035622	TM9SF3
FBpp0110179	FBgn0083968	CG34132
FBpp0082986	FBgn0011701	repo
FBpp0428161	FBgn0035159	CG13896
FBpp0072498	FBgn0035159	CG13896
FBpp0288659	FBgn0035159	CG13896
FBpp0072025	FBgn0050181	ppk3
FBpp0303263	FBgn0035010	CG13579
FBpp0072205	FBgn0035010	CG13579
FBpp0070381	FBgn0023523	Or2a
FBpp0071833	FBgn0005631	robo1
FBpp0309765	FBgn0005631	robo1
FBpp0079437	FBgn0040070	Trx2
FBpp0079436	FBgn0040070	Trx2
FBpp0428126	FBgn0019650	toy
FBpp0308592	FBgn0019650	toy
FBpp0088249	FBgn0019650	toy
FBpp0087222	FBgn0043470	lambdaTry
FBpp0091029	FBgn0053767	CG33767
FBpp0086937	FBgn0033753	Cyp301a1
FBpp0085865	FBgn0034345	CG5174
FBpp0309317	FBgn0034345	CG5174
FBpp0297591	FBgn0034345	CG5174
FBpp0290372	FBgn0034345	CG5174
FBpp0297592	FBgn0034345	CG5174
FBpp0085868	FBgn0034345	CG5174
FBpp0085863	FBgn0034345	CG5174
FBpp0085869	FBgn0034345	CG5174
FBpp0290371	FBgn0034345	CG5174
FBpp0085866	FBgn0034345	CG5174
FBpp0075417	FBgn0036468	CG13461
FBpp0084437	FBgn0004359	T48
FBpp0307705	FBgn0004359	T48
FBpp0077029	FBgn0015789	Rab10
FBpp0083811	FBgn0039086	Ugt303B1
FBpp0292541	FBgn0039086	Ugt303B1
FBpp0078164	FBgn0028500	Rich
FBpp0306792	FBgn0028500	Rich
FBpp0073422	FBgn0030362	regucalcin
FBpp0073421	FBgn0030362	regucalcin
FBpp0073419	FBgn0030362	regucalcin
FBpp0073420	FBgn0030362	regucalcin
FBpp0082392	FBgn0003480	spn-B
FBpp0312287	FBgn0261399	Pp1-Y1
FBpp0073648	FBgn0002878	mus101
FBpp0300396	FBgn0002522	lab
FBpp0081194	FBgn0002522	lab
FBpp0289825	FBgn0020236	ATPCL
FBpp0289823	FBgn0020236	ATPCL
FBpp0289824	FBgn0020236	ATPCL
FBpp0309030	FBgn0020236	ATPCL
FBpp0305025	FBgn0264486	CG43894
FBpp0305028	FBgn0264486	CG43894
FBpp0305026	FBgn0264486	CG43894
FBpp0305027	FBgn0264486	CG43894
FBpp0074136	FBgn0030775	CG9673
FBpp0308864	FBgn0030775	CG9673
FBpp0304101	FBgn0030520	Pdcd4
FBpp0111894	FBgn0030520	Pdcd4
FBpp0073671	FBgn0030520	Pdcd4
FBpp0304100	FBgn0030520	Pdcd4
FBpp0070411	FBgn0005670	Cyp4d1
FBpp0070412	FBgn0005670	Cyp4d1
FBpp0084619	FBgn0027579	mino
FBpp0307019	FBgn0027579	mino
FBpp0084620	FBgn0027579	mino
FBpp0084618	FBgn0027579	mino
FBpp0072157	FBgn0034974	CG16786
FBpp0072156	FBgn0034974	CG16786
FBpp0311688	FBgn0034974	CG16786
FBpp0084221	FBgn0261575	tobi
FBpp0309852	FBgn0031830	COX5B
FBpp0078918	FBgn0031830	COX5B
FBpp0290103	FBgn0039846	PNPase
FBpp0085172	FBgn0039846	PNPase
FBpp0085173	FBgn0039846	PNPase
FBpp0306620	FBgn0039846	PNPase
FBpp0073712	FBgn0030542	CG12481
FBpp0309035	FBgn0010052	Jhe
FBpp0086362	FBgn0010052	Jhe
FBpp0290965	FBgn0010052	Jhe
FBpp0082218	FBgn0038144	CG8870
FBpp0070646	FBgn0029714	CG3527
FBpp0080690	FBgn0032746	CG10470
FBpp0071293	FBgn0026149	BCL7-like
FBpp0271912	FBgn0032943	Tsp39D
FBpp0311897	FBgn0267047	CG45491
FBpp0289052	FBgn0259223	CG42323
FBpp0289054	FBgn0259223	CG42323
FBpp0074335	FBgn0030921	CG6290
FBpp0085560	FBgn0034539	CG11159
FBpp0076897	FBgn0011710	Septin1
FBpp0072220	FBgn0020521	pio
FBpp0072219	FBgn0020521	pio
FBpp0290717	FBgn0020521	pio
FBpp0310094	FBgn0020521	pio
FBpp0307459	FBgn0031926	CG6739
FBpp0079096	FBgn0031926	CG6739
FBpp0309148	FBgn0040087	p115
FBpp0071045	FBgn0040087	p115
FBpp0292255	FBgn0050033	CG30033
FBpp0087218	FBgn0050033	CG30033
FBpp0084051	FBgn0039210	CG13625
FBpp0071815	FBgn0034796	CG3700
FBpp0087119	FBgn0033691	CG8860
FBpp0428481	FBgn0288747	CG46522
FBpp0071187	FBgn0021767	org-1
FBpp0311870	FBgn0021767	org-1
FBpp0290492	FBgn0259152	Clbn
FBpp0290493	FBgn0259152	Clbn
FBpp0099914	FBgn0001091	Gapdh1
FBpp0087977	FBgn0001091	Gapdh1
FBpp0077383	FBgn0031443	Prosbeta4R2
FBpp0304788	FBgn0031443	Prosbeta4R2
FBpp0071659	FBgn0034660	Loxl2
FBpp0309915	FBgn0031702	fusl
FBpp0297882	FBgn0031702	fusl
FBpp0078713	FBgn0031702	fusl
FBpp0297880	FBgn0031702	fusl
FBpp0078712	FBgn0031702	fusl
FBpp0297881	FBgn0031702	fusl
FBpp0289411	FBgn0038343	Trissin
FBpp0293750	FBgn0051820	CG31820
FBpp0080365	FBgn0051820	CG31820
FBpp0309582	FBgn0043534	Obp57b
FBpp0085605	FBgn0043534	Obp57b
FBpp0297527	FBgn0034031	CG12963
FBpp0290001	FBgn0034031	CG12963
FBpp0297525	FBgn0034031	CG12963
FBpp0297528	FBgn0034031	CG12963
FBpp0086470	FBgn0034031	CG12963
FBpp0297523	FBgn0034031	CG12963
FBpp0304295	FBgn0034031	CG12963
FBpp0297526	FBgn0034031	CG12963
FBpp0304294	FBgn0034031	CG12963
FBpp0111996	FBgn0034031	CG12963
FBpp0297524	FBgn0034031	CG12963
FBpp0304296	FBgn0034031	CG12963
FBpp0111995	FBgn0034031	CG12963
FBpp0077121	FBgn0027560	Tps1
FBpp0297101	FBgn0287184	FASN3
FBpp0309695	FBgn0010415	Sdc
FBpp0071623	FBgn0010415	Sdc
FBpp0071624	FBgn0010415	Sdc
FBpp0297065	FBgn0010415	Sdc
FBpp0309696	FBgn0010415	Sdc
FBpp0309693	FBgn0010415	Sdc
FBpp0309694	FBgn0010415	Sdc
FBpp0423168	FBgn0010415	Sdc
FBpp0271714	FBgn0010415	Sdc
FBpp0070653	FBgn0022768	Pp2C1
FBpp0310135	FBgn0022768	Pp2C1
FBpp0087167	FBgn0033659	Damm
FBpp0312445	FBgn0033659	Damm
FBpp0289552	FBgn0033994	CG7544
FBpp0086548	FBgn0033994	CG7544
FBpp0070443	FBgn0003714	tko
FBpp0300988	FBgn0003714	tko
FBpp0087576	FBgn0050001	CG30001
FBpp0085283	FBgn0032967	CG1428
FBpp0086059	FBgn0034248	CG14483
FBpp0302901	FBgn0034248	CG14483
FBpp0311629	FBgn0034248	CG14483
FBpp0075573	FBgn0040814	CG14113
FBpp0070844	FBgn0040069	vanin-like
FBpp0294047	FBgn0262679	CG43149
FBpp0271891	FBgn0051805	CG31805
FBpp0293471	FBgn0051805	CG31805
FBpp0309159	FBgn0051805	CG31805
FBpp0308682	FBgn0039075	CG4393
FBpp0308681	FBgn0039075	CG4393
FBpp0290307	FBgn0039075	CG4393
FBpp0090982	FBgn0053635	CG33635
FBpp0088205	FBgn0039900	Syt7
FBpp0088202	FBgn0039900	Syt7
FBpp0089328	FBgn0039900	Syt7
FBpp0296938	FBgn0039900	Syt7
FBpp0310439	FBgn0039900	Syt7
FBpp0073642	FBgn0030509	CG11162
FBpp0306282	FBgn0032779	Alp12
FBpp0292064	FBgn0032779	Alp12
FBpp0292008	FBgn0032779	Alp12
FBpp0080745	FBgn0032779	Alp12
FBpp0306281	FBgn0032779	Alp12
FBpp0303576	FBgn0264089	sli
FBpp0303575	FBgn0264089	sli
FBpp0303573	FBgn0264089	sli
FBpp0303574	FBgn0264089	sli
FBpp0303577	FBgn0264089	sli
FBpp0303578	FBgn0264089	sli
FBpp0292128	FBgn0052249	CG32249
FBpp0084662	FBgn0039588	mIF2
FBpp0084375	FBgn0039417	CG6073
FBpp0298343	FBgn0039417	CG6073
FBpp0291184	FBgn0051720	mthl15
FBpp0291183	FBgn0051720	mthl15
FBpp0070852	FBgn0029838	CG4666
FBpp0311824	FBgn0029838	CG4666
FBpp0082737	FBgn0038424	Fntb
FBpp0072310	FBgn0035090	CG2736
FBpp0309504	FBgn0039902	Zip102B
FBpp0088201	FBgn0039902	Zip102B
FBpp0309503	FBgn0039902	Zip102B
FBpp0305837	FBgn0039902	Zip102B
FBpp0304215	FBgn0036485	FucTA
FBpp0075394	FBgn0036485	FucTA
FBpp0293061	FBgn0262601	SmB
FBpp0288643	FBgn0039367	CG17197
FBpp0304506	FBgn0053303	CG33303
FBpp0079642	FBgn0053303	CG33303
FBpp0074676	FBgn0036931	CG14183
FBpp0085706	FBgn0034435	fest
FBpp0293018	FBgn0034435	fest
FBpp0072060	FBgn0020764	Alas
FBpp0072847	FBgn0035382	Or63a
FBpp0290712	FBgn0035382	Or63a
FBpp0112285	FBgn0050366	swif
FBpp0087849	FBgn0050366	swif
FBpp0081380	FBgn0051450	mRpS18A
FBpp0070913	FBgn0025815	Mcm6
FBpp0310378	FBgn0051789	CG31789
FBpp0080621	FBgn0051789	CG31789
FBpp0310377	FBgn0051789	CG31789
FBpp0309168	FBgn0030504	CG2691
FBpp0073679	FBgn0030504	CG2691
FBpp0289298	FBgn0041103	nht
FBpp0308730	FBgn0031990	PAPLA1
FBpp0079257	FBgn0031990	PAPLA1
FBpp0291751	FBgn0031990	PAPLA1
FBpp0311178	FBgn0031990	PAPLA1
FBpp0307664	FBgn0024232	gprs
FBpp0304255	FBgn0024232	gprs
FBpp0307880	FBgn0024232	gprs
FBpp0307663	FBgn0024232	gprs
FBpp0304254	FBgn0024232	gprs
FBpp0086255	FBgn0024232	gprs
FBpp0077258	FBgn0031540	Pif1
FBpp0309921	FBgn0031540	Pif1
FBpp0082948	FBgn0038551	Odj
FBpp0111740	FBgn0261873	sdt
FBpp0305870	FBgn0261873	sdt
FBpp0110333	FBgn0261873	sdt
FBpp0300540	FBgn0261873	sdt
FBpp0300537	FBgn0261873	sdt
FBpp0309127	FBgn0261873	sdt
FBpp0300538	FBgn0261873	sdt
FBpp0309128	FBgn0261873	sdt
FBpp0088916	FBgn0261873	sdt
FBpp0300539	FBgn0261873	sdt
FBpp0088913	FBgn0261873	sdt
FBpp0099784	FBgn0261873	sdt
FBpp0088912	FBgn0261873	sdt
FBpp0305869	FBgn0261873	sdt
FBpp0305741	FBgn0036583	CG13055
FBpp0075237	FBgn0036583	CG13055
FBpp0084827	FBgn0039687	Naa40
FBpp0311701	FBgn0051872	CG31872
FBpp0079688	FBgn0051872	CG31872
FBpp0304401	FBgn0267390	dop
FBpp0075315	FBgn0267390	dop
FBpp0091111	FBgn0053865	His2A:CG33865
FBpp0081186	FBgn0000552	Edg84A
FBpp0312353	FBgn0267491	Mst77Y-13
FBpp0084966	FBgn0039739	RpS28a
FBpp0301018	FBgn0083971	CG34135
FBpp0303154	FBgn0083971	CG34135
FBpp0110205	FBgn0083971	CG34135
FBpp0074614	FBgn0052225	CG32225
FBpp0076774	FBgn0035670	CG10472
FBpp0077662	FBgn0031295	CG4375
FBpp0086941	FBgn0027356	Amph
FBpp0305313	FBgn0027356	Amph
FBpp0305312	FBgn0027356	Amph
FBpp0297068	FBgn0262787	CG43168
FBpp0085908	FBgn0034328	BomBc1
FBpp0073354	FBgn0030305	Uba5
FBpp0081400	FBgn0037630	Ir85a
FBpp0083240	FBgn0038768	idc
FBpp0084471	FBgn0029170	TwdlT
FBpp0079687	FBgn0032268	CG6138
FBpp0080984	FBgn0053322	CG33322
FBpp0070403	FBgn0001330	kz
FBpp0309621	FBgn0001330	kz
FBpp0301743	FBgn0086253	rumi
FBpp0083713	FBgn0086253	rumi
FBpp0086909	FBgn0033789	CG13324
FBpp0071878	FBgn0034827	Klp59D
FBpp0083839	FBgn0039109	CG10365
FBpp0083840	FBgn0039109	CG10365
FBpp0083841	FBgn0039109	CG10365
FBpp0083838	FBgn0039109	CG10365
FBpp0297738	FBgn0262988	CG43296
FBpp0112333	FBgn0052068	Adi1
FBpp0080913	FBgn0032868	CG17472
FBpp0071184	FBgn0014032	Sptr
FBpp0075708	FBgn0036288	CG10660
FBpp0304892	FBgn0036288	CG10660
FBpp0304891	FBgn0036288	CG10660
FBpp0304893	FBgn0036288	CG10660
FBpp0290789	FBgn0037369	CG2100
FBpp0078373	FBgn0037369	CG2100
FBpp0306593	FBgn0028487	f-cup
FBpp0111851	FBgn0028487	f-cup
FBpp0306594	FBgn0028487	f-cup
FBpp0306596	FBgn0028487	f-cup
FBpp0306595	FBgn0028487	f-cup
FBpp0111852	FBgn0028487	f-cup
FBpp0082311	FBgn0028487	f-cup
FBpp0111850	FBgn0028487	f-cup
FBpp0082312	FBgn0028487	f-cup
FBpp0090979	FBgn0053630	CG33630
FBpp0084687	FBgn0039592	CG14062
FBpp0083295	FBgn0038798	Or92a
FBpp0070512	FBgn0003086	Pig1
FBpp0310069	FBgn0031952	Cdc14
FBpp0310068	FBgn0031952	Cdc14
FBpp0290545	FBgn0031952	Cdc14
FBpp0079115	FBgn0031952	Cdc14
FBpp0290546	FBgn0031952	Cdc14
FBpp0073304	FBgn0030286	Gapvd1
FBpp0081886	FBgn0037911	CG10898
FBpp0076775	FBgn0035667	Jon65Ai
FBpp0312145	FBgn0035667	Jon65Ai
FBpp0080912	FBgn0032867	CG15475
FBpp0081631	FBgn0037764	CG9459
FBpp0072212	FBgn0035022	CG11413
FBpp0087907	FBgn0002891	PolZ1
FBpp0078246	FBgn0037414	Osi7
FBpp0070001	FBgn0031085	CG9570
FBpp0083981	FBgn0039140	Miro
FBpp0302814	FBgn0039140	Miro
FBpp0292857	FBgn0039140	Miro
FBpp0083980	FBgn0039140	Miro
FBpp0082816	FBgn0038467	Adsl
FBpp0072521	FBgn0035186	CG13912
FBpp0076279	FBgn0035952	CG5280
FBpp0072258	FBgn0015300	Ssl
FBpp0072535	FBgn0025525	bab2
FBpp0305469	FBgn0025525	bab2
FBpp0088673	FBgn0033285	CG18449
FBpp0084348	FBgn0039403	Sld5
FBpp0291589	FBgn0261502	CG42650
FBpp0308242	FBgn0265182	CG44247
FBpp0308243	FBgn0265182	CG44247
FBpp0310541	FBgn0266363	CG45011
FBpp0310540	FBgn0266363	CG45011
FBpp0078861	FBgn0001089	Gal
FBpp0304852	FBgn0001089	Gal
FBpp0071106	FBgn0030008	CG2129
FBpp0110134	FBgn0051201	GluRIIE
FBpp0087437	FBgn0033507	CG12909
FBpp0081667	FBgn0004889	tws
FBpp0081670	FBgn0004889	tws
FBpp0081671	FBgn0004889	tws
FBpp0081666	FBgn0004889	tws
FBpp0081669	FBgn0004889	tws
FBpp0081665	FBgn0004889	tws
FBpp0311386	FBgn0004889	tws
FBpp0081664	FBgn0004889	tws
FBpp0081668	FBgn0004889	tws
FBpp0075220	FBgn0036589	CG13067
FBpp0289188	FBgn0040297	Nhe2
FBpp0080995	FBgn0040297	Nhe2
FBpp0306288	FBgn0040297	Nhe2
FBpp0297158	FBgn0040297	Nhe2
FBpp0306289	FBgn0040297	Nhe2
FBpp0289189	FBgn0040297	Nhe2
FBpp0080996	FBgn0040297	Nhe2
FBpp0289186	FBgn0040297	Nhe2
FBpp0297157	FBgn0040297	Nhe2
FBpp0289190	FBgn0040297	Nhe2
FBpp0289187	FBgn0040297	Nhe2
FBpp0306290	FBgn0040297	Nhe2
FBpp0304562	FBgn0261938	PolrMT
FBpp0077654	FBgn0261938	PolrMT
FBpp0304597	FBgn0032787	CG10195
FBpp0292056	FBgn0032787	CG10195
FBpp0081833	FBgn0037889	scpr-A
FBpp0312020	FBgn0004045	Yp1
FBpp0071354	FBgn0004045	Yp1
FBpp0082830	FBgn0038468	CG5225
FBpp0071383	FBgn0030200	RabX2
FBpp0079233	FBgn0032015	Ostgamma
FBpp0290012	FBgn0038922	Idh3b
FBpp0083588	FBgn0038922	Idh3b
FBpp0082676	FBgn0038394	Jhbp4
FBpp0289104	FBgn0033504	CAP
FBpp0289103	FBgn0033504	CAP
FBpp0087435	FBgn0033504	CAP
FBpp0289106	FBgn0033504	CAP
FBpp0289108	FBgn0033504	CAP
FBpp0087432	FBgn0033504	CAP
FBpp0428214	FBgn0033504	CAP
FBpp0307677	FBgn0033504	CAP
FBpp0297627	FBgn0033504	CAP
FBpp0087429	FBgn0033504	CAP
FBpp0428210	FBgn0033504	CAP
FBpp0291177	FBgn0033504	CAP
FBpp0087434	FBgn0033504	CAP
FBpp0297629	FBgn0033504	CAP
FBpp0307675	FBgn0033504	CAP
FBpp0087430	FBgn0033504	CAP
FBpp0297630	FBgn0033504	CAP
FBpp0087428	FBgn0033504	CAP
FBpp0289107	FBgn0033504	CAP
FBpp0428212	FBgn0033504	CAP
FBpp0428213	FBgn0033504	CAP
FBpp0087436	FBgn0033504	CAP
FBpp0087431	FBgn0033504	CAP
FBpp0307676	FBgn0033504	CAP
FBpp0087427	FBgn0033504	CAP
FBpp0428211	FBgn0033504	CAP
FBpp0087433	FBgn0033504	CAP
FBpp0290354	FBgn0033504	CAP
FBpp0309697	FBgn0010470	Fkbp14
FBpp0309698	FBgn0010470	Fkbp14
FBpp0071620	FBgn0010470	Fkbp14
FBpp0289626	FBgn0010470	Fkbp14
FBpp0297155	FBgn0010470	Fkbp14
FBpp0086615	FBgn0033933	CG10104
FBpp0081091	FBgn0086372	lap
FBpp0291394	FBgn0086372	lap
FBpp0306907	FBgn0086372	lap
FBpp0306908	FBgn0086372	lap
FBpp0293683	FBgn0086372	lap
FBpp0291393	FBgn0086372	lap
FBpp0293684	FBgn0086372	lap
FBpp0306909	FBgn0086372	lap
FBpp0293685	FBgn0086372	lap
FBpp0423282	FBgn0037974	CG12224
FBpp0080611	FBgn0051802	CG31802
FBpp0289368	FBgn0053242	Ste:CG33242
FBpp0302827	FBgn0037071	CG7632
FBpp0077995	FBgn0037071	CG7632
FBpp0083917	FBgn0039139	Mettl3
FBpp0083440	FBgn0003257	r-l
FBpp0080206	FBgn0028871	Cpr35B
FBpp0305333	FBgn0262531	CG43085
FBpp0293515	FBgn0262531	CG43085
FBpp0086750	FBgn0033860	S-Lap5
FBpp0289992	FBgn0038124	CG14380
FBpp0075912	FBgn0036154	CG6168
FBpp0311741	FBgn0036154	CG6168
FBpp0292798	FBgn0004228	mex1
FBpp0306209	FBgn0004228	mex1
FBpp0075355	FBgn0004228	mex1
FBpp0080520	FBgn0051804	CG31804
FBpp0304361	FBgn0037202	Ssl1
FBpp0078205	FBgn0037202	Ssl1
FBpp0082651	FBgn0038357	CG5623
FBpp0071911	FBgn0034844	CG9861
FBpp0309533	FBgn0005664	Crys
FBpp0079865	FBgn0005664	Crys
FBpp0087613	FBgn0010342	Map60
FBpp0084614	FBgn0003330	Sce
FBpp0297943	FBgn0263084	HP1Lcsd
FBpp0077434	FBgn0031407	CG4270
FBpp0077435	FBgn0031407	CG4270
FBpp0297740	FBgn0262999	CG43307
FBpp0070953	FBgn0029882	CG3226
FBpp0088536	FBgn0036101	NijA
FBpp0303965	FBgn0036101	NijA
FBpp0089002	FBgn0036101	NijA
FBpp0089001	FBgn0036101	NijA
FBpp0076231	FBgn0035968	Slc45-1
FBpp0304435	FBgn0035968	Slc45-1
FBpp0304436	FBgn0035968	Slc45-1
FBpp0304434	FBgn0035968	Slc45-1
FBpp0082617	FBgn0051446	CG31446
FBpp0306143	FBgn0051446	CG31446
FBpp0311811	FBgn0053017	CG33017
FBpp0311197	FBgn0053017	CG33017
FBpp0086279	FBgn0053017	CG33017
FBpp0083453	FBgn0038872	Nelf-A
FBpp0303402	FBgn0038872	Nelf-A
FBpp0308329	FBgn0038872	Nelf-A
FBpp0312142	FBgn0264740	CG43998
FBpp0308726	FBgn0264740	CG43998
FBpp0308727	FBgn0264740	CG43998
FBpp0084044	FBgn0020018	Ppox
FBpp0306643	FBgn0039240	CG3744
FBpp0306644	FBgn0039240	CG3744
FBpp0306642	FBgn0039240	CG3744
FBpp0306641	FBgn0039240	CG3744
FBpp0290879	FBgn0015316	Try29F
FBpp0311472	FBgn0015316	Try29F
FBpp0099793	FBgn0015777	nrv2
FBpp0099794	FBgn0015777	nrv2
FBpp0079009	FBgn0015777	nrv2
FBpp0079010	FBgn0015777	nrv2
FBpp0079011	FBgn0015777	nrv2
FBpp0304645	FBgn0015777	nrv2
FBpp0088238	FBgn0011747	Ank
FBpp0289724	FBgn0011747	Ank
FBpp0088240	FBgn0011747	Ank
FBpp0088239	FBgn0011747	Ank
FBpp0073249	FBgn0003366	sev
FBpp0085845	FBgn0025583	BomS2
FBpp0302885	FBgn0263873	sick
FBpp0304535	FBgn0263873	sick
FBpp0302881	FBgn0263873	sick
FBpp0311171	FBgn0263873	sick
FBpp0304536	FBgn0263873	sick
FBpp0302879	FBgn0263873	sick
FBpp0302884	FBgn0263873	sick
FBpp0302886	FBgn0263873	sick
FBpp0302880	FBgn0263873	sick
FBpp0302887	FBgn0263873	sick
FBpp0302883	FBgn0263873	sick
FBpp0307716	FBgn0263873	sick
FBpp0073837	FBgn0030628	CG9114
FBpp0099850	FBgn0263120	Acsl
FBpp0087780	FBgn0263120	Acsl
FBpp0087781	FBgn0263120	Acsl
FBpp0087779	FBgn0263120	Acsl
FBpp0099849	FBgn0263120	Acsl
FBpp0099848	FBgn0263120	Acsl
FBpp0099846	FBgn0263120	Acsl
FBpp0099847	FBgn0263120	Acsl
FBpp0305216	FBgn0263120	Acsl
FBpp0099845	FBgn0263120	Acsl
FBpp0306161	FBgn0264714	CG43982
FBpp0290904	FBgn0030455	CG4318
FBpp0073283	FBgn0030262	Vago
FBpp0312036	FBgn0030262	Vago
FBpp0079313	FBgn0001137	grk
FBpp0079538	FBgn0250843	Prosalpha6
FBpp0310201	FBgn0250843	Prosalpha6
FBpp0077057	FBgn0031190	CG12576
FBpp0307050	FBgn0031190	CG12576
FBpp0077058	FBgn0031190	CG12576
FBpp0312094	FBgn0031190	CG12576
FBpp0087056	FBgn0033748	vis
FBpp0087055	FBgn0033748	vis
FBpp0091129	FBgn0053884	His2B:CG33884
FBpp0428422	FBgn0051735	CG31735
FBpp0080348	FBgn0051735	CG31735
FBpp0305410	FBgn0004875	enc
FBpp0089267	FBgn0004875	enc
FBpp0305412	FBgn0004875	enc
FBpp0073011	FBgn0004875	enc
FBpp0111757	FBgn0004875	enc
FBpp0305411	FBgn0004875	enc
FBpp0111758	FBgn0004875	enc
FBpp0078172	FBgn0037180	CG14452
FBpp0079320	FBgn0040098	lectin-29Ca
FBpp0075088	FBgn0036666	TSG101
FBpp0080552	FBgn0024689	fws
FBpp0080553	FBgn0024689	fws
FBpp0296965	FBgn0024689	fws
FBpp0312207	FBgn0024689	fws
FBpp0312206	FBgn0024689	fws
FBpp0083975	FBgn0264325	Atg6
FBpp0310238	FBgn0028430	He
FBpp0080189	FBgn0028430	He
FBpp0111451	FBgn0085366	CG34337
FBpp0071849	FBgn0034748	CG17807
FBpp0271880	FBgn0029964	CG1409
FBpp0302589	FBgn0030968	CG7322
FBpp0074425	FBgn0030968	CG7322
FBpp0311891	FBgn0030968	CG7322
FBpp0077585	FBgn0031345	CG18132
FBpp0304368	FBgn0035437	Strip
FBpp0072946	FBgn0035437	Strip
FBpp0072945	FBgn0035437	Strip
FBpp0310799	FBgn0266436	CG45066
FBpp0297164	FBgn0037215	beta-Man
FBpp0307685	FBgn0037215	beta-Man
FBpp0307684	FBgn0037215	beta-Man
FBpp0078603	FBgn0037215	beta-Man
FBpp0307683	FBgn0037215	beta-Man
FBpp0079637	FBgn0032242	CG5355
FBpp0070288	FBgn0052806	CG32806
FBpp0293656	FBgn0033240	CG2906
FBpp0111965	FBgn0033240	CG2906
FBpp0289826	FBgn0011300	babo
FBpp0087740	FBgn0011300	babo
FBpp0087739	FBgn0011300	babo
FBpp0078616	FBgn0041621	Or82a
FBpp0076401	FBgn0053057	Tpt
FBpp0311127	FBgn0053057	Tpt
FBpp0310682	FBgn0051352	Unc-115a
FBpp0308669	FBgn0051352	Unc-115a
FBpp0312325	FBgn0051352	Unc-115a
FBpp0310680	FBgn0051352	Unc-115a
FBpp0289792	FBgn0051352	Unc-115a
FBpp0289791	FBgn0051352	Unc-115a
FBpp0081570	FBgn0051352	Unc-115a
FBpp0310681	FBgn0051352	Unc-115a
FBpp0073347	FBgn0030300	Sk1
FBpp0073346	FBgn0030300	Sk1
FBpp0078890	FBgn0031820	Daxx
FBpp0311092	FBgn0031820	Daxx
FBpp0290741	FBgn0004577	Pxd
FBpp0307990	FBgn0004577	Pxd
FBpp0088343	FBgn0004577	Pxd
FBpp0076784	FBgn0002638	Rcc1
FBpp0076782	FBgn0002638	Rcc1
FBpp0076783	FBgn0002638	Rcc1
FBpp0070678	FBgn0028325	Pdha
FBpp0070677	FBgn0028325	Pdha
FBpp0070676	FBgn0028325	Pdha
FBpp0070679	FBgn0028325	Pdha
FBpp0088349	FBgn0053483	CG33483
FBpp0292484	FBgn0053483	CG33483
FBpp0305534	FBgn0264562	Hr4
FBpp0305537	FBgn0264562	Hr4
FBpp0305532	FBgn0264562	Hr4
FBpp0305531	FBgn0264562	Hr4
FBpp0305529	FBgn0264562	Hr4
FBpp0305536	FBgn0264562	Hr4
FBpp0305530	FBgn0264562	Hr4
FBpp0305535	FBgn0264562	Hr4
FBpp0305533	FBgn0264562	Hr4
FBpp0073806	FBgn0030584	Grx5
FBpp0079071	FBgn0028387	chm
FBpp0300834	FBgn0028387	chm
FBpp0304793	FBgn0028387	chm
FBpp0070952	FBgn0029885	CG3224
FBpp0300893	FBgn0035087	CG2765
FBpp0112031	FBgn0035087	CG2765
FBpp0300892	FBgn0035087	CG2765
FBpp0112032	FBgn0035087	CG2765
FBpp0075833	FBgn0036184	PCID2
FBpp0074616	FBgn0036964	FRG1
FBpp0086993	FBgn0033761	CG8778
FBpp0084751	FBgn0039640	superdeath
FBpp0307389	FBgn0039640	superdeath
FBpp0084752	FBgn0039640	superdeath
FBpp0310392	FBgn0053923	CG33923
FBpp0308770	FBgn0037530	EMC1
FBpp0081262	FBgn0037530	EMC1
FBpp0308772	FBgn0037530	EMC1
FBpp0308771	FBgn0037530	EMC1
FBpp0070206	FBgn0029573	CG14770
FBpp0306750	FBgn0264832	CG44040
FBpp0428473	FBgn0288738	CG46513
FBpp0083779	FBgn0039067	wda
FBpp0310552	FBgn0051278	CG31278
FBpp0081795	FBgn0051278	CG31278
FBpp0076196	FBgn0036004	Jarid2
FBpp0081621	FBgn0037761	CG8534
FBpp0110159	FBgn0051524	CG31524
FBpp0085046	FBgn0051524	CG31524
FBpp0076469	FBgn0010406	RNaseX25
FBpp0087805	FBgn0050355	CG30355
FBpp0085367	FBgn0002774	mle
FBpp0100031	FBgn0002774	mle
FBpp0073208	FBgn0035582	CG13705
FBpp0077444	FBgn0031419	CG15390
FBpp0085170	FBgn0039849	CG11334
FBpp0085169	FBgn0039849	CG11334
FBpp0306623	FBgn0039849	CG11334
FBpp0077790	FBgn0024352	Stip1
FBpp0086267	FBgn0034141	Dolk
FBpp0074124	FBgn0024941	RSG7
FBpp0300193	FBgn0024941	RSG7
FBpp0112462	FBgn0040020	MED21
FBpp0112463	FBgn0040020	MED21
FBpp0306724	FBgn0038889	Fancm
FBpp0083508	FBgn0038889	Fancm
FBpp0307956	FBgn0039051	CG17109
FBpp0083744	FBgn0039051	CG17109
FBpp0304812	FBgn0031736	CG11030
FBpp0078766	FBgn0031736	CG11030
FBpp0305127	FBgn0039908	Asator
FBpp0311183	FBgn0039908	Asator
FBpp0289572	FBgn0039908	Asator
FBpp0289573	FBgn0039908	Asator
FBpp0305124	FBgn0039908	Asator
FBpp0305128	FBgn0039908	Asator
FBpp0305125	FBgn0039908	Asator
FBpp0289571	FBgn0039908	Asator
FBpp0305126	FBgn0039908	Asator
FBpp0290384	FBgn0037107	CG7166
FBpp0305585	FBgn0037107	CG7166
FBpp0081544	FBgn0037707	RnpS1
FBpp0074364	FBgn0030931	Xrcc2
FBpp0072159	FBgn0034975	enok
FBpp0309997	FBgn0034975	enok
FBpp0080316	FBgn0028517	CG18478
FBpp0085676	FBgn0034467	CG15128
FBpp0079871	FBgn0051866	Ada1-2
FBpp0083973	FBgn0013343	Syx1A
FBpp0292260	FBgn0013343	Syx1A
FBpp0352246	FBgn0013343	Syx1A
FBpp0304313	FBgn0014417	Naglu
FBpp0079316	FBgn0014417	Naglu
FBpp0072702	FBgn0035246	CG13928
FBpp0076713	FBgn0041624	Or65b
FBpp0291506	FBgn0035422	RpL28
FBpp0072957	FBgn0035422	RpL28
FBpp0072959	FBgn0035422	RpL28
FBpp0291507	FBgn0035422	RpL28
FBpp0072960	FBgn0035422	RpL28
FBpp0297522	FBgn0035422	RpL28
FBpp0070941	FBgn0029897	RpL17
FBpp0070943	FBgn0029897	RpL17
FBpp0311459	FBgn0029897	RpL17
FBpp0070940	FBgn0029897	RpL17
FBpp0070942	FBgn0029897	RpL17
FBpp0082213	FBgn0038140	PK2-R1
FBpp0084244	FBgn0039296	Sil1
FBpp0071023	FBgn0029943	Atg5
FBpp0078954	FBgn0051633	CG31633
FBpp0084261	FBgn0039350	jigr1
FBpp0112199	FBgn0039350	jigr1
FBpp0084260	FBgn0039350	jigr1
FBpp0084262	FBgn0039350	jigr1
FBpp0084263	FBgn0039350	jigr1
FBpp0401569	FBgn0039350	jigr1
FBpp0307556	FBgn0039350	jigr1
FBpp0112200	FBgn0039350	jigr1
FBpp0082377	FBgn0038200	CG9920
FBpp0071552	FBgn0034601	CG4286
FBpp0428216	FBgn0050010	CG30010
FBpp0428215	FBgn0050010	CG30010
FBpp0073559	FBgn0052640	CG32640
FBpp0309414	FBgn0030177	CG2972
FBpp0071365	FBgn0030177	CG2972
FBpp0110306	FBgn0015371	chn
FBpp0293745	FBgn0015371	chn
FBpp0293746	FBgn0015371	chn
FBpp0086546	FBgn0015371	chn
FBpp0293743	FBgn0015371	chn
FBpp0293747	FBgn0015371	chn
FBpp0110305	FBgn0015371	chn
FBpp0293744	FBgn0015371	chn
FBpp0086547	FBgn0015371	chn
FBpp0077596	FBgn0051926	CG31926
FBpp0306853	FBgn0051926	CG31926
FBpp0112370	FBgn0053282	CG33282
FBpp0087732	FBgn0002552	lin
FBpp0072009	FBgn0011296	l(2)efl
FBpp0307666	FBgn0011296	l(2)efl
FBpp0293178	FBgn0262356	CG43054
FBpp0304347	FBgn0031739	CG14005
FBpp0078791	FBgn0031739	CG14005
FBpp0073363	FBgn0002948	nod
FBpp0309258	FBgn0002948	nod
FBpp0091035	FBgn0053773	CG33773
FBpp0306926	FBgn0264897	CG44088
FBpp0075153	FBgn0036641	Smn
FBpp0302954	FBgn0036641	Smn
FBpp0311776	FBgn0029771	CG12730
FBpp0070746	FBgn0029771	CG12730
FBpp0078374	FBgn0004878	cas
FBpp0308601	FBgn0004878	cas
FBpp0078326	FBgn0266672	Sec8
FBpp0075831	FBgn0036176	CG7377
FBpp0311033	FBgn0264541	CG43920
FBpp0311032	FBgn0264541	CG43920
FBpp0293353	FBgn0262508	CG43078
FBpp0305324	FBgn0262508	CG43078
FBpp0293350	FBgn0262508	CG43078
FBpp0293354	FBgn0262508	CG43078
FBpp0293351	FBgn0262508	CG43078
FBpp0309526	FBgn0262508	CG43078
FBpp0305322	FBgn0262508	CG43078
FBpp0293347	FBgn0262508	CG43078
FBpp0293352	FBgn0262508	CG43078
FBpp0293355	FBgn0262508	CG43078
FBpp0293348	FBgn0262508	CG43078
FBpp0293349	FBgn0262508	CG43078
FBpp0305323	FBgn0262508	CG43078
FBpp0290853	FBgn0050058	CG30058
FBpp0312130	FBgn0050058	CG30058
FBpp0297678	FBgn0262975	cnc
FBpp0297667	FBgn0262975	cnc
FBpp0297674	FBgn0262975	cnc
FBpp0297671	FBgn0262975	cnc
FBpp0300546	FBgn0262975	cnc
FBpp0297673	FBgn0262975	cnc
FBpp0297668	FBgn0262975	cnc
FBpp0297669	FBgn0262975	cnc
FBpp0307561	FBgn0262975	cnc
FBpp0297676	FBgn0262975	cnc
FBpp0297670	FBgn0262975	cnc
FBpp0297675	FBgn0262975	cnc
FBpp0300547	FBgn0262975	cnc
FBpp0297672	FBgn0262975	cnc
FBpp0297677	FBgn0262975	cnc
FBpp0303398	FBgn0262975	cnc
FBpp0082591	FBgn0051155	Polr2G
FBpp0090963	FBgn0260964	Vmat
FBpp0090962	FBgn0260964	Vmat
FBpp0090961	FBgn0260964	Vmat
FBpp0301763	FBgn0260964	Vmat
FBpp0077868	FBgn0037011	Nubp2
FBpp0311095	FBgn0266464	Nsf2
FBpp0082346	FBgn0266464	Nsf2
FBpp0311094	FBgn0266464	Nsf2
FBpp0308286	FBgn0039770	CG15537
FBpp0112222	FBgn0039770	CG15537
FBpp0290263	FBgn0051368	CG31368
FBpp0290264	FBgn0051368	CG31368
FBpp0075270	FBgn0036552	CG17028
FBpp0291655	FBgn0036552	CG17028
FBpp0305389	FBgn0039667	FipoQ
FBpp0084795	FBgn0039667	FipoQ
FBpp0084796	FBgn0039667	FipoQ
FBpp0086073	FBgn0034217	Lhr
FBpp0081077	FBgn0015576	alpha-Est8
FBpp0301197	FBgn0037222	CG14642
FBpp0088630	FBgn0037222	CG14642
FBpp0088629	FBgn0037222	CG14642
FBpp0083094	FBgn0038652	CG7720
FBpp0308311	FBgn0038652	CG7720
FBpp0290417	FBgn0038652	CG7720
FBpp0290419	FBgn0038652	CG7720
FBpp0290418	FBgn0038652	CG7720
FBpp0083093	FBgn0038652	CG7720
FBpp0077368	FBgn0031479	Prx6a
FBpp0089406	FBgn0053348	CheB42a
FBpp0074072	FBgn0030756	CG9903
FBpp0087532	FBgn0011656	Mef2
FBpp0303550	FBgn0011656	Mef2
FBpp0424320	FBgn0011656	Mef2
FBpp0087529	FBgn0011656	Mef2
FBpp0087530	FBgn0011656	Mef2
FBpp0424318	FBgn0011656	Mef2
FBpp0089303	FBgn0011656	Mef2
FBpp0424321	FBgn0011656	Mef2
FBpp0424319	FBgn0011656	Mef2
FBpp0303551	FBgn0011656	Mef2
FBpp0087531	FBgn0011656	Mef2
FBpp0078370	FBgn0037370	CG1236
FBpp0078155	FBgn0037162	CG11449
FBpp0308496	FBgn0033460	Sec24AB
FBpp0308497	FBgn0033460	Sec24AB
FBpp0087536	FBgn0033460	Sec24AB
FBpp0303978	FBgn0030347	CG15739
FBpp0073413	FBgn0030347	CG15739
FBpp0074467	FBgn0030989	Inx5
FBpp0311059	FBgn0000337	cn
FBpp0311782	FBgn0050401	dany
FBpp0071647	FBgn0050401	dany
FBpp0087711	FBgn0033377	Pgm2a
FBpp0085843	FBgn0034329	BomS1
FBpp0075762	FBgn0004381	Klp68D
FBpp0304439	FBgn0004381	Klp68D
FBpp0074720	FBgn0262516	Trpml
FBpp0070794	FBgn0014340	mof
FBpp0079001	FBgn0031865	Nha1
FBpp0079002	FBgn0031865	Nha1
FBpp0085045	FBgn0027654	jdp
FBpp0085044	FBgn0027654	jdp
FBpp0085043	FBgn0027654	jdp
FBpp0086474	FBgn0262512	Vha14-1
FBpp0301574	FBgn0041164	armi
FBpp0301575	FBgn0041164	armi
FBpp0100102	FBgn0041164	armi
FBpp0073292	FBgn0028686	Rpt3
FBpp0312031	FBgn0028686	Rpt3
FBpp0309375	FBgn0264389	opm
FBpp0073785	FBgn0264389	opm
FBpp0288411	FBgn0035176	mat
FBpp0290226	FBgn0083986	CG34150
FBpp0290482	FBgn0260812	inaF-D
FBpp0087548	FBgn0050000	GstT1
FBpp0087585	FBgn0033438	Mmp2
FBpp0306848	FBgn0033438	Mmp2
FBpp0306849	FBgn0033438	Mmp2
FBpp0074117	FBgn0030804	CG13002
FBpp0072647	FBgn0035257	CG12011
FBpp0305819	FBgn0011666	msi
FBpp0293748	FBgn0011666	msi
FBpp0084255	FBgn0011666	msi
FBpp0305821	FBgn0011666	msi
FBpp0084256	FBgn0011666	msi
FBpp0305820	FBgn0011666	msi
FBpp0293749	FBgn0011666	msi
FBpp0304328	FBgn0264342	CG43798
FBpp0086276	FBgn0034097	CG3687
FBpp0086707	FBgn0040751	CG13018
FBpp0112205	FBgn0039411	dysf
FBpp0289845	FBgn0039411	dysf
FBpp0112206	FBgn0039411	dysf
FBpp0086406	FBgn0034057	CG8314
FBpp0084212	FBgn0039338	XNP
FBpp0311052	FBgn0039338	XNP
FBpp0311051	FBgn0039338	XNP
FBpp0084213	FBgn0039338	XNP
FBpp0085597	FBgn0034504	CG8929
FBpp0085595	FBgn0034504	CG8929
FBpp0311510	FBgn0034504	CG8929
FBpp0085596	FBgn0034504	CG8929
FBpp0311069	FBgn0004648	svr
FBpp0089124	FBgn0004648	svr
FBpp0089125	FBgn0004648	svr
FBpp0089126	FBgn0004648	svr
FBpp0311070	FBgn0004648	svr
FBpp0288456	FBgn0004648	svr
FBpp0288455	FBgn0004648	svr
FBpp0070080	FBgn0004648	svr
FBpp0309132	FBgn0004648	svr
FBpp0089123	FBgn0004648	svr
FBpp0311071	FBgn0004648	svr
FBpp0428242	FBgn0034501	CG13868
FBpp0428243	FBgn0034501	CG13868
FBpp0075783	FBgn0036242	CG6793
FBpp0075591	FBgn0036359	CG14105
FBpp0070505	FBgn0029662	CG12206
FBpp0070503	FBgn0029662	CG12206
FBpp0070504	FBgn0029662	CG12206
FBpp0078415	FBgn0037330	mRpL44
FBpp0074801	FBgn0036847	CNPYb
FBpp0082121	FBgn0011745	Arp1
FBpp0075822	FBgn0028668	Vha16-2
FBpp0311872	FBgn0030057	Ppt1
FBpp0071170	FBgn0030057	Ppt1
FBpp0091065	FBgn0053819	His1:CG33819
FBpp0075875	FBgn0036178	CG14137
FBpp0305496	FBgn0030090	fend
FBpp0071284	FBgn0030090	fend
FBpp0293591	FBgn0035028	Start1
FBpp0088807	FBgn0035028	Start1
FBpp0310093	FBgn0035028	Start1
FBpp0088806	FBgn0035028	Start1
FBpp0302925	FBgn0000964	tj
FBpp0290883	FBgn0000964	tj
FBpp0079541	FBgn0032198	eEF1delta
FBpp0079542	FBgn0032198	eEF1delta
FBpp0271897	FBgn0039413	CG14556
FBpp0076204	FBgn0035996	CG3448
FBpp0070812	FBgn0029789	PGAP1
FBpp0289894	FBgn0033798	CG15870
FBpp0083832	FBgn0039102	SPE
FBpp0291414	FBgn0039015	Takl2
FBpp0304669	FBgn0052537	CG32537
FBpp0074456	FBgn0052537	CG32537
FBpp0084236	FBgn0051102	CG31102
FBpp0307221	FBgn0051102	CG31102
FBpp0070550	FBgn0266429	AstA-R1
FBpp0305932	FBgn0266429	AstA-R1
FBpp0074113	FBgn0030799	CG4872
FBpp0070373	FBgn0003116	pn
FBpp0293590	FBgn0250832	Dup99B
FBpp0088975	FBgn0250832	Dup99B
FBpp0289050	FBgn0259222	CG42322
FBpp0293595	FBgn0259222	CG42322
FBpp0311440	FBgn0259222	CG42322
FBpp0289049	FBgn0259222	CG42322
FBpp0293594	FBgn0259222	CG42322
FBpp0289046	FBgn0259222	CG42322
FBpp0075427	FBgn0040809	CG13465
FBpp0308252	FBgn0265186	CG44251
FBpp0308251	FBgn0265186	CG44251
FBpp0080841	FBgn0014000	Hf
FBpp0289366	FBgn0053240	Ste:CG33240
FBpp0078501	FBgn0037265	spartin
FBpp0300977	FBgn0037265	spartin
FBpp0077271	FBgn0031520	CG8837
FBpp0308629	FBgn0031520	CG8837
FBpp0081838	FBgn0037888	scpr-B
FBpp0310206	FBgn0005322	nmd
FBpp0079654	FBgn0005322	nmd
FBpp0310207	FBgn0005322	nmd
FBpp0312350	FBgn0267492	Mst77Y-7
FBpp0077492	FBgn0031381	Npc2a
FBpp0305237	FBgn0010105	comm
FBpp0075332	FBgn0010105	comm
FBpp0087735	FBgn0033352	PAN2
FBpp0308411	FBgn0033352	PAN2
FBpp0085167	FBgn0043900	pygo
FBpp0077198	FBgn0051773	Fpgs2
FBpp0290450	FBgn0030707	CG8916
FBpp0290451	FBgn0030707	CG8916
FBpp0072649	FBgn0035263	CG12035
FBpp0073028	FBgn0027552	CG10863
FBpp0072181	FBgn0034994	Ir60a
FBpp0290862	FBgn0034921	DCP1
FBpp0072132	FBgn0034921	DCP1
FBpp0088024	FBgn0033196	HisT
FBpp0088023	FBgn0033196	HisT
FBpp0292379	FBgn0033196	HisT
FBpp0088022	FBgn0033196	HisT
FBpp0079136	FBgn0041182	Tep2
FBpp0079134	FBgn0041182	Tep2
FBpp0307461	FBgn0041182	Tep2
FBpp0307460	FBgn0041182	Tep2
FBpp0079133	FBgn0041182	Tep2
FBpp0111414	FBgn0085334	CG34305
FBpp0304404	FBgn0036520	CG13449
FBpp0075343	FBgn0036520	CG13449
FBpp0077743	FBgn0043364	cbt
FBpp0077744	FBgn0043364	cbt
FBpp0301733	FBgn0043364	cbt
FBpp0308641	FBgn0032889	CG9331
FBpp0080946	FBgn0032889	CG9331
FBpp0292070	FBgn0032889	CG9331
FBpp0308640	FBgn0032889	CG9331
FBpp0292071	FBgn0032889	CG9331
FBpp0308639	FBgn0032889	CG9331
FBpp0292068	FBgn0032889	CG9331
FBpp0311736	FBgn0032889	CG9331
FBpp0080947	FBgn0032889	CG9331
FBpp0080948	FBgn0032889	CG9331
FBpp0080949	FBgn0032889	CG9331
FBpp0292069	FBgn0032889	CG9331
FBpp0311198	FBgn0085233	CG34204
FBpp0111312	FBgn0085233	CG34204
FBpp0080163	FBgn0028936	NimB5
FBpp0291663	FBgn0028936	NimB5
FBpp0310236	FBgn0028936	NimB5
FBpp0091089	FBgn0053843	His1:CG33843
FBpp0306691	FBgn0286071	AdamTS-A
FBpp0082614	FBgn0286071	AdamTS-A
FBpp0308490	FBgn0286071	AdamTS-A
FBpp0306538	FBgn0065032	Arpc3B
FBpp0074184	FBgn0065032	Arpc3B
FBpp0112388	FBgn0065032	Arpc3B
FBpp0071813	FBgn0034793	asrij
FBpp0305129	FBgn0034793	asrij
FBpp0291611	FBgn0053669	CG33669
FBpp0086334	FBgn0034096	CG7786
FBpp0086129	FBgn0026721	fat-spondin
FBpp0306977	FBgn0264907	CG44098
FBpp0306979	FBgn0264907	CG44098
FBpp0306978	FBgn0264907	CG44098
FBpp0311364	FBgn0264907	CG44098
FBpp0074447	FBgn0031005	Hs3st-B
FBpp0304800	FBgn0031005	Hs3st-B
FBpp0306720	FBgn0039747	AdoR
FBpp0084947	FBgn0039747	AdoR
FBpp0293592	FBgn0053527	SIFa
FBpp0083157	FBgn0038691	CG5250
FBpp0084158	FBgn0051510	CG31510
FBpp0091049	FBgn0262594	CheA46a
FBpp0071028	FBgn0022786	Hira
FBpp0298346	FBgn0038763	PIG-L
FBpp0083252	FBgn0038763	PIG-L
FBpp0310553	FBgn0038763	PIG-L
FBpp0310084	FBgn0264299	CG43777
FBpp0310085	FBgn0264299	CG43777
FBpp0303892	FBgn0264299	CG43777
FBpp0311806	FBgn0037030	CG3288
FBpp0077920	FBgn0037030	CG3288
FBpp0309189	FBgn0286070	cnk
FBpp0086117	FBgn0286070	cnk
FBpp0078620	FBgn0250821	CG14644
FBpp0307689	FBgn0250821	CG14644
FBpp0072004	FBgn0011297	Alg3
FBpp0075068	FBgn0028693	Rpn12
FBpp0423317	FBgn0286933	CG46430
FBpp0309477	FBgn0031057	Ubqn
FBpp0074519	FBgn0031057	Ubqn
FBpp0080799	FBgn0027949	msb1l
FBpp0088584	FBgn0031835	Dpp10
FBpp0309854	FBgn0031835	Dpp10
FBpp0309855	FBgn0031835	Dpp10
FBpp0077401	FBgn0028398	Taf10
FBpp0297716	FBgn0051464	CG31464
FBpp0428285	FBgn0287631	CG46491
FBpp0428286	FBgn0287631	CG46491
FBpp0099682	FBgn0038643	CG14300
FBpp0074716	FBgn0036895	ms(3)76Cc
FBpp0086689	FBgn0033921	tej
FBpp0112085	FBgn0036491	Best4
FBpp0310197	FBgn0040396	CG3939
FBpp0070484	FBgn0040396	CG3939
FBpp0073192	FBgn0052240	CG32240
FBpp0086918	FBgn0033784	SCCRO3
FBpp0086917	FBgn0033784	SCCRO3
FBpp0086916	FBgn0033784	SCCRO3
FBpp0084120	FBgn0039219	CG13630
FBpp0293211	FBgn0020278	loco
FBpp0083668	FBgn0020278	loco
FBpp0301188	FBgn0020278	loco
FBpp0083666	FBgn0020278	loco
FBpp0083669	FBgn0020278	loco
FBpp0086821	FBgn0000119	arr
FBpp0423074	FBgn0085457	CG34428
FBpp0070944	FBgn0029896	CG3168
FBpp0309231	FBgn0029896	CG3168
FBpp0070945	FBgn0029896	CG3168
FBpp0309233	FBgn0029896	CG3168
FBpp0070946	FBgn0029896	CG3168
FBpp0309234	FBgn0029896	CG3168
FBpp0309232	FBgn0029896	CG3168
FBpp0079374	FBgn0032100	CG13108
FBpp0075051	FBgn0036687	CG6652
FBpp0075405	FBgn0036483	CG12316
FBpp0075404	FBgn0036483	CG12316
FBpp0082642	FBgn0038376	Hmt-1
FBpp0085454	FBgn0033092	Rpp25
FBpp0297249	FBgn0033092	Rpp25
FBpp0085455	FBgn0033092	Rpp25
FBpp0091060	FBgn0053814	His2A:CG33814
FBpp0075135	FBgn0040794	CG13056
FBpp0310041	FBgn0031730	CG7236
FBpp0310043	FBgn0031730	CG7236
FBpp0310042	FBgn0031730	CG7236
FBpp0292076	FBgn0031730	CG7236
FBpp0111322	FBgn0085243	CG34214
FBpp0312183	FBgn0025712	CG13920
FBpp0072644	FBgn0025712	CG13920
FBpp0077582	FBgn0051935	Rab3GAP1
FBpp0079138	FBgn0031930	CG7025
FBpp0074556	FBgn0031062	CG14230
FBpp0089027	FBgn0004509	Fur1
FBpp0307777	FBgn0004509	Fur1
FBpp0307775	FBgn0004509	Fur1
FBpp0302738	FBgn0004509	Fur1
FBpp0089025	FBgn0004509	Fur1
FBpp0089026	FBgn0004509	Fur1
FBpp0307776	FBgn0004509	Fur1
FBpp0089030	FBgn0004509	Fur1
FBpp0089028	FBgn0004509	Fur1
FBpp0087498	FBgn0001291	Jra
FBpp0303456	FBgn0001291	Jra
FBpp0087499	FBgn0001291	Jra
FBpp0078815	FBgn0031768	IPIP
FBpp0078814	FBgn0031768	IPIP
FBpp0309820	FBgn0031768	IPIP
FBpp0082171	FBgn0002354	l(3)87Df
FBpp0087672	FBgn0033395	Cyp4p2
FBpp0083717	FBgn0039016	Dcr-1
FBpp0309247	FBgn0034286	dpr13
FBpp0289452	FBgn0034286	dpr13
FBpp0292837	FBgn0262006	CG42824
FBpp0291727	FBgn0037831	Cap-H2
FBpp0290525	FBgn0037831	Cap-H2
FBpp0290526	FBgn0037831	Cap-H2
FBpp0081750	FBgn0037831	Cap-H2
FBpp0291837	FBgn0261553	CG42671
FBpp0303315	FBgn0261553	CG42671
FBpp0291840	FBgn0261553	CG42671
FBpp0308939	FBgn0261553	CG42671
FBpp0293473	FBgn0261553	CG42671
FBpp0291836	FBgn0261553	CG42671
FBpp0311808	FBgn0261553	CG42671
FBpp0291838	FBgn0261553	CG42671
FBpp0308938	FBgn0261553	CG42671
FBpp0291839	FBgn0261553	CG42671
FBpp0293472	FBgn0261553	CG42671
FBpp0298347	FBgn0038761	CG17190
FBpp0071782	FBgn0034768	Obp58b
FBpp0309573	FBgn0265833	CG44622
FBpp0079802	FBgn0020270	mre11
FBpp0289276	FBgn0259732	tal-3A
FBpp0071355	FBgn0052693	Gr9a
FBpp0074832	FBgn0036822	NijB
FBpp0086784	FBgn0050065	CG30065
FBpp0073750	FBgn0030573	nmdyn-D6
FBpp0075358	FBgn0026738	CG7857
FBpp0307741	FBgn0264324	spg
FBpp0303335	FBgn0264324	spg
FBpp0307742	FBgn0264324	spg
FBpp0303336	FBgn0264324	spg
FBpp0303337	FBgn0264324	spg
FBpp0085041	FBgn0039789	CG9717
FBpp0078607	FBgn0010225	Gel
FBpp0307688	FBgn0010225	Gel
FBpp0301195	FBgn0010225	Gel
FBpp0078608	FBgn0010225	Gel
FBpp0301196	FBgn0010225	Gel
FBpp0078610	FBgn0010225	Gel
FBpp0078612	FBgn0010225	Gel
FBpp0072074	FBgn0034961	CG3163
FBpp0075507	FBgn0036394	CG9040
FBpp0071338	FBgn0030148	CG3106
FBpp0311996	FBgn0030148	CG3106
FBpp0076796	FBgn0035623	mthl2
FBpp0293261	FBgn0039271	CG11839
FBpp0070517	FBgn0000644	Fcp3C
FBpp0307849	FBgn0033160	Dhx15
FBpp0088040	FBgn0033160	Dhx15
FBpp0071094	FBgn0029970	Nek2
FBpp0074205	FBgn0030839	ENGase
FBpp0074206	FBgn0030839	ENGase
FBpp0075945	FBgn0052082	IRSp53
FBpp0112334	FBgn0052082	IRSp53
FBpp0311148	FBgn0052082	IRSp53
FBpp0306220	FBgn0052082	IRSp53
FBpp0081011	FBgn0021856	l(2)k14505
FBpp0303527	FBgn0021856	l(2)k14505
FBpp0085570	FBgn0028622	qsm
FBpp0309585	FBgn0028622	qsm
FBpp0082650	FBgn0000246	c(3)G
FBpp0082648	FBgn0000246	c(3)G
FBpp0082649	FBgn0000246	c(3)G
FBpp0078327	FBgn0037372	Dcps
FBpp0082582	FBgn0038311	CG14864
FBpp0110108	FBgn0038311	CG14864
FBpp0306188	FBgn0086916	snky
FBpp0083101	FBgn0038645	CG7714
FBpp0099961	FBgn0000008	a
FBpp0309745	FBgn0000008	a
FBpp0071677	FBgn0000008	a
FBpp0071678	FBgn0000008	a
FBpp0301847	FBgn0260855	Sec22
FBpp0070136	FBgn0260855	Sec22
FBpp0085336	FBgn0263144	bin3
FBpp0307591	FBgn0263144	bin3
FBpp0085337	FBgn0263144	bin3
FBpp0312329	FBgn0263144	bin3
FBpp0289326	FBgn0265268	CG18234
FBpp0290619	FBgn0001256	ImpL1
FBpp0075578	FBgn0001256	ImpL1
FBpp0075579	FBgn0001256	ImpL1
FBpp0086749	FBgn0033859	fand
FBpp0075344	FBgn0036519	CG7650
FBpp0083548	FBgn0038919	Qsox2
FBpp0087171	FBgn0033651	Ir48c
FBpp0083889	FBgn0039136	CG5902
FBpp0290388	FBgn0039136	CG5902
FBpp0083890	FBgn0039136	CG5902
FBpp0078949	FBgn0000351	cort
FBpp0305542	FBgn0000351	cort
FBpp0083021	FBgn0038595	CG7142
FBpp0288953	FBgn0259230	lectin-22C
FBpp0300192	FBgn0259789	zld
FBpp0074577	FBgn0259789	zld
FBpp0311265	FBgn0259789	zld
FBpp0074576	FBgn0259789	zld
FBpp0311065	FBgn0259789	zld
FBpp0071794	FBgn0011211	blw
FBpp0303917	FBgn0040636	CG13255
FBpp0077921	FBgn0040636	CG13255
FBpp0080152	FBgn0028932	CG16890
FBpp0302874	FBgn0028932	CG16890
FBpp0310253	FBgn0028932	CG16890
FBpp0078752	FBgn0031720	CG14013
FBpp0075326	FBgn0004594	Eig71Eg
FBpp0288748	FBgn0036193	CG14135
FBpp0305001	FBgn0036193	CG14135
FBpp0076548	FBgn0035760	CG8607
FBpp0084964	FBgn0041102	ocn
FBpp0311214	FBgn0036734	CG7564
FBpp0311537	FBgn0036734	CG7564
FBpp0074941	FBgn0036734	CG7564
FBpp0304226	FBgn0036734	CG7564
FBpp0310925	FBgn0262098	CG42851
FBpp0293341	FBgn0027948	msps
FBpp0293342	FBgn0027948	msps
FBpp0293343	FBgn0027948	msps
FBpp0290695	FBgn0027948	msps
FBpp0290694	FBgn0027948	msps
FBpp0072461	FBgn0035146	CG13893
FBpp0293005	FBgn0052846	CG32846
FBpp0072879	FBgn0052846	CG32846
FBpp0091067	FBgn0053821	His3:CG33821
FBpp0112996	FBgn0039106	CG10301
FBpp0082822	FBgn0015008	Actn3
FBpp0091123	FBgn0053878	His2B:CG33878
FBpp0311180	FBgn0259236	comm3
FBpp0289128	FBgn0259236	comm3
FBpp0289129	FBgn0259236	comm3
FBpp0073313	FBgn0004864	hop
FBpp0082133	FBgn0051347	CG31347
FBpp0083323	FBgn0001169	H
FBpp0083322	FBgn0001169	H
FBpp0083324	FBgn0001169	H
FBpp0083325	FBgn0001169	H
FBpp0072851	FBgn0035388	CG2162
FBpp0311279	FBgn0035388	CG2162
FBpp0311278	FBgn0035388	CG2162
FBpp0112009	FBgn0034418	CG15118
FBpp0085775	FBgn0034418	CG15118
FBpp0085776	FBgn0034418	CG15118
FBpp0085774	FBgn0034418	CG15118
FBpp0310760	FBgn0038028	CG10035
FBpp0082076	FBgn0038028	CG10035
FBpp0086899	FBgn0010488	NAT1
FBpp0086900	FBgn0010488	NAT1
FBpp0306828	FBgn0010488	NAT1
FBpp0077108	FBgn0287234	slf
FBpp0304846	FBgn0287234	slf
FBpp0306622	FBgn0261988	Gprk2
FBpp0085149	FBgn0261988	Gprk2
FBpp0081351	FBgn0265101	Sgt1
FBpp0085532	FBgn0034511	GNBP-like3
FBpp0112372	FBgn0086610	CG33342
FBpp0303262	FBgn0260866	dnr1
FBpp0071748	FBgn0260866	dnr1
FBpp0073840	FBgn0030623	PPYR1
FBpp0077082	FBgn0031644	CG15625
FBpp0099986	FBgn0066304	Rpp20
FBpp0311904	FBgn0066304	Rpp20
FBpp0297082	FBgn0036663	CG9674
FBpp0075103	FBgn0036663	CG9674
FBpp0075100	FBgn0036663	CG9674
FBpp0311304	FBgn0036663	CG9674
FBpp0305785	FBgn0036663	CG9674
FBpp0305786	FBgn0036663	CG9674
FBpp0297083	FBgn0036663	CG9674
FBpp0289151	FBgn0051609	CG31609
FBpp0081599	FBgn0014023	mRpL47
FBpp0086363	FBgn0050095	CG30095
FBpp0086794	FBgn0033851	CG13332
FBpp0113090	FBgn0033387	CG8008
FBpp0087703	FBgn0033387	CG8008
FBpp0088524	FBgn0028740	CG6362
FBpp0087847	FBgn0050362	boly
FBpp0071998	FBgn0034900	CG12491
FBpp0309034	FBgn0034071	CG8405
FBpp0086352	FBgn0034071	CG8405
FBpp0082041	FBgn0010038	GstD2
FBpp0306187	FBgn0261788	Ank2
FBpp0292244	FBgn0261788	Ank2
FBpp0292236	FBgn0261788	Ank2
FBpp0428430	FBgn0261788	Ank2
FBpp0428431	FBgn0261788	Ank2
FBpp0310628	FBgn0261788	Ank2
FBpp0292231	FBgn0261788	Ank2
FBpp0292233	FBgn0261788	Ank2
FBpp0292238	FBgn0261788	Ank2
FBpp0292240	FBgn0261788	Ank2
FBpp0292237	FBgn0261788	Ank2
FBpp0292234	FBgn0261788	Ank2
FBpp0310630	FBgn0261788	Ank2
FBpp0292243	FBgn0261788	Ank2
FBpp0292239	FBgn0261788	Ank2
FBpp0292230	FBgn0261788	Ank2
FBpp0306186	FBgn0261788	Ank2
FBpp0306185	FBgn0261788	Ank2
FBpp0292242	FBgn0261788	Ank2
FBpp0292241	FBgn0261788	Ank2
FBpp0310629	FBgn0261788	Ank2
FBpp0292232	FBgn0261788	Ank2
FBpp0085513	FBgn0029507	Tsp42Ed
FBpp0311637	FBgn0029507	Tsp42Ed
FBpp0085288	FBgn0051702	tplus3a
FBpp0293849	FBgn0037076	ebd2
FBpp0078057	FBgn0037076	ebd2
FBpp0310838	FBgn0031126	Cyp6v1
FBpp0076968	FBgn0031126	Cyp6v1
FBpp0311867	FBgn0031126	Cyp6v1
FBpp0087221	FBgn0003382	sha
FBpp0304736	FBgn0003382	sha
FBpp0271851	FBgn0003382	sha
FBpp0305289	FBgn0029148	NHP2
FBpp0075448	FBgn0029148	NHP2
FBpp0074446	FBgn0031003	CG7889
FBpp0309975	FBgn0030890	CG7536
FBpp0074304	FBgn0030890	CG7536
FBpp0309976	FBgn0030890	CG7536
FBpp0074305	FBgn0030890	CG7536
FBpp0081988	FBgn0037962	Dnali1
FBpp0311943	FBgn0038282	dpr9
FBpp0088403	FBgn0038282	dpr9
FBpp0073020	FBgn0035477	CG14982
FBpp0305340	FBgn0035477	CG14982
FBpp0076128	FBgn0045823	vsg
FBpp0303130	FBgn0045823	vsg
FBpp0076130	FBgn0045823	vsg
FBpp0076127	FBgn0045823	vsg
FBpp0076129	FBgn0045823	vsg
FBpp0084449	FBgn0039471	CG6295
FBpp0072100	FBgn0013764	Chi
FBpp0072101	FBgn0013764	Chi
FBpp0304963	FBgn0264561	Glg1
FBpp0078043	FBgn0264561	Glg1
FBpp0302958	FBgn0032669	CG15155
FBpp0080601	FBgn0032669	CG15155
FBpp0304355	FBgn0036318	Wbp2
FBpp0304357	FBgn0036318	Wbp2
FBpp0304358	FBgn0036318	Wbp2
FBpp0271748	FBgn0036318	Wbp2
FBpp0304356	FBgn0036318	Wbp2
FBpp0271749	FBgn0036318	Wbp2
FBpp0082244	FBgn0038132	apn
FBpp0402850	FBgn0265146	CG44215
FBpp0402849	FBgn0265146	CG44215
FBpp0289245	FBgn0259715	CG42369
FBpp0292324	FBgn0035932	CG13308
FBpp0082525	FBgn0038313	CG4338
FBpp0085599	FBgn0034506	CG13870
FBpp0085600	FBgn0034506	CG13870
FBpp0297797	FBgn0263046	CG43341
FBpp0084498	FBgn0004197	Ser
FBpp0310538	FBgn0004197	Ser
FBpp0086684	FBgn0033931	Obp50e
FBpp0082847	FBgn0038485	CG5255
FBpp0271857	FBgn0035921	CG13305
FBpp0271856	FBgn0035921	CG13305
FBpp0084818	FBgn0039680	Cap-D2
FBpp0083882	FBgn0039130	CG5854
FBpp0309121	FBgn0004657	mys
FBpp0309123	FBgn0004657	mys
FBpp0309122	FBgn0004657	mys
FBpp0071061	FBgn0004657	mys
FBpp0076014	FBgn0052061	CG32061
FBpp0084281	FBgn0039379	CG5886
FBpp0304258	FBgn0086358	Tab2
FBpp0085704	FBgn0086358	Tab2
FBpp0293876	FBgn0086358	Tab2
FBpp0086866	FBgn0033827	CG17047
FBpp0311718	FBgn0033827	CG17047
FBpp0305189	FBgn0010583	dock
FBpp0077680	FBgn0010583	dock
FBpp0077678	FBgn0010583	dock
FBpp0077679	FBgn0010583	dock
FBpp0291528	FBgn0036821	CG3961
FBpp0074844	FBgn0036821	CG3961
FBpp0074845	FBgn0036821	CG3961
FBpp0305861	FBgn0036821	CG3961
FBpp0305442	FBgn0264544	CG43923
FBpp0311357	FBgn0037044	Pdss2
FBpp0077945	FBgn0037044	Pdss2
FBpp0081018	FBgn0051988	CG31988
FBpp0310409	FBgn0051988	CG31988
FBpp0082084	FBgn0038013	CG10038
FBpp0082085	FBgn0038013	CG10038
FBpp0310440	FBgn0026239	gukh
FBpp0088709	FBgn0026239	gukh
FBpp0088708	FBgn0026239	gukh
FBpp0099723	FBgn0026239	gukh
FBpp0291625	FBgn0036405	CG6833
FBpp0075516	FBgn0036405	CG6833
FBpp0086760	FBgn0033872	CG6329
FBpp0308974	FBgn0033872	CG6329
FBpp0086759	FBgn0033872	CG6329
FBpp0086762	FBgn0033872	CG6329
FBpp0308973	FBgn0033872	CG6329
FBpp0086761	FBgn0033872	CG6329
FBpp0086180	FBgn0034158	RalGPS
FBpp0086178	FBgn0034158	RalGPS
FBpp0086177	FBgn0034158	RalGPS
FBpp0086179	FBgn0034158	RalGPS
FBpp0086181	FBgn0034158	RalGPS
FBpp0086182	FBgn0034158	RalGPS
FBpp0078857	FBgn0031764	CG9107
FBpp0078856	FBgn0031764	CG9107
FBpp0071595	FBgn0050285	BaraC
FBpp0310045	FBgn0031731	CG14007
FBpp0074096	FBgn0030780	CG13008
FBpp0087081	FBgn0033708	CG8850
FBpp0087080	FBgn0033708	CG8850
FBpp0309001	FBgn0033951	CG10139
FBpp0086563	FBgn0033951	CG10139
FBpp0073739	FBgn0030556	mRNA-cap
FBpp0087855	FBgn0028563	sut1
FBpp0081565	FBgn0003886	alphaTub85E
FBpp0071012	FBgn0029947	CG1999
FBpp0088017	FBgn0033207	CG12826
FBpp0073890	FBgn0267977	mh
FBpp0309462	FBgn0032665	CG15152
FBpp0080587	FBgn0032665	CG15152
FBpp0081600	FBgn0003205	Ras85D
FBpp0308795	FBgn0033791	Drl-2
FBpp0086907	FBgn0033791	Drl-2
FBpp0076312	FBgn0020633	Mcm7
FBpp0290910	FBgn0026313	X11L
FBpp0305899	FBgn0026313	X11L
FBpp0309484	FBgn0026313	X11L
FBpp0074225	FBgn0026313	X11L
FBpp0309485	FBgn0026313	X11L
FBpp0077054	FBgn0052499	Cda4
FBpp0307239	FBgn0030846	CG12992
FBpp0290002	FBgn0030846	CG12992
FBpp0307240	FBgn0030846	CG12992
FBpp0307241	FBgn0030846	CG12992
FBpp0423418	FBgn0287210	CG46440
FBpp0072142	FBgn0034918	Pym
FBpp0078870	FBgn0086266	Vm26Ac
FBpp0076230	FBgn0035970	CG4483
FBpp0292806	FBgn0262002	CG42820
FBpp0080775	FBgn0003346	RanGAP
FBpp0306291	FBgn0003346	RanGAP
FBpp0306292	FBgn0003346	RanGAP
FBpp0111364	FBgn0085284	Blos3
FBpp0298339	FBgn0263114	CG43371
FBpp0080714	FBgn0032754	CG10700
FBpp0077305	FBgn0031468	CG2975
FBpp0306723	FBgn0250819	CG33521
FBpp0090952	FBgn0250819	CG33521
FBpp0090953	FBgn0250819	CG33521
FBpp0090950	FBgn0250819	CG33521
FBpp0078147	FBgn0004179	Csp
FBpp0078145	FBgn0004179	Csp
FBpp0078146	FBgn0004179	Csp
FBpp0306788	FBgn0004179	Csp
FBpp0306787	FBgn0004179	Csp
FBpp0311238	FBgn0004179	Csp
FBpp0077903	FBgn0037016	CG13252
FBpp0074851	FBgn0036814	CG14073
FBpp0305024	FBgn0036814	CG14073
FBpp0312075	FBgn0030406	CG1463
FBpp0302582	FBgn0030406	CG1463
FBpp0073490	FBgn0030406	CG1463
FBpp0312012	FBgn0030692	mRpS30
FBpp0073910	FBgn0030692	mRpS30
FBpp0083429	FBgn0038866	CG5810
FBpp0076565	FBgn0035780	CG18417
FBpp0289980	FBgn0031636	CG12194
FBpp0077077	FBgn0031636	CG12194
FBpp0304752	FBgn0031636	CG12194
FBpp0310844	FBgn0086370	sra
FBpp0082709	FBgn0086370	sra
FBpp0072906	FBgn0286567	gry
FBpp0310526	FBgn0266354	CG45002
FBpp0310523	FBgn0266354	CG45002
FBpp0310524	FBgn0266354	CG45002
FBpp0310521	FBgn0266354	CG45002
FBpp0310525	FBgn0266354	CG45002
FBpp0310527	FBgn0266354	CG45002
FBpp0310522	FBgn0266354	CG45002
FBpp0084903	FBgn0039696	Rnb
FBpp0301832	FBgn0033372	CG13742
FBpp0301833	FBgn0033372	CG13742
FBpp0289598	FBgn0033372	CG13742
FBpp0308394	FBgn0033372	CG13742
FBpp0304044	FBgn0250786	Chd1
FBpp0077358	FBgn0250786	Chd1
FBpp0297122	FBgn0250786	Chd1
FBpp0304311	FBgn0264339	CG43795
FBpp0079789	FBgn0032348	CG4751
FBpp0082453	FBgn0038266	CG3610
FBpp0304381	FBgn0011723	byn
FBpp0304380	FBgn0011723	byn
FBpp0071188	FBgn0030039	CG12123
FBpp0304213	FBgn0036142	Adck5
FBpp0075892	FBgn0036142	Adck5
FBpp0084207	FBgn0027376	rha
FBpp0082590	FBgn0051344	CG31344
FBpp0303740	FBgn0029936	CG4617
FBpp0070978	FBgn0029936	CG4617
FBpp0305153	FBgn0264503	CG43902
FBpp0082332	FBgn0038195	CG3061
FBpp0288378	FBgn0037443	Dmtn
FBpp0288377	FBgn0037443	Dmtn
FBpp0288765	FBgn0037443	Dmtn
FBpp0288766	FBgn0037443	Dmtn
FBpp0289489	FBgn0037443	Dmtn
FBpp0088018	FBgn0033206	DCTN4-p62
FBpp0087616	FBgn0050338	CG30338
FBpp0071123	FBgn0030035	PIG-T
FBpp0111323	FBgn0085244	CG34215
FBpp0080128	FBgn0028532	CG7968
FBpp0402847	FBgn0264427	CG43845
FBpp0402848	FBgn0264427	CG43845
FBpp0078317	FBgn0037378	PSMG1
FBpp0099708	FBgn0046874	Pif1B
FBpp0304780	FBgn0046874	Pif1B
FBpp0304779	FBgn0046874	Pif1B
FBpp0390640	FBgn0046874	Pif1B
FBpp0099707	FBgn0046874	Pif1B
FBpp0073862	FBgn0030658	CG7872
FBpp0070216	FBgn0024985	Rilpl
FBpp0304570	FBgn0024985	Rilpl
FBpp0304571	FBgn0024985	Rilpl
FBpp0082501	FBgn0038285	CG6974
FBpp0070887	FBgn0029859	CG15892
FBpp0310807	FBgn0266443	CG45073
FBpp0290141	FBgn0285892	tea
FBpp0290143	FBgn0285892	tea
FBpp0087469	FBgn0285892	tea
FBpp0290142	FBgn0285892	tea
FBpp0291968	FBgn0033054	CG14591
FBpp0085362	FBgn0033054	CG14591
FBpp0291967	FBgn0033054	CG14591
FBpp0085361	FBgn0033054	CG14591
FBpp0311783	FBgn0015929	dpa
FBpp0088055	FBgn0015929	dpa
FBpp0072379	FBgn0027786	Mtch
FBpp0293997	FBgn0027786	Mtch
FBpp0293995	FBgn0027786	Mtch
FBpp0072381	FBgn0027786	Mtch
FBpp0072380	FBgn0027786	Mtch
FBpp0293996	FBgn0027786	Mtch
FBpp0083802	FBgn0002622	RpS3
FBpp0312066	FBgn0002622	RpS3
FBpp0291418	FBgn0036731	CG6333
FBpp0074986	FBgn0036731	CG6333
FBpp0086798	FBgn0027581	CG6191
FBpp0303467	FBgn0027581	CG6191
FBpp0303468	FBgn0027581	CG6191
FBpp0080829	FBgn0032822	CG10466
FBpp0304487	FBgn0032822	CG10466
FBpp0304526	FBgn0264363	CG43815
FBpp0087552	FBgn0033440	CG10459
FBpp0293863	FBgn0038951	Polr3F
FBpp0083629	FBgn0038951	Polr3F
FBpp0075115	FBgn0260960	Baldspot
FBpp0075114	FBgn0260960	Baldspot
FBpp0088016	FBgn0033208	mRpL52
FBpp0072135	FBgn0025352	Mtpbeta
FBpp0297761	FBgn0263029	CG43324
FBpp0076431	FBgn0035873	CG13670
FBpp0074246	FBgn0030871	CG8142
FBpp0271781	FBgn0001247	Ide
FBpp0072852	FBgn0040308	Prx4
FBpp0304422	FBgn0040308	Prx4
FBpp0072853	FBgn0040308	Prx4
FBpp0297532	FBgn0035348	CG16758
FBpp0072835	FBgn0035348	CG16758
FBpp0072836	FBgn0035348	CG16758
FBpp0303831	FBgn0035348	CG16758
FBpp0072833	FBgn0035348	CG16758
FBpp0072834	FBgn0035348	CG16758
FBpp0086275	FBgn0034095	CG15701
FBpp0074862	FBgn0040322	GNBP2
FBpp0074863	FBgn0040322	GNBP2
FBpp0074861	FBgn0040322	GNBP2
FBpp0070578	FBgn0029679	CG2901
FBpp0079815	FBgn0027582	CG6230
FBpp0083943	FBgn0026257	cav
FBpp0083942	FBgn0026257	cav
FBpp0083944	FBgn0026257	cav
FBpp0083941	FBgn0026257	cav
FBpp0291553	FBgn0029898	CG14439
FBpp0070921	FBgn0029898	CG14439
FBpp0291552	FBgn0029898	CG14439
FBpp0297243	FBgn0004436	Ubc6
FBpp0078490	FBgn0004436	Ubc6
FBpp0301543	FBgn0045477	Gr64c
FBpp0073052	FBgn0045477	Gr64c
FBpp0075629	FBgn0036337	Adk2
FBpp0312149	FBgn0036337	Adk2
FBpp0075630	FBgn0036337	Adk2
FBpp0303404	FBgn0038948	JMJD6
FBpp0083632	FBgn0038948	JMJD6
FBpp0073209	FBgn0035583	hoka
FBpp0075522	FBgn0036406	CG13484
FBpp0312471	FBgn0267649	pre-mod(mdg4)-H
FBpp0390652	FBgn0267649	pre-mod(mdg4)-H
FBpp0300791	FBgn0040375	CG13760
FBpp0289931	FBgn0040375	CG13760
FBpp0087731	FBgn0050349	CG30349
FBpp0112228	FBgn0040068	Vav
FBpp0305901	FBgn0040068	Vav
FBpp0074449	FBgn0040068	Vav
FBpp0074448	FBgn0040068	Vav
FBpp0088092	FBgn0033155	Br140
FBpp0311524	FBgn0033155	Br140
FBpp0304332	FBgn0032625	CG15136
FBpp0080507	FBgn0032625	CG15136
FBpp0070423	FBgn0001404	egh
FBpp0309090	FBgn0001404	egh
FBpp0070424	FBgn0001404	egh
FBpp0085852	FBgn0063497	GstE3
FBpp0087765	FBgn0033341	MrgBP
FBpp0082778	FBgn0027109	NPF
FBpp0304074	FBgn0027109	NPF
FBpp0304075	FBgn0027109	NPF
FBpp0308778	FBgn0243512	puc
FBpp0081288	FBgn0243512	puc
FBpp0084963	FBgn0001281	janB
FBpp0293153	FBgn0039092	CG16723
FBpp0085689	FBgn0034452	Oseg6
FBpp0112371	FBgn0053286	CG33286
FBpp0071283	FBgn0030092	fh
FBpp0083755	FBgn0039040	CG13833
FBpp0428445	FBgn0263655	CG43646
FBpp0111652	FBgn0085468	ND-MWFE
FBpp0111653	FBgn0085468	ND-MWFE
FBpp0084724	FBgn0039601	CG1523
FBpp0288972	FBgn0259204	sloth2
FBpp0288973	FBgn0259204	sloth2
FBpp0303338	FBgn0265274	Inx3
FBpp0311402	FBgn0265274	Inx3
FBpp0084719	FBgn0265274	Inx3
FBpp0310926	FBgn0262955	Polr2B
FBpp0082353	FBgn0262955	Polr2B
FBpp0111886	FBgn0030181	CG12645
FBpp0305116	FBgn0030181	CG12645
FBpp0074679	FBgn0005633	fln
FBpp0304969	FBgn0005633	fln
FBpp0074961	FBgn0052179	Krn
FBpp0289273	FBgn0259733	tal-AA
FBpp0070875	FBgn0014031	Agxt
FBpp0308761	FBgn0265417	CG44329
FBpp0303093	FBgn0035714	Sbds
FBpp0076652	FBgn0035714	Sbds
FBpp0075772	FBgn0036224	Rpt4R
FBpp0312163	FBgn0036224	Rpt4R
FBpp0084407	FBgn0039444	TwdlD
FBpp0082770	FBgn0038422	js
FBpp0082771	FBgn0038422	js
FBpp0080732	FBgn0032726	CG10621
FBpp0309710	FBgn0032726	CG10621
FBpp0309709	FBgn0032726	CG10621
FBpp0075602	FBgn0036321	CG14120
FBpp0308843	FBgn0085199	CG34170
FBpp0111276	FBgn0085199	CG34170
FBpp0111281	FBgn0085204	CG34175
FBpp0303233	FBgn0031375	erm
FBpp0303234	FBgn0031375	erm
FBpp0077539	FBgn0031375	erm
FBpp0303235	FBgn0031375	erm
FBpp0288391	FBgn0015569	alpha-Est10
FBpp0297078	FBgn0015569	alpha-Est10
FBpp0297077	FBgn0015569	alpha-Est10
FBpp0083987	FBgn0259685	crb
FBpp0110307	FBgn0259685	crb
FBpp0306945	FBgn0259685	crb
FBpp0293268	FBgn0259685	crb
FBpp0081522	FBgn0037696	GstZ1
FBpp0082693	FBgn0052856	CG32856
FBpp0291707	FBgn0052856	CG32856
FBpp0312386	FBgn0002440	l(3)mbn
FBpp0076770	FBgn0002440	l(3)mbn
FBpp0312387	FBgn0002440	l(3)mbn
FBpp0085962	FBgn0003520	stau
FBpp0290829	FBgn0003520	stau
FBpp0085963	FBgn0003520	stau
FBpp0071535	FBgn0034626	bisc
FBpp0423125	FBgn0034626	bisc
FBpp0075192	FBgn0036600	CG13043
FBpp0304108	FBgn0030519	CG11151
FBpp0073650	FBgn0030519	CG11151
FBpp0310604	FBgn0063499	GstE10
FBpp0085905	FBgn0063499	GstE10
FBpp0085666	FBgn0034461	CG15124
FBpp0081424	FBgn0037627	CG13318
FBpp0288638	FBgn0038632	CG14301
FBpp0112052	FBgn0035541	CG15019
FBpp0073191	FBgn0035541	CG15019
FBpp0072766	FBgn0035332	CG13801
FBpp0083430	FBgn0260004	Snmp1
FBpp0306056	FBgn0260004	Snmp1
FBpp0086627	FBgn0010638	Sec61beta
FBpp0087615	FBgn0033434	CG1902
FBpp0087614	FBgn0033434	CG1902
FBpp0304826	FBgn0031299	CG4629
FBpp0304825	FBgn0031299	CG4629
FBpp0302693	FBgn0040506	ACXE
FBpp0311976	FBgn0038834	RpS30
FBpp0083377	FBgn0038834	RpS30
FBpp0083376	FBgn0038834	RpS30
FBpp0083730	FBgn0017590	klg
FBpp0079814	FBgn0032345	Dnaaf4
FBpp0072523	FBgn0040281	Aplip1
FBpp0072522	FBgn0040281	Aplip1
FBpp0079368	FBgn0032094	CG12439
FBpp0309472	FBgn0032094	CG12439
FBpp0289898	FBgn0032682	grnd
FBpp0304599	FBgn0032682	grnd
FBpp0110563	FBgn0262115	CG17683
FBpp0110581	FBgn0262115	CG17683
FBpp0110483	FBgn0262115	CG17683
FBpp0110523	FBgn0262115	CG17683
FBpp0111589	FBgn0086913	Rab26
FBpp0304179	FBgn0086913	Rab26
FBpp0290744	FBgn0086913	Rab26
FBpp0304180	FBgn0086913	Rab26
FBpp0111590	FBgn0086913	Rab26
FBpp0311553	FBgn0086913	Rab26
FBpp0084848	FBgn0019972	Drice
FBpp0290631	FBgn0031294	IA-2
FBpp0304559	FBgn0031294	IA-2
FBpp0290630	FBgn0031294	IA-2
FBpp0309978	FBgn0031012	CG8051
FBpp0074452	FBgn0031012	CG8051
FBpp0085671	FBgn0040729	CG15126
FBpp0289545	FBgn0259972	Sfp77F
FBpp0312158	FBgn0259972	Sfp77F
FBpp0428225	FBgn0053690	dls
FBpp0306011	FBgn0266136	Gyc76C
FBpp0291487	FBgn0266136	Gyc76C
FBpp0291486	FBgn0266136	Gyc76C
FBpp0291488	FBgn0266136	Gyc76C
FBpp0073902	FBgn0027329	CCT6
FBpp0076558	FBgn0035771	Sec63
FBpp0074625	FBgn0036951	CG7017
FBpp0304941	FBgn0036951	CG7017
FBpp0309754	FBgn0034720	Liprin-gamma
FBpp0112020	FBgn0034720	Liprin-gamma
FBpp0071758	FBgn0034720	Liprin-gamma
FBpp0112019	FBgn0034720	Liprin-gamma
FBpp0071757	FBgn0034720	Liprin-gamma
FBpp0311225	FBgn0267861	Maf1
FBpp0112553	FBgn0267861	Maf1
FBpp0112552	FBgn0267861	Maf1
FBpp0112554	FBgn0267861	Maf1
FBpp0290343	FBgn0267861	Maf1
FBpp0091113	FBgn0053868	His2B:CG33868
FBpp0304468	FBgn0051542	CG31542
FBpp0078432	FBgn0051542	CG31542
FBpp0071055	FBgn0029987	CG15330
FBpp0311511	FBgn0034588	CG9394
FBpp0071495	FBgn0034588	CG9394
FBpp0298028	FBgn0283473	S6KL
FBpp0074405	FBgn0283473	S6KL
FBpp0298027	FBgn0283473	S6KL
FBpp0087757	FBgn0033351	AIMP1
FBpp0083800	FBgn0264326	PolE1
FBpp0086054	FBgn0034253	CG10936
FBpp0100164	FBgn0054056	CG34056
FBpp0074522	FBgn0031059	CG14229
FBpp0311222	FBgn0031059	CG14229
FBpp0307029	FBgn0031059	CG14229
FBpp0071108	FBgn0030010	CG10959
FBpp0304004	FBgn0030010	CG10959
FBpp0083696	FBgn0263986	cd
FBpp0079932	FBgn0051862	CG31862
FBpp0076446	FBgn0035852	CG7387
FBpp0307975	FBgn0038961	CG13850
FBpp0083626	FBgn0038961	CG13850
FBpp0084804	FBgn0015622	Cnx99A
FBpp0110209	FBgn0015622	Cnx99A
FBpp0306896	FBgn0015622	Cnx99A
FBpp0084803	FBgn0015622	Cnx99A
FBpp0081956	FBgn0013276	Hsp70Ab
FBpp0076441	FBgn0035861	CG7213
FBpp0292257	FBgn0050062	CG30062
FBpp0081550	FBgn0037716	Son
FBpp0306717	FBgn0037716	Son
FBpp0292125	FBgn0036603	CG13062
FBpp0099477	FBgn0038201	PK1-R
FBpp0296961	FBgn0038201	PK1-R
FBpp0289110	FBgn0033494	KCNQ
FBpp0301794	FBgn0033494	KCNQ
FBpp0301791	FBgn0033494	KCNQ
FBpp0301793	FBgn0033494	KCNQ
FBpp0290659	FBgn0033494	KCNQ
FBpp0301795	FBgn0033494	KCNQ
FBpp0290658	FBgn0033494	KCNQ
FBpp0289111	FBgn0033494	KCNQ
FBpp0301792	FBgn0033494	KCNQ
FBpp0078697	FBgn0031688	Cyp28d2
FBpp0076190	FBgn0266124	ghi
FBpp0076707	FBgn0035691	CG7386
FBpp0091068	FBgn0053822	His1:CG33822
FBpp0310949	FBgn0266538	CG45099
FBpp0077552	FBgn0031360	CG31937
FBpp0085562	FBgn0061361	Tcs1
FBpp0312086	FBgn0032859	Arpc2
FBpp0080890	FBgn0032859	Arpc2
FBpp0290467	FBgn0260755	CG42553
FBpp0303270	FBgn0002787	Rpn8
FBpp0305141	FBgn0002787	Rpn8
FBpp0072197	FBgn0002787	Rpn8
FBpp0091054	FBgn0053807	His1:CG33807
FBpp0085417	FBgn0033010	Atf6
FBpp0085415	FBgn0033010	Atf6
FBpp0085416	FBgn0033010	Atf6
FBpp0083435	FBgn0038857	Bdbt
FBpp0302671	FBgn0035639	kri
FBpp0302670	FBgn0035639	kri
FBpp0076818	FBgn0035639	kri
FBpp0081792	FBgn0037828	tomboy20
FBpp0078331	FBgn0011715	Snr1
FBpp0085098	FBgn0039820	CG15554
FBpp0091074	FBgn0053828	His1:CG33828
FBpp0084876	FBgn0051202	alpha-Man-Ic
FBpp0076830	FBgn0263106	DnaJ-1
FBpp0076829	FBgn0263106	DnaJ-1
FBpp0091075	FBgn0053829	His2A:CG33829
FBpp0080672	FBgn0032702	CG10376
FBpp0099998	FBgn0034139	CG4927
FBpp0081285	FBgn0037546	mAChR-B
FBpp0311060	FBgn0037546	mAChR-B
FBpp0304942	FBgn0036949	CG7290
FBpp0074627	FBgn0036949	CG7290
FBpp0087168	FBgn0033658	Twdlbeta
FBpp0087766	FBgn0027513	ana2
FBpp0308416	FBgn0027513	ana2
FBpp0292634	FBgn0261928	CG42795
FBpp0292635	FBgn0261928	CG42795
FBpp0311379	FBgn0261928	CG42795
FBpp0311380	FBgn0261928	CG42795
FBpp0304710	FBgn0261928	CG42795
FBpp0311381	FBgn0261928	CG42795
FBpp0085817	FBgn0010651	MFS14
FBpp0085816	FBgn0010651	MFS14
FBpp0311551	FBgn0010651	MFS14
FBpp0311505	FBgn0036290	CG10638
FBpp0088362	FBgn0036290	CG10638
FBpp0089012	FBgn0036290	CG10638
FBpp0084580	FBgn0039525	CG5646
FBpp0110122	FBgn0036454	CG17839
FBpp0075445	FBgn0036454	CG17839
FBpp0084851	FBgn0039704	neo
FBpp0084852	FBgn0039704	neo
FBpp0071088	FBgn0261592	RpS6
FBpp0071087	FBgn0261592	RpS6
FBpp0312089	FBgn0264432	CG43850
FBpp0304786	FBgn0264432	CG43850
FBpp0271736	FBgn0032717	CG10600
FBpp0303621	FBgn0032717	CG10600
FBpp0080665	FBgn0032717	CG10600
FBpp0087875	FBgn0050375	CG30375
FBpp0085635	FBgn0043533	Obp56f
FBpp0085885	FBgn0034362	CG5323
FBpp0076113	FBgn0036020	Cyp40
FBpp0076115	FBgn0036020	Cyp40
FBpp0305988	FBgn0036020	Cyp40
FBpp0076114	FBgn0036020	Cyp40
FBpp0303571	FBgn0260486	Ziz
FBpp0303568	FBgn0260486	Ziz
FBpp0303565	FBgn0260486	Ziz
FBpp0303567	FBgn0260486	Ziz
FBpp0303566	FBgn0260486	Ziz
FBpp0303569	FBgn0260486	Ziz
FBpp0304510	FBgn0260486	Ziz
FBpp0303572	FBgn0260486	Ziz
FBpp0303570	FBgn0260486	Ziz
FBpp0308361	FBgn0039225	Ets96B
FBpp0089401	FBgn0039225	Ets96B
FBpp0076788	FBgn0052412	QC
FBpp0074957	FBgn0036751	Adgf-B
FBpp0306060	FBgn0085308	CG34279
FBpp0111388	FBgn0085308	CG34279
FBpp0084992	FBgn0039766	CG15536
FBpp0070597	FBgn0029685	CG2938
FBpp0304661	FBgn0029685	CG2938
FBpp0311756	FBgn0029685	CG2938
FBpp0301022	FBgn0263355	CG31688
FBpp0271886	FBgn0263355	CG31688
FBpp0303236	FBgn0263355	CG31688
FBpp0303237	FBgn0263355	CG31688
FBpp0303511	FBgn0263355	CG31688
FBpp0072691	FBgn0035251	Vta1
FBpp0111310	FBgn0085231	CG34202
FBpp0081553	FBgn0037720	CG8312
FBpp0306683	FBgn0037720	CG8312
FBpp0306684	FBgn0037720	CG8312
FBpp0081554	FBgn0037720	CG8312
FBpp0306840	FBgn0031589	Naprt
FBpp0077172	FBgn0031589	Naprt
FBpp0077171	FBgn0031589	Naprt
FBpp0428429	FBgn0031589	Naprt
FBpp0077169	FBgn0031589	Naprt
FBpp0077168	FBgn0031589	Naprt
FBpp0111933	FBgn0031589	Naprt
FBpp0306839	FBgn0031589	Naprt
FBpp0077170	FBgn0031589	Naprt
FBpp0084781	FBgn0039641	CG14511
FBpp0074552	FBgn0031022	CG12204
FBpp0100180	FBgn0013676	mt:CoIII
FBpp0075018	FBgn0052170	CG32170
FBpp0076706	FBgn0035689	CG7376
FBpp0304173	FBgn0035689	CG7376
FBpp0300874	FBgn0025638	Roc1a
FBpp0070117	FBgn0025638	Roc1a
FBpp0310165	FBgn0025638	Roc1a
FBpp0071243	FBgn0030104	CG15368
FBpp0297750	FBgn0036537	CG18081
FBpp0075292	FBgn0036537	CG18081
FBpp0304444	FBgn0036537	CG18081
FBpp0306235	FBgn0264739	CG43997
FBpp0081867	FBgn0037902	CG5281
FBpp0088120	FBgn0033153	Gadd45
FBpp0077303	FBgn0031505	ND-B14.5B
FBpp0302939	FBgn0031505	ND-B14.5B
FBpp0111439	FBgn0085354	CG34325
FBpp0308860	FBgn0085354	CG34325
FBpp0308859	FBgn0085354	CG34325
FBpp0074683	FBgn0052219	CG32219
FBpp0079415	FBgn0040097	lectin-30A
FBpp0074180	FBgn0002590	RpS5a
FBpp0309957	FBgn0002590	RpS5a
FBpp0311353	FBgn0002590	RpS5a
FBpp0309958	FBgn0002590	RpS5a
FBpp0079892	FBgn0032398	CG6766
FBpp0075441	FBgn0036450	Tdrd3
FBpp0073782	FBgn0030611	CG15027
FBpp0078269	FBgn0037399	Or83c
FBpp0083273	FBgn0038773	CG10887
FBpp0084635	FBgn0039561	mfrn
FBpp0311259	FBgn0039994	conu
FBpp0110582	FBgn0039994	conu
FBpp0110554	FBgn0039994	conu
FBpp0291580	FBgn0039994	conu
FBpp0110498	FBgn0039994	conu
FBpp0082924	FBgn0038529	CG14323
FBpp0071476	FBgn0034573	Sou
FBpp0290369	FBgn0037896	ninaG
FBpp0081880	FBgn0037896	ninaG
FBpp0071805	FBgn0034784	CG9826
FBpp0309871	FBgn0034784	CG9826
FBpp0079372	FBgn0052982	CG32982
FBpp0303252	FBgn0052982	CG32982
FBpp0290261	FBgn0052982	CG32982
FBpp0303251	FBgn0052982	CG32982
FBpp0110260	FBgn0052982	CG32982
FBpp0292891	FBgn0052982	CG32982
FBpp0290262	FBgn0052982	CG32982
FBpp0111988	FBgn0033744	Dh44-R2
FBpp0087047	FBgn0033744	Dh44-R2
FBpp0088927	FBgn0032851	CG13970
FBpp0078050	FBgn0283479	Alp1
FBpp0304205	FBgn0283479	Alp1
FBpp0080608	FBgn0051787	CG31787
FBpp0088523	FBgn0028741	fab1
FBpp0088952	FBgn0028741	fab1
FBpp0081214	FBgn0037439	CG10286
FBpp0078872	FBgn0026755	Ugt37B1
FBpp0072711	FBgn0035228	CG12091
FBpp0305592	FBgn0035228	CG12091
FBpp0308583	FBgn0031184	CG14615
FBpp0077061	FBgn0031184	CG14615
FBpp0306928	FBgn0037297	CG1116
FBpp0078422	FBgn0037297	CG1116
FBpp0078421	FBgn0037297	CG1116
FBpp0428416	FBgn0031903	Wnt10
FBpp0072572	FBgn0010786	Hmbs
FBpp0289855	FBgn0040565	CG7606
FBpp0312517	FBgn0040565	CG7606
FBpp0070074	FBgn0000137	ase
FBpp0077690	FBgn0002563	Lsp1beta
FBpp0311765	FBgn0002563	Lsp1beta
FBpp0080068	FBgn0051849	Mgat3
FBpp0078809	FBgn0001942	eIF4A
FBpp0078806	FBgn0001942	eIF4A
FBpp0303628	FBgn0001942	eIF4A
FBpp0078808	FBgn0001942	eIF4A
FBpp0297911	FBgn0001942	eIF4A
FBpp0078807	FBgn0001942	eIF4A
FBpp0099381	FBgn0053965	CG33965
FBpp0088616	FBgn0028560	sut4
FBpp0073834	FBgn0003132	Pp1-13C
FBpp0085510	FBgn0050160	CG30160
FBpp0078737	FBgn0031721	CG14017
FBpp0111279	FBgn0085202	CG34173
FBpp0085373	FBgn0033032	kune
FBpp0301745	FBgn0021872	Xbp1
FBpp0301746	FBgn0021872	Xbp1
FBpp0081628	FBgn0037770	Art4
FBpp0305840	FBgn0037770	Art4
FBpp0300805	FBgn0013576	mtd
FBpp0099569	FBgn0013576	mtd
FBpp0078453	FBgn0013576	mtd
FBpp0271938	FBgn0013576	mtd
FBpp0110233	FBgn0013576	mtd
FBpp0271941	FBgn0013576	mtd
FBpp0078456	FBgn0013576	mtd
FBpp0297633	FBgn0013576	mtd
FBpp0300804	FBgn0013576	mtd
FBpp0078460	FBgn0013576	mtd
FBpp0110232	FBgn0013576	mtd
FBpp0271939	FBgn0013576	mtd
FBpp0271940	FBgn0013576	mtd
FBpp0078458	FBgn0013576	mtd
FBpp0078454	FBgn0013576	mtd
FBpp0078455	FBgn0013576	mtd
FBpp0305848	FBgn0013576	mtd
FBpp0271942	FBgn0013576	mtd
FBpp0099567	FBgn0013576	mtd
FBpp0078457	FBgn0013576	mtd
FBpp0089229	FBgn0013576	mtd
FBpp0297634	FBgn0013576	mtd
FBpp0078459	FBgn0013576	mtd
FBpp0089041	FBgn0023175	Prosalpha7
FBpp0308644	FBgn0051676	CG31676
FBpp0080953	FBgn0051676	CG31676
FBpp0297783	FBgn0263041	CG43336
FBpp0085810	FBgn0034400	CG15099
FBpp0303087	FBgn0034400	CG15099
FBpp0085779	FBgn0050125	Ir56a
FBpp0305839	FBgn0267336	Glut4EF
FBpp0305838	FBgn0267336	Glut4EF
FBpp0113073	FBgn0267336	Glut4EF
FBpp0113074	FBgn0267336	Glut4EF
FBpp0111489	FBgn0267336	Glut4EF
FBpp0293687	FBgn0267336	Glut4EF
FBpp0111488	FBgn0267336	Glut4EF
FBpp0113075	FBgn0267336	Glut4EF
FBpp0290271	FBgn0085396	CG34367
FBpp0305220	FBgn0085396	CG34367
FBpp0111504	FBgn0085396	CG34367
FBpp0086443	FBgn0022160	Gpo1
FBpp0086442	FBgn0022160	Gpo1
FBpp0111813	FBgn0022160	Gpo1
FBpp0086444	FBgn0022160	Gpo1
FBpp0087140	FBgn0013756	Mgtor
FBpp0304737	FBgn0013756	Mgtor
FBpp0080156	FBgn0028847	CG9014
FBpp0310256	FBgn0028847	CG9014
FBpp0309084	FBgn0260753	Pdfr
FBpp0309083	FBgn0260753	Pdfr
FBpp0099841	FBgn0260753	Pdfr
FBpp0300789	FBgn0260753	Pdfr
FBpp0428122	FBgn0025621	CG16989
FBpp0428123	FBgn0025621	CG16989
FBpp0308650	FBgn0031558	CG16704
FBpp0077239	FBgn0031558	CG16704
FBpp0073223	FBgn0035567	CG7514
FBpp0288750	FBgn0034420	CG10737
FBpp0099675	FBgn0034420	CG10737
FBpp0288755	FBgn0034420	CG10737
FBpp0288751	FBgn0034420	CG10737
FBpp0428435	FBgn0034420	CG10737
FBpp0428436	FBgn0034420	CG10737
FBpp0085772	FBgn0034420	CG10737
FBpp0288756	FBgn0034420	CG10737
FBpp0085769	FBgn0034420	CG10737
FBpp0288753	FBgn0034420	CG10737
FBpp0428437	FBgn0034420	CG10737
FBpp0309394	FBgn0034420	CG10737
FBpp0085770	FBgn0034420	CG10737
FBpp0309393	FBgn0034420	CG10737
FBpp0309395	FBgn0034420	CG10737
FBpp0288757	FBgn0034420	CG10737
FBpp0288752	FBgn0034420	CG10737
FBpp0088117	FBgn0053140	CG33140
FBpp0088443	FBgn0003892	ptc
FBpp0307765	FBgn0039597	CG9997
FBpp0084683	FBgn0039597	CG9997
FBpp0305281	FBgn0003071	Pfk
FBpp0087507	FBgn0003071	Pfk
FBpp0293464	FBgn0003071	Pfk
FBpp0087508	FBgn0003071	Pfk
FBpp0087506	FBgn0003071	Pfk
FBpp0085633	FBgn0034480	CG16898
FBpp0111766	FBgn0005564	Shal
FBpp0305471	FBgn0005564	Shal
FBpp0074741	FBgn0005564	Shal
FBpp0074472	FBgn0030983	CG15882
FBpp0110138	FBgn0051902	Spn28Da
FBpp0298349	FBgn0034364	CG5493
FBpp0298350	FBgn0034364	CG5493
FBpp0085892	FBgn0034364	CG5493
FBpp0298348	FBgn0034364	CG5493
FBpp0304417	FBgn0035121	Tudor-SN
FBpp0072419	FBgn0035121	Tudor-SN
FBpp0081488	FBgn0026380	Prosbeta3
FBpp0307841	FBgn0052687	CG32687
FBpp0071392	FBgn0052687	CG32687
FBpp0080394	FBgn0028506	CG4455
FBpp0352249	FBgn0263076	Klp54D
FBpp0352250	FBgn0263076	Klp54D
FBpp0309196	FBgn0263076	Klp54D
FBpp0297759	FBgn0263076	Klp54D
FBpp0297760	FBgn0263076	Klp54D
FBpp0082845	FBgn0051267	CG31267
FBpp0080516	FBgn0045486	Gr36b
FBpp0292994	FBgn0262103	Sik3
FBpp0310664	FBgn0262103	Sik3
FBpp0292995	FBgn0262103	Sik3
FBpp0292993	FBgn0262103	Sik3
FBpp0309334	FBgn0262103	Sik3
FBpp0310663	FBgn0262103	Sik3
FBpp0085249	FBgn0051618	His2A:CG31618
FBpp0077891	FBgn0036986	CG5282
FBpp0293583	FBgn0262576	CG43116
FBpp0075710	FBgn0052102	CG32102
FBpp0088675	FBgn0003189	r
FBpp0309141	FBgn0003189	r
FBpp0309142	FBgn0003189	r
FBpp0083160	FBgn0038686	CG5555
FBpp0304474	FBgn0038686	CG5555
FBpp0077931	FBgn0037023	CG3698
FBpp0083827	FBgn0039099	GILT2
FBpp0077625	FBgn0031310	Vps29
FBpp0310633	FBgn0038944	CG5388
FBpp0083634	FBgn0038944	CG5388
FBpp0079046	FBgn0031895	CG4497
FBpp0292074	FBgn0031895	CG4497
FBpp0306051	FBgn0035254	CG7974
FBpp0072646	FBgn0035254	CG7974
FBpp0070426	FBgn0040336	Seipin
FBpp0076413	FBgn0035848	Uxs
FBpp0078116	FBgn0037116	Als2
FBpp0075932	FBgn0036118	Blos2
FBpp0300973	FBgn0034047	cGlr1
FBpp0084202	FBgn0039316	CG11893
FBpp0423191	FBgn0023524	CG3078
FBpp0309183	FBgn0023524	CG3078
FBpp0070399	FBgn0023524	CG3078
FBpp0423140	FBgn0023524	CG3078
FBpp0303673	FBgn0031257	CG4133
FBpp0077721	FBgn0031257	CG4133
FBpp0303672	FBgn0031257	CG4133
FBpp0080409	FBgn0028375	heix
FBpp0303318	FBgn0003429	slo
FBpp0100093	FBgn0003429	slo
FBpp0089227	FBgn0003429	slo
FBpp0100089	FBgn0003429	slo
FBpp0100083	FBgn0003429	slo
FBpp0290796	FBgn0003429	slo
FBpp0084063	FBgn0003429	slo
FBpp0100084	FBgn0003429	slo
FBpp0290797	FBgn0003429	slo
FBpp0100096	FBgn0003429	slo
FBpp0100097	FBgn0003429	slo
FBpp0306409	FBgn0003429	slo
FBpp0100082	FBgn0003429	slo
FBpp0100086	FBgn0003429	slo
FBpp0306410	FBgn0003429	slo
FBpp0100091	FBgn0003429	slo
FBpp0100098	FBgn0003429	slo
FBpp0306411	FBgn0003429	slo
FBpp0100095	FBgn0003429	slo
FBpp0100092	FBgn0003429	slo
FBpp0100094	FBgn0003429	slo
FBpp0084064	FBgn0003429	slo
FBpp0303319	FBgn0003429	slo
FBpp0290412	FBgn0037619	CG8159
FBpp0308342	FBgn0054007	CG34007
FBpp0099418	FBgn0054007	CG34007
FBpp0312218	FBgn0037894	Ipo9
FBpp0081862	FBgn0037894	Ipo9
FBpp0308431	FBgn0040531	CG11741
FBpp0111681	FBgn0040531	CG11741
FBpp0084133	FBgn0045866	bai
FBpp0289568	FBgn0284221	Sema5c
FBpp0075784	FBgn0284221	Sema5c
FBpp0086882	FBgn0005654	Orc3
FBpp0086881	FBgn0005654	Orc3
FBpp0302539	FBgn0263743	CG43668
FBpp0076601	FBgn0028648	mRpL50
FBpp0312540	FBgn0037544	CG11035
FBpp0081306	FBgn0037544	CG11035
FBpp0070527	FBgn0025645	CG3598
FBpp0078950	FBgn0028990	Spn27A
FBpp0305543	FBgn0028990	Spn27A
FBpp0304462	FBgn0262519	Mi-2
FBpp0074688	FBgn0262519	Mi-2
FBpp0099808	FBgn0262519	Mi-2
FBpp0291256	FBgn0262519	Mi-2
FBpp0081903	FBgn0025821	I-t
FBpp0082733	FBgn0038400	Mic26-27
FBpp0312504	FBgn0038400	Mic26-27
FBpp0310464	FBgn0038400	Mic26-27
FBpp0072731	FBgn0035299	CG11815
FBpp0078371	FBgn0027497	Madm
FBpp0312573	FBgn0027497	Madm
FBpp0311677	FBgn0024984	CG3457
FBpp0070376	FBgn0024984	CG3457
FBpp0071961	FBgn0034834	LS2
FBpp0307917	FBgn0030739	SWIP
FBpp0302027	FBgn0034816	CG3085
FBpp0071873	FBgn0034816	CG3085
FBpp0081579	FBgn0037724	Fst
FBpp0078980	FBgn0021944	Coprox
FBpp0312175	FBgn0021944	Coprox
FBpp0079234	FBgn0261020	wol
FBpp0084386	FBgn0039429	CG14238
FBpp0071403	FBgn0052679	CG32679
FBpp0294053	FBgn0262683	CG43153
FBpp0077252	FBgn0051954	CG31954
FBpp0303587	FBgn0083981	RunxA
FBpp0300389	FBgn0083981	RunxA
FBpp0303586	FBgn0083981	RunxA
FBpp0076769	FBgn0086611	Lcp65Ag3
FBpp0075950	FBgn0036139	CG6216
FBpp0087713	FBgn0033374	Boot
FBpp0088498	FBgn0002174	CG5504
FBpp0297363	FBgn0002174	CG5504
FBpp0088955	FBgn0002174	CG5504
FBpp0311249	FBgn0002174	CG5504
FBpp0088954	FBgn0002174	CG5504
FBpp0071005	FBgn0029940	CG1958
FBpp0073330	FBgn0052667	ssp7
FBpp0311946	FBgn0002887	mus201
FBpp0099906	FBgn0002887	mus201
FBpp0310462	FBgn0038402	Fer2
FBpp0310461	FBgn0038402	Fer2
FBpp0310463	FBgn0038402	Fer2
FBpp0290923	FBgn0038402	Fer2
FBpp0302678	FBgn0039920	CG11360
FBpp0088160	FBgn0039920	CG11360
FBpp0302677	FBgn0039920	CG11360
FBpp0302676	FBgn0039920	CG11360
FBpp0070811	FBgn0027564	CG3149
FBpp0073376	FBgn0030326	CG2444
FBpp0312032	FBgn0030326	CG2444
FBpp0312133	FBgn0050462	ste24c
FBpp0100158	FBgn0050462	ste24c
FBpp0307819	FBgn0050462	ste24c
FBpp0290112	FBgn0033781	CG13319
FBpp0086901	FBgn0033781	CG13319
FBpp0072161	FBgn0034978	CG3257
FBpp0077663	FBgn0040107	lectin-21Ca
FBpp0300333	FBgn0030412	Tomosyn
FBpp0073511	FBgn0030412	Tomosyn
FBpp0309352	FBgn0030412	Tomosyn
FBpp0300334	FBgn0030412	Tomosyn
FBpp0300332	FBgn0030412	Tomosyn
FBpp0309353	FBgn0030412	Tomosyn
FBpp0289604	FBgn0030412	Tomosyn
FBpp0082637	FBgn0003483	spn-E
FBpp0290137	FBgn0039872	salt
FBpp0308328	FBgn0039872	salt
FBpp0072793	FBgn0035309	CG15879
FBpp0290253	FBgn0036563	CG13075
FBpp0099451	FBgn0054040	CG34040
FBpp0075907	FBgn0036162	Fum3
FBpp0304212	FBgn0036162	Fum3
FBpp0087617	FBgn0050339	CG30339
FBpp0290144	FBgn0050026	CG30026
FBpp0081569	FBgn0037734	trbd
FBpp0073414	FBgn0030350	SelG
FBpp0302600	FBgn0263760	CG43677
FBpp0309112	FBgn0265535	CG44385
FBpp0076858	FBgn0035603	Pfdn4
FBpp0081892	FBgn0037922	CG14711
FBpp0076908	FBgn0031182	Cyp6t1
FBpp0078144	FBgn0015075	Ddx1
FBpp0306089	FBgn0052447	CG32447
FBpp0306090	FBgn0052447	CG32447
FBpp0078115	FBgn0052447	CG32447
FBpp0071229	FBgn0030088	Arfrp1
FBpp0084821	FBgn0039684	Obp99d
FBpp0072248	FBgn0069913	CG4681
FBpp0301984	FBgn0285879	disco-r
FBpp0074029	FBgn0285879	disco-r
FBpp0301985	FBgn0285879	disco-r
FBpp0301986	FBgn0285879	disco-r
FBpp0078192	FBgn0037182	ArfGAP3
FBpp0078191	FBgn0037182	ArfGAP3
FBpp0304160	FBgn0037182	ArfGAP3
FBpp0112099	FBgn0037182	ArfGAP3
FBpp0303207	FBgn0037182	ArfGAP3
FBpp0303206	FBgn0037182	ArfGAP3
FBpp0303208	FBgn0037182	ArfGAP3
FBpp0085166	FBgn0039857	RpL6
FBpp0085165	FBgn0039857	RpL6
FBpp0310756	FBgn0262127	kibra
FBpp0099467	FBgn0262127	kibra
FBpp0311814	FBgn0053687	CG33687
FBpp0088269	FBgn0002521	pho
FBpp0088268	FBgn0002521	pho
FBpp0390633	FBgn0013684	mt:ND5
FBpp0088438	FBgn0000109	Aprt
FBpp0312098	FBgn0000109	Aprt
FBpp0312099	FBgn0000109	Aprt
FBpp0085853	FBgn0063496	GstE4
FBpp0081078	FBgn0037506	Mics1
FBpp0085019	FBgn0039784	CG9698
FBpp0082721	FBgn0038414	CG6901
FBpp0078977	FBgn0020616	SA1
FBpp0300802	FBgn0051601	CG31601
FBpp0300162	FBgn0051601	CG31601
FBpp0083427	FBgn0264357	SNF4Agamma
FBpp0111829	FBgn0264357	SNF4Agamma
FBpp0110238	FBgn0264357	SNF4Agamma
FBpp0110239	FBgn0264357	SNF4Agamma
FBpp0083421	FBgn0264357	SNF4Agamma
FBpp0083423	FBgn0264357	SNF4Agamma
FBpp0290804	FBgn0264357	SNF4Agamma
FBpp0083424	FBgn0264357	SNF4Agamma
FBpp0083425	FBgn0264357	SNF4Agamma
FBpp0290800	FBgn0264357	SNF4Agamma
FBpp0290803	FBgn0264357	SNF4Agamma
FBpp0290801	FBgn0264357	SNF4Agamma
FBpp0083422	FBgn0264357	SNF4Agamma
FBpp0290802	FBgn0264357	SNF4Agamma
FBpp0110237	FBgn0264357	SNF4Agamma
FBpp0111828	FBgn0264357	SNF4Agamma
FBpp0071250	FBgn0030114	CG17754
FBpp0309114	FBgn0030114	CG17754
FBpp0071251	FBgn0030114	CG17754
FBpp0309116	FBgn0030114	CG17754
FBpp0309115	FBgn0030114	CG17754
FBpp0071249	FBgn0030114	CG17754
FBpp0423118	FBgn0286741	CG46383
FBpp0070851	FBgn0029839	CG4660
FBpp0312065	FBgn0004855	Polr2I
FBpp0301701	FBgn0004855	Polr2I
FBpp0082384	FBgn0004855	Polr2I
FBpp0297914	FBgn0031759	Kdm5
FBpp0297913	FBgn0031759	Kdm5
FBpp0078863	FBgn0031759	Kdm5
FBpp0311492	FBgn0031759	Kdm5
FBpp0297912	FBgn0031759	Kdm5
FBpp0078862	FBgn0031759	Kdm5
FBpp0291026	FBgn0069923	CG41128
FBpp0288719	FBgn0033308	CG8736
FBpp0083446	FBgn0051207	CG31207
FBpp0070463	FBgn0000927	fs(1)Ya
FBpp0291610	FBgn0053668	CG33668
FBpp0081156	FBgn0010774	Ref1
FBpp0271922	FBgn0034569	dgt3
FBpp0087468	FBgn0050008	CG30008
FBpp0076832	FBgn0035624	Eaf6
FBpp0071206	FBgn0030073	CG10962
FBpp0293377	FBgn0262486	CG43076
FBpp0080086	FBgn0028941	CG16853
FBpp0304784	FBgn0028941	CG16853
FBpp0080299	FBgn0001983	wor
FBpp0085498	FBgn0050158	CG30158
FBpp0289339	FBgn0035453	CG10357
FBpp0078100	FBgn0037138	P5CDh1
FBpp0305036	FBgn0037138	P5CDh1
FBpp0078101	FBgn0037138	P5CDh1
FBpp0078099	FBgn0037138	P5CDh1
FBpp0292150	FBgn0037138	P5CDh1
FBpp0074459	FBgn0031004	CG7992
FBpp0075349	FBgn0036509	CG7739
FBpp0304159	FBgn0037174	Jhbp6
FBpp0100135	FBgn0037174	Jhbp6
FBpp0078169	FBgn0037174	Jhbp6
FBpp0298030	FBgn0030893	RhoGAP16F
FBpp0298029	FBgn0030893	RhoGAP16F
FBpp0309970	FBgn0030893	RhoGAP16F
FBpp0074287	FBgn0030893	RhoGAP16F
FBpp0309969	FBgn0030893	RhoGAP16F
FBpp0081851	FBgn0026314	Ugt35B1
FBpp0085537	FBgn0267791	HnRNP-K
FBpp0089364	FBgn0267791	HnRNP-K
FBpp0307711	FBgn0267791	HnRNP-K
FBpp0290974	FBgn0267791	HnRNP-K
FBpp0089363	FBgn0267791	HnRNP-K
FBpp0089365	FBgn0267791	HnRNP-K
FBpp0083213	FBgn0038723	CG6195
FBpp0303448	FBgn0263706	CG43658
FBpp0309639	FBgn0263706	CG43658
FBpp0302022	FBgn0263706	CG43658
FBpp0309640	FBgn0263706	CG43658
FBpp0302019	FBgn0263706	CG43658
FBpp0302018	FBgn0263706	CG43658
FBpp0302021	FBgn0263706	CG43658
FBpp0302020	FBgn0263706	CG43658
FBpp0074174	FBgn0003057	CG10598
FBpp0312013	FBgn0003057	CG10598
FBpp0072660	FBgn0011573	Cdc37
FBpp0310263	FBgn0053307	CG33307
FBpp0080142	FBgn0053307	CG33307
FBpp0075896	FBgn0064766	CG7600
FBpp0307950	FBgn0027083	MetRS-m
FBpp0312479	FBgn0027083	MetRS-m
FBpp0082356	FBgn0027083	MetRS-m
FBpp0083681	FBgn0053099	CG33099
FBpp0289303	FBgn0041232	Grl65a
FBpp0071971	FBgn0010501	Dcp-1
FBpp0307188	FBgn0037238	CG1090
FBpp0307190	FBgn0037238	CG1090
FBpp0304722	FBgn0037238	CG1090
FBpp0307189	FBgn0037238	CG1090
FBpp0111647	FBgn0250904	CG34434
FBpp0312553	FBgn0267828	Fatp1
FBpp0312556	FBgn0267828	Fatp1
FBpp0312554	FBgn0267828	Fatp1
FBpp0312555	FBgn0267828	Fatp1
FBpp0079227	FBgn0051901	Mur29B
FBpp0083569	FBgn0038923	mRpL35
FBpp0305495	FBgn0030743	CG9921
FBpp0305494	FBgn0030743	CG9921
FBpp0083198	FBgn0003011	ort
FBpp0310260	FBgn0025115	Acyp
FBpp0080132	FBgn0025115	Acyp
FBpp0290000	FBgn0035528	CG15012
FBpp0072503	FBgn0260862	Vti1a
FBpp0312385	FBgn0053795	CG33795
FBpp0307041	FBgn0030065	CG12075
FBpp0307040	FBgn0030065	CG12075
FBpp0071197	FBgn0030065	CG12075
FBpp0298272	FBgn0030065	CG12075
FBpp0071196	FBgn0030065	CG12075
FBpp0083132	FBgn0260779	GatA
FBpp0306155	FBgn0030749	AnxB11
FBpp0074077	FBgn0030749	AnxB11
FBpp0306154	FBgn0030749	AnxB11
FBpp0306157	FBgn0030749	AnxB11
FBpp0074078	FBgn0030749	AnxB11
FBpp0306156	FBgn0030749	AnxB11
FBpp0306158	FBgn0030749	AnxB11
FBpp0423420	FBgn0287212	CG46442
FBpp0073608	FBgn0030482	Bcat
FBpp0071024	FBgn0025549	unc-119
FBpp0312199	FBgn0025549	unc-119
FBpp0307414	FBgn0037980	DCAF12
FBpp0082028	FBgn0037980	DCAF12
FBpp0293655	FBgn0050379	CG30379
FBpp0423085	FBgn0028935	CG7653
FBpp0082485	FBgn0038292	CG3987
FBpp0289144	FBgn0035101	p130CAS
FBpp0291103	FBgn0035101	p130CAS
FBpp0289142	FBgn0035101	p130CAS
FBpp0289143	FBgn0035101	p130CAS
FBpp0072377	FBgn0035101	p130CAS
FBpp0082289	FBgn0038173	Adgf-C
FBpp0075150	FBgn0036639	CG4229
FBpp0084787	FBgn0039626	Slu7
FBpp0074410	FBgn0030963	CG7101
FBpp0289517	FBgn0032074	Tsp29Fa
FBpp0079355	FBgn0032074	Tsp29Fa
FBpp0309228	FBgn0032074	Tsp29Fa
FBpp0290428	FBgn0037676	CG8861
FBpp0289564	FBgn0037676	CG8861
FBpp0290718	FBgn0260934	par-1
FBpp0085646	FBgn0260934	par-1
FBpp0290721	FBgn0260934	par-1
FBpp0303277	FBgn0260934	par-1
FBpp0099804	FBgn0260934	par-1
FBpp0303276	FBgn0260934	par-1
FBpp0099807	FBgn0260934	par-1
FBpp0290719	FBgn0260934	par-1
FBpp0085653	FBgn0260934	par-1
FBpp0290720	FBgn0260934	par-1
FBpp0303278	FBgn0260934	par-1
FBpp0081630	FBgn0037765	CG9458
FBpp0074905	FBgn0001134	Grd
FBpp0110120	FBgn0038829	CG17271
FBpp0083397	FBgn0038829	CG17271
FBpp0078430	FBgn0037310	Tim17b1
FBpp0073073	FBgn0261274	Ero1L
FBpp0078049	FBgn0014143	croc
FBpp0289804	FBgn0261793	Trf2
FBpp0305892	FBgn0261793	Trf2
FBpp0111840	FBgn0261793	Trf2
FBpp0303138	FBgn0261793	Trf2
FBpp0305945	FBgn0261793	Trf2
FBpp0303139	FBgn0261793	Trf2
FBpp0307209	FBgn0040551	CG11686
FBpp0082203	FBgn0040551	CG11686
FBpp0088317	FBgn0024698	Cpsf160
FBpp0089163	FBgn0024698	Cpsf160
FBpp0085677	FBgn0040730	CG15127
FBpp0304185	FBgn0036921	RhoGDI
FBpp0074665	FBgn0036921	RhoGDI
FBpp0311845	FBgn0033792	CG13325
FBpp0308796	FBgn0033792	CG13325
FBpp0086839	FBgn0033792	CG13325
FBpp0311393	FBgn0033792	CG13325
FBpp0076320	FBgn0003149	Prm
FBpp0076322	FBgn0003149	Prm
FBpp0297594	FBgn0003149	Prm
FBpp0076321	FBgn0003149	Prm
FBpp0076323	FBgn0003149	Prm
FBpp0079277	FBgn0051898	CG31898
FBpp0079515	FBgn0015035	Cyp4e3
FBpp0083456	FBgn0038874	ETHR
FBpp0083455	FBgn0038874	ETHR
FBpp0308331	FBgn0038874	ETHR
FBpp0079491	FBgn0051712	Arglu1
FBpp0304026	FBgn0051712	Arglu1
FBpp0303415	FBgn0002941	slou
FBpp0083521	FBgn0002941	slou
FBpp0085618	FBgn0003114	plu
FBpp0082545	FBgn0038324	Tmtc4
FBpp0292376	FBgn0024361	Tsp2A
FBpp0070204	FBgn0024361	Tsp2A
FBpp0308257	FBgn0265190	PIG-S
FBpp0311673	FBgn0015321	Ubc4
FBpp0076124	FBgn0015321	Ubc4
FBpp0311672	FBgn0015321	Ubc4
FBpp0075627	FBgn0036343	CG14115
FBpp0310250	FBgn0005593	RpL7
FBpp0079536	FBgn0005593	RpL7
FBpp0311761	FBgn0263235	Phae2
FBpp0291994	FBgn0263235	Phae2
FBpp0073937	FBgn0030711	Rrp47
FBpp0309613	FBgn0030711	Rrp47
FBpp0084349	FBgn0028833	Cmpk
FBpp0308283	FBgn0039029	CG4704
FBpp0083707	FBgn0039029	CG4704
FBpp0087772	FBgn0267792	rgr
FBpp0308449	FBgn0267792	rgr
FBpp0083189	FBgn0038697	CG3581
FBpp0074818	FBgn0052202	CG32202
FBpp0289463	FBgn0050395	CG30395
FBpp0297784	FBgn0263077	M7BP
FBpp0297785	FBgn0263077	M7BP
FBpp0297795	FBgn0263077	M7BP
FBpp0304284	FBgn0263077	M7BP
FBpp0297788	FBgn0263077	M7BP
FBpp0297789	FBgn0263077	M7BP
FBpp0297796	FBgn0263077	M7BP
FBpp0297790	FBgn0263077	M7BP
FBpp0297791	FBgn0263077	M7BP
FBpp0297792	FBgn0263077	M7BP
FBpp0297786	FBgn0263077	M7BP
FBpp0304285	FBgn0263077	M7BP
FBpp0297794	FBgn0263077	M7BP
FBpp0297787	FBgn0263077	M7BP
FBpp0297793	FBgn0263077	M7BP
FBpp0072839	FBgn0035370	Non2
FBpp0070650	FBgn0029718	mRpL30
FBpp0085359	FBgn0284246	l(2)k09848
FBpp0291670	FBgn0284246	l(2)k09848
FBpp0087641	FBgn0033403	CG13739
FBpp0300458	FBgn0003313	sala
FBpp0079824	FBgn0003313	sala
FBpp0309454	FBgn0032313	CG14070
FBpp0079766	FBgn0032313	CG14070
FBpp0110081	FBgn0083941	CG34105
FBpp0081509	FBgn0011740	alpha-Man-IIa
FBpp0306417	FBgn0011740	alpha-Man-IIa
FBpp0080292	FBgn0028852	CG15262
FBpp0077469	FBgn0031417	CG3597
FBpp0303517	FBgn0031417	CG3597
FBpp0311287	FBgn0036150	Ir68a
FBpp0075915	FBgn0036150	Ir68a
FBpp0292142	FBgn0034462	CG15905
FBpp0307922	FBgn0034462	CG15905
FBpp0111357	FBgn0085277	CG34248
FBpp0292055	FBgn0085277	CG34248
FBpp0099953	FBgn0029175	sotv
FBpp0077073	FBgn0031628	CG3294
FBpp0077074	FBgn0031628	CG3294
FBpp0308406	FBgn0033268	Obp44a
FBpp0087892	FBgn0033268	Obp44a
FBpp0292861	FBgn0262023	CG42834
FBpp0081712	FBgn0037812	CG18545
FBpp0072155	FBgn0034973	CG13564
FBpp0071888	FBgn0034822	RpL37-2
FBpp0072878	FBgn0052488	CG32488
FBpp0311913	FBgn0052488	CG32488
FBpp0297503	FBgn0003559	su(f)
FBpp0112456	FBgn0003559	su(f)
FBpp0297502	FBgn0003559	su(f)
FBpp0071696	FBgn0034710	Alp7
FBpp0081899	FBgn0037930	CG14715
FBpp0071057	FBgn0003447	sn
FBpp0290891	FBgn0003447	sn
FBpp0071058	FBgn0003447	sn
FBpp0290893	FBgn0003447	sn
FBpp0079291	FBgn0053194	CheA29a
FBpp0077658	FBgn0003310	S
FBpp0077659	FBgn0003310	S
FBpp0099930	FBgn0040508	ACXC
FBpp0079994	FBgn0040508	ACXC
FBpp0307272	FBgn0034554	CAH14
FBpp0086372	FBgn0050094	CG30094
FBpp0080677	FBgn0032728	Tango6
FBpp0085117	FBgn0039827	CG1544
FBpp0075353	FBgn0036505	CG7945
FBpp0075352	FBgn0036505	CG7945
FBpp0072791	FBgn0035312	CG15820
FBpp0290951	FBgn0085195	CG34166
FBpp0311579	FBgn0085195	CG34166
FBpp0310288	FBgn0085195	CG34166
FBpp0111272	FBgn0085195	CG34166
FBpp0297482	FBgn0261618	larp
FBpp0290399	FBgn0261618	larp
FBpp0297481	FBgn0261618	larp
FBpp0297480	FBgn0261618	larp
FBpp0088622	FBgn0261618	larp
FBpp0088624	FBgn0261618	larp
FBpp0290398	FBgn0261618	larp
FBpp0311536	FBgn0036738	CG7542
FBpp0074946	FBgn0036738	CG7542
FBpp0306711	FBgn0035815	Snmp2
FBpp0110185	FBgn0035815	Snmp2
FBpp0290423	FBgn0035815	Snmp2
FBpp0083073	FBgn0038613	Vha100-4
FBpp0099915	FBgn0045476	Gr64e
FBpp0099916	FBgn0045476	Gr64e
FBpp0289247	FBgn0259717	CG42371
FBpp0293878	FBgn0040628	CAH16
FBpp0310482	FBgn0040628	CAH16
FBpp0310481	FBgn0040628	CAH16
FBpp0305697	FBgn0031844	CG13771
FBpp0078952	FBgn0031844	CG13771
FBpp0073985	FBgn0052580	Muc14A
FBpp0075566	FBgn0036367	CG10116
FBpp0091058	FBgn0053812	His3:CG33812
FBpp0311134	FBgn0052453	CG32453
FBpp0078173	FBgn0052453	CG32453
FBpp0083662	FBgn0038993	CG13843
FBpp0301108	FBgn0263390	Nha2
FBpp0301109	FBgn0263390	Nha2
FBpp0290172	FBgn0260477	CG30283
FBpp0082442	FBgn0038241	CG8087
FBpp0076704	FBgn0035686	Cpr65Az
FBpp0300863	FBgn0085480	CG34451
FBpp0111669	FBgn0085480	CG34451
FBpp0311794	FBgn0085480	CG34451
FBpp0428114	FBgn0085480	CG34451
FBpp0074896	FBgn0015946	grim
FBpp0303777	FBgn0039360	CLS
FBpp0084305	FBgn0039360	CLS
FBpp0084303	FBgn0039360	CLS
FBpp0084304	FBgn0039360	CLS
FBpp0077059	FBgn0031188	CG14613
FBpp0307051	FBgn0031188	CG14613
FBpp0309275	FBgn0030745	CG4239
FBpp0074045	FBgn0030745	CG4239
FBpp0074046	FBgn0030745	CG4239
FBpp0074044	FBgn0030745	CG4239
FBpp0075392	FBgn0052847	CG32847
FBpp0289112	FBgn0085250	CG34221
FBpp0311592	FBgn0085250	CG34221
FBpp0292924	FBgn0262029	dachs
FBpp0292925	FBgn0262029	dachs
FBpp0082624	FBgn0038358	Ttc26
FBpp0311067	FBgn0031495	GABPI
FBpp0311066	FBgn0031495	GABPI
FBpp0077336	FBgn0031495	GABPI
FBpp0077337	FBgn0031495	GABPI
FBpp0087818	FBgn0033283	CG11635
FBpp0084454	FBgn0039465	Tsp97E
FBpp0271818	FBgn0039465	Tsp97E
FBpp0307707	FBgn0039465	Tsp97E
FBpp0311007	FBgn0039465	Tsp97E
FBpp0311006	FBgn0039465	Tsp97E
FBpp0311469	FBgn0039009	CG13842
FBpp0087322	FBgn0033557	CG12325
FBpp0311844	FBgn0033557	CG12325
FBpp0111442	FBgn0085357	CG34328
FBpp0290227	FBgn0085190	CG34161
FBpp0111267	FBgn0085190	CG34161
FBpp0290228	FBgn0085190	CG34161
FBpp0085191	FBgn0003870	ttk
FBpp0085186	FBgn0003870	ttk
FBpp0085188	FBgn0003870	ttk
FBpp0292320	FBgn0003870	ttk
FBpp0085187	FBgn0003870	ttk
FBpp0085189	FBgn0003870	ttk
FBpp0292319	FBgn0003870	ttk
FBpp0085190	FBgn0003870	ttk
FBpp0082437	FBgn0038244	CG7987
FBpp0082438	FBgn0038244	CG7987
FBpp0085939	FBgn0034324	CG18538
FBpp0085854	FBgn0063495	GstE5
FBpp0076526	FBgn0035812	CG7457
FBpp0312411	FBgn0035812	CG7457
FBpp0088948	FBgn0283521	lola
FBpp0088383	FBgn0283521	lola
FBpp0088386	FBgn0283521	lola
FBpp0088384	FBgn0283521	lola
FBpp0088387	FBgn0283521	lola
FBpp0088950	FBgn0283521	lola
FBpp0088949	FBgn0283521	lola
FBpp0088382	FBgn0283521	lola
FBpp0088381	FBgn0283521	lola
FBpp0088377	FBgn0283521	lola
FBpp0088379	FBgn0283521	lola
FBpp0088395	FBgn0283521	lola
FBpp0088391	FBgn0283521	lola
FBpp0088396	FBgn0283521	lola
FBpp0309831	FBgn0283521	lola
FBpp0088378	FBgn0283521	lola
FBpp0088390	FBgn0283521	lola
FBpp0088393	FBgn0283521	lola
FBpp0088380	FBgn0283521	lola
FBpp0088951	FBgn0283521	lola
FBpp0088376	FBgn0283521	lola
FBpp0088389	FBgn0283521	lola
FBpp0088394	FBgn0283521	lola
FBpp0099680	FBgn0283521	lola
FBpp0088385	FBgn0283521	lola
FBpp0307900	FBgn0029965	Ir7b
FBpp0290627	FBgn0028343	Ankle2
FBpp0309489	FBgn0028343	Ankle2
FBpp0290629	FBgn0028343	Ankle2
FBpp0290628	FBgn0028343	Ankle2
FBpp0289716	FBgn0035020	CG13585
FBpp0072210	FBgn0035020	CG13585
FBpp0289715	FBgn0035020	CG13585
FBpp0072211	FBgn0035020	CG13585
FBpp0297214	FBgn0262837	CG43201
FBpp0308544	FBgn0262837	CG43201
FBpp0088658	FBgn0003118	pnt
FBpp0088657	FBgn0003118	pnt
FBpp0088656	FBgn0003118	pnt
FBpp0306621	FBgn0003118	pnt
FBpp0078576	FBgn0051523	CG31523
FBpp0307411	FBgn0051523	CG31523
FBpp0078578	FBgn0051523	CG31523
FBpp0307410	FBgn0051523	CG31523
FBpp0078577	FBgn0051523	CG31523
FBpp0078575	FBgn0051523	CG31523
FBpp0311363	FBgn0051523	CG31523
FBpp0078174	FBgn0037181	CG11370
FBpp0303205	FBgn0037181	CG11370
FBpp0070584	FBgn0285910	VhaAC39-1
FBpp0081741	FBgn0020385	pug
FBpp0081743	FBgn0020385	pug
FBpp0099494	FBgn0020385	pug
FBpp0296942	FBgn0020385	pug
FBpp0081742	FBgn0020385	pug
FBpp0077785	FBgn0031235	CG13693
FBpp0084906	FBgn0020235	ATPsyngamma
FBpp0084907	FBgn0020235	ATPsyngamma
FBpp0084905	FBgn0020235	ATPsyngamma
FBpp0070281	FBgn0025382	Rab27
FBpp0070280	FBgn0025382	Rab27
FBpp0311253	FBgn0036085	CG6527
FBpp0076020	FBgn0036085	CG6527
FBpp0288576	FBgn0261723	Dbx
FBpp0289538	FBgn0259964	Sfp33A3
FBpp0422968	FBgn0000721	for
FBpp0088924	FBgn0000721	for
FBpp0088354	FBgn0000721	for
FBpp0099769	FBgn0000721	for
FBpp0088922	FBgn0000721	for
FBpp0088353	FBgn0000721	for
FBpp0290613	FBgn0000721	for
FBpp0422969	FBgn0000721	for
FBpp0422967	FBgn0000721	for
FBpp0402801	FBgn0000721	for
FBpp0088350	FBgn0000721	for
FBpp0088352	FBgn0000721	for
FBpp0088923	FBgn0000721	for
FBpp0311799	FBgn0026061	Mipp1
FBpp0075156	FBgn0026061	Mipp1
FBpp0075157	FBgn0026061	Mipp1
FBpp0288517	FBgn0000256	capu
FBpp0077201	FBgn0000256	capu
FBpp0077202	FBgn0000256	capu
FBpp0288516	FBgn0000256	capu
FBpp0288520	FBgn0000256	capu
FBpp0288521	FBgn0000256	capu
FBpp0288519	FBgn0000256	capu
FBpp0288518	FBgn0000256	capu
FBpp0077200	FBgn0000256	capu
FBpp0082068	FBgn0038042	Scgbeta
FBpp0082297	FBgn0260464	CG9288
FBpp0084550	FBgn0039501	TTLL6B
FBpp0075078	FBgn0036655	CG13031
FBpp0080407	FBgn0015338	CG5861
FBpp0082798	FBgn0051217	modSP
FBpp0306910	FBgn0250845	CG1288
FBpp0081122	FBgn0250845	CG1288
FBpp0086688	FBgn0033925	CG8617
FBpp0076119	FBgn0053696	CNMaR
FBpp0309586	FBgn0263000	CG43308
FBpp0297741	FBgn0263000	CG43308
FBpp0306401	FBgn0266756	btsz
FBpp0306404	FBgn0266756	btsz
FBpp0306402	FBgn0266756	btsz
FBpp0306405	FBgn0266756	btsz
FBpp0306408	FBgn0266756	btsz
FBpp0306407	FBgn0266756	btsz
FBpp0306400	FBgn0266756	btsz
FBpp0306406	FBgn0266756	btsz
FBpp0306403	FBgn0266756	btsz
FBpp0311246	FBgn0052022	CG32022
FBpp0076324	FBgn0052022	CG32022
FBpp0112152	FBgn0038339	CG6118
FBpp0306693	FBgn0038339	CG6118
FBpp0112151	FBgn0038339	CG6118
FBpp0085348	FBgn0033067	CG11211
FBpp0112541	FBgn0287183	l(3)80Fg
FBpp0112540	FBgn0287183	l(3)80Fg
FBpp0306001	FBgn0287183	l(3)80Fg
FBpp0306269	FBgn0264776	CG44014
FBpp0077070	FBgn0031621	Elba3
FBpp0087093	FBgn0033687	CG8407
FBpp0290349	FBgn0033687	CG8407
FBpp0288403	FBgn0026394	Or24a
FBpp0071373	FBgn0028342	ATPsyndelta
FBpp0305117	FBgn0028342	ATPsyndelta
FBpp0310433	FBgn0028342	ATPsyndelta
FBpp0078442	FBgn0001311	kkv
FBpp0290640	FBgn0001311	kkv
FBpp0089164	FBgn0001311	kkv
FBpp0290866	FBgn0028397	Tob
FBpp0302000	FBgn0028397	Tob
FBpp0074033	FBgn0028397	Tob
FBpp0302594	FBgn0028397	Tob
FBpp0079644	FBgn0032228	CtsL4
FBpp0074909	FBgn0036768	CG7402
FBpp0072458	FBgn0035148	CG3402
FBpp0309079	FBgn0034180	Ehbp1
FBpp0113119	FBgn0034180	Ehbp1
FBpp0113120	FBgn0034180	Ehbp1
FBpp0086170	FBgn0034180	Ehbp1
FBpp0078477	FBgn0003002	opa
FBpp0428127	FBgn0003002	opa
FBpp0081352	FBgn0265351	nac
FBpp0087248	FBgn0033629	Tsp47F
FBpp0086687	FBgn0033926	Arc1
FBpp0302845	FBgn0263841	CG43702
FBpp0302846	FBgn0263841	CG43702
FBpp0078425	FBgn0037301	Mms19
FBpp0087089	FBgn0033680	CG13186
FBpp0304014	FBgn0032612	CG13282
FBpp0080483	FBgn0032612	CG13282
FBpp0076329	FBgn0035876	Pex2
FBpp0083824	FBgn0016119	ATPsynCF6
FBpp0305911	FBgn0016119	ATPsynCF6
FBpp0297124	FBgn0016119	ATPsynCF6
FBpp0083798	FBgn0051365	CG31365
FBpp0078042	FBgn0026371	SAK
FBpp0091064	FBgn0053818	His3:CG33818
FBpp0428170	FBgn0013810	Dhc36C
FBpp0293284	FBgn0013810	Dhc36C
FBpp0075331	FBgn0036529	Pgant8
FBpp0099414	FBgn0054003	NimB3
FBpp0288875	FBgn0030259	CG1545
FBpp0088818	FBgn0260859	Bet3
FBpp0082258	FBgn0051337	CG31337
FBpp0288866	FBgn0083956	ldd
FBpp0110124	FBgn0083956	ldd
FBpp0110123	FBgn0083956	ldd
FBpp0309770	FBgn0083956	ldd
FBpp0070748	FBgn0026702	Pop1
FBpp0402855	FBgn0284083	CG46305
FBpp0402854	FBgn0284083	CG46305
FBpp0301831	FBgn0033373	Nadk2
FBpp0301830	FBgn0033373	Nadk2
FBpp0301828	FBgn0033373	Nadk2
FBpp0301829	FBgn0033373	Nadk2
FBpp0087714	FBgn0033373	Nadk2
FBpp0310827	FBgn0259720	CG42374
FBpp0289252	FBgn0259720	CG42374
FBpp0307682	FBgn0030996	CG14194
FBpp0074442	FBgn0030996	CG14194
FBpp0423065	FBgn0051664	CG31664
FBpp0423066	FBgn0051664	CG31664
FBpp0291573	FBgn0000229	bsk
FBpp0079676	FBgn0000229	bsk
FBpp0290204	FBgn0000229	bsk
FBpp0297756	FBgn0263021	CG43316
FBpp0312461	FBgn0263117	CG34377
FBpp0303414	FBgn0263117	CG34377
FBpp0311485	FBgn0263117	CG34377
FBpp0111522	FBgn0263117	CG34377
FBpp0300318	FBgn0263117	CG34377
FBpp0078182	FBgn0037188	CG7369
FBpp0071244	FBgn0030105	CG15369
FBpp0311992	FBgn0030105	CG15369
FBpp0087414	FBgn0033515	Ir47a
FBpp0099512	FBgn0020493	Dad
FBpp0082835	FBgn0020493	Dad
FBpp0082834	FBgn0020493	Dad
FBpp0428153	FBgn0020493	Dad
FBpp0087929	FBgn0033238	azot
FBpp0289450	FBgn0053299	CG33299
FBpp0292878	FBgn0053299	CG33299
FBpp0291002	FBgn0043865	SA2
FBpp0310520	FBgn0040493	grsm
FBpp0082198	FBgn0040493	grsm
FBpp0075406	FBgn0036482	CG13457
FBpp0075407	FBgn0036482	CG13457
FBpp0070158	FBgn0040341	CG11664
FBpp0079162	FBgn0031979	CCDC53
FBpp0294003	FBgn0031331	CG5440
FBpp0310385	FBgn0031331	CG5440
FBpp0401440	FBgn0283432	SdicA
FBpp0077026	FBgn0031097	obst-A
FBpp0297663	FBgn0031097	obst-A
FBpp0081933	FBgn0051363	Jupiter
FBpp0307219	FBgn0051363	Jupiter
FBpp0081932	FBgn0051363	Jupiter
FBpp0081930	FBgn0051363	Jupiter
FBpp0081929	FBgn0051363	Jupiter
FBpp0081931	FBgn0051363	Jupiter
FBpp0081928	FBgn0051363	Jupiter
FBpp0304084	FBgn0037736	side-VII
FBpp0081648	FBgn0037736	side-VII
FBpp0293361	FBgn0262482	CG43072
FBpp0308584	FBgn0031191	Cp110
FBpp0308585	FBgn0031191	Cp110
FBpp0100113	FBgn0031191	Cp110
FBpp0077044	FBgn0031191	Cp110
FBpp0100111	FBgn0031191	Cp110
FBpp0302623	FBgn0031191	Cp110
FBpp0100112	FBgn0031191	Cp110
FBpp0077045	FBgn0031191	Cp110
FBpp0307943	FBgn0051279	CG31279
FBpp0290649	FBgn0051279	CG31279
FBpp0302577	FBgn0051279	CG31279
FBpp0307942	FBgn0051279	CG31279
FBpp0302576	FBgn0051279	CG31279
FBpp0290648	FBgn0051279	CG31279
FBpp0110482	FBgn0041004	CG17715
FBpp0110471	FBgn0041004	CG17715
FBpp0110454	FBgn0041004	CG17715
FBpp0110525	FBgn0041004	CG17715
FBpp0297504	FBgn0041004	CG17715
FBpp0297505	FBgn0041004	CG17715
FBpp0110451	FBgn0041004	CG17715
FBpp0110443	FBgn0041004	CG17715
FBpp0303324	FBgn0005596	yem
FBpp0084784	FBgn0005596	yem
FBpp0077757	FBgn0031249	CG11911
FBpp0312226	FBgn0037249	eIF3a
FBpp0078584	FBgn0037249	eIF3a
FBpp0072420	FBgn0024806	DIP2
FBpp0304418	FBgn0024806	DIP2
FBpp0304419	FBgn0024806	DIP2
FBpp0293868	FBgn0024806	DIP2
FBpp0304420	FBgn0024806	DIP2
FBpp0071955	FBgn0034840	CG3124
FBpp0309888	FBgn0034840	CG3124
FBpp0081987	FBgn0037963	Cad87A
FBpp0308607	FBgn0051864	Qtzl
FBpp0079872	FBgn0051864	Qtzl
FBpp0079754	FBgn0000146	aub
FBpp0111705	FBgn0000146	aub
FBpp0088020	FBgn0033199	CG17985
FBpp0070661	FBgn0025613	CG3081
FBpp0310224	FBgn0025613	CG3081
FBpp0072903	FBgn0035413	CG14958
FBpp0293647	FBgn0262587	CG43124
FBpp0309594	FBgn0034528	CG11180
FBpp0085566	FBgn0034528	CG11180
FBpp0086643	FBgn0033942	Cpr51A
FBpp0070474	FBgn0250874	ttm50
FBpp0312448	FBgn0250874	ttm50
FBpp0271700	FBgn0039510	CG3339
FBpp0305368	FBgn0265974	ttv
FBpp0086624	FBgn0265974	ttv
FBpp0305367	FBgn0265974	ttv
FBpp0423167	FBgn0265974	ttv
FBpp0307847	FBgn0030163	CG1791
FBpp0071364	FBgn0030163	CG1791
FBpp0111881	FBgn0030163	CG1791
FBpp0078441	FBgn0037322	Or83a
FBpp0312367	FBgn0267433	kl-5
FBpp0289800	FBgn0034181	Paip1
FBpp0086168	FBgn0034181	Paip1
FBpp0309119	FBgn0034181	Paip1
FBpp0086167	FBgn0034181	Paip1
FBpp0087897	FBgn0033260	Cul4
FBpp0290569	FBgn0033260	Cul4
FBpp0288424	FBgn0042126	CG18788
FBpp0088505	FBgn0000083	AnxB9
FBpp0307769	FBgn0000083	AnxB9
FBpp0088506	FBgn0000083	AnxB9
FBpp0088985	FBgn0000083	AnxB9
FBpp0088986	FBgn0000083	AnxB9
FBpp0307770	FBgn0000083	AnxB9
FBpp0288423	FBgn0034085	Ptp52F
FBpp0085693	FBgn0034422	CG7137
FBpp0311211	FBgn0036714	CG7692
FBpp0074977	FBgn0036714	CG7692
FBpp0312458	FBgn0036714	CG7692
FBpp0304229	FBgn0036714	CG7692
FBpp0086012	FBgn0034251	ND-51L1
FBpp0304201	FBgn0036974	eRF1
FBpp0077835	FBgn0036974	eRF1
FBpp0077832	FBgn0036974	eRF1
FBpp0077834	FBgn0036974	eRF1
FBpp0077833	FBgn0036974	eRF1
FBpp0077831	FBgn0036974	eRF1
FBpp0304202	FBgn0036974	eRF1
FBpp0077836	FBgn0036974	eRF1
FBpp0401449	FBgn0283440	solo
FBpp0401448	FBgn0283440	solo
FBpp0080510	FBgn0032620	CG12288
FBpp0073889	FBgn0022710	Ac13E
FBpp0099492	FBgn0022710	Ac13E
FBpp0304773	FBgn0022710	Ac13E
FBpp0423396	FBgn0286977	Osi10b
FBpp0077867	FBgn0037009	CG5104
FBpp0083337	FBgn0051200	CG31200
FBpp0077436	FBgn0031409	CG4271
FBpp0309592	FBgn0034543	galla-1
FBpp0311509	FBgn0034543	galla-1
FBpp0085549	FBgn0034543	galla-1
FBpp0311508	FBgn0034543	galla-1
FBpp0078631	FBgn0031655	Marcal1
FBpp0073162	FBgn0035551	CG7465
FBpp0074595	FBgn0260397	Su(var)3-3
FBpp0304939	FBgn0260397	Su(var)3-3
FBpp0074594	FBgn0260397	Su(var)3-3
FBpp0075599	FBgn0036353	CG10171
FBpp0075598	FBgn0036353	CG10171
FBpp0311135	FBgn0266591	CG45116
FBpp0083282	FBgn0038775	CG17199
FBpp0310477	FBgn0260794	ctrip
FBpp0290652	FBgn0260794	ctrip
FBpp0310479	FBgn0260794	ctrip
FBpp0306924	FBgn0260794	ctrip
FBpp0292918	FBgn0260794	ctrip
FBpp0292915	FBgn0260794	ctrip
FBpp0306923	FBgn0260794	ctrip
FBpp0292920	FBgn0260794	ctrip
FBpp0292914	FBgn0260794	ctrip
FBpp0310478	FBgn0260794	ctrip
FBpp0292917	FBgn0260794	ctrip
FBpp0311131	FBgn0036860	CG14086
FBpp0071128	FBgn0017566	ND-75
FBpp0071129	FBgn0017566	ND-75
FBpp0078251	FBgn0037419	Osi12
FBpp0290889	FBgn0003656	sws
FBpp0071077	FBgn0003656	sws
FBpp0071078	FBgn0003656	sws
FBpp0428171	FBgn0026756	Ugt37A1
FBpp0300194	FBgn0052506	tbc
FBpp0309347	FBgn0052506	tbc
FBpp0085448	FBgn0033085	CG15908
FBpp0072174	FBgn0005636	nvy
FBpp0303461	FBgn0005636	nvy
FBpp0303462	FBgn0005636	nvy
FBpp0303460	FBgn0005636	nvy
FBpp0301834	FBgn0032387	CG16965
FBpp0073900	FBgn0026666	MagR
FBpp0304862	FBgn0026666	MagR
FBpp0087091	FBgn0027495	Smyd4-4
FBpp0081870	FBgn0037908	dpr5
FBpp0081871	FBgn0037908	dpr5
FBpp0112397	FBgn0083979	Ir10a
FBpp0086128	FBgn0034184	CG9646
FBpp0309118	FBgn0034184	CG9646
FBpp0074147	FBgn0030770	CG13010
FBpp0306685	FBgn0005585	Calr
FBpp0081581	FBgn0005585	Calr
FBpp0086257	FBgn0013763	Idgf6
FBpp0309072	FBgn0013763	Idgf6
FBpp0112239	FBgn0040397	CG3655
FBpp0070174	FBgn0040397	CG3655
FBpp0303758	FBgn0040397	CG3655
FBpp0303757	FBgn0040397	CG3655
FBpp0297826	FBgn0263050	CG43345
FBpp0312180	FBgn0263050	CG43345
FBpp0074465	FBgn0030995	CG7914
FBpp0080769	FBgn0010097	gammaTub37C
FBpp0304827	FBgn0010097	gammaTub37C
FBpp0077326	FBgn0260639	gammaTub23C
FBpp0297242	FBgn0265266	CG13639
FBpp0074949	FBgn0036745	CG7484
FBpp0423328	FBgn0286941	CG46435
FBpp0081174	FBgn0037448	CG15186
FBpp0300400	FBgn0037448	CG15186
FBpp0308432	FBgn0037448	CG15186
FBpp0300398	FBgn0037448	CG15186
FBpp0308433	FBgn0037448	CG15186
FBpp0310673	FBgn0037448	CG15186
FBpp0310674	FBgn0037448	CG15186
FBpp0081172	FBgn0037448	CG15186
FBpp0300399	FBgn0037448	CG15186
FBpp0081173	FBgn0037448	CG15186
FBpp0308434	FBgn0037448	CG15186
FBpp0311037	FBgn0037448	CG15186
FBpp0304115	FBgn0030050	CG12111
FBpp0071176	FBgn0030050	CG12111
FBpp0091100	FBgn0053854	His3:CG33854
FBpp0089139	FBgn0030719	eIF5
FBpp0073948	FBgn0030719	eIF5
FBpp0073947	FBgn0030719	eIF5
FBpp0089140	FBgn0030719	eIF5
FBpp0089138	FBgn0030719	eIF5
FBpp0089136	FBgn0030719	eIF5
FBpp0089137	FBgn0030719	eIF5
FBpp0305673	FBgn0004915	TfIIB
FBpp0079615	FBgn0004915	TfIIB
FBpp0072054	FBgn0034936	Stoml2
FBpp0304305	FBgn0034936	Stoml2
FBpp0084740	FBgn0039637	Ctl2
FBpp0084741	FBgn0039637	Ctl2
FBpp0084742	FBgn0039637	Ctl2
FBpp0310813	FBgn0266446	CG45076
FBpp0310814	FBgn0266446	CG45076
FBpp0310815	FBgn0266446	CG45076
FBpp0310812	FBgn0266446	CG45076
FBpp0087483	FBgn0033475	CG12129
FBpp0300673	FBgn0035495	CG14989
FBpp0311358	FBgn0035495	CG14989
FBpp0300674	FBgn0035495	CG14989
FBpp0300675	FBgn0035495	CG14989
FBpp0080708	FBgn0002031	Phb1
FBpp0080707	FBgn0002031	Phb1
FBpp0312093	FBgn0002031	Phb1
FBpp0293182	FBgn0262359	CG43057
FBpp0304644	FBgn0262359	CG43057
FBpp0080042	FBgn0032503	CG16825
FBpp0302873	FBgn0032503	CG16825
FBpp0091023	FBgn0053757	CG33757
FBpp0085919	FBgn0265297	pAbp
FBpp0085917	FBgn0265297	pAbp
FBpp0085915	FBgn0265297	pAbp
FBpp0074997	FBgn0027660	blot
FBpp0074996	FBgn0027660	blot
FBpp0074995	FBgn0027660	blot
FBpp0308930	FBgn0027660	blot
FBpp0074994	FBgn0027660	blot
FBpp0085333	FBgn0040502	CG8343
FBpp0078386	FBgn0051546	CG31546
FBpp0079881	FBgn0032406	CG14947
FBpp0072300	FBgn0035085	CG3770
FBpp0310107	FBgn0035085	CG3770
FBpp0072262	FBgn0035006	CG4563
FBpp0303068	FBgn0038740	Mrp5
FBpp0303067	FBgn0038740	Mrp5
FBpp0112162	FBgn0038740	Mrp5
FBpp0083268	FBgn0038740	Mrp5
FBpp0303069	FBgn0038740	Mrp5
FBpp0082240	FBgn0086371	Elp6
FBpp0292357	FBgn0086371	Elp6
FBpp0310182	FBgn0002723	Met
FBpp0073368	FBgn0002723	Met
FBpp0099994	FBgn0260006	drd
FBpp0311766	FBgn0011761	dhd
FBpp0070717	FBgn0011761	dhd
FBpp0303153	FBgn0038063	Octbeta2R
FBpp0293386	FBgn0038063	Octbeta2R
FBpp0293385	FBgn0038063	Octbeta2R
FBpp0099980	FBgn0038063	Octbeta2R
FBpp0293384	FBgn0038063	Octbeta2R
FBpp0312480	FBgn0038063	Octbeta2R
FBpp0080844	FBgn0053117	TotE
FBpp0083319	FBgn0038810	Srp72
FBpp0310151	FBgn0266099	CG44836
FBpp0310152	FBgn0266099	CG44836
FBpp0078786	FBgn0002855	Acp26Aa
FBpp0082563	FBgn0038330	CG14868
FBpp0087471	FBgn0000715	FMRFa
FBpp0292201	FBgn0261698	SLO2
FBpp0292200	FBgn0261698	SLO2
FBpp0302905	FBgn0261698	SLO2
FBpp0302908	FBgn0261698	SLO2
FBpp0297088	FBgn0261698	SLO2
FBpp0292199	FBgn0261698	SLO2
FBpp0302970	FBgn0261698	SLO2
FBpp0303466	FBgn0261698	SLO2
FBpp0292202	FBgn0261698	SLO2
FBpp0086594	FBgn0033969	Pgm2b
FBpp0078165	FBgn0037169	CG11404
FBpp0304163	FBgn0037169	CG11404
FBpp0300865	FBgn0034636	twz
FBpp0071609	FBgn0034636	twz
FBpp0310226	FBgn0262734	eIF4H1
FBpp0089381	FBgn0262734	eIF4H1
FBpp0310225	FBgn0262734	eIF4H1
FBpp0074056	FBgn0262734	eIF4H1
FBpp0074055	FBgn0262734	eIF4H1
FBpp0078914	FBgn0031799	Pez
FBpp0303668	FBgn0031799	Pez
FBpp0082362	FBgn0051326	CG31326
FBpp0086549	FBgn0033993	CG8089
FBpp0293879	FBgn0040629	CAH5
FBpp0073296	FBgn0030274	Lint-1
FBpp0309787	FBgn0030274	Lint-1
FBpp0304130	FBgn0030274	Lint-1
FBpp0304129	FBgn0030274	Lint-1
FBpp0307719	FBgn0033117	CG3358
FBpp0307720	FBgn0033117	CG3358
FBpp0298012	FBgn0033117	CG3358
FBpp0087349	FBgn0053144	CG33144
FBpp0291679	FBgn0053144	CG33144
FBpp0077514	FBgn0040715	CG15386
FBpp0075943	FBgn0014368	nol
FBpp0084184	FBgn0039297	Jhbp7
FBpp0086120	FBgn0034179	CG6805
FBpp0297529	FBgn0034179	CG6805
FBpp0084491	FBgn0039498	CG17991
FBpp0311873	FBgn0030037	Miga
FBpp0071189	FBgn0030037	Miga
FBpp0289612	FBgn0030037	Miga
FBpp0088538	FBgn0032388	CG6686
FBpp0088537	FBgn0032388	CG6686
FBpp0290394	FBgn0032388	CG6686
FBpp0075719	FBgn0036279	Ncc69
FBpp0305974	FBgn0036279	Ncc69
FBpp0305973	FBgn0036279	Ncc69
FBpp0305975	FBgn0036279	Ncc69
FBpp0305972	FBgn0036279	Ncc69
FBpp0305976	FBgn0036279	Ncc69
FBpp0079876	FBgn0010497	dmGlut
FBpp0077221	FBgn0015663	Ugt36A1
FBpp0308647	FBgn0015663	Ugt36A1
FBpp0307010	FBgn0039114	Lsd-1
FBpp0083846	FBgn0039114	Lsd-1
FBpp0083848	FBgn0039114	Lsd-1
FBpp0083847	FBgn0039114	Lsd-1
FBpp0072321	FBgn0043792	CG30427
FBpp0072320	FBgn0043792	CG30427
FBpp0290178	FBgn0043792	CG30427
FBpp0072319	FBgn0043792	CG30427
FBpp0072322	FBgn0043792	CG30427
FBpp0290179	FBgn0043792	CG30427
FBpp0301183	FBgn0043792	CG30427
FBpp0083410	FBgn0038851	dmrt93B
FBpp0082895	FBgn0038516	P5cr-2
FBpp0302817	FBgn0038516	P5cr-2
FBpp0082896	FBgn0038516	P5cr-2
FBpp0302816	FBgn0038516	P5cr-2
FBpp0390658	FBgn0266173	pre-mod(mdg4)-K
FBpp0310314	FBgn0266173	pre-mod(mdg4)-K
FBpp0071321	FBgn0052698	CARPB
FBpp0307860	FBgn0052698	CARPB
FBpp0298824	FBgn0052698	CARPB
FBpp0311998	FBgn0052698	CARPB
FBpp0070574	FBgn0021738	Crg-1
FBpp0304086	FBgn0027539	lili
FBpp0084114	FBgn0027539	lili
FBpp0079593	FBgn0032231	CG5056
FBpp0082385	FBgn0051321	CG31321
FBpp0079528	FBgn0032178	Spn31A
FBpp0086317	FBgn0287825	Vha44
FBpp0086319	FBgn0287825	Vha44
FBpp0288471	FBgn0287825	Vha44
FBpp0086320	FBgn0287825	Vha44
FBpp0288470	FBgn0287825	Vha44
FBpp0089324	FBgn0003388	shd
FBpp0293243	FBgn0003388	shd
FBpp0305245	FBgn0003388	shd
FBpp0082066	FBgn0038046	CG5641
FBpp0084543	FBgn0039509	bigmax
FBpp0100185	FBgn0013685	mt:ND6
FBpp0292106	FBgn0261674	CG42709
FBpp0292105	FBgn0261674	CG42709
FBpp0292107	FBgn0261674	CG42709
FBpp0310627	FBgn0261674	CG42709
FBpp0290599	FBgn0000451	ect
FBpp0303941	FBgn0000451	ect
FBpp0076034	FBgn0000451	ect
FBpp0076036	FBgn0000451	ect
FBpp0308931	FBgn0000451	ect
FBpp0082243	FBgn0038134	wntD
FBpp0077936	FBgn0037019	Pex16
FBpp0078596	FBgn0027866	CG9776
FBpp0078595	FBgn0027866	CG9776
FBpp0089099	FBgn0028879	wwk
FBpp0304489	FBgn0028879	wwk
FBpp0311119	FBgn0028879	wwk
FBpp0311120	FBgn0028879	wwk
FBpp0080263	FBgn0028879	wwk
FBpp0298821	FBgn0028879	wwk
FBpp0309358	FBgn0052647	CG32647
FBpp0073536	FBgn0052647	CG32647
FBpp0311955	FBgn0052647	CG32647
FBpp0073535	FBgn0052647	CG32647
FBpp0289795	FBgn0001142	Gs1
FBpp0077774	FBgn0001142	Gs1
FBpp0077773	FBgn0001142	Gs1
FBpp0293833	FBgn0262613	CG43139
FBpp0293834	FBgn0262613	CG43139
FBpp0077473	FBgn0014010	Rab5
FBpp0303520	FBgn0014010	Rab5
FBpp0303518	FBgn0014010	Rab5
FBpp0077474	FBgn0014010	Rab5
FBpp0077471	FBgn0014010	Rab5
FBpp0077470	FBgn0014010	Rab5
FBpp0303519	FBgn0014010	Rab5
FBpp0077472	FBgn0014010	Rab5
FBpp0077475	FBgn0014010	Rab5
FBpp0077719	FBgn0004583	ex
FBpp0302878	FBgn0004583	ex
FBpp0079337	FBgn0052987	CG32987
FBpp0074634	FBgn0036941	CG7335
FBpp0086136	FBgn0000078	Amy-d
FBpp0402853	FBgn0284082	CG46304
FBpp0087905	FBgn0033221	CG12825
FBpp0077727	FBgn0031265	CG2794
FBpp0423088	FBgn0035216	CG9168
FBpp0079907	FBgn0000588	esc
FBpp0088034	FBgn0033186	CG1602
FBpp0303014	FBgn0085409	smal
FBpp0111529	FBgn0085409	smal
FBpp0303015	FBgn0085409	smal
FBpp0309864	FBgn0053517	Dop2R
FBpp0309865	FBgn0053517	Dop2R
FBpp0309862	FBgn0053517	Dop2R
FBpp0099563	FBgn0053517	Dop2R
FBpp0309863	FBgn0053517	Dop2R
FBpp0309861	FBgn0053517	Dop2R
FBpp0310078	FBgn0034985	CG3328
FBpp0424327	FBgn0034985	CG3328
FBpp0310079	FBgn0034985	CG3328
FBpp0072165	FBgn0034985	CG3328
FBpp0302775	FBgn0037603	Sys1
FBpp0081368	FBgn0037603	Sys1
FBpp0306431	FBgn0037603	Sys1
FBpp0087843	FBgn0033286	CG2127
FBpp0087844	FBgn0033286	CG2127
FBpp0074820	FBgn0036810	CG6885
FBpp0087257	FBgn0003863	alphaTry
FBpp0081540	FBgn0014022	Rlb1
FBpp0076258	FBgn0035964	Dhpr
FBpp0099972	FBgn0035964	Dhpr
FBpp0099973	FBgn0035964	Dhpr
FBpp0271779	FBgn0038808	Srp14
FBpp0072944	FBgn0035440	CG14969
FBpp0305302	FBgn0020443	eRF3
FBpp0305303	FBgn0020443	eRF3
FBpp0311174	FBgn0020443	eRF3
FBpp0079951	FBgn0020443	eRF3
FBpp0077066	FBgn0285970	CG32500
FBpp0311615	FBgn0040359	CG11380
FBpp0070194	FBgn0040359	CG11380
FBpp0081198	FBgn0037461	CG15177
FBpp0307952	FBgn0037461	CG15177
FBpp0085332	FBgn0033065	Cyp6w1
FBpp0311596	FBgn0033065	Cyp6w1
FBpp0081272	FBgn0042103	CG18746
FBpp0079016	FBgn0003046	Pcp
FBpp0085156	FBgn0003268	rod
FBpp0306434	FBgn0024326	Mkk4
FBpp0081378	FBgn0024326	Mkk4
FBpp0289672	FBgn0024326	Mkk4
FBpp0311855	FBgn0262881	Mtkl
FBpp0297399	FBgn0262881	Mtkl
FBpp0073389	FBgn0030309	CG1572
FBpp0073388	FBgn0030309	CG1572
FBpp0308750	FBgn0030309	CG1572
FBpp0308751	FBgn0030309	CG1572
FBpp0070964	FBgn0261284	bou
FBpp0289862	FBgn0260229	Mocs2A
FBpp0111355	FBgn0263606	Hsc20
FBpp0086065	FBgn0010620	CG10939
FBpp0081713	FBgn0051406	CG31406
FBpp0081714	FBgn0051406	CG31406
FBpp0289861	FBgn0085264	CG34235
FBpp0308295	FBgn0003093	Pkc98E
FBpp0308294	FBgn0003093	Pkc98E
FBpp0290731	FBgn0003093	Pkc98E
FBpp0084728	FBgn0003093	Pkc98E
FBpp0084697	FBgn0039609	Nepl17
FBpp0074927	FBgn0036760	CG5567
FBpp0088526	FBgn0034278	CG14488
FBpp0072332	FBgn0015801	Reg-5
FBpp0296951	FBgn0015801	Reg-5
FBpp0083139	FBgn0038658	CG14292
FBpp0083695	FBgn0039004	Nup133
FBpp0084880	FBgn0039722	Capa
FBpp0085658	FBgn0026378	Rep
FBpp0075055	FBgn0036685	CG6664
FBpp0075054	FBgn0036685	CG6664
FBpp0075053	FBgn0036685	CG6664
FBpp0086710	FBgn0033897	Rcd1
FBpp0086709	FBgn0033897	Rcd1
FBpp0302790	FBgn0033897	Rcd1
FBpp0086708	FBgn0033897	Rcd1
FBpp0308987	FBgn0033897	Rcd1
FBpp0302791	FBgn0033897	Rcd1
FBpp0302789	FBgn0033897	Rcd1
FBpp0302788	FBgn0033897	Rcd1
FBpp0293282	FBgn0058045	CG40045
FBpp0110481	FBgn0058045	CG40045
FBpp0303976	FBgn0058045	CG40045
FBpp0303975	FBgn0058045	CG40045
FBpp0304601	FBgn0032683	kon
FBpp0289570	FBgn0032683	kon
FBpp0304600	FBgn0032683	kon
FBpp0081539	FBgn0037700	CG8149
FBpp0291587	FBgn0261501	CG42649
FBpp0087006	FBgn0033710	CG17739
FBpp0402852	FBgn0284081	CG46303
FBpp0081182	FBgn0051286	CG31286
FBpp0111409	FBgn0085329	CG34300
FBpp0293793	FBgn0085329	CG34300
FBpp0082767	FBgn0038426	mRpS33
FBpp0291582	FBgn0040011	Slmap
FBpp0110594	FBgn0040011	Slmap
FBpp0084226	FBgn0039325	CG10560
FBpp0310914	FBgn0266525	CG45092
FBpp0310912	FBgn0266525	CG45092
FBpp0310913	FBgn0266525	CG45092
FBpp0307898	FBgn0037501	Ir84a
FBpp0088122	FBgn0026389	Or43a
FBpp0074596	FBgn0036956	CG13813
FBpp0087761	FBgn0003074	Pgi
FBpp0087762	FBgn0003074	Pgi
FBpp0087760	FBgn0003074	Pgi
FBpp0423174	FBgn0085430	Dora
FBpp0111565	FBgn0085430	Dora
FBpp0305363	FBgn0085430	Dora
FBpp0077697	FBgn0029095	aru
FBpp0077696	FBgn0029095	aru
FBpp0077695	FBgn0029095	aru
FBpp0076608	FBgn0035726	CG9953
FBpp0291450	FBgn0031104	jb
FBpp0288945	FBgn0259183	CG42287
FBpp0290098	FBgn0039852	nyo
FBpp0290097	FBgn0039852	nyo
FBpp0111447	FBgn0085362	Vml
FBpp0312534	FBgn0085362	Vml
FBpp0271790	FBgn0039186	CG5746
FBpp0084015	FBgn0039186	CG5746
FBpp0306669	FBgn0039186	CG5746
FBpp0306670	FBgn0039186	CG5746
FBpp0084014	FBgn0039186	CG5746
FBpp0271791	FBgn0039186	CG5746
FBpp0306668	FBgn0039186	CG5746
FBpp0298835	FBgn0262867	Ptr
FBpp0307594	FBgn0262867	Ptr
FBpp0298836	FBgn0262867	Ptr
FBpp0307593	FBgn0262867	Ptr
FBpp0085347	FBgn0262867	Ptr
FBpp0085467	FBgn0033101	CG9436
FBpp0075586	FBgn0036365	cmb
FBpp0303923	FBgn0036365	cmb
FBpp0303924	FBgn0036365	cmb
FBpp0075587	FBgn0036365	cmb
FBpp0078062	FBgn0000551	Edg78E
FBpp0310951	FBgn0000551	Edg78E
FBpp0110250	FBgn0037295	dpr16
FBpp0308419	FBgn0037295	dpr16
FBpp0423327	FBgn0286940	CG46434
FBpp0423326	FBgn0286940	CG46434
FBpp0290930	FBgn0038388	CG4287
FBpp0082694	FBgn0038388	CG4287
FBpp0304521	FBgn0028572	qtc
FBpp0308838	FBgn0028572	qtc
FBpp0304522	FBgn0028572	qtc
FBpp0304519	FBgn0028572	qtc
FBpp0308839	FBgn0028572	qtc
FBpp0099650	FBgn0028572	qtc
FBpp0099649	FBgn0028572	qtc
FBpp0291725	FBgn0028572	qtc
FBpp0078651	FBgn0028572	qtc
FBpp0078652	FBgn0028572	qtc
FBpp0099647	FBgn0028572	qtc
FBpp0304520	FBgn0028572	qtc
FBpp0291246	FBgn0085413	CG34384
FBpp0111537	FBgn0085413	CG34384
FBpp0293457	FBgn0085413	CG34384
FBpp0293458	FBgn0085413	CG34384
FBpp0310723	FBgn0085413	CG34384
FBpp0293459	FBgn0085413	CG34384
FBpp0292223	FBgn0035267	CG13921
FBpp0423138	FBgn0035267	CG13921
FBpp0292224	FBgn0035267	CG13921
FBpp0072656	FBgn0035267	CG13921
FBpp0302743	FBgn0035267	CG13921
FBpp0306197	FBgn0035267	CG13921
FBpp0083270	FBgn0038738	CG4572
FBpp0083269	FBgn0038738	CG4572
FBpp0291533	FBgn0038738	CG4572
FBpp0291479	FBgn0261380	mRpL37
FBpp0297706	FBgn0037570	CG11693
FBpp0081349	FBgn0037570	CG11693
FBpp0072716	FBgn0262624	Tmhs
FBpp0072717	FBgn0262624	Tmhs
FBpp0079582	FBgn0032222	Cox10
FBpp0309416	FBgn0029753	CG4198
FBpp0070718	FBgn0029753	CG4198
FBpp0084007	FBgn0039196	CG17781
FBpp0091127	FBgn0053882	His2B:CG33882
FBpp0075495	FBgn0029167	Hml
FBpp0305234	FBgn0029167	Hml
FBpp0292594	FBgn0283659	THG
FBpp0080286	FBgn0283659	THG
FBpp0292117	FBgn0032067	LManIV
FBpp0086973	FBgn0086904	Nacalpha
FBpp0086972	FBgn0086904	Nacalpha
FBpp0311394	FBgn0086904	Nacalpha
FBpp0086971	FBgn0086904	Nacalpha
FBpp0075686	FBgn0036277	CG10418
FBpp0311087	FBgn0267398	Yeti
FBpp0288749	FBgn0267398	Yeti
FBpp0077873	FBgn0037008	mTerf3
FBpp0076076	FBgn0026404	Dronc
FBpp0072690	FBgn0035253	Srrm234
FBpp0428460	FBgn0035253	Srrm234
FBpp0428459	FBgn0035253	Srrm234
FBpp0292226	FBgn0035253	Srrm234
FBpp0428450	FBgn0035253	Srrm234
FBpp0301191	FBgn0035253	Srrm234
FBpp0072689	FBgn0035253	Srrm234
FBpp0311152	FBgn0035253	Srrm234
FBpp0072688	FBgn0035253	Srrm234
FBpp0428451	FBgn0035253	Srrm234
FBpp0111928	FBgn0031403	CG15387
FBpp0073268	FBgn0052669	CG32669
FBpp0428259	FBgn0052152	CG32152
FBpp0312125	FBgn0052152	CG32152
FBpp0078233	FBgn0046878	Obp83cd
FBpp0080029	FBgn0027586	Jhbp14
FBpp0297292	FBgn0032642	Lamtor3
FBpp0080536	FBgn0032642	Lamtor3
FBpp0100038	FBgn0037747	Naa80
FBpp0081612	FBgn0037747	Naa80
FBpp0306639	FBgn0040601	CG13643
FBpp0297710	FBgn0040601	CG13643
FBpp0302610	FBgn0040601	CG13643
FBpp0306640	FBgn0040601	CG13643
FBpp0297747	FBgn0052150	meru
FBpp0297748	FBgn0052150	meru
FBpp0075290	FBgn0052150	meru
FBpp0075422	FBgn0036465	Rpn12R
FBpp0074119	FBgn0027556	CG4928
FBpp0074118	FBgn0027556	CG4928
FBpp0309738	FBgn0027556	CG4928
FBpp0075864	FBgn0052085	CG32085
FBpp0077209	FBgn0021967	ND-PDSW
FBpp0077210	FBgn0021967	ND-PDSW
FBpp0099840	FBgn0036144	GlcAT-P
FBpp0075919	FBgn0036144	GlcAT-P
FBpp0075920	FBgn0036144	GlcAT-P
FBpp0297365	FBgn0036144	GlcAT-P
FBpp0297364	FBgn0036144	GlcAT-P
FBpp0305304	FBgn0032434	CG5421
FBpp0079965	FBgn0032434	CG5421
FBpp0086203	FBgn0034172	CG6665
FBpp0089369	FBgn0010355	Taf1
FBpp0311434	FBgn0010355	Taf1
FBpp0293442	FBgn0010355	Taf1
FBpp0089420	FBgn0010355	Taf1
FBpp0290837	FBgn0010355	Taf1
FBpp0081184	FBgn0010355	Taf1
FBpp0081758	FBgn0037838	TTLL15
FBpp0073114	FBgn0035505	Teh2
FBpp0289848	FBgn0035505	Teh2
FBpp0075451	FBgn0036447	Mgat4b
FBpp0086806	FBgn0033853	Nadk1a
FBpp0289429	FBgn0033853	Nadk1a
FBpp0086805	FBgn0033853	Nadk1a
FBpp0086807	FBgn0033853	Nadk1a
FBpp0289430	FBgn0033853	Nadk1a
FBpp0082420	FBgn0038246	CG14853
FBpp0306145	FBgn0038246	CG14853
FBpp0082419	FBgn0038246	CG14853
FBpp0288818	FBgn0030559	CG13404
FBpp0271869	FBgn0039315	CG13658
FBpp0308495	FBgn0033446	CG1648
FBpp0087577	FBgn0033446	CG1648
FBpp0087578	FBgn0033446	CG1648
FBpp0401456	FBgn0039802	dj-1beta
FBpp0292023	FBgn0261582	CG42692
FBpp0292024	FBgn0261582	CG42692
FBpp0083670	FBgn0051156	CG31156
FBpp0390655	FBgn0266177	pre-mod(mdg4)-I
FBpp0310317	FBgn0266177	pre-mod(mdg4)-I
FBpp0099538	FBgn0053533	lectin-37Db
FBpp0291558	FBgn0053533	lectin-37Db
FBpp0074902	FBgn0036775	Polr3D
FBpp0305728	FBgn0031090	Rab35
FBpp0070027	FBgn0031090	Rab35
FBpp0305729	FBgn0031090	Rab35
FBpp0292350	FBgn0031090	Rab35
FBpp0073852	FBgn0030643	CG15641
FBpp0304999	FBgn0259916	CG42445
FBpp0289436	FBgn0259916	CG42445
FBpp0081788	FBgn0051272	CG31272
FBpp0091143	FBgn0053898	His2B:CG33898
FBpp0091019	FBgn0053723	CG33723
FBpp0289364	FBgn0053238	Ste:CG33238
FBpp0310066	FBgn0045038	Proc
FBpp0079184	FBgn0045038	Proc
FBpp0110406	FBgn0260799	p120ctn
FBpp0070110	FBgn0025640	CG13369
FBpp0113136	FBgn0035647	CG10486
FBpp0293797	FBgn0035647	CG10486
FBpp0072277	FBgn0035056	spz6
FBpp0111400	FBgn0085320	CG34291
FBpp0081832	FBgn0051388	CG31388
FBpp0293252	FBgn0051388	CG31388
FBpp0303991	FBgn0011661	Moe
FBpp0300514	FBgn0011661	Moe
FBpp0071215	FBgn0011661	Moe
FBpp0089234	FBgn0011661	Moe
FBpp0089232	FBgn0011661	Moe
FBpp0071212	FBgn0011661	Moe
FBpp0089233	FBgn0011661	Moe
FBpp0089236	FBgn0011661	Moe
FBpp0089231	FBgn0011661	Moe
FBpp0300513	FBgn0011661	Moe
FBpp0071214	FBgn0011661	Moe
FBpp0071213	FBgn0011661	Moe
FBpp0089235	FBgn0011661	Moe
FBpp0304647	FBgn0014906	Hydr2
FBpp0300634	FBgn0014906	Hydr2
FBpp0077265	FBgn0014906	Hydr2
FBpp0086192	FBgn0025827	CG6421
FBpp0291943	FBgn0261567	CG42681
FBpp0083683	FBgn0003676	CCT1
FBpp0083684	FBgn0003676	CCT1
FBpp0292725	FBgn0261931	Hecw
FBpp0292726	FBgn0261931	Hecw
FBpp0292727	FBgn0261931	Hecw
FBpp0305179	FBgn0261931	Hecw
FBpp0071764	FBgn0034739	CG3927
FBpp0084252	FBgn0039341	CG5112
FBpp0074150	FBgn0030768	Nemp
FBpp0428160	FBgn0039396	CCAP-R
FBpp0293006	FBgn0039396	CCAP-R
FBpp0081494	FBgn0037675	HP1e
FBpp0304683	FBgn0032454	CG5787
FBpp0079986	FBgn0032454	CG5787
FBpp0081688	FBgn0053208	Mical
FBpp0297563	FBgn0053208	Mical
FBpp0081691	FBgn0053208	Mical
FBpp0081684	FBgn0053208	Mical
FBpp0081685	FBgn0053208	Mical
FBpp0312510	FBgn0053208	Mical
FBpp0312509	FBgn0053208	Mical
FBpp0297564	FBgn0053208	Mical
FBpp0271693	FBgn0053208	Mical
FBpp0081686	FBgn0053208	Mical
FBpp0312511	FBgn0053208	Mical
FBpp0081690	FBgn0053208	Mical
FBpp0081687	FBgn0053208	Mical
FBpp0312512	FBgn0053208	Mical
FBpp0296984	FBgn0283508	nw
FBpp0296981	FBgn0283508	nw
FBpp0296985	FBgn0283508	nw
FBpp0296982	FBgn0283508	nw
FBpp0296983	FBgn0283508	nw
FBpp0309584	FBgn0034520	lms
FBpp0309583	FBgn0034520	lms
FBpp0111391	FBgn0085310	CG34281
FBpp0289613	FBgn0032375	CG14932
FBpp0289614	FBgn0032375	CG14932
FBpp0074553	FBgn0020261	pcm
FBpp0291292	FBgn0020261	pcm
FBpp0086066	FBgn0016697	Prosalpha5
FBpp0086067	FBgn0016697	Prosalpha5
FBpp0310129	FBgn0027287	Gmap
FBpp0423149	FBgn0027287	Gmap
FBpp0073860	FBgn0027287	Gmap
FBpp0073859	FBgn0027287	Gmap
FBpp0079470	FBgn0010520	Bka
FBpp0074375	FBgn0030949	Cyp308a1
FBpp0078372	FBgn0037371	Sym
FBpp0306935	FBgn0038886	Ugt49B2
FBpp0073828	FBgn0030631	Prp5
FBpp0292252	FBgn0035286	CG13924
FBpp0289397	FBgn0035286	CG13924
FBpp0079360	FBgn0032082	CG18088
FBpp0304495	FBgn0032082	CG18088
FBpp0304496	FBgn0032082	CG18088
FBpp0082212	FBgn0052473	CG32473
FBpp0082211	FBgn0052473	CG32473
FBpp0082210	FBgn0052473	CG32473
FBpp0085752	FBgn0034408	sano
FBpp0085751	FBgn0034408	sano
FBpp0310915	FBgn0034408	sano
FBpp0085753	FBgn0034408	sano
FBpp0288739	FBgn0034408	sano
FBpp0085750	FBgn0034408	sano
FBpp0080233	FBgn0028838	CSN1a
FBpp0311167	FBgn0051809	CG31809
FBpp0112326	FBgn0051809	CG31809
FBpp0073457	FBgn0030327	FucT6
FBpp0088620	FBgn0003464	sol
FBpp0290798	FBgn0003464	sol
FBpp0312188	FBgn0003464	sol
FBpp0088621	FBgn0003464	sol
FBpp0304059	FBgn0032216	Usp14
FBpp0079650	FBgn0032216	Usp14
FBpp0083998	FBgn0039194	CG13614
FBpp0086682	FBgn0050074	Obp50d
FBpp0289241	FBgn0259711	CG42365
FBpp0085263	FBgn0032964	CG11630
FBpp0083186	FBgn0051244	CG31244
FBpp0079829	FBgn0028490	CG31705
FBpp0311762	FBgn0028490	CG31705
FBpp0302839	FBgn0028490	CG31705
FBpp0073754	FBgn0015010	Ag5r
FBpp0305814	FBgn0015010	Ag5r
FBpp0294033	FBgn0015010	Ag5r
FBpp0311223	FBgn0029667	Gas8
FBpp0310144	FBgn0029667	Gas8
FBpp0070564	FBgn0029667	Gas8
FBpp0083711	FBgn0039023	Nepl14
FBpp0080428	FBgn0032590	CG4631
FBpp0306968	FBgn0010772	Xe7
FBpp0306967	FBgn0010772	Xe7
FBpp0078377	FBgn0010772	Xe7
FBpp0077718	FBgn0031255	BBS8
FBpp0079182	FBgn0261790	SmE
FBpp0084053	FBgn0039209	REPTOR
FBpp0084054	FBgn0039209	REPTOR
FBpp0311399	FBgn0039209	REPTOR
FBpp0084055	FBgn0039209	REPTOR
FBpp0110093	FBgn0039209	REPTOR
FBpp0110092	FBgn0039209	REPTOR
FBpp0084052	FBgn0039209	REPTOR
FBpp0289514	FBgn0033807	AQP
FBpp0086879	FBgn0033807	AQP
FBpp0085107	FBgn0010808	Chchd3
FBpp0082638	FBgn0038373	CG4546
FBpp0311175	FBgn0031969	pes
FBpp0311176	FBgn0031969	pes
FBpp0289420	FBgn0031969	pes
FBpp0113042	FBgn0031969	pes
FBpp0304063	FBgn0031969	pes
FBpp0304064	FBgn0031969	pes
FBpp0082923	FBgn0038533	CG7523
FBpp0300786	FBgn0016754	sba
FBpp0303406	FBgn0016754	sba
FBpp0300788	FBgn0016754	sba
FBpp0307193	FBgn0016754	sba
FBpp0111802	FBgn0016754	sba
FBpp0300787	FBgn0016754	sba
FBpp0111801	FBgn0016754	sba
FBpp0292043	FBgn0050082	CG30082
FBpp0078268	FBgn0026077	Gasp
FBpp0111835	FBgn0026077	Gasp
FBpp0289302	FBgn0051785	Grl36b
FBpp0300927	FBgn0263322	CG43403
FBpp0110281	FBgn0083978	CG17672
FBpp0084587	FBgn0046258	CG12880
FBpp0087398	FBgn0033528	trsn
FBpp0076771	FBgn0035679	CG10467
FBpp0078916	FBgn0031826	CG9550
FBpp0310389	FBgn0263321	CG43402
FBpp0300926	FBgn0263321	CG43402
FBpp0081192	FBgn0004779	Ccp84Ae
FBpp0292214	FBgn0039709	Cad99C
FBpp0084854	FBgn0039709	Cad99C
FBpp0071472	FBgn0022700	Cht4
FBpp0071605	FBgn0042180	CG18870
FBpp0311719	FBgn0042180	CG18870
FBpp0428227	FBgn0003507	srp
FBpp0082669	FBgn0003507	srp
FBpp0307406	FBgn0003507	srp
FBpp0100052	FBgn0003507	srp
FBpp0082670	FBgn0003507	srp
FBpp0307407	FBgn0003507	srp
FBpp0297354	FBgn0003507	srp
FBpp0311207	FBgn0033845	mars
FBpp0290601	FBgn0033845	mars
FBpp0086788	FBgn0033845	mars
FBpp0311206	FBgn0033845	mars
FBpp0079711	FBgn0032292	EMC3
FBpp0082399	FBgn0038225	soti
FBpp0086984	FBgn0033769	CG8768
FBpp0289270	FBgn0259726	CG42380
FBpp0289269	FBgn0259726	CG42380
FBpp0289892	FBgn0260396	CG42521
FBpp0309736	FBgn0053080	CG33080
FBpp0070810	FBgn0053080	CG33080
FBpp0070809	FBgn0053080	CG33080
FBpp0309737	FBgn0053080	CG33080
FBpp0078833	FBgn0031785	CG13991
FBpp0303987	FBgn0001105	Gbeta13F
FBpp0312372	FBgn0001105	Gbeta13F
FBpp0073921	FBgn0001105	Gbeta13F
FBpp0089182	FBgn0001105	Gbeta13F
FBpp0089184	FBgn0001105	Gbeta13F
FBpp0089185	FBgn0001105	Gbeta13F
FBpp0078699	FBgn0031692	TpnC25D
FBpp0312108	FBgn0031692	TpnC25D
FBpp0309713	FBgn0031692	TpnC25D
FBpp0304024	FBgn0259713	CG42367
FBpp0077703	FBgn0031284	PGAP2
FBpp0070814	FBgn0015794	Rab18
FBpp0091096	FBgn0053850	His2A:CG33850
FBpp0073560	FBgn0052641	CG32641
FBpp0082687	FBgn0026059	Mhcl
FBpp0110274	FBgn0026059	Mhcl
FBpp0292853	FBgn0026059	Mhcl
FBpp0304712	FBgn0026059	Mhcl
FBpp0082683	FBgn0026059	Mhcl
FBpp0082685	FBgn0026059	Mhcl
FBpp0082686	FBgn0026059	Mhcl
FBpp0110273	FBgn0026059	Mhcl
FBpp0305623	FBgn0262030	CG42841
FBpp0292926	FBgn0262030	CG42841
FBpp0084636	FBgn0039559	NSD
FBpp0307022	FBgn0039559	NSD
FBpp0087145	FBgn0033668	exp
FBpp0087146	FBgn0033668	exp
FBpp0080659	FBgn0015808	ScpX
FBpp0089034	FBgn0000117	arm
FBpp0304835	FBgn0000117	arm
FBpp0089035	FBgn0000117	arm
FBpp0089033	FBgn0000117	arm
FBpp0089031	FBgn0000117	arm
FBpp0089032	FBgn0000117	arm
FBpp0291039	FBgn0023215	Mnt
FBpp0070553	FBgn0023215	Mnt
FBpp0291037	FBgn0023215	Mnt
FBpp0298278	FBgn0023215	Mnt
FBpp0070554	FBgn0023215	Mnt
FBpp0291038	FBgn0023215	Mnt
FBpp0291036	FBgn0023215	Mnt
FBpp0310175	FBgn0023215	Mnt
FBpp0291035	FBgn0023215	Mnt
FBpp0298279	FBgn0023215	Mnt
FBpp0305708	FBgn0264598	PsGEF
FBpp0305711	FBgn0264598	PsGEF
FBpp0305706	FBgn0264598	PsGEF
FBpp0305713	FBgn0264598	PsGEF
FBpp0305709	FBgn0264598	PsGEF
FBpp0305710	FBgn0264598	PsGEF
FBpp0305707	FBgn0264598	PsGEF
FBpp0305712	FBgn0264598	PsGEF
FBpp0070049	FBgn0052819	CG32819
FBpp0070050	FBgn0052819	CG32819
FBpp0423319	FBgn0033777	CG17574
FBpp0428454	FBgn0033777	CG17574
FBpp0311213	FBgn0033777	CG17574
FBpp0304304	FBgn0033777	CG17574
FBpp0297537	FBgn0033777	CG17574
FBpp0086929	FBgn0033777	CG17574
FBpp0297536	FBgn0033777	CG17574
FBpp0297534	FBgn0033777	CG17574
FBpp0423320	FBgn0033777	CG17574
FBpp0297538	FBgn0033777	CG17574
FBpp0307958	FBgn0033777	CG17574
FBpp0423318	FBgn0033777	CG17574
FBpp0297535	FBgn0033777	CG17574
FBpp0290036	FBgn0051374	sals
FBpp0081875	FBgn0051374	sals
FBpp0308468	FBgn0051374	sals
FBpp0300530	FBgn0051374	sals
FBpp0297238	FBgn0051374	sals
FBpp0081877	FBgn0051374	sals
FBpp0297237	FBgn0051374	sals
FBpp0081876	FBgn0051374	sals
FBpp0083193	FBgn0038718	CG17752
FBpp0072143	FBgn0021895	ytr
FBpp0309943	FBgn0021895	ytr
FBpp0084607	FBgn0039543	CROT
FBpp0084608	FBgn0039543	CROT
FBpp0084609	FBgn0039543	CROT
FBpp0402836	FBgn0039543	CROT
FBpp0084605	FBgn0039543	CROT
FBpp0402837	FBgn0039543	CROT
FBpp0076359	FBgn0017579	RpL14
FBpp0312320	FBgn0266347	nAChRalpha4
FBpp0300651	FBgn0266347	nAChRalpha4
FBpp0289395	FBgn0266347	nAChRalpha4
FBpp0305094	FBgn0266347	nAChRalpha4
FBpp0300650	FBgn0266347	nAChRalpha4
FBpp0300649	FBgn0266347	nAChRalpha4
FBpp0071753	FBgn0034727	mRpS29
FBpp0070826	FBgn0029826	CG6041
FBpp0070145	FBgn0029531	CG13362
FBpp0070262	FBgn0024897	b6
FBpp0311190	FBgn0040726	dpr1
FBpp0099910	FBgn0040726	dpr1
FBpp0085613	FBgn0034499	Cpr56F
FBpp0070702	FBgn0029725	CG2871
FBpp0077538	FBgn0031377	CG15356
FBpp0086007	FBgn0040294	POSH
FBpp0087679	FBgn0033402	Myd88
FBpp0311274	FBgn0033402	Myd88
FBpp0305215	FBgn0033402	Myd88
FBpp0074424	FBgn0030970	CG7326
FBpp0305362	FBgn0030970	CG7326
FBpp0298005	FBgn0005411	U2af50
FBpp0298006	FBgn0005411	U2af50
FBpp0074013	FBgn0005411	U2af50
FBpp0298007	FBgn0005411	U2af50
FBpp0075861	FBgn0036194	Dph1
FBpp0305004	FBgn0036194	Dph1
FBpp0075862	FBgn0036194	Dph1
FBpp0070595	FBgn0029689	CG6428
FBpp0290007	FBgn0036134	FoxK
FBpp0291179	FBgn0036134	FoxK
FBpp0304898	FBgn0036134	FoxK
FBpp0290010	FBgn0036134	FoxK
FBpp0304899	FBgn0036134	FoxK
FBpp0290009	FBgn0036134	FoxK
FBpp0304900	FBgn0036134	FoxK
FBpp0290008	FBgn0036134	FoxK
FBpp0085428	FBgn0033021	CG10417
FBpp0085427	FBgn0033021	CG10417
FBpp0080579	FBgn0040989	CG5693
FBpp0071011	FBgn0026144	CBP
FBpp0302928	FBgn0026144	CBP
FBpp0089293	FBgn0026144	CBP
FBpp0074640	FBgn0036934	sNPF-R
FBpp0304913	FBgn0036934	sNPF-R
FBpp0100042	FBgn0053988	Mid1
FBpp0304308	FBgn0053988	Mid1
FBpp0070363	FBgn0000382	csw
FBpp0070362	FBgn0000382	csw
FBpp0305458	FBgn0000382	csw
FBpp0070364	FBgn0000382	csw
FBpp0303759	FBgn0010401	Os-C
FBpp0289549	FBgn0010401	Os-C
FBpp0289548	FBgn0010401	Os-C
FBpp0074362	FBgn0030899	Hesr
FBpp0075702	FBgn0002466	sti
FBpp0304889	FBgn0002466	sti
FBpp0082433	FBgn0025808	Rad17
FBpp0086986	FBgn0050053	CG30053
FBpp0310060	FBgn0029830	Grip
FBpp0070830	FBgn0029830	Grip
FBpp0310059	FBgn0029830	Grip
FBpp0083529	FBgn0038901	Burs
FBpp0308241	FBgn0265193	Atf-2
FBpp0083039	FBgn0261532	cdm
FBpp0307575	FBgn0261532	cdm
FBpp0428253	FBgn0287592	CG46462
FBpp0081311	FBgn0040524	CG11052
FBpp0300421	FBgn0040524	CG11052
FBpp0307218	FBgn0040524	CG11052
FBpp0300420	FBgn0040524	CG11052
FBpp0083506	FBgn0038871	CG3337
FBpp0312515	FBgn0038871	CG3337
FBpp0311999	FBgn0030078	CG10970
FBpp0071291	FBgn0030078	CG10970
FBpp0291653	FBgn0086710	RpL30
FBpp0309280	FBgn0086710	RpL30
FBpp0080723	FBgn0086710	RpL30
FBpp0079074	FBgn0031914	CG5973
FBpp0304798	FBgn0031914	CG5973
FBpp0311173	FBgn0031914	CG5973
FBpp0290375	FBgn0031914	CG5973
FBpp0079075	FBgn0031914	CG5973
FBpp0304799	FBgn0031914	CG5973
FBpp0079076	FBgn0031914	CG5973
FBpp0306079	FBgn0264707	RhoGEF3
FBpp0306075	FBgn0264707	RhoGEF3
FBpp0306081	FBgn0264707	RhoGEF3
FBpp0428252	FBgn0264707	RhoGEF3
FBpp0306082	FBgn0264707	RhoGEF3
FBpp0306085	FBgn0264707	RhoGEF3
FBpp0306084	FBgn0264707	RhoGEF3
FBpp0306078	FBgn0264707	RhoGEF3
FBpp0306077	FBgn0264707	RhoGEF3
FBpp0306080	FBgn0264707	RhoGEF3
FBpp0306076	FBgn0264707	RhoGEF3
FBpp0306083	FBgn0264707	RhoGEF3
FBpp0070792	FBgn0029823	Shmt
FBpp0288674	FBgn0029823	Shmt
FBpp0311477	FBgn0029823	Shmt
FBpp0077859	FBgn0037001	ND-39
FBpp0303954	FBgn0037001	ND-39
FBpp0311565	FBgn0260228	CG42502
FBpp0310384	FBgn0260228	CG42502
FBpp0289860	FBgn0260228	CG42502
FBpp0082692	FBgn0002783	mor
FBpp0291706	FBgn0002783	mor
FBpp0083507	FBgn0038869	Smyd5
FBpp0289067	FBgn0259227	CG42327
FBpp0085713	FBgn0034442	CG11257
FBpp0309860	FBgn0031088	CG15322
FBpp0290784	FBgn0031088	CG15322
FBpp0072640	FBgn0053230	CG33230
FBpp0081087	FBgn0037478	CG2656
FBpp0082132	FBgn0038078	CG14391
FBpp0081445	FBgn0037653	Iru
FBpp0072030	FBgn0034871	CG3906
FBpp0312442	FBgn0085692	CG41561
FBpp0309995	FBgn0034971	Gpat4
FBpp0072088	FBgn0034971	Gpat4
FBpp0309994	FBgn0034971	Gpat4
FBpp0291375	FBgn0034971	Gpat4
FBpp0111347	FBgn0085267	CG34238
FBpp0289864	FBgn0260230	CG42504
FBpp0078993	FBgn0031872	ihog
FBpp0070627	FBgn0040905	CG15578
FBpp0082299	FBgn0000454	Dip-B
FBpp0311421	FBgn0000454	Dip-B
FBpp0082300	FBgn0000454	Dip-B
FBpp0082301	FBgn0000454	Dip-B
FBpp0289534	FBgn0259962	Sfp33A1
FBpp0310390	FBgn0053126	NLaz
FBpp0077607	FBgn0053126	NLaz
FBpp0302979	FBgn0053126	NLaz
FBpp0305345	FBgn0035480	CG14984
FBpp0288663	FBgn0035480	CG14984
FBpp0290285	FBgn0286203	stw
FBpp0307245	FBgn0286203	stw
FBpp0289199	FBgn0286203	stw
FBpp0289196	FBgn0286203	stw
FBpp0289198	FBgn0286203	stw
FBpp0292301	FBgn0261705	CG42741
FBpp0271827	FBgn0032289	CG6431
FBpp0292601	FBgn0032289	CG6431
FBpp0083584	FBgn0038924	CG6028
FBpp0084332	FBgn0002609	E(spl)m3-HLH
FBpp0289780	FBgn0085414	dpr12
FBpp0307252	FBgn0085414	dpr12
FBpp0307251	FBgn0085414	dpr12
FBpp0302852	FBgn0263846	CG43707
FBpp0302848	FBgn0263846	CG43707
FBpp0302850	FBgn0263846	CG43707
FBpp0302851	FBgn0263846	CG43707
FBpp0302847	FBgn0263846	CG43707
FBpp0303256	FBgn0263846	CG43707
FBpp0302849	FBgn0263846	CG43707
FBpp0289532	FBgn0259958	Sfp24F
FBpp0293181	FBgn0259958	Sfp24F
FBpp0079364	FBgn0040964	CG18661
FBpp0292883	FBgn0040964	CG18661
FBpp0083915	FBgn0053111	CG33111
FBpp0306914	FBgn0053111	CG33111
FBpp0083914	FBgn0053111	CG33111
FBpp0306913	FBgn0053111	CG33111
FBpp0099717	FBgn0053111	CG33111
FBpp0086048	FBgn0027872	rdgBbeta
FBpp0081715	FBgn0015396	jumu
FBpp0306974	FBgn0038243	CG8066
FBpp0082440	FBgn0038243	CG8066
FBpp0082106	FBgn0013278	Hsp70Bb
FBpp0071046	FBgn0010292	bys
FBpp0081842	FBgn0037881	GCC88
FBpp0088030	FBgn0033188	Drat
FBpp0088031	FBgn0033188	Drat
FBpp0088032	FBgn0033188	Drat
FBpp0307870	FBgn0033188	Drat
FBpp0077277	FBgn0016698	Ptpa
FBpp0084323	FBgn0000206	boss
FBpp0078466	FBgn0053293	CG33293
FBpp0073912	FBgn0030694	CG15602
FBpp0309109	FBgn0030694	CG15602
FBpp0304087	FBgn0039226	Ude
FBpp0311405	FBgn0039226	Ude
FBpp0304088	FBgn0039226	Ude
FBpp0071136	FBgn0265464	Traf6
FBpp0312336	FBgn0053511	CG33511
FBpp0078079	FBgn0052445	CG32445
FBpp0298823	FBgn0261710	nocte
FBpp0071394	FBgn0261710	nocte
FBpp0305169	FBgn0261710	nocte
FBpp0071395	FBgn0261710	nocte
FBpp0083547	FBgn0038918	Qsox3
FBpp0305219	FBgn0017558	Pdk
FBpp0087592	FBgn0017558	Pdk
FBpp0297719	FBgn0017558	Pdk
FBpp0111805	FBgn0017558	Pdk
FBpp0082550	FBgn0038331	Ccm3
FBpp0304366	FBgn0004167	kst
FBpp0304367	FBgn0004167	kst
FBpp0089204	FBgn0004167	kst
FBpp0072934	FBgn0004167	kst
FBpp0289294	FBgn0004167	kst
FBpp0292863	FBgn0004167	kst
FBpp0089203	FBgn0004167	kst
FBpp0081328	FBgn0004908	Arl2
FBpp0088532	FBgn0035917	Zasp66
FBpp0290381	FBgn0035917	Zasp66
FBpp0290377	FBgn0035917	Zasp66
FBpp0290380	FBgn0035917	Zasp66
FBpp0088531	FBgn0035917	Zasp66
FBpp0089007	FBgn0035917	Zasp66
FBpp0088534	FBgn0035917	Zasp66
FBpp0088530	FBgn0035917	Zasp66
FBpp0088529	FBgn0035917	Zasp66
FBpp0290379	FBgn0035917	Zasp66
FBpp0088535	FBgn0035917	Zasp66
FBpp0088533	FBgn0035917	Zasp66
FBpp0082253	FBgn0000046	Act87E
FBpp0082254	FBgn0000046	Act87E
FBpp0312019	FBgn0000046	Act87E
FBpp0308020	FBgn0020379	Rfx
FBpp0308017	FBgn0020379	Rfx
FBpp0297137	FBgn0020379	Rfx
FBpp0308018	FBgn0020379	Rfx
FBpp0308019	FBgn0020379	Rfx
FBpp0308021	FBgn0020379	Rfx
FBpp0305995	FBgn0260653	serp
FBpp0074721	FBgn0260653	serp
FBpp0088836	FBgn0025456	CREG
FBpp0088834	FBgn0025456	CREG
FBpp0297133	FBgn0025456	CREG
FBpp0088835	FBgn0025456	CREG
FBpp0312288	FBgn0052823	Sdic3
FBpp0312289	FBgn0052823	Sdic3
FBpp0312290	FBgn0052823	Sdic3
FBpp0075268	FBgn0036550	CG17026
FBpp0070815	FBgn0029783	Sirt4
FBpp0070816	FBgn0029783	Sirt4
FBpp0070817	FBgn0029783	Sirt4
FBpp0291421	FBgn0044020	Roc2
FBpp0087189	FBgn0044020	Roc2
FBpp0087177	FBgn0033640	CG13198
FBpp0297110	FBgn0022153	l(2)k05819
FBpp0077122	FBgn0022153	l(2)k05819
FBpp0303864	FBgn0022153	l(2)k05819
FBpp0423073	FBgn0085332	CG34303
FBpp0084188	FBgn0039302	Nup358
FBpp0293235	FBgn0039302	Nup358
FBpp0307951	FBgn0026565	Ass
FBpp0081197	FBgn0026565	Ass
FBpp0071134	FBgn0030016	Or7a
FBpp0310847	FBgn0266459	CG45084
FBpp0310848	FBgn0266459	CG45084
FBpp0072578	FBgn0004635	rho
FBpp0305409	FBgn0004635	rho
FBpp0311139	FBgn0002917	na
FBpp0311138	FBgn0002917	na
FBpp0099440	FBgn0054029	CG34029
FBpp0304529	FBgn0264364	CG43816
FBpp0304530	FBgn0264364	CG43816
FBpp0075298	FBgn0261722	fwe
FBpp0075296	FBgn0261722	fwe
FBpp0075297	FBgn0261722	fwe
FBpp0076578	FBgn0035781	CG8560
FBpp0304971	FBgn0035781	CG8560
FBpp0076755	FBgn0035673	CG6602
FBpp0083658	FBgn0028837	CSN6
FBpp0311789	FBgn0034215	Mtap
FBpp0303028	FBgn0034215	Mtap
FBpp0086072	FBgn0034215	Mtap
FBpp0078761	FBgn0031708	CG7382
FBpp0073805	FBgn0052590	CG32590
FBpp0307235	FBgn0030847	CG12991
FBpp0307236	FBgn0030847	CG12991
FBpp0307237	FBgn0030847	CG12991
FBpp0074223	FBgn0030847	CG12991
FBpp0074222	FBgn0030847	CG12991
FBpp0307238	FBgn0030847	CG12991
FBpp0074510	FBgn0031044	MKP-4
FBpp0304757	FBgn0031044	MKP-4
FBpp0112093	FBgn0036880	Cpr76Bc
FBpp0304993	FBgn0036880	Cpr76Bc
FBpp0111528	FBgn0085408	Shrm
FBpp0288692	FBgn0085408	Shrm
FBpp0111526	FBgn0085408	Shrm
FBpp0309010	FBgn0085408	Shrm
FBpp0305733	FBgn0002535	Lcp4
FBpp0087823	FBgn0002535	Lcp4
FBpp0070843	FBgn0029848	Btnd
FBpp0428074	FBgn0033471	CG12134
FBpp0428075	FBgn0033471	CG12134
FBpp0087476	FBgn0033471	CG12134
FBpp0401450	FBgn0267430	Pzl
FBpp0309291	FBgn0053198	pen-2
FBpp0088783	FBgn0053198	pen-2
FBpp0303387	FBgn0264001	bru3
FBpp0303378	FBgn0264001	bru3
FBpp0428116	FBgn0264001	bru3
FBpp0303375	FBgn0264001	bru3
FBpp0303379	FBgn0264001	bru3
FBpp0428115	FBgn0264001	bru3
FBpp0303383	FBgn0264001	bru3
FBpp0303386	FBgn0264001	bru3
FBpp0303376	FBgn0264001	bru3
FBpp0303388	FBgn0264001	bru3
FBpp0303385	FBgn0264001	bru3
FBpp0303384	FBgn0264001	bru3
FBpp0303389	FBgn0264001	bru3
FBpp0303377	FBgn0264001	bru3
FBpp0303380	FBgn0264001	bru3
FBpp0303381	FBgn0264001	bru3
FBpp0311136	FBgn0264001	bru3
FBpp0303382	FBgn0264001	bru3
FBpp0083388	FBgn0051191	CG31191
FBpp0310710	FBgn0051191	CG31191
FBpp0076398	FBgn0035880	Culd
FBpp0112067	FBgn0035880	Culd
FBpp0076397	FBgn0035880	Culd
FBpp0076399	FBgn0035880	Culd
FBpp0091098	FBgn0053852	His1:CG33852
FBpp0297415	FBgn0262896	CG43251
FBpp0304894	FBgn0036842	Ugt316A1
FBpp0074804	FBgn0036842	Ugt316A1
FBpp0293256	FBgn0038858	CG5793
FBpp0306058	FBgn0038858	CG5793
FBpp0306057	FBgn0038858	CG5793
FBpp0076665	FBgn0005626	ple
FBpp0311654	FBgn0005626	ple
FBpp0076666	FBgn0005626	ple
FBpp0306127	FBgn0034438	CG9416
FBpp0085739	FBgn0034438	CG9416
FBpp0082468	FBgn0038272	Dph2
FBpp0077157	FBgn0031585	CG2955
FBpp0083720	FBgn0024958	Irp-1A
FBpp0072146	FBgn0003401	shu
FBpp0071980	FBgn0034882	Eglp1
FBpp0081889	FBgn0037917	wkd
FBpp0081890	FBgn0037917	wkd
FBpp0077871	FBgn0037012	Rcd2
FBpp0298032	FBgn0038365	CG9593
FBpp0073690	FBgn0030537	CG12480
FBpp0293121	FBgn0030537	CG12480
FBpp0072206	FBgn0029501	Crtp
FBpp0084172	FBgn0039259	EMC6
FBpp0304039	FBgn0031397	CG15385
FBpp0077517	FBgn0031397	CG15385
FBpp0291174	FBgn0039373	CG5024
FBpp0084276	FBgn0039373	CG5024
FBpp0311895	FBgn0267049	CG45493
FBpp0309184	FBgn0034225	veil
FBpp0086082	FBgn0034225	veil
FBpp0079108	FBgn0031945	CG7191
FBpp0310047	FBgn0031945	CG7191
FBpp0304116	FBgn0030048	CG12112
FBpp0071177	FBgn0030048	CG12112
FBpp0079607	FBgn0025366	Ip259
FBpp0304031	FBgn0025366	Ip259
FBpp0303590	FBgn0011277	HLH4C
FBpp0070659	FBgn0011277	HLH4C
FBpp0076186	FBgn0015296	Shc
FBpp0070716	FBgn0003449	snf
FBpp0078796	FBgn0031734	CG11147
FBpp0078797	FBgn0031734	CG11147
FBpp0086694	FBgn0001220	Hsc70-5
FBpp0308990	FBgn0001220	Hsc70-5
FBpp0312493	FBgn0004797	mdy
FBpp0080473	FBgn0004797	mdy
FBpp0080474	FBgn0004797	mdy
FBpp0080472	FBgn0004797	mdy
FBpp0082230	FBgn0038147	CCHa2
FBpp0292355	FBgn0038147	CCHa2
FBpp0292354	FBgn0038147	CCHa2
FBpp0080343	FBgn0028950	CG15255
FBpp0310294	FBgn0028950	CG15255
FBpp0311488	FBgn0031980	RpL36A
FBpp0079168	FBgn0031980	RpL36A
FBpp0305857	FBgn0036819	Dysb
FBpp0074829	FBgn0036819	Dysb
FBpp0077879	FBgn0037000	ZnT77C
FBpp0077878	FBgn0037000	ZnT77C
FBpp0073869	FBgn0030668	CG8128
FBpp0309990	FBgn0030668	CG8128
FBpp0288555	FBgn0036897	Rnf146
FBpp0074730	FBgn0036897	Rnf146
FBpp0297447	FBgn0036897	Rnf146
FBpp0304246	FBgn0036897	Rnf146
FBpp0076417	FBgn0035851	MED24
FBpp0076849	FBgn0260856	Membrin
FBpp0076735	FBgn0035643	CG13287
FBpp0303119	FBgn0035643	CG13287
FBpp0305632	FBgn0044452	Atg2
FBpp0072840	FBgn0044452	Atg2
FBpp0111883	FBgn0030167	CG15252
FBpp0300229	FBgn0030167	CG15252
FBpp0302749	FBgn0036044	Zasp67
FBpp0302747	FBgn0036044	Zasp67
FBpp0302746	FBgn0036044	Zasp67
FBpp0310638	FBgn0036044	Zasp67
FBpp0081794	FBgn0051373	CG31373
FBpp0082409	FBgn0003862	trx
FBpp0099668	FBgn0003862	trx
FBpp0082408	FBgn0003862	trx
FBpp0082407	FBgn0003862	trx
FBpp0082406	FBgn0003862	trx
FBpp0302938	FBgn0263971	CG43725
FBpp0290353	FBgn0265968	Tfb5
FBpp0085906	FBgn0040733	BomS6
FBpp0082902	FBgn0003375	Sgs5
FBpp0085799	FBgn0034397	CG15082
FBpp0303086	FBgn0034397	CG15082
FBpp0304134	FBgn0024251	bbx
FBpp0100056	FBgn0024251	bbx
FBpp0304133	FBgn0024251	bbx
FBpp0100055	FBgn0024251	bbx
FBpp0303190	FBgn0036980	RhoBTB
FBpp0303191	FBgn0036980	RhoBTB
FBpp0077843	FBgn0036980	RhoBTB
FBpp0111877	FBgn0030049	Trf4-1
FBpp0304112	FBgn0030049	Trf4-1
FBpp0304114	FBgn0030049	Trf4-1
FBpp0071158	FBgn0030049	Trf4-1
FBpp0071159	FBgn0030049	Trf4-1
FBpp0304113	FBgn0030049	Trf4-1
FBpp0111876	FBgn0030049	Trf4-1
FBpp0070963	FBgn0029924	CG4586
FBpp0086894	FBgn0028963	Or49b
FBpp0070631	FBgn0041252	Femcoat
FBpp0086311	FBgn0034122	CG15711
FBpp0309067	FBgn0034122	CG15711
FBpp0076163	FBgn0035975	PGRP-LA
FBpp0306014	FBgn0035975	PGRP-LA
FBpp0076161	FBgn0035975	PGRP-LA
FBpp0076164	FBgn0035975	PGRP-LA
FBpp0076162	FBgn0035975	PGRP-LA
FBpp0086223	FBgn0025832	Fen1
FBpp0311425	FBgn0266745	CG45218
FBpp0081914	FBgn0037935	CG6834
FBpp0112053	FBgn0035542	TP53INP
FBpp0112054	FBgn0035542	TP53INP
FBpp0300395	FBgn0035542	TP53INP
FBpp0073152	FBgn0035542	TP53INP
FBpp0073150	FBgn0035542	TP53INP
FBpp0073153	FBgn0035542	TP53INP
FBpp0073151	FBgn0035542	TP53INP
FBpp0300394	FBgn0035542	TP53INP
FBpp0292802	FBgn0264495	gpp
FBpp0292799	FBgn0264495	gpp
FBpp0306435	FBgn0264495	gpp
FBpp0292800	FBgn0264495	gpp
FBpp0292801	FBgn0264495	gpp
FBpp0086933	FBgn0033775	Cyp9h1
FBpp0083432	FBgn0038861	Trm7-34
FBpp0100064	FBgn0040076	primo-2
FBpp0088256	FBgn0013749	Arf4
FBpp0305852	FBgn0013749	Arf4
FBpp0085578	FBgn0050148	CG30148
FBpp0309587	FBgn0050148	CG30148
FBpp0084989	FBgn0039765	mRpS18C
FBpp0310196	FBgn0262738	norpA
FBpp0070619	FBgn0262738	norpA
FBpp0070618	FBgn0262738	norpA
FBpp0100136	FBgn0262738	norpA
FBpp0290690	FBgn0262738	norpA
FBpp0100137	FBgn0262738	norpA
FBpp0297136	FBgn0010612	ATPsynG
FBpp0110172	FBgn0010612	ATPsynG
FBpp0079756	FBgn0010612	ATPsynG
FBpp0100106	FBgn0035198	CG9133
FBpp0100107	FBgn0035198	CG9133
FBpp0100108	FBgn0035198	CG9133
FBpp0087452	FBgn0033498	CG12209
FBpp0078256	FBgn0037424	Osi15
FBpp0087684	FBgn0020621	Pkn
FBpp0300526	FBgn0020621	Pkn
FBpp0087682	FBgn0020621	Pkn
FBpp0390638	FBgn0020621	Pkn
FBpp0291759	FBgn0020621	Pkn
FBpp0297540	FBgn0020621	Pkn
FBpp0308401	FBgn0020621	Pkn
FBpp0291760	FBgn0020621	Pkn
FBpp0087683	FBgn0020621	Pkn
FBpp0087685	FBgn0020621	Pkn
FBpp0308399	FBgn0020621	Pkn
FBpp0111810	FBgn0020621	Pkn
FBpp0087686	FBgn0020621	Pkn
FBpp0290726	FBgn0020621	Pkn
FBpp0308400	FBgn0020621	Pkn
FBpp0308402	FBgn0020621	Pkn
FBpp0291769	FBgn0026620	tacc
FBpp0088888	FBgn0026620	tacc
FBpp0088889	FBgn0026620	tacc
FBpp0291770	FBgn0026620	tacc
FBpp0304718	FBgn0026620	tacc
FBpp0304719	FBgn0026620	tacc
FBpp0088891	FBgn0026620	tacc
FBpp0291771	FBgn0026620	tacc
FBpp0088890	FBgn0026620	tacc
FBpp0291772	FBgn0026620	tacc
FBpp0088894	FBgn0026620	tacc
FBpp0297609	FBgn0026620	tacc
FBpp0088892	FBgn0026620	tacc
FBpp0307930	FBgn0033204	CG2065
FBpp0087996	FBgn0033204	CG2065
FBpp0078741	FBgn0031724	CG18266
FBpp0084951	FBgn0051029	CG31029
FBpp0077485	FBgn0052463	Tengl2
FBpp0082652	FBgn0051294	CG31294
FBpp0078336	FBgn0010051	Itpr
FBpp0310670	FBgn0010051	Itpr
FBpp0078335	FBgn0010051	Itpr
FBpp0089144	FBgn0045495	Gr28b
FBpp0089145	FBgn0045495	Gr28b
FBpp0089142	FBgn0045495	Gr28b
FBpp0079086	FBgn0045495	Gr28b
FBpp0089143	FBgn0045495	Gr28b
FBpp0074236	FBgn0030870	CG6398
FBpp0309626	FBgn0030870	CG6398
FBpp0084626	FBgn0039566	CG4849
FBpp0077787	FBgn0086856	CG11555
FBpp0310342	FBgn0086856	CG11555
FBpp0078487	FBgn0037291	CG14662
FBpp0078313	FBgn0037391	CG2017
FBpp0078311	FBgn0037391	CG2017
FBpp0113010	FBgn0037391	CG2017
FBpp0078312	FBgn0037391	CG2017
FBpp0078310	FBgn0037391	CG2017
FBpp0087144	FBgn0033665	Zip48C
FBpp0289639	FBgn0034282	Mapmodulin
FBpp0112004	FBgn0034282	Mapmodulin
FBpp0086002	FBgn0034282	Mapmodulin
FBpp0086001	FBgn0034282	Mapmodulin
FBpp0309468	FBgn0011559	Acp36DE
FBpp0080607	FBgn0011559	Acp36DE
FBpp0087174	FBgn0001269	inv
FBpp0087175	FBgn0001269	inv
FBpp0311724	FBgn0001269	inv
FBpp0300324	FBgn0261998	CG42816
FBpp0071194	FBgn0030063	CG1789
FBpp0078433	FBgn0003275	Polr2F
FBpp0071553	FBgn0261067	LSm1
FBpp0079087	FBgn0041247	Gr28a
FBpp0302605	FBgn0263762	CG43679
FBpp0302604	FBgn0263762	CG43679
FBpp0290707	FBgn0037153	olf413
FBpp0305421	FBgn0037153	olf413
FBpp0076773	FBgn0035674	CG13295
FBpp0086343	FBgn0034054	CG8366
FBpp0083690	FBgn0038966	pinta
FBpp0311970	FBgn0038966	pinta
FBpp0311713	FBgn0033729	Cpr49Af
FBpp0087032	FBgn0033729	Cpr49Af
FBpp0297191	FBgn0262817	CG43188
FBpp0080340	FBgn0028948	CG15253
FBpp0292027	FBgn0261584	CG42694
FBpp0306130	FBgn0261584	CG42694
FBpp0074790	FBgn0036834	CG6836
FBpp0076545	FBgn0261111	BHD
FBpp0309154	FBgn0053531	Ddr
FBpp0311100	FBgn0053531	Ddr
FBpp0311099	FBgn0053531	Ddr
FBpp0086482	FBgn0034033	CG8204
FBpp0309024	FBgn0034033	CG8204
FBpp0293951	FBgn0026086	Adar
FBpp0300329	FBgn0026086	Adar
FBpp0070287	FBgn0026086	Adar
FBpp0301690	FBgn0026086	Adar
FBpp0428082	FBgn0026086	Adar
FBpp0301688	FBgn0026086	Adar
FBpp0308382	FBgn0026086	Adar
FBpp0301692	FBgn0026086	Adar
FBpp0308381	FBgn0026086	Adar
FBpp0293950	FBgn0026086	Adar
FBpp0070286	FBgn0026086	Adar
FBpp0308383	FBgn0026086	Adar
FBpp0100009	FBgn0026086	Adar
FBpp0293949	FBgn0026086	Adar
FBpp0301689	FBgn0026086	Adar
FBpp0292373	FBgn0261805	CG42751
FBpp0077406	FBgn0031462	CG2964
FBpp0083208	FBgn0038731	Acsx1R
FBpp0312051	FBgn0286852	naz
FBpp0083009	FBgn0286852	naz
FBpp0082355	FBgn0038210	CG3199
FBpp0073708	FBgn0030539	CG1368
FBpp0310475	FBgn0259683	Ir40a
FBpp0307914	FBgn0259683	Ir40a
FBpp0306287	FBgn0259683	Ir40a
FBpp0070872	FBgn0261955	kdn
FBpp0070871	FBgn0261955	kdn
FBpp0085858	FBgn0063491	GstE9
FBpp0288951	FBgn0259189	Ir7e
FBpp0302860	FBgn0263848	CG43709
FBpp0288559	FBgn0034903	sona
FBpp0302012	FBgn0034903	sona
FBpp0072001	FBgn0034903	sona
FBpp0302011	FBgn0034903	sona
FBpp0302013	FBgn0034903	sona
FBpp0078649	FBgn0014857	His3.3A
FBpp0305717	FBgn0014857	His3.3A
FBpp0305716	FBgn0014857	His3.3A
FBpp0082703	FBgn0038380	CG14877
FBpp0088192	FBgn0052850	Rnf11
FBpp0305836	FBgn0052850	Rnf11
FBpp0291976	FBgn0261570	raskol
FBpp0291975	FBgn0261570	raskol
FBpp0309493	FBgn0261570	raskol
FBpp0291977	FBgn0261570	raskol
FBpp0309494	FBgn0261570	raskol
FBpp0291973	FBgn0261570	raskol
FBpp0309496	FBgn0261570	raskol
FBpp0291974	FBgn0261570	raskol
FBpp0309495	FBgn0261570	raskol
FBpp0071627	FBgn0050398	CG30398
FBpp0288723	FBgn0028380	fal
FBpp0312519	FBgn0028380	fal
FBpp0302865	FBgn0028380	fal
FBpp0271919	FBgn0052214	CG32214
FBpp0305977	FBgn0052214	CG32214
FBpp0077249	FBgn0031547	Sr-CIV
FBpp0292019	FBgn0261581	CG42691
FBpp0302685	FBgn0261581	CG42691
FBpp0085466	FBgn0000473	Cyp6a2
FBpp0080871	FBgn0032849	mRpS18B
FBpp0080870	FBgn0032849	mRpS18B
FBpp0085745	FBgn0034427	CG10474
FBpp0111523	FBgn0085407	Pvf3
FBpp0111524	FBgn0085407	Pvf3
FBpp0309572	FBgn0085407	Pvf3
FBpp0290740	FBgn0085407	Pvf3
FBpp0307246	FBgn0050438	Ugt50B3
FBpp0085403	FBgn0050438	Ugt50B3
FBpp0085405	FBgn0050438	Ugt50B3
FBpp0085406	FBgn0050438	Ugt50B3
FBpp0085404	FBgn0050438	Ugt50B3
FBpp0304810	FBgn0045443	mthl11
FBpp0304811	FBgn0045443	mthl11
FBpp0074888	FBgn0002901	mus304
FBpp0081326	FBgn0037576	Or85a
FBpp0311177	FBgn0263256	CG43394
FBpp0303353	FBgn0263256	CG43394
FBpp0300617	FBgn0263256	CG43394
FBpp0308729	FBgn0263256	CG43394
FBpp0300618	FBgn0263256	CG43394
FBpp0112049	FBgn0035521	VhaM9.7-a
FBpp0112050	FBgn0035521	VhaM9.7-a
FBpp0072216	FBgn0035027	CG3511
FBpp0310092	FBgn0035027	CG3511
FBpp0308444	FBgn0259226	CG42326
FBpp0289066	FBgn0259226	CG42326
FBpp0084680	FBgn0039599	intr
FBpp0087464	FBgn0033458	Lime
FBpp0298833	FBgn0032897	bero
FBpp0080956	FBgn0032897	bero
FBpp0081281	FBgn0037538	CG3223
FBpp0081367	FBgn0037602	SLIRP2
FBpp0087185	FBgn0033648	Ir48b
FBpp0082933	FBgn0016650	Lgr1
FBpp0082934	FBgn0016650	Lgr1
FBpp0081703	FBgn0037801	CG3999
FBpp0307977	FBgn0037801	CG3999
FBpp0070191	FBgn0040362	CG11379
FBpp0309595	FBgn0040362	CG11379
FBpp0082099	FBgn0086687	Desat1
FBpp0082098	FBgn0086687	Desat1
FBpp0082095	FBgn0086687	Desat1
FBpp0082097	FBgn0086687	Desat1
FBpp0082096	FBgn0086687	Desat1
FBpp0082367	FBgn0038209	Recs1
FBpp0091095	FBgn0053849	His1:CG33849
FBpp0080734	FBgn0032723	ssp3
FBpp0309712	FBgn0032723	ssp3
FBpp0080410	FBgn0032582	CG13258
FBpp0294015	FBgn0032582	CG13258
FBpp0081106	FBgn0004174	Mst84Dc
FBpp0111754	FBgn0004174	Mst84Dc
FBpp0086304	FBgn0034127	CG7848
FBpp0076552	FBgn0011640	lark
FBpp0076554	FBgn0011640	lark
FBpp0076556	FBgn0011640	lark
FBpp0076555	FBgn0011640	lark
FBpp0076553	FBgn0011640	lark
FBpp0113107	FBgn0284251	l(2)05287
FBpp0305595	FBgn0036105	Blos4
FBpp0075998	FBgn0036105	Blos4
FBpp0302930	FBgn0052475	mthl8
FBpp0072364	FBgn0052475	mthl8
FBpp0293066	FBgn0262140	CG42866
FBpp0308927	FBgn0039671	CG11470
FBpp0084837	FBgn0039671	CG11470
FBpp0086051	FBgn0034259	P32
FBpp0084953	FBgn0051025	Ppi1
FBpp0084952	FBgn0051025	Ppi1
FBpp0072923	FBgn0052279	Drsl2
FBpp0306531	FBgn0030341	p24-1
FBpp0073441	FBgn0030341	p24-1
FBpp0291481	FBgn0261357	CG42634
FBpp0083531	FBgn0041229	Gr93a
FBpp0110528	FBgn0069973	CG40485
FBpp0110515	FBgn0069973	CG40485
FBpp0352248	FBgn0069973	CG40485
FBpp0304886	FBgn0041775	tral
FBpp0304881	FBgn0041775	tral
FBpp0304884	FBgn0041775	tral
FBpp0075691	FBgn0041775	tral
FBpp0304888	FBgn0041775	tral
FBpp0304883	FBgn0041775	tral
FBpp0304887	FBgn0041775	tral
FBpp0304882	FBgn0041775	tral
FBpp0304885	FBgn0041775	tral
FBpp0078051	FBgn0037082	CG5664
FBpp0304206	FBgn0037082	CG5664
FBpp0087299	FBgn0040764	CG13230
FBpp0310011	FBgn0053223	CG33223
FBpp0071182	FBgn0053223	CG33223
FBpp0290086	FBgn0034381	List
FBpp0290085	FBgn0034381	List
FBpp0291066	FBgn0050410	Rpi
FBpp0296955	FBgn0050410	Rpi
FBpp0309536	FBgn0032391	escl
FBpp0079870	FBgn0032391	escl
FBpp0080532	FBgn0032635	CG15141
FBpp0080693	FBgn0032749	Phlpp
FBpp0307805	FBgn0032749	Phlpp
FBpp0291748	FBgn0037109	MED1
FBpp0078118	FBgn0037109	MED1
FBpp0306092	FBgn0037109	MED1
FBpp0085726	FBgn0020440	Fak
FBpp0085727	FBgn0020440	Fak
FBpp0291097	FBgn0020440	Fak
FBpp0113097	FBgn0020440	Fak
FBpp0291096	FBgn0020440	Fak
FBpp0085728	FBgn0020440	Fak
FBpp0076346	FBgn0035901	Pus7
FBpp0089427	FBgn0010825	Gug
FBpp0076345	FBgn0010825	Gug
FBpp0305263	FBgn0010825	Gug
FBpp0296976	FBgn0010825	Gug
FBpp0076343	FBgn0010825	Gug
FBpp0296977	FBgn0010825	Gug
FBpp0296978	FBgn0010825	Gug
FBpp0305262	FBgn0010825	Gug
FBpp0296979	FBgn0010825	Gug
FBpp0089414	FBgn0065035	AlkB
FBpp0402790	FBgn0065035	AlkB
FBpp0074230	FBgn0026192	par-6
FBpp0074229	FBgn0026192	par-6
FBpp0310795	FBgn0266432	CG45062
FBpp0310794	FBgn0266432	CG45062
FBpp0291498	FBgn0261401	Ir75c
FBpp0311241	FBgn0002641	mal
FBpp0076998	FBgn0002641	mal
FBpp0083264	FBgn0038745	ClpX
FBpp0310666	FBgn0038745	ClpX
FBpp0310667	FBgn0038745	ClpX
FBpp0310816	FBgn0266451	fau
FBpp0073522	FBgn0030421	Agpat1
FBpp0305378	FBgn0030421	Agpat1
FBpp0073521	FBgn0030421	Agpat1
FBpp0077724	FBgn0031261	nAChRbeta3
FBpp0303081	FBgn0038237	Pde6
FBpp0289559	FBgn0038237	Pde6
FBpp0311378	FBgn0038237	Pde6
FBpp0082038	FBgn0038011	CG4066
FBpp0076043	FBgn0052054	CG32054
FBpp0309794	FBgn0030925	Hayan
FBpp0111913	FBgn0030925	Hayan
FBpp0074401	FBgn0030925	Hayan
FBpp0307255	FBgn0264959	Src42A
FBpp0428449	FBgn0264959	Src42A
FBpp0307254	FBgn0264959	Src42A
FBpp0428448	FBgn0264959	Src42A
FBpp0071234	FBgn0030091	CG7065
FBpp0084466	FBgn0027889	ball
FBpp0084465	FBgn0027889	ball
FBpp0310380	FBgn0085370	Pde11
FBpp0292261	FBgn0085370	Pde11
FBpp0310381	FBgn0085370	Pde11
FBpp0111456	FBgn0085370	Pde11
FBpp0111457	FBgn0085370	Pde11
FBpp0292262	FBgn0085370	Pde11
FBpp0306753	FBgn0264836	CG44044
FBpp0297227	FBgn0037796	CG12814
FBpp0110083	FBgn0037796	CG12814
FBpp0307947	FBgn0037796	CG12814
FBpp0307948	FBgn0037796	CG12814
FBpp0078465	FBgn0260462	CtsF
FBpp0078464	FBgn0260462	CtsF
FBpp0292963	FBgn0260462	CtsF
FBpp0075013	FBgn0036702	Afg3l2
FBpp0075012	FBgn0036702	Afg3l2
FBpp0085834	FBgn0023214	edl
FBpp0085251	FBgn0032949	Lamp1
FBpp0074001	FBgn0027521	CG3679
FBpp0307919	FBgn0027521	CG3679
FBpp0112269	FBgn0050015	CG30015
FBpp0304272	FBgn0050015	CG30015
FBpp0087337	FBgn0050015	CG30015
FBpp0112268	FBgn0050015	CG30015
FBpp0297485	FBgn0050015	CG30015
FBpp0304271	FBgn0050015	CG30015
FBpp0087338	FBgn0050015	CG30015
FBpp0288442	FBgn0052551	CG32551
FBpp0291389	FBgn0039883	RhoGAP100F
FBpp0301565	FBgn0039883	RhoGAP100F
FBpp0310142	FBgn0039883	RhoGAP100F
FBpp0291390	FBgn0039883	RhoGAP100F
FBpp0310143	FBgn0039883	RhoGAP100F
FBpp0291391	FBgn0039883	RhoGAP100F
FBpp0293137	FBgn0039883	RhoGAP100F
FBpp0293136	FBgn0039883	RhoGAP100F
FBpp0075310	FBgn0036504	yellow-k
FBpp0303881	FBgn0022987	qkr54B
FBpp0297358	FBgn0022987	qkr54B
FBpp0086079	FBgn0022987	qkr54B
FBpp0086081	FBgn0022987	qkr54B
FBpp0070415	FBgn0013432	bcn92
FBpp0084729	FBgn0039627	CG11837
FBpp0081878	FBgn0037901	Exd2
FBpp0300531	FBgn0037901	Exd2
FBpp0073856	FBgn0030648	CG6340
FBpp0301762	FBgn0030648	CG6340
FBpp0073857	FBgn0030648	CG6340
FBpp0301761	FBgn0030648	CG6340
FBpp0081711	FBgn0037811	CG12592
FBpp0089024	FBgn0003721	Tm1
FBpp0296936	FBgn0003721	Tm1
FBpp0306046	FBgn0003721	Tm1
FBpp0296935	FBgn0003721	Tm1
FBpp0088896	FBgn0003721	Tm1
FBpp0088899	FBgn0003721	Tm1
FBpp0088904	FBgn0003721	Tm1
FBpp0306045	FBgn0003721	Tm1
FBpp0088901	FBgn0003721	Tm1
FBpp0088902	FBgn0003721	Tm1
FBpp0088906	FBgn0003721	Tm1
FBpp0088900	FBgn0003721	Tm1
FBpp0088898	FBgn0003721	Tm1
FBpp0296934	FBgn0003721	Tm1
FBpp0291171	FBgn0003721	Tm1
FBpp0428078	FBgn0003721	Tm1
FBpp0088903	FBgn0003721	Tm1
FBpp0291172	FBgn0003721	Tm1
FBpp0081282	FBgn0037540	Pbp95
FBpp0312204	FBgn0027348	bgm
FBpp0080167	FBgn0027348	bgm
FBpp0091083	FBgn0053837	His1:CG33837
FBpp0078730	FBgn0051989	Cap-D3
FBpp0290533	FBgn0051989	Cap-D3
FBpp0087862	FBgn0033266	Socs44A
FBpp0085081	FBgn0039806	CG15545
FBpp0091014	FBgn0053703	CG33703
FBpp0304849	FBgn0001941	ifc
FBpp0078810	FBgn0001941	ifc
FBpp0072895	FBgn0052280	CG32280
FBpp0072896	FBgn0052280	CG32280
FBpp0072894	FBgn0052280	CG32280
FBpp0310626	FBgn0052280	CG32280
FBpp0070951	FBgn0029887	CG3198
FBpp0312484	FBgn0033140	CG12836
FBpp0071151	FBgn0000360	Cp38
FBpp0289676	FBgn0000360	Cp38
FBpp0271691	FBgn0087041	Hyls1
FBpp0074750	FBgn0036874	brv1
FBpp0304329	FBgn0264341	CG43797
FBpp0293822	FBgn0262605	CG43131
FBpp0084595	FBgn0039551	Or98a
FBpp0078071	FBgn0037063	CG9391
FBpp0296988	FBgn0037063	CG9391
FBpp0073484	FBgn0002562	Lsp1alpha
FBpp0099872	FBgn0061515	endos
FBpp0293215	FBgn0061515	endos
FBpp0293216	FBgn0061515	endos
FBpp0099873	FBgn0061515	endos
FBpp0305266	FBgn0061515	endos
FBpp0305267	FBgn0061515	endos
FBpp0082410	FBgn0038218	CG14841
FBpp0307622	FBgn0265046	CG44163
FBpp0305396	FBgn0037730	CG9444
FBpp0081577	FBgn0037730	CG9444
FBpp0076752	FBgn0035669	CG6592
FBpp0076503	FBgn0035789	mthl6
FBpp0074566	FBgn0026175	SkpC
FBpp0087064	FBgn0033736	CG13154
FBpp0084275	FBgn0039358	Idh3g
FBpp0112202	FBgn0039358	Idh3g
FBpp0112203	FBgn0039358	Idh3g
FBpp0112201	FBgn0039358	Idh3g
FBpp0078306	FBgn0040679	CG11373
FBpp0089191	FBgn0265137	Spn42Da
FBpp0089189	FBgn0265137	Spn42Da
FBpp0089190	FBgn0265137	Spn42Da
FBpp0089193	FBgn0265137	Spn42Da
FBpp0089206	FBgn0265137	Spn42Da
FBpp0085523	FBgn0265137	Spn42Da
FBpp0089207	FBgn0265137	Spn42Da
FBpp0085524	FBgn0265137	Spn42Da
FBpp0289565	FBgn0265137	Spn42Da
FBpp0089208	FBgn0265137	Spn42Da
FBpp0089192	FBgn0265137	Spn42Da
FBpp0082060	FBgn0038045	NANS
FBpp0082104	FBgn0038057	Polr3C
FBpp0292147	FBgn0038057	Polr3C
FBpp0071781	FBgn0034766	Obp59a
FBpp0076549	FBgn0035762	Rint1
FBpp0084549	FBgn0010441	pll
FBpp0306780	FBgn0010441	pll
FBpp0082848	FBgn0038486	CG5265
FBpp0080059	FBgn0051730	CG31730
FBpp0291923	FBgn0261565	Lmpt
FBpp0291925	FBgn0261565	Lmpt
FBpp0291920	FBgn0261565	Lmpt
FBpp0291921	FBgn0261565	Lmpt
FBpp0291916	FBgn0261565	Lmpt
FBpp0428247	FBgn0261565	Lmpt
FBpp0291927	FBgn0261565	Lmpt
FBpp0291922	FBgn0261565	Lmpt
FBpp0297643	FBgn0261565	Lmpt
FBpp0291926	FBgn0261565	Lmpt
FBpp0291918	FBgn0261565	Lmpt
FBpp0291924	FBgn0261565	Lmpt
FBpp0291919	FBgn0261565	Lmpt
FBpp0312427	FBgn0261565	Lmpt
FBpp0291917	FBgn0261565	Lmpt
FBpp0306150	FBgn0030878	CG6769
FBpp0074267	FBgn0030878	CG6769
FBpp0075261	FBgn0036536	CG12713
FBpp0084203	FBgn0039319	CG13659
FBpp0111319	FBgn0085240	CG34211
FBpp0307912	FBgn0046113	GluRIIC
FBpp0311604	FBgn0034153	Acp53C14b
FBpp0086229	FBgn0034153	Acp53C14b
FBpp0079247	FBgn0032005	Snx6
FBpp0297300	FBgn0032005	Snx6
FBpp0075817	FBgn0015278	Pi3K68D
FBpp0291030	FBgn0015278	Pi3K68D
FBpp0075819	FBgn0015278	Pi3K68D
FBpp0075818	FBgn0015278	Pi3K68D
FBpp0304365	FBgn0015278	Pi3K68D
FBpp0084980	FBgn0000279	CecC
FBpp0310837	FBgn0016975	stnB
FBpp0310530	FBgn0016975	stnB
FBpp0291230	FBgn0016975	stnB
FBpp0291231	FBgn0016975	stnB
FBpp0292054	FBgn0040797	CG13066
FBpp0089282	FBgn0038205	Kif19A
FBpp0085855	FBgn0063494	GstE6
FBpp0310954	FBgn0038160	CG9759
FBpp0082324	FBgn0038160	CG9759
FBpp0082325	FBgn0038160	CG9759
FBpp0288441	FBgn0052547	CG32547
FBpp0304652	FBgn0052547	CG32547
FBpp0087134	FBgn0267728	otk2
FBpp0078020	FBgn0037094	CG7611
FBpp0078017	FBgn0037094	CG7611
FBpp0078022	FBgn0037094	CG7611
FBpp0078021	FBgn0037094	CG7611
FBpp0078015	FBgn0037094	CG7611
FBpp0078019	FBgn0037094	CG7611
FBpp0078018	FBgn0037094	CG7611
FBpp0290416	FBgn0037094	CG7611
FBpp0290415	FBgn0037094	CG7611
FBpp0083105	FBgn0261065	Cpsf73
FBpp0112092	FBgn0036804	Sgf11
FBpp0297757	FBgn0263022	CG43317
FBpp0310241	FBgn0011754	PhKgamma
FBpp0290716	FBgn0011754	PhKgamma
FBpp0290715	FBgn0011754	PhKgamma
FBpp0089045	FBgn0011754	PhKgamma
FBpp0310184	FBgn0011754	PhKgamma
FBpp0309273	FBgn0086448	PIG-Q
FBpp0298004	FBgn0086448	PIG-Q
FBpp0071540	FBgn0050394	CG30394
FBpp0071539	FBgn0050394	CG30394
FBpp0082831	FBgn0051268	CG31268
FBpp0298019	FBgn0051268	CG31268
FBpp0311534	FBgn0036746	Crtc
FBpp0074960	FBgn0036746	Crtc
FBpp0303195	FBgn0036746	Crtc
FBpp0079574	FBgn0032204	CG4953
FBpp0084327	FBgn0015269	Nf1
FBpp0084326	FBgn0015269	Nf1
FBpp0303216	FBgn0015269	Nf1
FBpp0100151	FBgn0015269	Nf1
FBpp0303215	FBgn0015269	Nf1
FBpp0290301	FBgn0085336	CG34307
FBpp0305447	FBgn0051956	Pgant4
FBpp0113016	FBgn0051956	Pgant4
FBpp0302530	FBgn0263757	Polr2D
FBpp0084298	FBgn0039366	CG17198
FBpp0310940	FBgn0039366	CG17198
FBpp0303624	FBgn0032330	Samuel
FBpp0312491	FBgn0032330	Samuel
FBpp0310219	FBgn0032330	Samuel
FBpp0079750	FBgn0032330	Samuel
FBpp0074836	FBgn0036831	CG6839
FBpp0306191	FBgn0054001	CG34001
FBpp0290169	FBgn0054001	CG34001
FBpp0302813	FBgn0043455	CG5986
FBpp0083920	FBgn0043455	CG5986
FBpp0083374	FBgn0038832	CG15695
FBpp0112998	FBgn0262714	Sap130
FBpp0075659	FBgn0262714	Sap130
FBpp0304353	FBgn0262714	Sap130
FBpp0075660	FBgn0262714	Sap130
FBpp0304354	FBgn0262714	Sap130
FBpp0075661	FBgn0262714	Sap130
FBpp0306749	FBgn0264830	CG44038
FBpp0291502	FBgn0243516	Vrp1
FBpp0071707	FBgn0243516	Vrp1
FBpp0071706	FBgn0243516	Vrp1
FBpp0309744	FBgn0243516	Vrp1
FBpp0112017	FBgn0243516	Vrp1
FBpp0291504	FBgn0243516	Vrp1
FBpp0071704	FBgn0243516	Vrp1
FBpp0291503	FBgn0243516	Vrp1
FBpp0291501	FBgn0243516	Vrp1
FBpp0071705	FBgn0243516	Vrp1
FBpp0071709	FBgn0243516	Vrp1
FBpp0071708	FBgn0243516	Vrp1
FBpp0305969	FBgn0004244	Rdl
FBpp0305970	FBgn0004244	Rdl
FBpp0301075	FBgn0004244	Rdl
FBpp0076261	FBgn0004244	Rdl
FBpp0305968	FBgn0004244	Rdl
FBpp0076263	FBgn0004244	Rdl
FBpp0309292	FBgn0034321	CG14502
FBpp0290761	FBgn0034321	CG14502
FBpp0085936	FBgn0034321	CG14502
FBpp0085935	FBgn0034321	CG14502
FBpp0079594	FBgn0032233	dpr19
FBpp0304501	FBgn0032233	dpr19
FBpp0304500	FBgn0032233	dpr19
FBpp0300976	FBgn0036623	Agpat3
FBpp0075176	FBgn0036623	Agpat3
FBpp0075178	FBgn0036623	Agpat3
FBpp0075177	FBgn0036623	Agpat3
FBpp0075175	FBgn0036623	Agpat3
FBpp0085736	FBgn0261439	SdhA
FBpp0085737	FBgn0261439	SdhA
FBpp0085738	FBgn0261439	SdhA
FBpp0311731	FBgn0034647	pirk
FBpp0071599	FBgn0034647	pirk
FBpp0099552	FBgn0035239	CG18170
FBpp0099551	FBgn0035239	CG18170
FBpp0308850	FBgn0261848	CG42780
FBpp0292477	FBgn0261848	CG42780
FBpp0085408	FBgn0033028	hrm
FBpp0311514	FBgn0033028	hrm
FBpp0079614	FBgn0032247	CG5188
FBpp0073518	FBgn0030417	CG15725
FBpp0290385	FBgn0034911	GlyT
FBpp0289115	FBgn0266557	kis
FBpp0300573	FBgn0266557	kis
FBpp0300575	FBgn0266557	kis
FBpp0077803	FBgn0266557	kis
FBpp0077804	FBgn0266557	kis
FBpp0300574	FBgn0266557	kis
FBpp0086579	FBgn0033973	HPS1
FBpp0301614	FBgn0033447	dila
FBpp0308499	FBgn0033447	dila
FBpp0301613	FBgn0033447	dila
FBpp0301555	FBgn0034761	CG4250
FBpp0071776	FBgn0034761	CG4250
FBpp0070763	FBgn0029762	NAAT1
FBpp0305085	FBgn0036778	Cyp312a1
FBpp0074901	FBgn0036778	Cyp312a1
FBpp0309487	FBgn0030854	CG8289
FBpp0074258	FBgn0030854	CG8289
FBpp0291738	FBgn0087011	CG41520
FBpp0291737	FBgn0087011	CG41520
FBpp0112835	FBgn0087011	CG41520
FBpp0112834	FBgn0087011	CG41520
FBpp0070247	FBgn0025383	CG14780
FBpp0089306	FBgn0003423	slgA
FBpp0300179	FBgn0003423	slgA
FBpp0076903	FBgn0003423	slgA
FBpp0300183	FBgn0003423	slgA
FBpp0300181	FBgn0003423	slgA
FBpp0089305	FBgn0003423	slgA
FBpp0089304	FBgn0003423	slgA
FBpp0076906	FBgn0003423	slgA
FBpp0300184	FBgn0003423	slgA
FBpp0076904	FBgn0003423	slgA
FBpp0076905	FBgn0003423	slgA
FBpp0076902	FBgn0003423	slgA
FBpp0300182	FBgn0003423	slgA
FBpp0300180	FBgn0003423	slgA
FBpp0305508	FBgn0000479	dnc
FBpp0070493	FBgn0000479	dnc
FBpp0305507	FBgn0000479	dnc
FBpp0070495	FBgn0000479	dnc
FBpp0070496	FBgn0000479	dnc
FBpp0070494	FBgn0000479	dnc
FBpp0305505	FBgn0000479	dnc
FBpp0305504	FBgn0000479	dnc
FBpp0070498	FBgn0000479	dnc
FBpp0070489	FBgn0000479	dnc
FBpp0070487	FBgn0000479	dnc
FBpp0305509	FBgn0000479	dnc
FBpp0070488	FBgn0000479	dnc
FBpp0070491	FBgn0000479	dnc
FBpp0305506	FBgn0000479	dnc
FBpp0070497	FBgn0000479	dnc
FBpp0070485	FBgn0000479	dnc
FBpp0309857	FBgn0031832	Trmt6
FBpp0078961	FBgn0031832	Trmt6
FBpp0309858	FBgn0031832	Trmt6
FBpp0072348	FBgn0035092	Nplp1
FBpp0288531	FBgn0035092	Nplp1
FBpp0110161	FBgn0035092	Nplp1
FBpp0300405	FBgn0263249	CG43392
FBpp0082755	FBgn0028381	Decay
FBpp0072901	FBgn0052284	CG32284
FBpp0074435	FBgn0030980	CG7406
FBpp0311237	FBgn0000455	Dip-C
FBpp0082069	FBgn0000455	Dip-C
FBpp0070305	FBgn0023522	CG11596
FBpp0070307	FBgn0023522	CG11596
FBpp0070306	FBgn0023522	CG11596
FBpp0304839	FBgn0023522	CG11596
FBpp0304838	FBgn0023522	CG11596
FBpp0076024	FBgn0036070	CG8072
FBpp0308786	FBgn0037491	CG1227
FBpp0081116	FBgn0037491	CG1227
FBpp0087306	FBgn0033574	Spn47C
FBpp0311653	FBgn0033574	Spn47C
FBpp0290084	FBgn0033574	Spn47C
FBpp0080010	FBgn0265262	Vha68-1
FBpp0307601	FBgn0265262	Vha68-1
FBpp0083757	FBgn0039039	lmd
FBpp0307995	FBgn0039039	lmd
FBpp0088116	FBgn0033149	CG11060
FBpp0289653	FBgn0051627	CG31627
FBpp0302701	FBgn0263776	CG43693
FBpp0302700	FBgn0263776	CG43693
FBpp0302703	FBgn0263776	CG43693
FBpp0302702	FBgn0263776	CG43693
FBpp0302706	FBgn0263776	CG43693
FBpp0302705	FBgn0263776	CG43693
FBpp0302704	FBgn0263776	CG43693
FBpp0309550	FBgn0085410	TrissinR
FBpp0111531	FBgn0085410	TrissinR
FBpp0303255	FBgn0085410	TrissinR
FBpp0303254	FBgn0085410	TrissinR
FBpp0076408	FBgn0026252	msk
FBpp0074807	FBgn0036839	SmydA-2
FBpp0073316	FBgn0001491	l(1)10Bb
FBpp0075543	FBgn0036381	CG8745
FBpp0311926	FBgn0051205	CG31205
FBpp0289679	FBgn0051205	CG31205
FBpp0080642	FBgn0086909	CG31751
FBpp0080643	FBgn0086909	CG31751
FBpp0310473	FBgn0086909	CG31751
FBpp0401581	FBgn0086909	CG31751
FBpp0099679	FBgn0050481	mRpL53
FBpp0290205	FBgn0051021	CG31021
FBpp0081021	FBgn0011829	Ret
FBpp0081022	FBgn0011829	Ret
FBpp0081023	FBgn0011829	Ret
FBpp0306262	FBgn0264751	Vti1b
FBpp0306261	FBgn0264751	Vti1b
FBpp0077477	FBgn0028570	robl22E
FBpp0303868	FBgn0028570	robl22E
FBpp0070456	FBgn0024993	Lint-O
FBpp0311753	FBgn0024993	Lint-O
FBpp0303029	FBgn0034300	CG5098
FBpp0312417	FBgn0034300	CG5098
FBpp0085911	FBgn0034300	CG5098
FBpp0112005	FBgn0034300	CG5098
FBpp0080074	FBgn0032472	CG9928
FBpp0311685	FBgn0032472	CG9928
FBpp0091157	FBgn0053912	CG33912
FBpp0292473	FBgn0261847	CG42779
FBpp0310821	FBgn0261847	CG42779
FBpp0289852	FBgn0260222	CG42496
FBpp0309729	FBgn0260222	CG42496
FBpp0071899	FBgn0052833	CG32833
FBpp0087115	FBgn0033699	RpS11
FBpp0087114	FBgn0033699	RpS11
FBpp0288667	FBgn0036767	CG16775
FBpp0071337	FBgn0261617	nej
FBpp0305701	FBgn0261617	nej
FBpp0291862	FBgn0261617	nej
FBpp0291863	FBgn0261617	nej
FBpp0080391	FBgn0001086	fzy
FBpp0080008	FBgn0028965	CG9933
FBpp0307669	FBgn0052814	CG32814
FBpp0288447	FBgn0053626	CG33626
FBpp0292761	FBgn0261934	dikar
FBpp0303178	FBgn0261934	dikar
FBpp0292763	FBgn0261934	dikar
FBpp0292764	FBgn0261934	dikar
FBpp0305261	FBgn0261934	dikar
FBpp0292762	FBgn0261934	dikar
FBpp0310656	FBgn0014037	Su(Tpl)
FBpp0074689	FBgn0014037	Su(Tpl)
FBpp0291257	FBgn0014037	Su(Tpl)
FBpp0307129	FBgn0031472	CG2983
FBpp0089309	FBgn0263396	sqd
FBpp0301102	FBgn0263396	sqd
FBpp0082319	FBgn0263396	sqd
FBpp0082320	FBgn0263396	sqd
FBpp0082321	FBgn0263396	sqd
FBpp0082626	FBgn0038360	CG9590
FBpp0079706	FBgn0032297	CG17124
FBpp0309219	FBgn0032297	CG17124
FBpp0079707	FBgn0032297	CG17124
FBpp0085077	FBgn0039809	CG15547
FBpp0070465	FBgn0000520	dwg
FBpp0083115	FBgn0261113	Xrp1
FBpp0112158	FBgn0261113	Xrp1
FBpp0306591	FBgn0261113	Xrp1
FBpp0083117	FBgn0261113	Xrp1
FBpp0083116	FBgn0261113	Xrp1
FBpp0083114	FBgn0261113	Xrp1
FBpp0306590	FBgn0261113	Xrp1
FBpp0081934	FBgn0037918	CG6791
FBpp0081935	FBgn0037918	CG6791
FBpp0292996	FBgn0262104	CG42857
FBpp0312402	FBgn0003510	Sry-alpha
FBpp0084923	FBgn0003510	Sry-alpha
FBpp0086665	FBgn0033917	SmydA-1
FBpp0083842	FBgn0263782	Hmgcr
FBpp0071554	FBgn0034598	Isha
FBpp0309673	FBgn0034598	Isha
FBpp0302570	FBgn0034598	Isha
FBpp0112013	FBgn0034598	Isha
FBpp0309469	FBgn0031513	CG3347
FBpp0290255	FBgn0031513	CG3347
FBpp0083701	FBgn0039017	CG6985
FBpp0074908	FBgn0036765	CG7408
FBpp0289510	FBgn0036765	CG7408
FBpp0289509	FBgn0036765	CG7408
FBpp0293826	FBgn0262609	CG43135
FBpp0079712	FBgn0024740	Lip2
FBpp0309220	FBgn0024740	Lip2
FBpp0074373	FBgn0001079	fu
FBpp0080907	FBgn0260000	CG17570
FBpp0290826	FBgn0016983	smid
FBpp0304234	FBgn0016983	smid
FBpp0304233	FBgn0016983	smid
FBpp0089153	FBgn0016983	smid
FBpp0305596	FBgn0016983	smid
FBpp0080302	FBgn0032563	CG15258
FBpp0076207	FBgn0005533	RpS17
FBpp0071772	FBgn0034740	nsr
FBpp0311607	FBgn0034740	nsr
FBpp0071209	FBgn0011586	e(r)
FBpp0305781	FBgn0011586	e(r)
FBpp0301768	FBgn0011586	e(r)
FBpp0071210	FBgn0011586	e(r)
FBpp0305782	FBgn0011586	e(r)
FBpp0086152	FBgn0034202	CG17287
FBpp0087241	FBgn0015872	Drip
FBpp0303807	FBgn0015872	Drip
FBpp0303808	FBgn0015872	Drip
FBpp0087240	FBgn0015872	Drip
FBpp0308570	FBgn0015872	Drip
FBpp0303806	FBgn0015872	Drip
FBpp0303805	FBgn0015872	Drip
FBpp0082249	FBgn0038127	CG8476
FBpp0073716	FBgn0030545	CG11590
FBpp0075701	FBgn0020388	Gcn5
FBpp0091057	FBgn0053810	His1:CG33810
FBpp0288655	FBgn0030769	CG13012
FBpp0307258	FBgn0030769	CG13012
FBpp0307257	FBgn0030769	CG13012
FBpp0307259	FBgn0030769	CG13012
FBpp0079578	FBgn0032217	CG4972
FBpp0111841	FBgn0027343	fz3
FBpp0070133	FBgn0027343	fz3
FBpp0311620	FBgn0027343	fz3
FBpp0071111	FBgn0030014	CG15337
FBpp0074650	FBgn0024889	Kap-alpha1
FBpp0311499	FBgn0052107	CG32107
FBpp0311500	FBgn0052107	CG32107
FBpp0078931	FBgn0046704	Liprin-alpha
FBpp0302975	FBgn0046704	Liprin-alpha
FBpp0302974	FBgn0046704	Liprin-alpha
FBpp0078930	FBgn0046704	Liprin-alpha
FBpp0302973	FBgn0046704	Liprin-alpha
FBpp0078316	FBgn0037382	Hpr1
FBpp0083441	FBgn0025865	Cortactin
FBpp0297441	FBgn0025865	Cortactin
FBpp0297442	FBgn0025865	Cortactin
FBpp0297440	FBgn0025865	Cortactin
FBpp0077043	FBgn0031189	CG14618
FBpp0305575	FBgn0000592	Est-6
FBpp0075735	FBgn0000592	Est-6
FBpp0293191	FBgn0262366	CG43064
FBpp0311344	FBgn0262366	CG43064
FBpp0070181	FBgn0040346	CG3704
FBpp0087028	FBgn0033725	Cpr49Ac
FBpp0311862	FBgn0033725	Cpr49Ac
FBpp0087027	FBgn0033725	Cpr49Ac
FBpp0308694	FBgn0033725	Cpr49Ac
FBpp0290586	FBgn0033725	Cpr49Ac
FBpp0308693	FBgn0033725	Cpr49Ac
FBpp0078193	FBgn0037178	CG12546
FBpp0072790	FBgn0026593	CG5707
FBpp0300550	FBgn0026593	CG5707
FBpp0300551	FBgn0026593	CG5707
FBpp0076297	FBgn0035923	CG6511
FBpp0306019	FBgn0035923	CG6511
FBpp0423069	FBgn0053121	Spn28Db
FBpp0077257	FBgn0031542	CG15414
FBpp0300983	FBgn0051431	CG31431
FBpp0300984	FBgn0051431	CG31431
FBpp0083535	FBgn0051431	CG31431
FBpp0079946	FBgn0032408	CG6712
FBpp0311971	FBgn0038695	CG14280
FBpp0083152	FBgn0038695	CG14280
FBpp0293376	FBgn0262509	nrm
FBpp0293374	FBgn0262509	nrm
FBpp0293371	FBgn0262509	nrm
FBpp0305423	FBgn0262509	nrm
FBpp0293370	FBgn0262509	nrm
FBpp0293373	FBgn0262509	nrm
FBpp0304057	FBgn0032218	CG5381
FBpp0304058	FBgn0032218	CG5381
FBpp0304056	FBgn0032218	CG5381
FBpp0079649	FBgn0032218	CG5381
FBpp0302046	FBgn0085451	htk
FBpp0302588	FBgn0085451	htk
FBpp0291875	FBgn0261563	wb
FBpp0291872	FBgn0261563	wb
FBpp0291874	FBgn0261563	wb
FBpp0291873	FBgn0261563	wb
FBpp0293600	FBgn0261563	wb
FBpp0291871	FBgn0261563	wb
FBpp0074546	FBgn0026430	Grip84
FBpp0290522	FBgn0026430	Grip84
FBpp0310187	FBgn0026430	Grip84
FBpp0074544	FBgn0026430	Grip84
FBpp0074545	FBgn0026430	Grip84
FBpp0290523	FBgn0026430	Grip84
FBpp0291405	FBgn0051975	CG31975
FBpp0291406	FBgn0051975	CG31975
FBpp0100128	FBgn0013799	Deaf1
FBpp0302624	FBgn0013799	Deaf1
FBpp0074651	FBgn0013799	Deaf1
FBpp0304972	FBgn0013799	Deaf1
FBpp0304463	FBgn0013799	Deaf1
FBpp0073425	FBgn0030359	CG18130
FBpp0303229	FBgn0036259	CG9760
FBpp0271946	FBgn0036259	CG9760
FBpp0292862	FBgn0262024	CG42835
FBpp0084171	FBgn0039260	Smg6
FBpp0080797	FBgn0032809	CG13078
FBpp0312040	FBgn0267163	CG45603
FBpp0078703	FBgn0031695	Cyp4ac3
FBpp0113050	FBgn0034053	Cyp4aa1
FBpp0289057	FBgn0040296	Ocho
FBpp0301079	FBgn0040296	Ocho
FBpp0304671	FBgn0264393	CG43841
FBpp0086613	FBgn0033950	CG12862
FBpp0077946	FBgn0028402	Polr3E
FBpp0293360	FBgn0028402	Polr3E
FBpp0292130	FBgn0035550	CG11349
FBpp0083494	FBgn0038881	aus
FBpp0310363	FBgn0038881	aus
FBpp0310362	FBgn0038881	aus
FBpp0310364	FBgn0038881	aus
FBpp0311831	FBgn0086680	vvl
FBpp0312431	FBgn0086680	vvl
FBpp0312430	FBgn0086680	vvl
FBpp0076653	FBgn0086680	vvl
FBpp0303092	FBgn0086680	vvl
FBpp0308390	FBgn0033252	CG12769
FBpp0087903	FBgn0033252	CG12769
FBpp0087904	FBgn0033252	CG12769
FBpp0088650	FBgn0043070	MESK2
FBpp0088645	FBgn0043070	MESK2
FBpp0088646	FBgn0043070	MESK2
FBpp0088644	FBgn0043070	MESK2
FBpp0088647	FBgn0043070	MESK2
FBpp0088651	FBgn0043070	MESK2
FBpp0088648	FBgn0043070	MESK2
FBpp0088649	FBgn0043070	MESK2
FBpp0088652	FBgn0043070	MESK2
FBpp0070575	FBgn0260484	HIP
FBpp0310195	FBgn0030590	CG9518
FBpp0073800	FBgn0030590	CG9518
FBpp0310587	FBgn0030590	CG9518
FBpp0309596	FBgn0040367	CG11382
FBpp0070198	FBgn0040367	CG11382
FBpp0309566	FBgn0032512	Bdp1
FBpp0080050	FBgn0032512	Bdp1
FBpp0071541	FBgn0034617	Panx
FBpp0077353	FBgn0031493	Sf3b2
FBpp0307457	FBgn0031493	Sf3b2
FBpp0085788	FBgn0034377	CG15071
FBpp0088184	FBgn0039896	yellow-h
FBpp0080768	FBgn0051797	CG31797
FBpp0071000	FBgn0029913	Cht11
FBpp0293678	FBgn0031155	CG15446
FBpp0289582	FBgn0031155	CG15446
FBpp0310885	FBgn0031155	CG15446
FBpp0306746	FBgn0037750	Whamy
FBpp0306747	FBgn0037750	Whamy
FBpp0306745	FBgn0037750	Whamy
FBpp0110086	FBgn0037750	Whamy
FBpp0081637	FBgn0037750	Whamy
FBpp0311829	FBgn0261616	CG42705
FBpp0292081	FBgn0261616	CG42705
FBpp0071669	FBgn0067102	GlcT
FBpp0072631	FBgn0035240	CG33791
FBpp0072633	FBgn0035240	CG33791
FBpp0290113	FBgn0035240	CG33791
FBpp0290114	FBgn0035240	CG33791
FBpp0072636	FBgn0035240	CG33791
FBpp0072635	FBgn0035240	CG33791
FBpp0071601	FBgn0050284	CG30284
FBpp0071602	FBgn0050284	CG30284
FBpp0309944	FBgn0001123	Galphas
FBpp0290625	FBgn0001123	Galphas
FBpp0072053	FBgn0001123	Galphas
FBpp0072052	FBgn0001123	Galphas
FBpp0072051	FBgn0001123	Galphas
FBpp0072908	FBgn0035423	eIF1
FBpp0075996	FBgn0026160	tna
FBpp0075997	FBgn0026160	tna
FBpp0290872	FBgn0026160	tna
FBpp0423259	FBgn0026160	tna
FBpp0072099	FBgn0034963	Not11
FBpp0310002	FBgn0034963	Not11
FBpp0072098	FBgn0034963	Not11
FBpp0289451	FBgn0040890	ksh
FBpp0073931	FBgn0030706	Lrp4
FBpp0290880	FBgn0030706	Lrp4
FBpp0309270	FBgn0030706	Lrp4
FBpp0086697	FBgn0033915	Snrk
FBpp0086698	FBgn0033915	Snrk
FBpp0086695	FBgn0033915	Snrk
FBpp0070845	FBgn0052751	CG32751
FBpp0309511	FBgn0052751	CG32751
FBpp0292835	FBgn0262003	CG42821
FBpp0073917	FBgn0030697	CG8565
FBpp0301587	FBgn0037786	Alp13
FBpp0305163	FBgn0066292	CheB42c
FBpp0293017	FBgn0013953	Esp
FBpp0084081	FBgn0013953	Esp
FBpp0071614	FBgn0050289	CG30289
FBpp0086915	FBgn0050487	CG30487
FBpp0423166	FBgn0029137	Patsas
FBpp0423165	FBgn0029137	Patsas
FBpp0079944	FBgn0029137	Patsas
FBpp0074978	FBgn0015550	tap
FBpp0083247	FBgn0040571	CG17193
FBpp0310938	FBgn0040571	CG17193
FBpp0290034	FBgn0040571	CG17193
FBpp0076731	FBgn0052404	Cpr65Aw
FBpp0297891	FBgn0052404	Cpr65Aw
FBpp0289506	FBgn0038099	CG7091
FBpp0071694	FBgn0034712	Alp8
FBpp0311651	FBgn0034712	Alp8
FBpp0310000	FBgn0003353	sei
FBpp0072079	FBgn0003353	sei
FBpp0072078	FBgn0003353	sei
FBpp0079409	FBgn0011232	scat
FBpp0288524	FBgn0040900	CG17777
FBpp0309616	FBgn0040900	CG17777
FBpp0074976	FBgn0036707	CG13724
FBpp0073361	FBgn0030314	CG11696
FBpp0086417	FBgn0050090	Erasp
FBpp0084418	FBgn0039451	CG6420
FBpp0308349	FBgn0039451	CG6420
FBpp0077849	FBgn0036985	zye
FBpp0072247	FBgn0035032	ATPsynF
FBpp0072246	FBgn0035032	ATPsynF
FBpp0078142	FBgn0037141	PolH
FBpp0289971	FBgn0037655	Kcmf1
FBpp0289969	FBgn0037655	Kcmf1
FBpp0289972	FBgn0037655	Kcmf1
FBpp0289970	FBgn0037655	Kcmf1
FBpp0289968	FBgn0037655	Kcmf1
FBpp0289967	FBgn0037655	Kcmf1
FBpp0085211	FBgn0039882	Rift
FBpp0289726	FBgn0016694	Pdp1
FBpp0304393	FBgn0016694	Pdp1
FBpp0076492	FBgn0016694	Pdp1
FBpp0076491	FBgn0016694	Pdp1
FBpp0297493	FBgn0016694	Pdp1
FBpp0076495	FBgn0016694	Pdp1
FBpp0289727	FBgn0016694	Pdp1
FBpp0312154	FBgn0016694	Pdp1
FBpp0304391	FBgn0016694	Pdp1
FBpp0076497	FBgn0016694	Pdp1
FBpp0076490	FBgn0016694	Pdp1
FBpp0304390	FBgn0016694	Pdp1
FBpp0304392	FBgn0016694	Pdp1
FBpp0301227	FBgn0031882	Rab30
FBpp0079056	FBgn0031882	Rab30
FBpp0079054	FBgn0031882	Rab30
FBpp0079055	FBgn0031882	Rab30
FBpp0292343	FBgn0031902	Wnt6
FBpp0306846	FBgn0031902	Wnt6
FBpp0302635	FBgn0053137	CG33137
FBpp0075450	FBgn0036448	mop
FBpp0073155	FBgn0000038	nAChRbeta1
FBpp0073156	FBgn0000038	nAChRbeta1
FBpp0070073	FBgn0002561	l(1)sc
FBpp0079305	FBgn0032051	CG13097
FBpp0086266	FBgn0034142	CG8306
FBpp0076375	FBgn0035911	CG6638
FBpp0087825	FBgn0015034	Cyp4e1
FBpp0091037	FBgn0053775	CG33775
FBpp0075674	FBgn0036316	nebu
FBpp0075675	FBgn0036316	nebu
FBpp0075673	FBgn0036316	nebu
FBpp0073553	FBgn0250862	CG42237
FBpp0309263	FBgn0250862	CG42237
FBpp0072829	FBgn0028504	CG12182
FBpp0311243	FBgn0028504	CG12182
FBpp0304350	FBgn0028504	CG12182
FBpp0071612	FBgn0050287	CG30287
FBpp0081331	FBgn0037580	DppIII
FBpp0081330	FBgn0037580	DppIII
FBpp0071894	FBgn0010622	DCTN3-p24
FBpp0307713	FBgn0010622	DCTN3-p24
FBpp0288960	FBgn0259198	CG42302
FBpp0112059	FBgn0035612	frm
FBpp0271742	FBgn0035612	frm
FBpp0271739	FBgn0035612	frm
FBpp0076843	FBgn0035612	frm
FBpp0076845	FBgn0035612	frm
FBpp0112057	FBgn0035612	frm
FBpp0076846	FBgn0035612	frm
FBpp0271741	FBgn0035612	frm
FBpp0076844	FBgn0035612	frm
FBpp0271740	FBgn0035612	frm
FBpp0087544	FBgn0027580	PCB
FBpp0087541	FBgn0027580	PCB
FBpp0290074	FBgn0027580	PCB
FBpp0087539	FBgn0027580	PCB
FBpp0087545	FBgn0027580	PCB
FBpp0087542	FBgn0027580	PCB
FBpp0087546	FBgn0027580	PCB
FBpp0087547	FBgn0027580	PCB
FBpp0087543	FBgn0027580	PCB
FBpp0087540	FBgn0027580	PCB
FBpp0072555	FBgn0035199	tfc
FBpp0072554	FBgn0035199	tfc
FBpp0072553	FBgn0035199	tfc
FBpp0070178	FBgn0040350	CG3690
FBpp0309602	FBgn0040350	CG3690
FBpp0311216	FBgn0030647	CG6324
FBpp0073854	FBgn0030647	CG6324
FBpp0070636	FBgn0026080	Tip60
FBpp0305388	FBgn0026080	Tip60
FBpp0305387	FBgn0026080	Tip60
FBpp0076984	FBgn0031130	CG15452
FBpp0110252	FBgn0037798	CG12817
FBpp0304590	FBgn0003068	per
FBpp0070455	FBgn0003068	per
FBpp0086333	FBgn0034098	krimp
FBpp0070244	FBgn0029580	CG14778
FBpp0310108	FBgn0035086	CG12851
FBpp0311623	FBgn0035086	CG12851
FBpp0289987	FBgn0035086	CG12851
FBpp0292448	FBgn0261836	Msp300
FBpp0304677	FBgn0261836	Msp300
FBpp0292449	FBgn0261836	Msp300
FBpp0292447	FBgn0261836	Msp300
FBpp0292446	FBgn0261836	Msp300
FBpp0304676	FBgn0261836	Msp300
FBpp0292445	FBgn0261836	Msp300
FBpp0304678	FBgn0261836	Msp300
FBpp0304679	FBgn0261836	Msp300
FBpp0292451	FBgn0261836	Msp300
FBpp0292450	FBgn0261836	Msp300
FBpp0309269	FBgn0030672	CG9281
FBpp0073873	FBgn0030672	CG9281
FBpp0073872	FBgn0030672	CG9281
FBpp0081121	FBgn0037485	CG14606
FBpp0402857	FBgn0037485	CG14606
FBpp0079069	FBgn0031908	CG5177
FBpp0304792	FBgn0031908	CG5177
FBpp0303857	FBgn0031423	CG3557
FBpp0077467	FBgn0031423	CG3557
FBpp0303856	FBgn0031423	CG3557
FBpp0083412	FBgn0028468	rtet
FBpp0311256	FBgn0035173	CG13907
FBpp0072490	FBgn0035173	CG13907
FBpp0083550	FBgn0038915	CG17819
FBpp0305860	FBgn0036832	CG18223
FBpp0074838	FBgn0036832	CG18223
FBpp0081975	FBgn0260745	mfas
FBpp0081977	FBgn0260745	mfas
FBpp0081968	FBgn0260745	mfas
FBpp0081965	FBgn0260745	mfas
FBpp0081971	FBgn0260745	mfas
FBpp0081969	FBgn0260745	mfas
FBpp0081963	FBgn0260745	mfas
FBpp0081974	FBgn0260745	mfas
FBpp0081970	FBgn0260745	mfas
FBpp0081967	FBgn0260745	mfas
FBpp0297635	FBgn0260745	mfas
FBpp0081973	FBgn0260745	mfas
FBpp0081966	FBgn0260745	mfas
FBpp0081976	FBgn0260745	mfas
FBpp0081964	FBgn0260745	mfas
FBpp0081972	FBgn0260745	mfas
FBpp0303113	FBgn0013469	klu
FBpp0075976	FBgn0013469	klu
FBpp0311501	FBgn0013469	klu
FBpp0305553	FBgn0013469	klu
FBpp0084061	FBgn0004118	nAChRbeta2
FBpp0084062	FBgn0004118	nAChRbeta2
FBpp0072457	FBgn0035149	MED30
FBpp0311694	FBgn0033476	oys
FBpp0087520	FBgn0033476	oys
FBpp0311693	FBgn0033476	oys
FBpp0308504	FBgn0033476	oys
FBpp0312520	FBgn0030667	CG15599
FBpp0086850	FBgn0033806	FLASH
FBpp0086849	FBgn0033806	FLASH
FBpp0306680	FBgn0004666	sim
FBpp0082179	FBgn0004666	sim
FBpp0306681	FBgn0004666	sim
FBpp0082178	FBgn0004666	sim
FBpp0072283	FBgn0035068	CG12849
FBpp0423421	FBgn0287218	CG46448
FBpp0297353	FBgn0083977	CG34141
FBpp0290298	FBgn0083977	CG34141
FBpp0290727	FBgn0083977	CG34141
FBpp0290299	FBgn0083977	CG34141
FBpp0091145	FBgn0053900	His2B:CG33900
FBpp0070268	FBgn0025378	CG3795
FBpp0310567	FBgn0025378	CG3795
FBpp0073796	FBgn0030593	CG9512
FBpp0310036	FBgn0030593	CG9512
FBpp0070797	FBgn0029813	AgmNAT
FBpp0071876	FBgn0034820	CG13538
FBpp0072055	FBgn0034937	fzr2
FBpp0086678	FBgn0033929	Tfb1
FBpp0086676	FBgn0033929	Tfb1
FBpp0294063	FBgn0033929	Tfb1
FBpp0086677	FBgn0033929	Tfb1
FBpp0084287	FBgn0040602	CG14545
FBpp0083939	FBgn0029503	mora
FBpp0084506	FBgn0039480	Cpr97Ea
FBpp0304092	FBgn0039480	Cpr97Ea
FBpp0087717	FBgn0050350	CG30350
FBpp0291602	FBgn0039993	BckdhB
FBpp0291601	FBgn0039993	BckdhB
FBpp0112484	FBgn0039993	BckdhB
FBpp0099653	FBgn0003053	peb
FBpp0070648	FBgn0003053	peb
FBpp0085686	FBgn0034458	Ir56d
FBpp0086218	FBgn0262513	Vha16-4
FBpp0070931	FBgn0029906	xit
FBpp0310578	FBgn0027330	l(1)G0020
FBpp0071217	FBgn0027330	l(1)G0020
FBpp0079427	FBgn0032122	CG31883
FBpp0084824	FBgn0024841	Pcd
FBpp0289750	FBgn0259176	bun
FBpp0288932	FBgn0259176	bun
FBpp0289749	FBgn0259176	bun
FBpp0289748	FBgn0259176	bun
FBpp0308611	FBgn0259176	bun
FBpp0288933	FBgn0259176	bun
FBpp0289751	FBgn0259176	bun
FBpp0312202	FBgn0259176	bun
FBpp0288927	FBgn0259176	bun
FBpp0288931	FBgn0259176	bun
FBpp0307918	FBgn0030738	CG9915
FBpp0111905	FBgn0030738	CG9915
FBpp0293238	FBgn0261041	stj
FBpp0293237	FBgn0261041	stj
FBpp0086757	FBgn0261041	stj
FBpp0304648	FBgn0011648	Mad
FBpp0077302	FBgn0011648	Mad
FBpp0305336	FBgn0025455	CycT
FBpp0074968	FBgn0025455	CycT
FBpp0089275	FBgn0025455	CycT
FBpp0305335	FBgn0025455	CycT
FBpp0110135	FBgn0083960	CG34124
FBpp0304167	FBgn0024804	Dbp80
FBpp0304168	FBgn0024804	Dbp80
FBpp0304165	FBgn0024804	Dbp80
FBpp0304166	FBgn0024804	Dbp80
FBpp0112438	FBgn0024804	Dbp80
FBpp0081737	FBgn0037814	CG6325
FBpp0303017	FBgn0031683	CG4230
FBpp0078658	FBgn0031683	CG4230
FBpp0303018	FBgn0031683	CG4230
FBpp0081605	FBgn0051415	CG31415
FBpp0290003	FBgn0033212	LRR
FBpp0088014	FBgn0033212	LRR
FBpp0088013	FBgn0033212	LRR
FBpp0305132	FBgn0033212	LRR
FBpp0290004	FBgn0033212	LRR
FBpp0305131	FBgn0033212	LRR
FBpp0084021	FBgn0039175	beta-PheRS
FBpp0291732	FBgn0038151	yellow-e2
FBpp0311769	FBgn0031592	Art2
FBpp0077165	FBgn0031592	Art2
FBpp0082206	FBgn0038133	Osi22
FBpp0082780	FBgn0038450	CG17560
FBpp0072526	FBgn0004428	LysE
FBpp0091085	FBgn0053839	His3:CG33839
FBpp0311218	FBgn0040670	e(y)2b
FBpp0081083	FBgn0040670	e(y)2b
FBpp0312384	FBgn0053689	CG33689
FBpp0071274	FBgn0030101	CG12118
FBpp0071275	FBgn0030101	CG12118
FBpp0086960	FBgn0033767	CG13148
FBpp0304300	FBgn0033767	CG13148
FBpp0086961	FBgn0033767	CG13148
FBpp0304301	FBgn0033767	CG13148
FBpp0080557	FBgn0032638	SPH93
FBpp0080479	FBgn0051810	CG31810
FBpp0301169	FBgn0261258	rgn
FBpp0305578	FBgn0261258	rgn
FBpp0078002	FBgn0261258	rgn
FBpp0305577	FBgn0261258	rgn
FBpp0080049	FBgn0032514	CG9302
FBpp0078328	FBgn0037326	CG14669
FBpp0312438	FBgn0037326	CG14669
FBpp0306785	FBgn0037326	CG14669
FBpp0308993	FBgn0037326	CG14669
FBpp0305252	FBgn0036427	CG4613
FBpp0305253	FBgn0036427	CG4613
FBpp0292375	FBgn0261807	CG42753
FBpp0088966	FBgn0053494	CG33494
FBpp0307774	FBgn0053494	CG33494
FBpp0428208	FBgn0033168	CG11145
FBpp0088076	FBgn0033168	CG11145
FBpp0390656	FBgn0266176	pre-mod(mdg4)-J
FBpp0310319	FBgn0266176	pre-mod(mdg4)-J
FBpp0086609	FBgn0033954	CG12860
FBpp0085470	FBgn0010482	hlk
FBpp0290634	FBgn0010482	hlk
FBpp0290635	FBgn0010482	hlk
FBpp0300999	FBgn0010482	hlk
FBpp0300997	FBgn0010482	hlk
FBpp0300998	FBgn0010482	hlk
FBpp0290637	FBgn0010482	hlk
FBpp0290638	FBgn0010482	hlk
FBpp0085469	FBgn0010482	hlk
FBpp0077717	FBgn0031254	CG13692
FBpp0080141	FBgn0053306	CG33306
FBpp0084238	FBgn0039312	CG10514
FBpp0304952	FBgn0036126	Irbp18
FBpp0075963	FBgn0036126	Irbp18
FBpp0305062	FBgn0029002	miple2
FBpp0072406	FBgn0029002	miple2
FBpp0305061	FBgn0029002	miple2
FBpp0305060	FBgn0029002	miple2
FBpp0305059	FBgn0029002	miple2
FBpp0076909	FBgn0031181	Ir20a
FBpp0080515	FBgn0045487	Gr36a
FBpp0073555	FBgn0030452	MFS10
FBpp0308735	FBgn0030452	MFS10
FBpp0308734	FBgn0030452	MFS10
FBpp0073776	FBgn0030603	CG5541
FBpp0073775	FBgn0030603	CG5541
FBpp0297173	FBgn0032908	CG9270
FBpp0091115	FBgn0053870	His2B:CG33870
FBpp0303225	FBgn0037445	CG9727
FBpp0303226	FBgn0037445	CG9727
FBpp0081227	FBgn0037445	CG9727
FBpp0305633	FBgn0035375	Pgant6
FBpp0072843	FBgn0035375	Pgant6
FBpp0072842	FBgn0035375	Pgant6
FBpp0075385	FBgn0027088	GlyRS
FBpp0075386	FBgn0027088	GlyRS
FBpp0306062	FBgn0027088	GlyRS
FBpp0303817	FBgn0035553	CG13722
FBpp0082303	FBgn0267383	Ubc87F
FBpp0304940	FBgn0036952	CG6933
FBpp0302616	FBgn0036952	CG6933
FBpp0074624	FBgn0036952	CG6933
FBpp0074623	FBgn0036952	CG6933
FBpp0074622	FBgn0036952	CG6933
FBpp0079972	FBgn0043841	vir-1
FBpp0099471	FBgn0043841	vir-1
FBpp0079971	FBgn0043841	vir-1
FBpp0079970	FBgn0043841	vir-1
FBpp0293787	FBgn0043841	vir-1
FBpp0306803	FBgn0043841	vir-1
FBpp0306802	FBgn0043841	vir-1
FBpp0292537	FBgn0261859	CG42788
FBpp0292538	FBgn0261859	CG42788
FBpp0076371	FBgn0035918	Cdc6
FBpp0305370	FBgn0264540	CG43919
FBpp0289766	FBgn0259211	grh
FBpp0288984	FBgn0259211	grh
FBpp0311781	FBgn0259211	grh
FBpp0288983	FBgn0259211	grh
FBpp0297580	FBgn0259211	grh
FBpp0288985	FBgn0259211	grh
FBpp0289765	FBgn0259211	grh
FBpp0289768	FBgn0259211	grh
FBpp0292051	FBgn0261612	CngA
FBpp0292050	FBgn0261612	CngA
FBpp0070457	FBgn0024996	eIF2Bbeta
FBpp0271892	FBgn0286782	flz
FBpp0308413	FBgn0286782	flz
FBpp0271893	FBgn0286782	flz
FBpp0083191	FBgn0038716	CG7342
FBpp0293287	FBgn0038716	CG7342
FBpp0308224	FBgn0265194	Trpm
FBpp0308223	FBgn0265194	Trpm
FBpp0428447	FBgn0265194	Trpm
FBpp0308222	FBgn0265194	Trpm
FBpp0308225	FBgn0265194	Trpm
FBpp0308228	FBgn0265194	Trpm
FBpp0308220	FBgn0265194	Trpm
FBpp0308221	FBgn0265194	Trpm
FBpp0428446	FBgn0265194	Trpm
FBpp0308227	FBgn0265194	Trpm
FBpp0308226	FBgn0265194	Trpm
FBpp0292221	FBgn0035260	CG7991
FBpp0292222	FBgn0035260	CG7991
FBpp0083449	FBgn0046763	peg
FBpp0073317	FBgn0003411	sisA
FBpp0305877	FBgn0040389	mRpL14
FBpp0070389	FBgn0040389	mRpL14
FBpp0291361	FBgn0261673	nemy
FBpp0086983	FBgn0261673	nemy
FBpp0308790	FBgn0261673	nemy
FBpp0086981	FBgn0261673	nemy
FBpp0086982	FBgn0261673	nemy
FBpp0086980	FBgn0261673	nemy
FBpp0308789	FBgn0261673	nemy
FBpp0308788	FBgn0261673	nemy
FBpp0086388	FBgn0034082	CG10734
FBpp0310517	FBgn0261287	ymp
FBpp0084269	FBgn0261287	ymp
FBpp0084268	FBgn0261287	ymp
FBpp0310516	FBgn0261287	ymp
FBpp0080685	FBgn0032741	Sidpn
FBpp0303390	FBgn0264002	MsR2
FBpp0303391	FBgn0264002	MsR2
FBpp0303392	FBgn0264002	MsR2
FBpp0309426	FBgn0265629	CG44437
FBpp0112403	FBgn0020660	eIF4B
FBpp0112404	FBgn0020660	eIF4B
FBpp0306959	FBgn0020660	eIF4B
FBpp0112402	FBgn0020660	eIF4B
FBpp0297776	FBgn0263024	CG43319
FBpp0083601	FBgn0038941	CG7080
FBpp0084005	FBgn0039197	CG17780
FBpp0084006	FBgn0039197	CG17780
FBpp0271811	FBgn0050203	CG30203
FBpp0075396	FBgn0036488	CG6878
FBpp0302636	FBgn0053182	Kdm4B
FBpp0291263	FBgn0053182	Kdm4B
FBpp0291264	FBgn0053182	Kdm4B
FBpp0291262	FBgn0053182	Kdm4B
FBpp0086883	FBgn0053182	Kdm4B
FBpp0290698	FBgn0038979	tHMG2
FBpp0083652	FBgn0038979	tHMG2
FBpp0079165	FBgn0267488	Mcr
FBpp0310270	FBgn0261568	CG42682
FBpp0091053	FBgn0053806	His3:CG33806
FBpp0099727	FBgn0038980	Octbeta1R
FBpp0083653	FBgn0038980	Octbeta1R
FBpp0290699	FBgn0038980	Octbeta1R
FBpp0304263	FBgn0038980	Octbeta1R
FBpp0082136	FBgn0038076	Cyp313a4
FBpp0084089	FBgn0039244	CG11069
FBpp0086500	FBgn0034002	CG8079
FBpp0309013	FBgn0034002	CG8079
FBpp0309014	FBgn0034002	CG8079
FBpp0086499	FBgn0034002	CG8079
FBpp0309012	FBgn0034002	CG8079
FBpp0084554	FBgn0039520	Gr98a
FBpp0078606	FBgn0015331	abs
FBpp0077373	FBgn0031470	CG18557
FBpp0084322	FBgn0039398	CG14540
FBpp0302766	FBgn0029133	REG
FBpp0073561	FBgn0029133	REG
FBpp0290876	FBgn0005614	trpl
FBpp0087557	FBgn0005614	trpl
FBpp0087555	FBgn0005614	trpl
FBpp0072096	FBgn0028552	gammaSnap1
FBpp0071618	FBgn0034631	TAF1C-like
FBpp0074372	FBgn0030943	Nup35
FBpp0078106	FBgn0037129	CG14565
FBpp0304270	FBgn0017414	cag
FBpp0087334	FBgn0017414	cag
FBpp0081189	FBgn0004783	Ccp84Aa
FBpp0076141	FBgn0036035	CG18178
FBpp0303932	FBgn0036035	CG18178
FBpp0077035	FBgn0031201	CG12446
FBpp0075854	FBgn0036198	crim
FBpp0075075	FBgn0036652	CG13032
FBpp0072902	FBgn0035412	CG14957
FBpp0087332	FBgn0033571	Polr2E
FBpp0304268	FBgn0033571	Polr2E
FBpp0084817	FBgn0039679	ppk19
FBpp0087406	FBgn0033521	CG12896
FBpp0083124	FBgn0038673	CG14286
FBpp0083687	FBgn0028688	Rpn7
FBpp0088285	FBgn0039929	CG11076
FBpp0311039	FBgn0039929	CG11076
FBpp0311038	FBgn0039929	CG11076
FBpp0308769	FBgn0014930	Rfk
FBpp0081260	FBgn0014930	Rfk
FBpp0085617	FBgn0034494	CG10444
FBpp0310365	FBgn0032694	MESR3
FBpp0080623	FBgn0032694	MESR3
FBpp0303007	FBgn0032694	MESR3
FBpp0303006	FBgn0032694	MESR3
FBpp0307432	FBgn0000274	Pka-C2
FBpp0085089	FBgn0000274	Pka-C2
FBpp0297205	FBgn0262820	CG43191
FBpp0309243	FBgn0028743	Dhit
FBpp0290365	FBgn0028743	Dhit
FBpp0085914	FBgn0003044	Pcl
FBpp0303033	FBgn0003044	Pcl
FBpp0073307	FBgn0030291	CG1738
FBpp0079733	FBgn0032311	CG12517
FBpp0303400	FBgn0040212	Gnpat
FBpp0303401	FBgn0040212	Gnpat
FBpp0084271	FBgn0040212	Gnpat
FBpp0292067	FBgn0052246	CG32246
FBpp0289415	FBgn0004919	gol
FBpp0289416	FBgn0004919	gol
FBpp0072361	FBgn0004919	gol
FBpp0297426	FBgn0004919	gol
FBpp0081153	FBgn0003884	alphaTub84B
FBpp0075281	FBgn0000212	brm
FBpp0305757	FBgn0000212	brm
FBpp0075278	FBgn0000212	brm
FBpp0075279	FBgn0000212	brm
FBpp0075280	FBgn0000212	brm
FBpp0303193	FBgn0000212	brm
FBpp0289601	FBgn0040528	CG15864
FBpp0423172	FBgn0030701	CG16952
FBpp0290025	FBgn0030701	CG16952
FBpp0309048	FBgn0030701	CG16952
FBpp0073924	FBgn0030701	CG16952
FBpp0073926	FBgn0030701	CG16952
FBpp0073925	FBgn0030701	CG16952
FBpp0082216	FBgn0027610	Dic1
FBpp0311942	FBgn0027610	Dic1
FBpp0082215	FBgn0027610	Dic1
FBpp0081148	FBgn0037466	CG1965
FBpp0306728	FBgn0037466	CG1965
FBpp0293858	FBgn0037466	CG1965
FBpp0083797	FBgn0051457	CG31457
FBpp0086371	FBgn0001124	Got1
FBpp0086370	FBgn0001124	Got1
FBpp0307976	FBgn0038956	CAH8
FBpp0083628	FBgn0038956	CAH8
FBpp0087095	FBgn0010621	CCT5
FBpp0087096	FBgn0010621	CCT5
FBpp0291175	FBgn0011273	Acam
FBpp0084278	FBgn0011273	Acam
FBpp0302978	FBgn0013531	MED20
FBpp0079166	FBgn0013531	MED20
FBpp0292326	FBgn0263199	Galk
FBpp0076280	FBgn0263199	Galk
FBpp0076281	FBgn0263199	Galk
FBpp0076282	FBgn0263199	Galk
FBpp0078402	FBgn0037342	CG2931
FBpp0289779	FBgn0034159	CG15615
FBpp0087560	FBgn0040093	lectin-46Ca
FBpp0288526	FBgn0030729	CG12507
FBpp0297779	FBgn0263027	CG43322
FBpp0303333	FBgn0039633	Bicra
FBpp0303332	FBgn0039633	Bicra
FBpp0084734	FBgn0039633	Bicra
FBpp0303331	FBgn0039633	Bicra
FBpp0292053	FBgn0288433	L
FBpp0292052	FBgn0288433	L
FBpp0077430	FBgn0031431	CG3515
FBpp0297185	FBgn0050447	CG30447
FBpp0085640	FBgn0050447	CG30447
FBpp0289651	FBgn0050447	CG30447
FBpp0077554	FBgn0264494	CG17646
FBpp0077553	FBgn0264494	CG17646
FBpp0289915	FBgn0037659	Kdm2
FBpp0307736	FBgn0037659	Kdm2
FBpp0307735	FBgn0037659	Kdm2
FBpp0307734	FBgn0037659	Kdm2
FBpp0077360	FBgn0031483	CG9641
FBpp0077361	FBgn0031483	CG9641
FBpp0087935	FBgn0027054	CSN4
FBpp0290448	FBgn0027054	CSN4
FBpp0078094	FBgn0037134	CG7407
FBpp0074396	FBgn0030930	Pgant7
FBpp0311917	FBgn0030930	Pgant7
FBpp0074395	FBgn0030930	Pgant7
FBpp0075120	FBgn0036648	CG4098
FBpp0111776	FBgn0010551	Phb2
FBpp0085797	FBgn0010551	Phb2
FBpp0111774	FBgn0010551	Phb2
FBpp0085796	FBgn0010551	Phb2
FBpp0085798	FBgn0010551	Phb2
FBpp0111775	FBgn0010551	Phb2
FBpp0080449	FBgn0032598	ChLD3
FBpp0076807	FBgn0260936	scny
FBpp0303160	FBgn0260936	scny
FBpp0076806	FBgn0260936	scny
FBpp0303161	FBgn0260936	scny
FBpp0300345	FBgn0260936	scny
FBpp0300344	FBgn0260936	scny
FBpp0076809	FBgn0260936	scny
FBpp0084335	FBgn0000591	E(spl)m8-HLH
FBpp0308976	FBgn0033883	CG16935
FBpp0086748	FBgn0033883	CG16935
FBpp0310558	FBgn0001235	hth
FBpp0081732	FBgn0001235	hth
FBpp0099879	FBgn0001235	hth
FBpp0099878	FBgn0001235	hth
FBpp0081733	FBgn0001235	hth
FBpp0076643	FBgn0001104	Galphai
FBpp0290961	FBgn0260969	CG42592
FBpp0087025	FBgn0050042	Cpr49Ab
FBpp0292887	FBgn0051875	CG31875
FBpp0292886	FBgn0051875	CG31875
FBpp0300443	FBgn0051875	CG31875
FBpp0079563	FBgn0051875	CG31875
FBpp0112216	FBgn0039647	jus
FBpp0306601	FBgn0039647	jus
FBpp0306600	FBgn0039647	jus
FBpp0112215	FBgn0039647	jus
FBpp0080534	FBgn0032637	CG5050
FBpp0296962	FBgn0032637	CG5050
FBpp0310119	FBgn0259968	Sfp60F
FBpp0289541	FBgn0259968	Sfp60F
FBpp0302981	FBgn0041781	SCAR
FBpp0293780	FBgn0041781	SCAR
FBpp0309198	FBgn0041781	SCAR
FBpp0302982	FBgn0041781	SCAR
FBpp0293779	FBgn0041781	SCAR
FBpp0079737	FBgn0041781	SCAR
FBpp0072820	FBgn0020509	Acp62F
FBpp0085825	FBgn0034382	CG18609
FBpp0080190	FBgn0028542	NimB4
FBpp0076158	FBgn0035969	CG4476
FBpp0077740	FBgn0031260	Spp
FBpp0073523	FBgn0030425	Nep6
FBpp0294042	FBgn0030425	Nep6
FBpp0087839	FBgn0033292	Cyp4ad1
FBpp0304289	FBgn0033292	Cyp4ad1
FBpp0311866	FBgn0021795	Tapdelta
FBpp0087250	FBgn0021795	Tapdelta
FBpp0304109	FBgn0030257	SmydA-4
FBpp0073247	FBgn0030257	SmydA-4
FBpp0073246	FBgn0030257	SmydA-4
FBpp0084904	FBgn0039694	fig
FBpp0271810	FBgn0034023	Ir52a
FBpp0074460	FBgn0031002	CG14196
FBpp0082309	FBgn0051469	Argp
FBpp0300424	FBgn0029091	Chs2
FBpp0306214	FBgn0029091	Chs2
FBpp0075043	FBgn0036697	rogdi
FBpp0075042	FBgn0036697	rogdi
FBpp0079243	FBgn0028987	Spn28F
FBpp0297878	FBgn0015031	cype
FBpp0078707	FBgn0015031	cype
FBpp0297877	FBgn0015031	cype
FBpp0078848	FBgn0029161	slmo
FBpp0309829	FBgn0029161	slmo
FBpp0078849	FBgn0029161	slmo
FBpp0289088	FBgn0029161	slmo
FBpp0111858	FBgn0029161	slmo
FBpp0290461	FBgn0034726	PolE4
FBpp0071738	FBgn0034726	PolE4
FBpp0088688	FBgn0002773	Mlc2
FBpp0290414	FBgn0034069	CG8401
FBpp0078047	FBgn0037086	CG7202
FBpp0070970	FBgn0029931	CG14427
FBpp0301286	FBgn0051419	CG31419
FBpp0301131	FBgn0263400	CG43446
FBpp0301130	FBgn0263400	CG43446
FBpp0082840	FBgn0266465	GckIII
FBpp0099969	FBgn0036534	DCP2
FBpp0075294	FBgn0036534	DCP2
FBpp0293514	FBgn0036534	DCP2
FBpp0075293	FBgn0036534	DCP2
FBpp0075607	FBgn0036330	CG11263
FBpp0289923	FBgn0036330	CG11263
FBpp0309783	FBgn0030162	CG1986
FBpp0071330	FBgn0030162	CG1986
FBpp0310122	FBgn0052600	dpr8
FBpp0073730	FBgn0052600	dpr8
FBpp0082913	FBgn0051360	CG31360
FBpp0305076	FBgn0034312	CG10916
FBpp0085928	FBgn0034312	CG10916
FBpp0078834	FBgn0040950	Muc26B
FBpp0311746	FBgn0033226	puml
FBpp0087913	FBgn0033226	puml
FBpp0087912	FBgn0033226	puml
FBpp0087911	FBgn0033226	puml
FBpp0308265	FBgn0033226	puml
FBpp0087910	FBgn0033226	puml
FBpp0308264	FBgn0033226	puml
FBpp0081209	FBgn0037435	CG18048
FBpp0073416	FBgn0030352	sicily
FBpp0311993	FBgn0030352	sicily
FBpp0311047	FBgn0260386	mtg
FBpp0301782	FBgn0260386	mtg
FBpp0301781	FBgn0260386	mtg
FBpp0311046	FBgn0260386	mtg
FBpp0112955	FBgn0052971	CG32971
FBpp0080194	FBgn0052971	CG32971
FBpp0112954	FBgn0052971	CG32971
FBpp0290840	FBgn0035374	mRpS35
FBpp0303240	FBgn0261444	CG3638
FBpp0303238	FBgn0261444	CG3638
FBpp0312424	FBgn0261444	CG3638
FBpp0303239	FBgn0261444	CG3638
FBpp0300913	FBgn0261444	CG3638
FBpp0070239	FBgn0261444	CG3638
FBpp0312444	FBgn0261444	CG3638
FBpp0307920	FBgn0261444	CG3638
FBpp0075999	FBgn0036107	galla-2
FBpp0082125	FBgn0038080	CG12279
FBpp0085219	FBgn0039873	Smvt
FBpp0087769	FBgn0053199	CG33199
FBpp0298345	FBgn0053199	CG33199
FBpp0298014	FBgn0034326	CG18540
FBpp0309510	FBgn0265725	CG44532
FBpp0111678	FBgn0085489	CG34460
FBpp0091103	FBgn0053857	His3:CG33857
FBpp0075323	FBgn0036522	Phs
FBpp0071446	FBgn0034560	CAH15
FBpp0423079	FBgn0038783	CG4367
FBpp0423078	FBgn0038783	CG4367
FBpp0076180	FBgn0035982	CG4461
FBpp0079550	FBgn0032191	Snx17
FBpp0077460	FBgn0031430	CG3528
FBpp0100163	FBgn0065108	ppk16
FBpp0081918	FBgn0011290	Taf12
FBpp0307200	FBgn0011290	Taf12
FBpp0081916	FBgn0011290	Taf12
FBpp0288644	FBgn0011290	Taf12
FBpp0074562	FBgn0052528	parvin
FBpp0311906	FBgn0052528	parvin
FBpp0302658	FBgn0033112	Spn42Db
FBpp0289587	FBgn0033112	Spn42Db
FBpp0070870	FBgn0029867	CG3847
FBpp0292730	FBgn0053771	CG33771
FBpp0072804	FBgn0016794	dos
FBpp0072803	FBgn0016794	dos
FBpp0073802	FBgn0030588	CG9521
FBpp0307370	FBgn0042627	FASN2
FBpp0077342	FBgn0042627	FASN2
FBpp0075435	FBgn0036438	gdrd
FBpp0309752	FBgn0034722	Rtf1
FBpp0071731	FBgn0034722	Rtf1
FBpp0073949	FBgn0030718	ND-20
FBpp0309363	FBgn0030718	ND-20
FBpp0073950	FBgn0030718	ND-20
FBpp0087461	FBgn0033454	CG1671
FBpp0073000	FBgn0001254	ImpE2
FBpp0073380	FBgn0288833	RPA3
FBpp0310183	FBgn0288833	RPA3
FBpp0271900	FBgn0036757	Ir75a
FBpp0311980	FBgn0002869	MtnB
FBpp0311981	FBgn0002869	MtnB
FBpp0083298	FBgn0002869	MtnB
FBpp0070086	FBgn0260400	elav
FBpp0298002	FBgn0260400	elav
FBpp0112915	FBgn0260400	elav
FBpp0099643	FBgn0260400	elav
FBpp0304162	FBgn0037175	CG14455
FBpp0076573	FBgn0035787	CG8543
FBpp0300929	FBgn0034670	CG13488
FBpp0309741	FBgn0034670	CG13488
FBpp0071639	FBgn0034670	CG13488
FBpp0087809	FBgn0033309	Lnpk
FBpp0308451	FBgn0033309	Lnpk
FBpp0077021	FBgn0031108	CG15459
FBpp0076595	FBgn0035761	RhoGEF4
FBpp0076596	FBgn0035761	RhoGEF4
FBpp0087411	FBgn0053477	CG33477
FBpp0085473	FBgn0033095	chk
FBpp0307642	FBgn0033095	chk
FBpp0291376	FBgn0033095	chk
FBpp0075277	FBgn0263600	PolD1
FBpp0112342	FBgn0052264	CG32264
FBpp0305202	FBgn0052264	CG32264
FBpp0073044	FBgn0052264	CG32264
FBpp0300861	FBgn0052264	CG32264
FBpp0073043	FBgn0052264	CG32264
FBpp0292216	FBgn0052264	CG32264
FBpp0300862	FBgn0052264	CG32264
FBpp0300860	FBgn0052264	CG32264
FBpp0305203	FBgn0052264	CG32264
FBpp0073242	FBgn0003965	v
FBpp0087023	FBgn0033721	CG13159
FBpp0073503	FBgn0030390	CG15731
FBpp0087405	FBgn0033523	CG12895
FBpp0303465	FBgn0033523	CG12895
FBpp0401462	FBgn0260444	Not10
FBpp0082112	FBgn0260444	Not10
FBpp0079576	FBgn0260750	Mulk
FBpp0305636	FBgn0035359	CG1143
FBpp0072814	FBgn0035359	CG1143
FBpp0310896	FBgn0266491	SclA
FBpp0310897	FBgn0266491	SclA
FBpp0310895	FBgn0266491	SclA
FBpp0310329	FBgn0032798	CG10132
FBpp0080788	FBgn0032798	CG10132
FBpp0290480	FBgn0260763	CG42561
FBpp0076705	FBgn0035687	Prdm13
FBpp0074128	FBgn0030791	CG9132
FBpp0074127	FBgn0030791	CG9132
FBpp0297713	FBgn0030791	CG9132
FBpp0111401	FBgn0085321	CG34292
FBpp0290938	FBgn0037986	CG14736
FBpp0290936	FBgn0037986	CG14736
FBpp0308701	FBgn0037986	CG14736
FBpp0290937	FBgn0037986	CG14736
FBpp0084430	FBgn0039435	TwdlP
FBpp0076967	FBgn0031139	CG11227
FBpp0076966	FBgn0031139	CG11227
FBpp0076965	FBgn0031139	CG11227
FBpp0079746	FBgn0250837	dUTPase
FBpp0079745	FBgn0250837	dUTPase
FBpp0303622	FBgn0250837	dUTPase
FBpp0303623	FBgn0250837	dUTPase
FBpp0301606	FBgn0052707	APC4
FBpp0071222	FBgn0052707	APC4
FBpp0083976	FBgn0005649	Rox8
FBpp0083979	FBgn0005649	Rox8
FBpp0305404	FBgn0005649	Rox8
FBpp0305403	FBgn0005649	Rox8
FBpp0305402	FBgn0005649	Rox8
FBpp0083977	FBgn0005649	Rox8
FBpp0306210	FBgn0036502	CG7841
FBpp0075357	FBgn0036502	CG7841
FBpp0290220	FBgn0029736	CG4041
FBpp0087445	FBgn0033512	CG12902
FBpp0087446	FBgn0033512	CG12902
FBpp0297072	FBgn0033512	CG12902
FBpp0074065	FBgn0015615	SMC3
FBpp0309730	FBgn0050290	Ppcdc
FBpp0071589	FBgn0050290	Ppcdc
FBpp0077565	FBgn0045501	Gr22a
FBpp0071505	FBgn0003162	Pu
FBpp0071507	FBgn0003162	Pu
FBpp0071506	FBgn0003162	Pu
FBpp0289778	FBgn0015904	ara
FBpp0075640	FBgn0015904	ara
FBpp0086608	FBgn0050479	CG30479
FBpp0304741	FBgn0050479	CG30479
FBpp0311988	FBgn0024509	Sec13
FBpp0083801	FBgn0024509	Sec13
FBpp0075825	FBgn0053500	CG33500
FBpp0075707	FBgn0036289	CG10657
FBpp0071034	FBgn0027553	NELF-B
FBpp0307972	FBgn0038488	m-cup
FBpp0082855	FBgn0038488	m-cup
FBpp0305722	FBgn0031357	mRpL48
FBpp0077550	FBgn0031357	mRpL48
FBpp0074808	FBgn0036838	CG3808
FBpp0307418	FBgn0037972	CG10005
FBpp0081981	FBgn0037972	CG10005
FBpp0078489	FBgn0037288	Jhbp3
FBpp0297107	FBgn0037288	Jhbp3
FBpp0082126	FBgn0038082	Ugt37A2
FBpp0099421	FBgn0054010	Glyat
FBpp0084501	FBgn0039488	CG6066
FBpp0289680	FBgn0052428	CG32428
FBpp0292443	FBgn0052428	CG32428
FBpp0077880	FBgn0052428	CG32428
FBpp0292348	FBgn0031089	aspr
FBpp0309867	FBgn0031089	aspr
FBpp0070005	FBgn0031089	aspr
FBpp0078153	FBgn0052450	CG32450
FBpp0073986	FBgn0030723	dpr18
FBpp0075946	FBgn0052076	Alg10
FBpp0111472	FBgn0265011	Np
FBpp0300317	FBgn0265011	Np
FBpp0311854	FBgn0259709	CG42363
FBpp0289239	FBgn0259709	CG42363
FBpp0312343	FBgn0037251	Lipt2
FBpp0078583	FBgn0037251	Lipt2
FBpp0307481	FBgn0265003	koi
FBpp0307483	FBgn0265003	koi
FBpp0307482	FBgn0265003	koi
FBpp0307480	FBgn0265003	koi
FBpp0307484	FBgn0265003	koi
FBpp0307485	FBgn0265003	koi
FBpp0288693	FBgn0022984	qkr58E-3
FBpp0298043	FBgn0022984	qkr58E-3
FBpp0308621	FBgn0022984	qkr58E-3
FBpp0083568	FBgn0038921	Theg
FBpp0303920	FBgn0036188	Polr3H
FBpp0075838	FBgn0036188	Polr3H
FBpp0087342	FBgn0033556	CG12343
FBpp0075646	FBgn0014007	Ptp69D
FBpp0075645	FBgn0014007	Ptp69D
FBpp0083037	FBgn0038575	CG7208
FBpp0083038	FBgn0038575	CG7208
FBpp0091107	FBgn0053861	His1:CG33861
FBpp0289215	FBgn0261019	moi
FBpp0302052	FBgn0040666	CG12848
FBpp0072342	FBgn0040666	CG12848
FBpp0312371	FBgn0045502	Gr10a
FBpp0070858	FBgn0029851	CG14445
FBpp0308580	FBgn0029851	CG14445
FBpp0111867	FBgn0029851	CG14445
FBpp0308579	FBgn0029851	CG14445
FBpp0099439	FBgn0054028	CG34028
FBpp0312366	FBgn0267432	kl-3
FBpp0300404	FBgn0263247	CG43390
FBpp0072918	FBgn0035432	ZnT63C
FBpp0072921	FBgn0035432	ZnT63C
FBpp0072922	FBgn0035432	ZnT63C
FBpp0303137	FBgn0035432	ZnT63C
FBpp0072919	FBgn0035432	ZnT63C
FBpp0072920	FBgn0035432	ZnT63C
FBpp0303136	FBgn0035432	ZnT63C
FBpp0288413	FBgn0037176	CG14456
FBpp0078170	FBgn0037176	CG14456
FBpp0074241	FBgn0052554	CG32554
FBpp0084408	FBgn0243586	Tb
FBpp0305225	FBgn0032900	CG14401
FBpp0297992	FBgn0032900	CG14401
FBpp0080959	FBgn0032900	CG14401
FBpp0077335	FBgn0031494	CG17219
FBpp0111942	FBgn0032079	CG31886
FBpp0292888	FBgn0032079	CG31886
FBpp0079387	FBgn0032079	CG31886
FBpp0292832	FBgn0261995	CG42813
FBpp0312462	FBgn0261995	CG42813
FBpp0087701	FBgn0033388	CG8046
FBpp0087702	FBgn0033388	CG8046
FBpp0112062	FBgn0035690	CG10274
FBpp0305943	FBgn0004856	Bx42
FBpp0071285	FBgn0004856	Bx42
FBpp0312315	FBgn0015399	kek1
FBpp0304518	FBgn0015399	kek1
FBpp0297422	FBgn0036958	CG17233
FBpp0291323	FBgn0036958	CG17233
FBpp0297424	FBgn0036958	CG17233
FBpp0297423	FBgn0036958	CG17233
FBpp0074620	FBgn0036958	CG17233
FBpp0297425	FBgn0036958	CG17233
FBpp0300524	FBgn0036958	CG17233
FBpp0074619	FBgn0036958	CG17233
FBpp0086313	FBgn0034120	CG15710
FBpp0081520	FBgn0037697	GstZ2
FBpp0081519	FBgn0037697	GstZ2
FBpp0081521	FBgn0037697	GstZ2
FBpp0077630	FBgn0051922	CG31922
FBpp0311816	FBgn0086558	Ubi-p5E
FBpp0070894	FBgn0086558	Ubi-p5E
FBpp0311303	FBgn0036213	RpL10Ab
FBpp0075764	FBgn0036213	RpL10Ab
FBpp0076309	FBgn0035933	CG13309
FBpp0087198	FBgn0000577	en
FBpp0087197	FBgn0000577	en
FBpp0085528	FBgn0040674	CG9445
FBpp0307643	FBgn0040674	CG9445
FBpp0074831	FBgn0014075	Uggt
FBpp0309989	FBgn0029929	CG4593
FBpp0070969	FBgn0029929	CG4593
FBpp0307907	FBgn0030385	Ir11a
FBpp0078513	FBgn0037284	CG14659
FBpp0079335	FBgn0029123	SoxN
FBpp0303243	FBgn0029123	SoxN
FBpp0312589	FBgn0053554	Nipped-A
FBpp0292385	FBgn0053554	Nipped-A
FBpp0304946	FBgn0036939	CG7365
FBpp0074636	FBgn0036939	CG7365
FBpp0306552	FBgn0005666	bt
FBpp0290554	FBgn0005666	bt
FBpp0311242	FBgn0005666	bt
FBpp0088734	FBgn0005666	bt
FBpp0306553	FBgn0005666	bt
FBpp0075057	FBgn0036684	CG3764
FBpp0304432	FBgn0036684	CG3764
FBpp0302831	FBgn0036684	CG3764
FBpp0423081	FBgn0034880	ItgaPS5
FBpp0312073	FBgn0261277	rtv
FBpp0304132	FBgn0261277	rtv
FBpp0073326	FBgn0261277	rtv
FBpp0304131	FBgn0261277	rtv
FBpp0079352	FBgn0032059	PrBP
FBpp0078186	FBgn0037191	CG14448
FBpp0086156	FBgn0010226	GstS1
FBpp0305731	FBgn0010226	GstS1
FBpp0086157	FBgn0010226	GstS1
FBpp0099646	FBgn0010226	GstS1
FBpp0072785	FBgn0035321	CG1275
FBpp0072784	FBgn0035321	CG1275
FBpp0072783	FBgn0035321	CG1275
FBpp0072786	FBgn0035321	CG1275
FBpp0071062	FBgn0029993	CG1571
FBpp0074095	FBgn0030776	CG4653
FBpp0304414	FBgn0000541	E(bx)
FBpp0089425	FBgn0000541	E(bx)
FBpp0304413	FBgn0000541	E(bx)
FBpp0304412	FBgn0000541	E(bx)
FBpp0072421	FBgn0000541	E(bx)
FBpp0290562	FBgn0000541	E(bx)
FBpp0304411	FBgn0000541	E(bx)
FBpp0072422	FBgn0000541	E(bx)
FBpp0290563	FBgn0000541	E(bx)
FBpp0074283	FBgn0283476	Dhc16F
FBpp0073765	FBgn0030583	CG14410
FBpp0090992	FBgn0053658	CG33658
FBpp0088995	FBgn0052318	CG32318
FBpp0084234	FBgn0051288	CG31288
FBpp0292906	FBgn0260749	Utx
FBpp0079666	FBgn0260749	Utx
FBpp0079664	FBgn0260749	Utx
FBpp0079665	FBgn0260749	Utx
FBpp0305602	FBgn0260749	Utx
FBpp0099981	FBgn0037719	bocks
FBpp0099982	FBgn0037719	bocks
FBpp0080143	FBgn0260407	mRpS23
FBpp0082785	FBgn0015520	nonA-l
FBpp0305874	FBgn0015520	nonA-l
FBpp0079732	FBgn0027363	Stam
FBpp0082428	FBgn0038252	BigH1
FBpp0074103	FBgn0052574	Twdlalpha
FBpp0085519	FBgn0066293	CheB42b
FBpp0298010	FBgn0052815	CG32815
FBpp0311621	FBgn0052815	CG32815
FBpp0100008	FBgn0052576	CG32576
FBpp0074024	FBgn0052576	CG32576
FBpp0079889	FBgn0032401	Plzf
FBpp0309540	FBgn0032401	Plzf
FBpp0306867	FBgn0021906	RFeSP
FBpp0306868	FBgn0021906	RFeSP
FBpp0077581	FBgn0021906	RFeSP
FBpp0082943	FBgn0038558	CG12347
FBpp0300749	FBgn0038558	CG12347
FBpp0080313	FBgn0028945	CG7631
FBpp0292025	FBgn0261583	CG42693
FBpp0080149	FBgn0032533	CG16888
FBpp0271759	FBgn0031469	CG18558
FBpp0082134	FBgn0005355	Su(fu)
FBpp0288415	FBgn0035482	CG14985
FBpp0297999	FBgn0035482	CG14985
FBpp0306201	FBgn0035265	PIG-Wb
FBpp0072678	FBgn0035265	PIG-Wb
FBpp0300160	FBgn0051076	CG31076
FBpp0079416	FBgn0032105	borr
FBpp0079417	FBgn0032105	borr
FBpp0087404	FBgn0033524	Cyp49a1
FBpp0293134	FBgn0033524	Cyp49a1
FBpp0087403	FBgn0033524	Cyp49a1
FBpp0089308	FBgn0033524	Cyp49a1
FBpp0070352	FBgn0023516	Pex5
FBpp0070351	FBgn0023516	Pex5
FBpp0306022	FBgn0264696	CG43965
FBpp0073061	FBgn0000449	dib
FBpp0085712	FBgn0034441	CG10081
FBpp0306126	FBgn0034441	CG10081
FBpp0070177	FBgn0040338	TfIIA-S-2
FBpp0085792	FBgn0034387	Cyp12b2
FBpp0086043	FBgn0034269	Hyccin
FBpp0086044	FBgn0034269	Hyccin
FBpp0084065	FBgn0039217	CG13627
FBpp0308358	FBgn0039217	CG13627
FBpp0084066	FBgn0039217	CG13627
FBpp0076702	FBgn0020644	Lcp65Ab1
FBpp0312408	FBgn0032008	CG14277
FBpp0079216	FBgn0032008	CG14277
FBpp0080009	FBgn0032467	Ube4B
FBpp0290465	FBgn0032467	Ube4B
FBpp0085224	FBgn0039867	CstF50
FBpp0289901	FBgn0038423	CG10317
FBpp0289902	FBgn0038423	CG10317
FBpp0071398	FBgn0030202	CG12640
FBpp0309460	FBgn0032369	CG6614
FBpp0309459	FBgn0032369	CG6614
FBpp0079851	FBgn0032369	CG6614
FBpp0306561	FBgn0038165	Task6
FBpp0306559	FBgn0038165	Task6
FBpp0306560	FBgn0038165	Task6
FBpp0290868	FBgn0038165	Task6
FBpp0072767	FBgn0035334	CG8993
FBpp0080544	FBgn0032649	CG15145
FBpp0311700	FBgn0051851	Naa20B
FBpp0080033	FBgn0051851	Naa20B
FBpp0100029	FBgn0030844	ppk23
FBpp0302876	FBgn0030844	ppk23
FBpp0074265	FBgn0030844	ppk23
FBpp0111911	FBgn0030844	ppk23
FBpp0271733	FBgn0013733	shot
FBpp0290808	FBgn0013733	shot
FBpp0293393	FBgn0013733	shot
FBpp0293387	FBgn0013733	shot
FBpp0086742	FBgn0013733	shot
FBpp0086746	FBgn0013733	shot
FBpp0271732	FBgn0013733	shot
FBpp0290807	FBgn0013733	shot
FBpp0293391	FBgn0013733	shot
FBpp0086745	FBgn0013733	shot
FBpp0086744	FBgn0013733	shot
FBpp0293388	FBgn0013733	shot
FBpp0086747	FBgn0013733	shot
FBpp0271730	FBgn0013733	shot
FBpp0293390	FBgn0013733	shot
FBpp0271734	FBgn0013733	shot
FBpp0293389	FBgn0013733	shot
FBpp0291176	FBgn0013733	shot
FBpp0271731	FBgn0013733	shot
FBpp0293392	FBgn0013733	shot
FBpp0290806	FBgn0013733	shot
FBpp0086743	FBgn0013733	shot
FBpp0082021	FBgn0261714	Cpn
FBpp0082020	FBgn0261714	Cpn
FBpp0311430	FBgn0037332	Hcs
FBpp0078332	FBgn0037332	Hcs
FBpp0311431	FBgn0037332	Hcs
FBpp0307745	FBgn0037332	Hcs
FBpp0099522	FBgn0288857	Ype
FBpp0073620	FBgn0288857	Ype
FBpp0084730	FBgn0039628	CG11841
FBpp0081416	FBgn0037633	CG9839
FBpp0306440	FBgn0037633	CG9839
FBpp0073083	FBgn0011692	pav
FBpp0087225	FBgn0010358	deltaTry
FBpp0309728	FBgn0034651	CG15676
FBpp0071585	FBgn0034651	CG15676
FBpp0078265	FBgn0051559	CG31559
FBpp0289677	FBgn0015829	TfIIEbeta
FBpp0073090	FBgn0015829	TfIIEbeta
FBpp0309346	FBgn0031114	cactin
FBpp0070525	FBgn0052793	CG32793
FBpp0308362	FBgn0039223	CG5805
FBpp0084118	FBgn0039223	CG5805
FBpp0080284	FBgn0001977	CIAPIN1
FBpp0306884	FBgn0264894	CG44085
FBpp0306876	FBgn0264894	CG44085
FBpp0306881	FBgn0264894	CG44085
FBpp0306878	FBgn0264894	CG44085
FBpp0306883	FBgn0264894	CG44085
FBpp0306879	FBgn0264894	CG44085
FBpp0306882	FBgn0264894	CG44085
FBpp0306886	FBgn0264894	CG44085
FBpp0306877	FBgn0264894	CG44085
FBpp0306880	FBgn0264894	CG44085
FBpp0306875	FBgn0264894	CG44085
FBpp0306885	FBgn0264894	CG44085
FBpp0306887	FBgn0264894	CG44085
FBpp0077739	FBgn0005660	Ets21C
FBpp0310465	FBgn0005660	Ets21C
FBpp0111767	FBgn0005660	Ets21C
FBpp0311554	FBgn0005660	Ets21C
FBpp0079524	FBgn0027600	obst-B
FBpp0303534	FBgn0264081	CG43750
FBpp0307441	FBgn0264081	CG43750
FBpp0087632	FBgn0029092	ced-6
FBpp0297720	FBgn0029092	ced-6
FBpp0087633	FBgn0029092	ced-6
FBpp0308475	FBgn0029092	ced-6
FBpp0087631	FBgn0029092	ced-6
FBpp0300392	FBgn0038277	RpS5b
FBpp0082465	FBgn0038277	RpS5b
FBpp0112608	FBgn0010247	Parp1
FBpp0309054	FBgn0039941	CG17167
FBpp0290030	FBgn0039941	CG17167
FBpp0290031	FBgn0039941	CG17167
FBpp0309055	FBgn0039941	CG17167
FBpp0072780	FBgn0041709	yellow-g
FBpp0291491	FBgn0000615	exu
FBpp0085556	FBgn0000615	exu
FBpp0085555	FBgn0000615	exu
FBpp0085557	FBgn0000615	exu
FBpp0291684	FBgn0051371	CG31371
FBpp0300190	FBgn0051371	CG31371
FBpp0083580	FBgn0038930	BomT3
FBpp0307184	FBgn0038930	BomT3
FBpp0075096	FBgn0036671	CG9951
FBpp0308493	FBgn0040377	Vha36-3
FBpp0311750	FBgn0040377	Vha36-3
FBpp0078189	FBgn0037184	CG14450
FBpp0302641	FBgn0037184	CG14450
FBpp0112618	FBgn0263977	Tim17b
FBpp0311388	FBgn0263977	Tim17b
FBpp0304303	FBgn0041702	CG15107
FBpp0085784	FBgn0041702	CG15107
FBpp0076360	FBgn0035914	CG6282
FBpp0303198	FBgn0035914	CG6282
FBpp0289431	FBgn0035914	CG6282
FBpp0076361	FBgn0035914	CG6282
FBpp0307899	FBgn0038153	Ir87a
FBpp0289080	FBgn0050503	CG30503
FBpp0088075	FBgn0050503	CG30503
FBpp0086867	FBgn0033826	CG4734
FBpp0291473	FBgn0261349	Mst36Fb
FBpp0075255	FBgn0260635	Diap1
FBpp0305794	FBgn0260635	Diap1
FBpp0075254	FBgn0260635	Diap1
FBpp0305793	FBgn0260635	Diap1
FBpp0075256	FBgn0260635	Diap1
FBpp0305795	FBgn0260635	Diap1
FBpp0080489	FBgn0015391	glu
FBpp0307897	FBgn0035019	Ir60e
FBpp0080826	FBgn0024230	Hs2st
FBpp0075981	FBgn0036111	Aps
FBpp0075979	FBgn0036111	Aps
FBpp0075980	FBgn0036111	Aps
FBpp0303800	FBgn0050484	CG30484
FBpp0423264	FBgn0286875	CG46397
FBpp0111297	FBgn0085218	CG34189
FBpp0309615	FBgn0263326	CG43407
FBpp0300939	FBgn0263326	CG43407
FBpp0304561	FBgn0016926	Pino
FBpp0077652	FBgn0016926	Pino
FBpp0077653	FBgn0016926	Pino
FBpp0074202	FBgn0030838	CG5445
FBpp0308825	FBgn0030838	CG5445
FBpp0308824	FBgn0030838	CG5445
FBpp0074201	FBgn0030838	CG5445
FBpp0074199	FBgn0030838	CG5445
FBpp0302699	FBgn0263774	CG43691
FBpp0311856	FBgn0263774	CG43691
FBpp0073581	FBgn0030443	CG12715
FBpp0310198	FBgn0030443	CG12715
FBpp0077003	FBgn0040649	CG15461
FBpp0073400	FBgn0002577	m
FBpp0075182	FBgn0036619	Cpr72Ec
FBpp0301134	FBgn0016061	side
FBpp0084538	FBgn0016061	side
FBpp0301133	FBgn0016061	side
FBpp0288437	FBgn0016061	side
FBpp0074628	FBgn0036948	CG7298
FBpp0083375	FBgn0038833	CG15696
FBpp0075317	FBgn0036514	CG12301
FBpp0310267	FBgn0028531	CG15286
FBpp0080198	FBgn0028531	CG15286
FBpp0073002	FBgn0035449	CG14971
FBpp0291609	FBgn0053664	CG33664
FBpp0073099	FBgn0035520	CG11586
FBpp0305745	FBgn0035520	CG11586
FBpp0401564	FBgn0037589	Obp85a
FBpp0292129	FBgn0052248	CG32248
FBpp0070501	FBgn0262656	Myc
FBpp0303995	FBgn0262656	Myc
FBpp0084117	FBgn0039224	CG13634
FBpp0293260	FBgn0034558	Cib2
FBpp0088118	FBgn0050385	CG30385
FBpp0086126	FBgn0034182	SmydA-7
FBpp0304309	FBgn0034182	SmydA-7
FBpp0072703	FBgn0035243	CG13926
FBpp0077705	FBgn0031281	Saf6
FBpp0305190	FBgn0031281	Saf6
FBpp0311853	FBgn0259708	CG42362
FBpp0289238	FBgn0259708	CG42362
FBpp0111383	FBgn0085303	CG34274
FBpp0307447	FBgn0032374	CG14931
FBpp0289599	FBgn0032374	CG14931
FBpp0070612	FBgn0066114	GlcAT-I
FBpp0086705	FBgn0033902	eIF3m
FBpp0308985	FBgn0033902	eIF3m
FBpp0294046	FBgn0035097	CG13405
FBpp0072440	FBgn0035097	CG13405
FBpp0290838	FBgn0026566	CG1307
FBpp0311968	FBgn0026566	CG1307
FBpp0083833	FBgn0051148	Gba1a
FBpp0084126	FBgn0285912	mah
FBpp0075604	FBgn0036323	CG14118
FBpp0113070	FBgn0014464	Cp7Fa
FBpp0099518	FBgn0014464	Cp7Fa
FBpp0080794	FBgn0003231	ref(2)P
FBpp0099683	FBgn0003231	ref(2)P
FBpp0081423	FBgn0053191	CG33191
FBpp0083379	FBgn0044812	TotC
FBpp0304713	FBgn0039675	ppk21
FBpp0084814	FBgn0039675	ppk21
FBpp0087410	FBgn0053476	CG33476
FBpp0307910	FBgn0051718	Ir31a
FBpp0307911	FBgn0051718	Ir31a
FBpp0076342	FBgn0020224	Cbl
FBpp0076341	FBgn0020224	Cbl
FBpp0084473	FBgn0039482	CG14258
FBpp0083080	FBgn0038638	CG7702
FBpp0083079	FBgn0038638	CG7702
FBpp0070051	FBgn0052857	CG32857
FBpp0080446	FBgn0284248	Cyt-c-p
FBpp0311164	FBgn0284248	Cyt-c-p
FBpp0084763	FBgn0039654	Brd8
FBpp0086017	FBgn0034261	HPS4
FBpp0086016	FBgn0034261	HPS4
FBpp0074470	FBgn0030985	Obp18a
FBpp0075142	FBgn0036620	CG4842
FBpp0291870	FBgn0261562	CG42676
FBpp0311800	FBgn0261562	CG42676
FBpp0305096	FBgn0261562	CG42676
FBpp0291869	FBgn0261562	CG42676
FBpp0071840	FBgn0034755	CG3746
FBpp0311612	FBgn0034755	CG3746
FBpp0073978	FBgn0030688	CG8952
FBpp0075453	FBgn0036443	CG13471
FBpp0075922	FBgn0036109	Cpr67Fa2
FBpp0072033	FBgn0034908	CG5543
FBpp0081682	FBgn0037779	CG12811
FBpp0292302	FBgn0085367	CG34338
FBpp0083007	FBgn0038608	WRNexo
FBpp0291513	FBgn0038608	WRNexo
FBpp0308997	FBgn0038608	WRNexo
FBpp0086704	FBgn0033907	mRpS16
FBpp0079736	FBgn0032322	CG16743
FBpp0302980	FBgn0032322	CG16743
FBpp0112507	FBgn0046706	Haspin
FBpp0075113	FBgn0010223	Galphaf
FBpp0070538	FBgn0025644	CG14424
FBpp0307619	FBgn0034693	flap
FBpp0307621	FBgn0034693	flap
FBpp0289917	FBgn0034693	flap
FBpp0071710	FBgn0034693	flap
FBpp0307620	FBgn0034693	flap
FBpp0078997	FBgn0026196	nop5
FBpp0073968	FBgn0030695	PGRP-LE
FBpp0300347	FBgn0030695	PGRP-LE
FBpp0310639	FBgn0036481	CG16959
FBpp0292440	FBgn0036481	CG16959
FBpp0075409	FBgn0036481	CG16959
FBpp0075408	FBgn0036481	CG16959
FBpp0306063	FBgn0036481	CG16959
FBpp0076822	FBgn0086694	Bre1
FBpp0310889	FBgn0086694	Bre1
FBpp0310062	FBgn0004177	mts
FBpp0310063	FBgn0004177	mts
FBpp0079148	FBgn0004177	mts
FBpp0080921	FBgn0032877	CG2617
FBpp0307791	FBgn0032877	CG2617
FBpp0290177	FBgn0050416	CG30416
FBpp0309893	FBgn0050416	CG30416
FBpp0083391	FBgn0038837	KaiR1D
FBpp0080319	FBgn0001986	Mtr4
FBpp0083556	FBgn0045468	Gr93d
FBpp0079890	FBgn0032400	CG6770
FBpp0072935	FBgn0283461	Drs
FBpp0289533	FBgn0259959	Sfp26Ac
FBpp0078245	FBgn0027527	Osi6
FBpp0312061	FBgn0027527	Osi6
FBpp0307760	FBgn0037878	CG6693
FBpp0081843	FBgn0037878	CG6693
FBpp0312516	FBgn0010926	l(3)07882
FBpp0082928	FBgn0010926	l(3)07882
FBpp0073982	FBgn0030678	CG11679
FBpp0311959	FBgn0263005	Chpf
FBpp0297743	FBgn0263005	Chpf
FBpp0112074	FBgn0036128	Elo68beta
FBpp0072610	FBgn0035208	CG9184
FBpp0072609	FBgn0035208	CG9184
FBpp0100019	FBgn0000542	ec
FBpp0111714	FBgn0000542	ec
FBpp0111713	FBgn0000542	ec
FBpp0071463	FBgn0034580	Cht8
FBpp0070402	FBgn0000377	crn
FBpp0306619	FBgn0019990	Gcn2
FBpp0306618	FBgn0019990	Gcn2
FBpp0085148	FBgn0019990	Gcn2
FBpp0310255	FBgn0028540	CG9008
FBpp0080153	FBgn0028540	CG9008
FBpp0312212	FBgn0028540	CG9008
FBpp0086711	FBgn0263697	Uba3
FBpp0082982	FBgn0038581	CG14314
FBpp0290070	FBgn0028850	CG15260
FBpp0071774	FBgn0034759	CG13511
FBpp0301553	FBgn0034759	CG13511
FBpp0083892	FBgn0053108	CG33108
FBpp0289872	FBgn0053108	CG33108
FBpp0087951	FBgn0033243	CG14763
FBpp0308272	FBgn0033243	CG14763
FBpp0308271	FBgn0033243	CG14763
FBpp0428108	FBgn0033243	CG14763
FBpp0085261	FBgn0003866	tsh
FBpp0077024	FBgn0031103	CG12679
FBpp0079338	FBgn0052988	CG32988
FBpp0302754	FBgn0264693	ens
FBpp0302755	FBgn0264693	ens
FBpp0073123	FBgn0264693	ens
FBpp0112048	FBgn0264693	ens
FBpp0302753	FBgn0264693	ens
FBpp0302757	FBgn0264693	ens
FBpp0311658	FBgn0264693	ens
FBpp0302756	FBgn0264693	ens
FBpp0073125	FBgn0264693	ens
FBpp0073121	FBgn0264693	ens
FBpp0073124	FBgn0264693	ens
FBpp0073122	FBgn0264693	ens
FBpp0112349	FBgn0052451	SPoCk
FBpp0291344	FBgn0052451	SPoCk
FBpp0304415	FBgn0052451	SPoCk
FBpp0078183	FBgn0052451	SPoCk
FBpp0423169	FBgn0052451	SPoCk
FBpp0078185	FBgn0052451	SPoCk
FBpp0078184	FBgn0052451	SPoCk
FBpp0297555	FBgn0052451	SPoCk
FBpp0078919	FBgn0031831	COX5BL
FBpp0071653	FBgn0034664	CG4377
FBpp0294016	FBgn0267347	squ
FBpp0099829	FBgn0267347	squ
FBpp0307139	FBgn0267347	squ
FBpp0091128	FBgn0053883	His4:CG33883
FBpp0077349	FBgn0015600	toc
FBpp0302940	FBgn0015600	toc
FBpp0077347	FBgn0015600	toc
FBpp0077346	FBgn0015600	toc
FBpp0307373	FBgn0015600	toc
FBpp0077348	FBgn0015600	toc
FBpp0110203	FBgn0015600	toc
FBpp0111796	FBgn0015600	toc
FBpp0302941	FBgn0015600	toc
FBpp0307372	FBgn0015600	toc
FBpp0402879	FBgn0284229	CG46313
FBpp0084436	FBgn0039461	CG5500
FBpp0402880	FBgn0284230	CG46314
FBpp0081359	FBgn0051454	CG31454
FBpp0311562	FBgn0015320	Ubc2
FBpp0079705	FBgn0015320	Ubc2
FBpp0079704	FBgn0015320	Ubc2
FBpp0305676	FBgn0015320	Ubc2
FBpp0303801	FBgn0029603	CG14053
FBpp0070408	FBgn0029603	CG14053
FBpp0091072	FBgn0053826	His2A:CG33826
FBpp0307570	FBgn0042693	wrd
FBpp0082974	FBgn0042693	wrd
FBpp0082976	FBgn0042693	wrd
FBpp0307569	FBgn0042693	wrd
FBpp0288759	FBgn0042693	wrd
FBpp0288760	FBgn0042693	wrd
FBpp0082977	FBgn0042693	wrd
FBpp0293569	FBgn0042693	wrd
FBpp0293571	FBgn0042693	wrd
FBpp0293570	FBgn0042693	wrd
FBpp0288758	FBgn0042693	wrd
FBpp0082975	FBgn0042693	wrd
FBpp0297601	FBgn0042693	wrd
FBpp0082978	FBgn0042693	wrd
FBpp0292509	FBgn0030013	GIIIspla2
FBpp0311874	FBgn0030013	GIIIspla2
FBpp0423324	FBgn0263324	CG43405
FBpp0292971	FBgn0259992	CG42489
FBpp0302776	FBgn0259992	CG42489
FBpp0289670	FBgn0259992	CG42489
FBpp0083766	FBgn0039066	EloA
FBpp0083767	FBgn0039066	EloA
FBpp0304148	FBgn0003463	sog
FBpp0309304	FBgn0003463	sog
FBpp0073879	FBgn0003463	sog
FBpp0085890	FBgn0034366	Atg7
FBpp0085891	FBgn0034366	Atg7
FBpp0085851	FBgn0063498	GstE2
FBpp0077507	FBgn0031399	mio
FBpp0070979	FBgn0029935	CG4615
FBpp0074913	FBgn0052192	CG32192
FBpp0289324	FBgn0052192	CG32192
FBpp0086312	FBgn0050098	CG30098
FBpp0304869	FBgn0030098	CG12057
FBpp0071239	FBgn0030098	CG12057
FBpp0078437	FBgn0037325	CG12147
FBpp0077549	FBgn0011570	cpb
FBpp0304020	FBgn0011570	cpb
FBpp0079397	FBgn0267252	Ggamma30A
FBpp0292898	FBgn0267252	Ggamma30A
FBpp0312039	FBgn0267252	Ggamma30A
FBpp0301186	FBgn0267252	Ggamma30A
FBpp0079396	FBgn0267252	Ggamma30A
FBpp0303053	FBgn0267252	Ggamma30A
FBpp0079395	FBgn0267252	Ggamma30A
FBpp0307603	FBgn0267252	Ggamma30A
FBpp0073842	FBgn0052588	CG32588
FBpp0091138	FBgn0053893	His4:CG33893
FBpp0074881	FBgn0028416	Met75Ca
FBpp0289373	FBgn0053247	Ste:CG33247
FBpp0073449	FBgn0004511	dy
FBpp0311286	FBgn0035753	RpL18
FBpp0076602	FBgn0035753	RpL18
FBpp0305562	FBgn0035753	RpL18
FBpp0100175	FBgn0013680	mt:ND2
FBpp0305648	FBgn0037100	CapaR
FBpp0078034	FBgn0037100	CapaR
FBpp0075116	FBgn0000017	Abl
FBpp0303168	FBgn0000017	Abl
FBpp0303165	FBgn0000017	Abl
FBpp0303169	FBgn0000017	Abl
FBpp0111702	FBgn0000017	Abl
FBpp0303166	FBgn0000017	Abl
FBpp0311523	FBgn0000017	Abl
FBpp0303167	FBgn0000017	Abl
FBpp0303163	FBgn0000017	Abl
FBpp0303164	FBgn0000017	Abl
FBpp0296986	FBgn0262721	CG43165
FBpp0290386	FBgn0032455	Pih1D1
FBpp0088847	FBgn0032455	Pih1D1
FBpp0311680	FBgn0032505	CG16826
FBpp0080043	FBgn0032505	CG16826
FBpp0078757	FBgn0031716	CG14015
FBpp0080123	FBgn0028509	CenG1A
FBpp0080125	FBgn0028509	CenG1A
FBpp0080124	FBgn0028509	CenG1A
FBpp0082205	FBgn0038130	CG8630
FBpp0083968	FBgn0051133	Slimp
FBpp0080694	FBgn0032750	Dus4
FBpp0082997	FBgn0038607	hmw
FBpp0078629	FBgn0031650	synr
FBpp0112194	FBgn0039264	CG11786
FBpp0308673	FBgn0023517	Pgam5
FBpp0070350	FBgn0023517	Pgam5
FBpp0298277	FBgn0015831	Rtnl2
FBpp0298276	FBgn0015831	Rtnl2
FBpp0080543	FBgn0032650	CG7094
FBpp0076766	FBgn0020638	Lcp65Ag1
FBpp0088670	FBgn0033566	CG18004
FBpp0088669	FBgn0033566	CG18004
FBpp0308556	FBgn0033566	CG18004
FBpp0078913	FBgn0031800	CG9497
FBpp0303667	FBgn0031800	CG9497
FBpp0311400	FBgn0038965	mats
FBpp0307973	FBgn0038965	mats
FBpp0083624	FBgn0038965	mats
FBpp0289367	FBgn0053241	Ste:CG33241
FBpp0311240	FBgn0031049	Sec61gamma
FBpp0074514	FBgn0031049	Sec61gamma
FBpp0309475	FBgn0031049	Sec61gamma
FBpp0082061	FBgn0038047	CG5245
FBpp0290671	FBgn0026401	Nipped-B
FBpp0110411	FBgn0026401	Nipped-B
FBpp0307004	FBgn0026401	Nipped-B
FBpp0290670	FBgn0026401	Nipped-B
FBpp0110410	FBgn0026401	Nipped-B
FBpp0290669	FBgn0026401	Nipped-B
FBpp0099667	FBgn0260466	Indy-2
FBpp0099666	FBgn0260466	Indy-2
FBpp0078970	FBgn0017551	Rca1
FBpp0297204	FBgn0260012	pds5
FBpp0087082	FBgn0260012	pds5
FBpp0087610	FBgn0285949	RpL31
FBpp0087609	FBgn0285949	RpL31
FBpp0087608	FBgn0285949	RpL31
FBpp0304343	FBgn0004363	porin
FBpp0079771	FBgn0004363	porin
FBpp0100039	FBgn0004363	porin
FBpp0293784	FBgn0004363	porin
FBpp0079772	FBgn0004363	porin
FBpp0306895	FBgn0011225	jar
FBpp0290584	FBgn0011225	jar
FBpp0084020	FBgn0011225	jar
FBpp0306894	FBgn0011225	jar
FBpp0290583	FBgn0011225	jar
FBpp0290581	FBgn0011225	jar
FBpp0290585	FBgn0011225	jar
FBpp0311443	FBgn0011225	jar
FBpp0290582	FBgn0011225	jar
FBpp0080405	FBgn0000339	cni
FBpp0308005	FBgn0000339	cni
FBpp0080406	FBgn0000339	cni
FBpp0076068	FBgn0027567	Ciz1
FBpp0076069	FBgn0027567	Ciz1
FBpp0290199	FBgn0052495	Gss2
FBpp0088741	FBgn0052495	Gss2
FBpp0290201	FBgn0052495	Gss2
FBpp0290197	FBgn0052495	Gss2
FBpp0309328	FBgn0052495	Gss2
FBpp0290200	FBgn0052495	Gss2
FBpp0290198	FBgn0052495	Gss2
FBpp0073100	FBgn0035518	CG15011
FBpp0082705	FBgn0038401	CG5916
FBpp0310460	FBgn0038401	CG5916
FBpp0078999	FBgn0011737	Wee1
FBpp0304607	FBgn0011737	Wee1
FBpp0087645	FBgn0010220	Dbp45A
FBpp0078894	FBgn0031822	Phf5a
FBpp0076544	FBgn0035750	CG14826
FBpp0305558	FBgn0035750	CG14826
FBpp0305186	FBgn0032864	CG2493
FBpp0080895	FBgn0032864	CG2493
FBpp0074708	FBgn0036888	CG9330
FBpp0082573	FBgn0038321	Nagk
FBpp0306657	FBgn0038321	Nagk
FBpp0087448	FBgn0033508	Obp46a
FBpp0288675	FBgn0045470	Gr93b
FBpp0085459	FBgn0028579	phtf
FBpp0085317	FBgn0032979	Clamp
FBpp0099821	FBgn0032979	Clamp
FBpp0078951	FBgn0263200	Galt
FBpp0305544	FBgn0263200	Galt
FBpp0081608	FBgn0037743	Alg12
FBpp0075837	FBgn0052091	CG32091
FBpp0113004	FBgn0035468	Gr63a
FBpp0074694	FBgn0036910	Cyp305a1
FBpp0110507	FBgn0058298	CG40298
FBpp0291480	FBgn0261356	CG42633
FBpp0090985	FBgn0053642	CG33642
FBpp0307785	FBgn0032770	CG13086
FBpp0307784	FBgn0032770	CG13086
FBpp0080738	FBgn0032770	CG13086
FBpp0081574	FBgn0260463	Unc-115b
FBpp0081573	FBgn0260463	Unc-115b
FBpp0081575	FBgn0260463	Unc-115b
FBpp0081572	FBgn0260463	Unc-115b
FBpp0312324	FBgn0260463	Unc-115b
FBpp0292158	FBgn0260463	Unc-115b
FBpp0072713	FBgn0035283	CG12024
FBpp0292251	FBgn0035283	CG12024
FBpp0072712	FBgn0035283	CG12024
FBpp0309105	FBgn0052654	Sec16
FBpp0309104	FBgn0052654	Sec16
FBpp0112357	FBgn0052654	Sec16
FBpp0112356	FBgn0052654	Sec16
FBpp0309103	FBgn0052654	Sec16
FBpp0301987	FBgn0052654	Sec16
FBpp0071598	FBgn0034649	PIG-M
FBpp0071597	FBgn0034649	PIG-M
FBpp0079490	FBgn0287788	Datp
FBpp0077963	FBgn0004865	Eip78C
FBpp0297288	FBgn0004865	Eip78C
FBpp0297287	FBgn0004865	Eip78C
FBpp0077964	FBgn0004865	Eip78C
FBpp0307137	FBgn0001185	her
FBpp0080440	FBgn0001185	her
FBpp0081786	FBgn0010421	TfIIFbeta
FBpp0305441	FBgn0264545	CG43924
FBpp0110268	FBgn0030608	Lsd-2
FBpp0309373	FBgn0030608	Lsd-2
FBpp0309374	FBgn0030608	Lsd-2
FBpp0311908	FBgn0030608	Lsd-2
FBpp0073784	FBgn0030608	Lsd-2
FBpp0072998	FBgn0035455	CG10862
FBpp0082256	FBgn0038158	CG14370
FBpp0076728	FBgn0035685	CG13297
FBpp0073983	FBgn0011741	Arp6
FBpp0077173	FBgn0051961	Tbcc
FBpp0077174	FBgn0051961	Tbcc
FBpp0303264	FBgn0266129	lov
FBpp0099472	FBgn0266129	lov
FBpp0072360	FBgn0266129	lov
FBpp0072359	FBgn0266129	lov
FBpp0310200	FBgn0266129	lov
FBpp0111664	FBgn0085477	CG34448
FBpp0402872	FBgn0284222	CG46306
FBpp0302684	FBgn0028952	Kebab
FBpp0077498	FBgn0028952	Kebab
FBpp0428224	FBgn0011476	l(3)neo43
FBpp0428223	FBgn0011476	l(3)neo43
FBpp0078821	FBgn0031774	CG9147
FBpp0078820	FBgn0031774	CG9147
FBpp0309824	FBgn0031774	CG9147
FBpp0309823	FBgn0031774	CG9147
FBpp0087980	FBgn0264294	Cyt-b5
FBpp0087979	FBgn0264294	Cyt-b5
FBpp0289982	FBgn0040805	CG12355
FBpp0306211	FBgn0040805	CG12355
FBpp0075359	FBgn0040805	CG12355
FBpp0112245	FBgn0040805	CG12355
FBpp0292036	FBgn0259734	Nost
FBpp0292038	FBgn0259734	Nost
FBpp0289278	FBgn0259734	Nost
FBpp0289277	FBgn0259734	Nost
FBpp0292037	FBgn0259734	Nost
FBpp0310014	FBgn0259734	Nost
FBpp0308558	FBgn0027525	LTV1
FBpp0087340	FBgn0027525	LTV1
FBpp0086097	FBgn0034237	eIF3b
FBpp0086098	FBgn0034237	eIF3b
FBpp0297569	FBgn0053558	mim
FBpp0291734	FBgn0053558	mim
FBpp0297570	FBgn0053558	mim
FBpp0305160	FBgn0053558	mim
FBpp0305162	FBgn0053558	mim
FBpp0112381	FBgn0053558	mim
FBpp0305161	FBgn0053558	mim
FBpp0291733	FBgn0053558	mim
FBpp0291244	FBgn0053558	mim
FBpp0305159	FBgn0053558	mim
FBpp0291735	FBgn0053558	mim
FBpp0291245	FBgn0053558	mim
FBpp0297571	FBgn0053558	mim
FBpp0292515	FBgn0261858	Mzt1
FBpp0079596	FBgn0032235	CG5096
FBpp0293825	FBgn0262608	CG43134
FBpp0297892	FBgn0262608	CG43134
FBpp0080237	FBgn0028887	CG3491
FBpp0081145	FBgn0037463	djl
FBpp0074037	FBgn0030722	CG12395
FBpp0084372	FBgn0000064	Ald1
FBpp0089214	FBgn0000064	Ald1
FBpp0084367	FBgn0000064	Ald1
FBpp0302780	FBgn0000064	Ald1
FBpp0297612	FBgn0000064	Ald1
FBpp0302781	FBgn0000064	Ald1
FBpp0084368	FBgn0000064	Ald1
FBpp0113036	FBgn0000064	Ald1
FBpp0084373	FBgn0000064	Ald1
FBpp0308680	FBgn0000064	Ald1
FBpp0071461	FBgn0034577	cpa
FBpp0071555	FBgn0050389	CG30389
FBpp0303268	FBgn0050389	CG30389
FBpp0302571	FBgn0050389	CG30389
FBpp0303269	FBgn0050389	CG30389
FBpp0071556	FBgn0050389	CG30389
FBpp0099392	FBgn0250851	CG33981
FBpp0099393	FBgn0250851	CG33981
FBpp0302985	FBgn0250851	CG33981
FBpp0076825	FBgn0052418	vito
FBpp0293613	FBgn0033739	Dyb
FBpp0087040	FBgn0033739	Dyb
FBpp0293614	FBgn0033739	Dyb
FBpp0111987	FBgn0033739	Dyb
FBpp0300837	FBgn0033739	Dyb
FBpp0099693	FBgn0033739	Dyb
FBpp0087041	FBgn0033739	Dyb
FBpp0305185	FBgn0032863	Cdc23
FBpp0080894	FBgn0032863	Cdc23
FBpp0289307	FBgn0085288	Grl62c
FBpp0081110	FBgn0037498	CG10029
FBpp0110455	FBgn0058470	CG40470
FBpp0079685	FBgn0051721	Trim9
FBpp0293057	FBgn0051721	Trim9
FBpp0087323	FBgn0263510	nclb
FBpp0080040	FBgn0051729	CG31729
FBpp0311166	FBgn0051729	CG31729
FBpp0080041	FBgn0051729	CG31729
FBpp0310554	FBgn0051729	CG31729
FBpp0111976	FBgn0033538	CG11883
FBpp0087375	FBgn0033538	CG11883
FBpp0308547	FBgn0033538	CG11883
FBpp0087376	FBgn0033538	CG11883
FBpp0071658	FBgn0042098	CG18735
FBpp0084341	FBgn0039404	CG14543
FBpp0080683	FBgn0028569	robl37BC
FBpp0290511	FBgn0037263	slx1
FBpp0081493	FBgn0037644	CG11964
FBpp0085493	FBgn0033108	CG15236
FBpp0085494	FBgn0033108	CG15236
FBpp0072619	FBgn0035229	pns
FBpp0072618	FBgn0035229	pns
FBpp0072620	FBgn0035229	pns
FBpp0306439	FBgn0037635	CG9837
FBpp0301106	FBgn0037635	CG9837
FBpp0301107	FBgn0037635	CG9837
FBpp0087973	FBgn0033225	TTLL12
FBpp0084405	FBgn0051081	TwdlR
FBpp0085606	FBgn0043535	Obp57a
FBpp0073791	FBgn0030598	CG9503
FBpp0305250	FBgn0000411	D
FBpp0305249	FBgn0000411	D
FBpp0075488	FBgn0000411	D
FBpp0305248	FBgn0000411	D
FBpp0085804	FBgn0034406	Jheh3
FBpp0428087	FBgn0051496	CG31496
FBpp0078318	FBgn0037376	Hat1
FBpp0078319	FBgn0037376	Hat1
FBpp0077984	FBgn0003415	skd
FBpp0077985	FBgn0003415	skd
FBpp0111743	FBgn0003415	skd
FBpp0305479	FBgn0003415	skd
FBpp0312338	FBgn0266801	CG45263
FBpp0311576	FBgn0266801	CG45263
FBpp0312337	FBgn0266801	CG45263
FBpp0311575	FBgn0266801	CG45263
FBpp0311578	FBgn0266801	CG45263
FBpp0311577	FBgn0266801	CG45263
FBpp0290432	FBgn0260713	CG42544
FBpp0072325	FBgn0035076	Ance-5
FBpp0311261	FBgn0050157	Ufsp1
FBpp0085517	FBgn0050157	Ufsp1
FBpp0085481	FBgn0033079	Fmo-2
FBpp0077208	FBgn0266670	Sec5
FBpp0303075	FBgn0004618	gl
FBpp0083005	FBgn0004618	gl
FBpp0083006	FBgn0004618	gl
FBpp0079472	FBgn0040064	yip2
FBpp0305006	FBgn0037120	CG11247
FBpp0078112	FBgn0037120	CG11247
FBpp0112097	FBgn0037120	CG11247
FBpp0078113	FBgn0037120	CG11247
FBpp0290815	FBgn0052438	SMC5
FBpp0305646	FBgn0052438	SMC5
FBpp0290816	FBgn0052438	SMC5
FBpp0305647	FBgn0052438	SMC5
FBpp0084205	FBgn0051436	CG31436
FBpp0079065	FBgn0002938	ninaC
FBpp0306864	FBgn0002938	ninaC
FBpp0306863	FBgn0002938	ninaC
FBpp0079064	FBgn0002938	ninaC
FBpp0076923	FBgn0064117	SLIRP1
FBpp0076925	FBgn0064117	SLIRP1
FBpp0083250	FBgn0038765	CG4424
FBpp0303896	FBgn0264301	CG43779
FBpp0076447	FBgn0035849	ERR
FBpp0076448	FBgn0035849	ERR
FBpp0082758	FBgn0038438	Der-2
FBpp0423048	FBgn0034293	CG14495
FBpp0423047	FBgn0034293	CG14495
FBpp0291835	FBgn0261552	ps
FBpp0110326	FBgn0261552	ps
FBpp0306419	FBgn0261552	ps
FBpp0291834	FBgn0261552	ps
FBpp0110331	FBgn0261552	ps
FBpp0310689	FBgn0261552	ps
FBpp0291831	FBgn0261552	ps
FBpp0310688	FBgn0261552	ps
FBpp0110328	FBgn0261552	ps
FBpp0110329	FBgn0261552	ps
FBpp0291832	FBgn0261552	ps
FBpp0081515	FBgn0261552	ps
FBpp0110327	FBgn0261552	ps
FBpp0306418	FBgn0261552	ps
FBpp0291833	FBgn0261552	ps
FBpp0081517	FBgn0261552	ps
FBpp0081516	FBgn0261552	ps
FBpp0110330	FBgn0261552	ps
FBpp0112132	FBgn0261808	cu
FBpp0112130	FBgn0261808	cu
FBpp0307205	FBgn0261808	cu
FBpp0307206	FBgn0261808	cu
FBpp0307207	FBgn0261808	cu
FBpp0112131	FBgn0261808	cu
FBpp0081913	FBgn0037936	CG6908
FBpp0307199	FBgn0037936	CG6908
FBpp0073437	FBgn0030346	BORCS5
FBpp0071186	FBgn0052713	CG32713
FBpp0310012	FBgn0052713	CG32713
FBpp0075952	FBgn0036136	Ufd1
FBpp0289314	FBgn0285925	Fas1
FBpp0082782	FBgn0285925	Fas1
FBpp0082784	FBgn0285925	Fas1
FBpp0289313	FBgn0285925	Fas1
FBpp0305873	FBgn0285925	Fas1
FBpp0082783	FBgn0285925	Fas1
FBpp0111715	FBgn0285925	Fas1
FBpp0310796	FBgn0266435	CG45065
FBpp0079411	FBgn0032117	FucTB
FBpp0310076	FBgn0032117	FucTB
FBpp0312203	FBgn0032117	FucTB
FBpp0075689	FBgn0036291	CG10681
FBpp0304880	FBgn0036291	CG10681
FBpp0086946	FBgn0004435	Galphaq
FBpp0305314	FBgn0004435	Galphaq
FBpp0293494	FBgn0004435	Galphaq
FBpp0086944	FBgn0004435	Galphaq
FBpp0086945	FBgn0004435	Galphaq
FBpp0086943	FBgn0004435	Galphaq
FBpp0086942	FBgn0004435	Galphaq
FBpp0082776	FBgn0038419	CG14879
FBpp0082775	FBgn0038419	CG14879
FBpp0306781	FBgn0038419	CG14879
FBpp0311432	FBgn0038419	CG14879
FBpp0072187	FBgn0034982	Naa35
FBpp0099812	FBgn0034982	Naa35
FBpp0085220	FBgn0017448	CG2187
FBpp0292438	FBgn0017448	CG2187
FBpp0084190	FBgn0039305	CG11858
FBpp0112295	FBgn0051065	ppk31
FBpp0073067	FBgn0028484	Ack
FBpp0075951	FBgn0052074	CG32074
FBpp0085216	FBgn0039876	CG2126
FBpp0303147	FBgn0039876	CG2126
FBpp0085420	FBgn0261403	sxc
FBpp0085422	FBgn0261403	sxc
FBpp0085421	FBgn0261403	sxc
FBpp0077055	FBgn0031196	Cluap1
FBpp0074923	FBgn0036766	CG5506
FBpp0086125	FBgn0023172	RhoGEF2
FBpp0309117	FBgn0023172	RhoGEF2
FBpp0086124	FBgn0023172	RhoGEF2
FBpp0086123	FBgn0023172	RhoGEF2
FBpp0293620	FBgn0023172	RhoGEF2
FBpp0308323	FBgn0039752	CG15530
FBpp0084934	FBgn0039752	CG15530
FBpp0084935	FBgn0039752	CG15530
FBpp0110275	FBgn0083976	CG34140
FBpp0082004	FBgn0025802	Sbf
FBpp0082003	FBgn0025802	Sbf
FBpp0297708	FBgn0036596	CG13045
FBpp0071932	FBgn0026384	Or59a
FBpp0077578	FBgn0031356	CG17660
FBpp0086514	FBgn0034013	unc-5
FBpp0309017	FBgn0034013	unc-5
FBpp0291380	FBgn0039282	Bili
FBpp0291378	FBgn0039282	Bili
FBpp0311466	FBgn0039282	Bili
FBpp0291379	FBgn0039282	Bili
FBpp0291382	FBgn0039282	Bili
FBpp0291381	FBgn0039282	Bili
FBpp0290884	FBgn0039282	Bili
FBpp0091139	FBgn0053894	His2B:CG33894
FBpp0087183	FBgn0062449	CG13197
FBpp0311687	FBgn0062449	CG13197
FBpp0305206	FBgn0261446	CG13377
FBpp0070101	FBgn0261446	CG13377
FBpp0074848	FBgn0036816	Indy
FBpp0291071	FBgn0036816	Indy
FBpp0074849	FBgn0036816	Indy
FBpp0074850	FBgn0036816	Indy
FBpp0082689	FBgn0038397	CG10185
FBpp0079280	FBgn0027932	Akap200
FBpp0309213	FBgn0027932	Akap200
FBpp0079279	FBgn0027932	Akap200
FBpp0079281	FBgn0027932	Akap200
FBpp0309214	FBgn0027932	Akap200
FBpp0309215	FBgn0027932	Akap200
FBpp0079282	FBgn0027932	Akap200
FBpp0072428	FBgn0025592	Gk1
FBpp0072429	FBgn0025592	Gk1
FBpp0071564	FBgn0026369	Sara
FBpp0402893	FBgn0284237	CG46321
FBpp0402892	FBgn0284237	CG46321
FBpp0304767	FBgn0052718	CG32718
FBpp0304766	FBgn0052718	CG32718
FBpp0289688	FBgn0052718	CG32718
FBpp0300990	FBgn0262518	Rab8
FBpp0074690	FBgn0262518	Rab8
FBpp0300989	FBgn0262518	Rab8
FBpp0304606	FBgn0028554	x16
FBpp0078996	FBgn0028554	x16
FBpp0088519	FBgn0028744	CG5033
FBpp0111930	FBgn0031463	G6P
FBpp0306273	FBgn0260742	CG12213
FBpp0081984	FBgn0260742	CG12213
FBpp0306272	FBgn0260742	CG12213
FBpp0112135	FBgn0260742	CG12213
FBpp0080342	FBgn0028944	Semp1
FBpp0080699	FBgn0002036	CG10561
FBpp0082413	FBgn0038236	Cyp313a1
FBpp0070094	FBgn0010019	Cyp4g1
FBpp0084558	FBgn0046885	Gr98d
FBpp0297539	FBgn0050488	antr
FBpp0086931	FBgn0050488	antr
FBpp0308631	FBgn0020445	E23
FBpp0088917	FBgn0020445	E23
FBpp0308632	FBgn0020445	E23
FBpp0088641	FBgn0020371	Tim17b2
FBpp0310301	FBgn0020371	Tim17b2
FBpp0293401	FBgn0262475	bru2
FBpp0293398	FBgn0262475	bru2
FBpp0293404	FBgn0262475	bru2
FBpp0293400	FBgn0262475	bru2
FBpp0293403	FBgn0262475	bru2
FBpp0293396	FBgn0262475	bru2
FBpp0293399	FBgn0262475	bru2
FBpp0304531	FBgn0262475	bru2
FBpp0304532	FBgn0262475	bru2
FBpp0304533	FBgn0262475	bru2
FBpp0293402	FBgn0262475	bru2
FBpp0311146	FBgn0266615	CG45122
FBpp0085540	FBgn0034527	CG9945
FBpp0085539	FBgn0034527	CG9945
FBpp0311676	FBgn0040899	CG17776
FBpp0070374	FBgn0040899	CG17776
FBpp0089296	FBgn0000250	cact
FBpp0080403	FBgn0000250	cact
FBpp0080404	FBgn0000250	cact
FBpp0080402	FBgn0000250	cact
FBpp0308004	FBgn0000250	cact
FBpp0085638	FBgn0034476	Toll-7
FBpp0073565	FBgn0052639	CG32639
FBpp0081801	FBgn0037856	Leash
FBpp0304395	FBgn0035385	FMRFaR
FBpp0072850	FBgn0035385	FMRFaR
FBpp0309525	FBgn0035385	FMRFaR
FBpp0087667	FBgn0015561	unpg
FBpp0292374	FBgn0261806	CG42752
FBpp0309973	FBgn0004101	bs
FBpp0288528	FBgn0004101	bs
FBpp0072178	FBgn0004101	bs
FBpp0077643	FBgn0031320	CG5126
FBpp0289135	FBgn0259239	CG42337
FBpp0297123	FBgn0259239	CG42337
FBpp0305478	FBgn0264552	CG43931
FBpp0079544	FBgn0032197	ova
FBpp0079543	FBgn0032197	ova
FBpp0087228	FBgn0041241	Gr47b
FBpp0074755	FBgn0036870	CG14095
FBpp0304378	FBgn0035695	CG10226
FBpp0076720	FBgn0035695	CG10226
FBpp0082893	FBgn0038499	Brf
FBpp0291523	FBgn0038499	Brf
FBpp0085791	FBgn0053147	Hs3st-A
FBpp0311723	FBgn0053147	Hs3st-A
FBpp0300669	FBgn0029147	NtR
FBpp0071676	FBgn0029147	NtR
FBpp0080697	FBgn0000075	amd
FBpp0080698	FBgn0000075	amd
FBpp0088707	FBgn0038194	Cyp6d5
FBpp0303111	FBgn0035155	RabX6
FBpp0072476	FBgn0035155	RabX6
FBpp0291632	FBgn0029176	eEF1gamma
FBpp0084761	FBgn0029176	eEF1gamma
FBpp0084762	FBgn0029176	eEF1gamma
FBpp0070507	FBgn0029659	CG16782
FBpp0297299	FBgn0004868	Gdi
FBpp0079458	FBgn0004868	Gdi
FBpp0311558	FBgn0004868	Gdi
FBpp0110068	FBgn0052203	Spn75F
FBpp0289515	FBgn0085344	CG34315
FBpp0091131	FBgn0053886	His2B:CG33886
FBpp0075723	FBgn0011335	vers
FBpp0306444	FBgn0266758	Esyt2
FBpp0297166	FBgn0266758	Esyt2
FBpp0084032	FBgn0266758	Esyt2
FBpp0084031	FBgn0266758	Esyt2
FBpp0305355	FBgn0033809	CG4630
FBpp0086878	FBgn0033809	CG4630
FBpp0085350	FBgn0000546	EcR
FBpp0085349	FBgn0000546	EcR
FBpp0085353	FBgn0000546	EcR
FBpp0085352	FBgn0000546	EcR
FBpp0291631	FBgn0000546	EcR
FBpp0085351	FBgn0000546	EcR
FBpp0083227	FBgn0038742	Arc42
FBpp0070791	FBgn0029822	CG12236
FBpp0070790	FBgn0029822	CG12236
FBpp0082342	FBgn0038188	Art9
FBpp0084807	FBgn0000492	Dr
FBpp0081757	FBgn0037835	CG14687
FBpp0075683	FBgn0010235	Klc
FBpp0303946	FBgn0010235	Klc
FBpp0303945	FBgn0010235	Klc
FBpp0073943	FBgn0030720	CG8939
FBpp0070175	FBgn0026143	Cdc45
FBpp0290955	FBgn0260954	CG42586
FBpp0290954	FBgn0260954	CG42586
FBpp0079371	FBgn0032096	Or30a
FBpp0086219	FBgn0025833	CG8910
FBpp0291495	FBgn0261396	Rpn3
FBpp0307804	FBgn0261396	Rpn3
FBpp0312327	FBgn0264922	Sumo
FBpp0078984	FBgn0264922	Sumo
FBpp0071433	FBgn0030224	CG12637
FBpp0312548	FBgn0267824	PRAS40
FBpp0303580	FBgn0052843	Dh31-R
FBpp0086868	FBgn0052843	Dh31-R
FBpp0303579	FBgn0052843	Dh31-R
FBpp0075130	FBgn0036607	CG13059
FBpp0305308	FBgn0031977	baf
FBpp0079157	FBgn0031977	baf
FBpp0111404	FBgn0085324	CG34295
FBpp0081555	FBgn0037722	CG8319
FBpp0079211	FBgn0015299	Ssb-c31a
FBpp0310114	FBgn0035089	Phk-3
FBpp0072311	FBgn0035089	Phk-3
FBpp0310115	FBgn0035089	Phk-3
FBpp0072789	FBgn0035316	CG15878
FBpp0072350	FBgn0050430	CG30430
FBpp0310118	FBgn0050430	CG30430
FBpp0074477	FBgn0031016	kek5
FBpp0301162	FBgn0031016	kek5
FBpp0301163	FBgn0031016	kek5
FBpp0074476	FBgn0031016	kek5
FBpp0113055	FBgn0035077	CG9083
FBpp0074671	FBgn0013303	Nca
FBpp0084881	FBgn0039718	CG15517
FBpp0292437	FBgn0036480	Cep135
FBpp0075391	FBgn0036480	Cep135
FBpp0305986	FBgn0036480	Cep135
FBpp0079697	FBgn0032287	CG6415
FBpp0075283	FBgn0000489	Pka-C3
FBpp0075284	FBgn0000489	Pka-C3
FBpp0303421	FBgn0259171	Pde9
FBpp0305705	FBgn0259171	Pde9
FBpp0305704	FBgn0259171	Pde9
FBpp0288910	FBgn0259171	Pde9
FBpp0087924	FBgn0015509	Cul1
FBpp0087922	FBgn0015509	Cul1
FBpp0087921	FBgn0015509	Cul1
FBpp0087923	FBgn0015509	Cul1
FBpp0076669	FBgn0035710	SP1173
FBpp0076668	FBgn0035710	SP1173
FBpp0076670	FBgn0035710	SP1173
FBpp0076667	FBgn0035710	SP1173
FBpp0310025	FBgn0040236	c11.1
FBpp0071261	FBgn0040236	c11.1
FBpp0079577	FBgn0032214	CG4968
FBpp0305107	FBgn0025692	Lfg
FBpp0086927	FBgn0025692	Lfg
FBpp0305106	FBgn0025692	Lfg
FBpp0086926	FBgn0025692	Lfg
FBpp0075169	FBgn0036629	GluRS-m
FBpp0291052	FBgn0003137	Ppn
FBpp0291051	FBgn0003137	Ppn
FBpp0289566	FBgn0003137	Ppn
FBpp0291053	FBgn0003137	Ppn
FBpp0291585	FBgn0054045	CG34045
FBpp0076985	FBgn0031129	CG1324
FBpp0312195	FBgn0031129	CG1324
FBpp0111290	FBgn0085211	RpS28-like
FBpp0086204	FBgn0004580	Cbp53E
FBpp0309078	FBgn0004580	Cbp53E
FBpp0077166	FBgn0031590	CG3702
FBpp0306838	FBgn0031590	CG3702
FBpp0081308	FBgn0037541	CG2747
FBpp0290139	FBgn0037541	CG2747
FBpp0307217	FBgn0037541	CG2747
FBpp0307216	FBgn0037541	CG2747
FBpp0290138	FBgn0037541	CG2747
FBpp0081307	FBgn0037541	CG2747
FBpp0304966	FBgn0036929	CG7668
FBpp0074673	FBgn0036929	CG7668
FBpp0087009	FBgn0033712	mIF3
FBpp0422631	FBgn0033712	mIF3
FBpp0308691	FBgn0033712	mIF3
FBpp0100025	FBgn0039349	Ssadh
FBpp0289952	FBgn0039349	Ssadh
FBpp0100026	FBgn0039349	Ssadh
FBpp0084265	FBgn0039349	Ssadh
FBpp0100024	FBgn0039349	Ssadh
FBpp0084211	FBgn0039337	MED28
FBpp0084637	FBgn0051053	nenya
FBpp0290315	FBgn0000244	by
FBpp0291577	FBgn0000244	by
FBpp0081597	FBgn0000244	by
FBpp0088483	FBgn0036640	nxf2
FBpp0088484	FBgn0036640	nxf2
FBpp0303951	FBgn0036640	nxf2
FBpp0310007	FBgn0030752	Cdc50
FBpp0074076	FBgn0030752	Cdc50
FBpp0086373	FBgn0027091	CysRS
FBpp0078758	FBgn0031715	tomb
FBpp0289527	FBgn0031564	CG2816
FBpp0304911	FBgn0040823	dpr6
FBpp0303926	FBgn0040823	dpr6
FBpp0311219	FBgn0040823	dpr6
FBpp0076082	FBgn0040823	dpr6
FBpp0304912	FBgn0040823	dpr6
FBpp0311277	FBgn0035360	CG1246
FBpp0072815	FBgn0035360	CG1246
FBpp0292141	FBgn0035360	CG1246
FBpp0305637	FBgn0035360	CG1246
FBpp0088855	FBgn0039215	CG6695
FBpp0088854	FBgn0039215	CG6695
FBpp0072527	FBgn0004430	LysS
FBpp0081694	FBgn0045473	Gr85a
FBpp0076118	FBgn0036024	CG18180
FBpp0423049	FBgn0037940	CG14720
FBpp0291562	FBgn0038087	beat-Va
FBpp0082156	FBgn0038087	beat-Va
FBpp0308009	FBgn0038087	beat-Va
FBpp0083934	FBgn0039155	Kal1
FBpp0312164	FBgn0010350	Cds
FBpp0076411	FBgn0010350	Cds
FBpp0308501	FBgn0040773	COX7C
FBpp0308502	FBgn0040773	COX7C
FBpp0087484	FBgn0040773	COX7C
FBpp0087485	FBgn0040773	COX7C
FBpp0081949	FBgn0003312	sad
FBpp0073290	FBgn0015245	Hsp60A
FBpp0073291	FBgn0015245	Hsp60A
FBpp0080605	FBgn0000636	Fas3
FBpp0080604	FBgn0000636	Fas3
FBpp0290605	FBgn0000636	Fas3
FBpp0111717	FBgn0000636	Fas3
FBpp0111716	FBgn0000636	Fas3
FBpp0309467	FBgn0000636	Fas3
FBpp0311111	FBgn0000636	Fas3
FBpp0087861	FBgn0033264	Nup50
FBpp0304216	FBgn0015793	Rab19
FBpp0076428	FBgn0015793	Rab19
FBpp0086860	FBgn0033820	CG4716
FBpp0086859	FBgn0033820	CG4716
FBpp0311589	FBgn0033820	CG4716
FBpp0288660	FBgn0036690	Ilp8
FBpp0091148	FBgn0053903	His4:CG33903
FBpp0083651	FBgn0038978	tHMG1
FBpp0085870	FBgn0034346	PIG-O
FBpp0079952	FBgn0032435	Oatp33Eb
FBpp0084310	FBgn0028717	Lnk
FBpp0084309	FBgn0028717	Lnk
FBpp0308304	FBgn0028717	Lnk
FBpp0308305	FBgn0028717	Lnk
FBpp0308306	FBgn0028717	Lnk
FBpp0084311	FBgn0028717	Lnk
FBpp0072303	FBgn0035091	CG3829
FBpp0310111	FBgn0035091	CG3829
FBpp0076647	FBgn0261445	sgl
FBpp0075360	FBgn0029114	Tollo
FBpp0083591	FBgn0051164	Ir94a
FBpp0297216	FBgn0262838	BomT1
FBpp0070620	FBgn0029706	CG3626
FBpp0070813	FBgn0046687	Tre1
FBpp0309197	FBgn0046687	Tre1
FBpp0300658	FBgn0046687	Tre1
FBpp0309955	FBgn0025336	CG4882
FBpp0072134	FBgn0025336	CG4882
FBpp0291657	FBgn0033381	GstE13
FBpp0087660	FBgn0033381	GstE13
FBpp0073101	FBgn0041171	ago
FBpp0073102	FBgn0041171	ago
FBpp0073103	FBgn0041171	ago
FBpp0075123	FBgn0003741	tra
FBpp0099630	FBgn0003741	tra
FBpp0289843	FBgn0038876	Idi
FBpp0083457	FBgn0038876	Idi
FBpp0087151	FBgn0033672	rho-7
FBpp0308636	FBgn0033672	rho-7
FBpp0311822	FBgn0263993	CG43736
FBpp0311821	FBgn0263993	CG43736
FBpp0311820	FBgn0263993	CG43736
FBpp0303295	FBgn0263993	CG43736
FBpp0303300	FBgn0263993	CG43736
FBpp0303293	FBgn0263993	CG43736
FBpp0303297	FBgn0263993	CG43736
FBpp0303299	FBgn0263993	CG43736
FBpp0303296	FBgn0263993	CG43736
FBpp0303294	FBgn0263993	CG43736
FBpp0303298	FBgn0263993	CG43736
FBpp0072349	FBgn0001148	gsb
FBpp0289224	FBgn0037254	sac
FBpp0073531	FBgn0052650	CG32650
FBpp0079493	FBgn0032163	TbCMF46
FBpp0293078	FBgn0086347	Myo31DF
FBpp0079626	FBgn0086347	Myo31DF
FBpp0079625	FBgn0086347	Myo31DF
FBpp0288416	FBgn0031077	THADA
FBpp0300873	FBgn0031077	THADA
FBpp0088336	FBgn0051481	pb
FBpp0088335	FBgn0051481	pb
FBpp0088333	FBgn0051481	pb
FBpp0088334	FBgn0051481	pb
FBpp0077491	FBgn0031379	CG7289
FBpp0307273	FBgn0033050	Pngl
FBpp0085325	FBgn0033050	Pngl
FBpp0071919	FBgn0034853	Ice1
FBpp0080369	FBgn0041183	Tep1
FBpp0079757	FBgn0000018	abo
FBpp0309433	FBgn0265631	CG44438
FBpp0081496	FBgn0037680	pasi2
FBpp0081497	FBgn0037680	pasi2
FBpp0081495	FBgn0037680	pasi2
FBpp0087192	FBgn0086712	Egm
FBpp0078171	FBgn0037179	CG14453
FBpp0112258	FBgn0042110	CG18765
FBpp0076772	FBgn0035678	CG10469
FBpp0073758	FBgn0266710	hog
FBpp0084155	FBgn0039283	danr
FBpp0074455	FBgn0052536	CG32536
FBpp0076918	FBgn0015527	peng
FBpp0099611	FBgn0053958	CG33958
FBpp0297420	FBgn0262900	CG43255
FBpp0080361	FBgn0000182	BicC
FBpp0080363	FBgn0000182	BicC
FBpp0080362	FBgn0000182	BicC
FBpp0079294	FBgn0032052	PIG-U
FBpp0082511	FBgn0263979	Caf1-55
FBpp0291059	FBgn0263979	Caf1-55
FBpp0086324	FBgn0050099	CG30099
FBpp0088702	FBgn0050159	CG30159
FBpp0088701	FBgn0050159	CG30159
FBpp0290927	FBgn0050159	CG30159
FBpp0082963	FBgn0038564	CG7785
FBpp0290543	FBgn0013759	CASK
FBpp0290542	FBgn0013759	CASK
FBpp0111785	FBgn0013759	CASK
FBpp0111786	FBgn0013759	CASK
FBpp0303394	FBgn0013759	CASK
FBpp0083560	FBgn0013759	CASK
FBpp0428098	FBgn0013759	CASK
FBpp0083559	FBgn0013759	CASK
FBpp0310029	FBgn0266050	CG44815
FBpp0297737	FBgn0262987	CG43295
FBpp0074747	FBgn0036876	CG9451
FBpp0305979	FBgn0036876	CG9451
FBpp0311244	FBgn0037042	CG12984
FBpp0077944	FBgn0037042	CG12984
FBpp0423293	FBgn0039523	CG12885
FBpp0423294	FBgn0039523	CG12885
FBpp0073500	FBgn0030395	Mks1
FBpp0083899	FBgn0005674	GluProRS
FBpp0083898	FBgn0005674	GluProRS
FBpp0074239	FBgn0030874	Spt7
FBpp0305700	FBgn0029856	CG11700
FBpp0301983	FBgn0026399	Or85e
FBpp0111604	FBgn0085444	mute
FBpp0111603	FBgn0085444	mute
FBpp0072385	FBgn0024945	NitFhit
FBpp0309289	FBgn0040736	BomS3
FBpp0085846	FBgn0040736	BomS3
FBpp0099783	FBgn0052529	Hers
FBpp0297488	FBgn0052529	Hers
FBpp0297487	FBgn0052529	Hers
FBpp0297490	FBgn0052529	Hers
FBpp0297489	FBgn0052529	Hers
FBpp0305208	FBgn0052529	Hers
FBpp0074570	FBgn0052529	Hers
FBpp0074569	FBgn0052529	Hers
FBpp0083015	FBgn0038601	Polr1E
FBpp0079773	FBgn0069354	Porin2
FBpp0304344	FBgn0069354	Porin2
FBpp0401443	FBgn0283438	CG46280
FBpp0401442	FBgn0283438	CG46280
FBpp0303620	FBgn0051752	CG31752
FBpp0072925	FBgn0052282	Drsl4
FBpp0074100	FBgn0052570	TwdlY
FBpp0308821	FBgn0024987	ssx
FBpp0308820	FBgn0024987	ssx
FBpp0308819	FBgn0024987	ssx
FBpp0089110	FBgn0024987	ssx
FBpp0085807	FBgn0010053	Jheh1
FBpp0081815	FBgn0027584	CG4757
FBpp0307203	FBgn0027584	CG4757
FBpp0306964	FBgn0261261	plx
FBpp0291300	FBgn0261261	plx
FBpp0291301	FBgn0261261	plx
FBpp0291302	FBgn0261261	plx
FBpp0306963	FBgn0261261	plx
FBpp0081246	FBgn0051473	CG31473
FBpp0081360	FBgn0051259	CG31259
FBpp0310722	FBgn0051259	CG31259
FBpp0305230	FBgn0030339	Cyp28c1
FBpp0073409	FBgn0030339	Cyp28c1
FBpp0111314	FBgn0085235	CG34206
FBpp0298337	FBgn0002283	l(3)73Ah
FBpp0075071	FBgn0002283	l(3)73Ah
FBpp0086934	FBgn0011592	fra
FBpp0308711	FBgn0011592	fra
FBpp0086935	FBgn0011592	fra
FBpp0071939	FBgn0250838	roh
FBpp0071940	FBgn0250838	roh
FBpp0077890	FBgn0036987	CG5274
FBpp0077889	FBgn0036987	CG5274
FBpp0303918	FBgn0037026	CG3634
FBpp0077930	FBgn0037026	CG3634
FBpp0303919	FBgn0037026	CG3634
FBpp0307573	FBgn0265041	CG44158
FBpp0390662	FBgn0267650	pre-mod(mdg4)-AA
FBpp0312469	FBgn0267650	pre-mod(mdg4)-AA
FBpp0076122	FBgn0087040	alphaTub67C
FBpp0083406	FBgn0026056	Rlip
FBpp0307748	FBgn0026056	Rlip
FBpp0072753	FBgn0040507	ACXD
FBpp0304908	FBgn0040507	ACXD
FBpp0078648	FBgn0031676	senju
FBpp0071288	FBgn0030081	CG7246
FBpp0083203	FBgn0038732	Acsx2
FBpp0310231	FBgn0085599	CG41284
FBpp0310083	FBgn0264298	CG43776
FBpp0303891	FBgn0264298	CG43776
FBpp0293662	FBgn0001263	inaD
FBpp0071820	FBgn0001263	inaD
FBpp0084552	FBgn0039518	CG13978
FBpp0079155	FBgn0031975	Tg
FBpp0079156	FBgn0031975	Tg
FBpp0074445	FBgn0031001	CG7884
FBpp0304666	FBgn0031001	CG7884
FBpp0090989	FBgn0053647	CG33647
FBpp0076748	FBgn0250815	Jon65Aiv
FBpp0303503	FBgn0016977	spen
FBpp0304614	FBgn0016977	spen
FBpp0077780	FBgn0016977	spen
FBpp0303502	FBgn0016977	spen
FBpp0077782	FBgn0016977	spen
FBpp0077781	FBgn0016977	spen
FBpp0297434	FBgn0016977	spen
FBpp0304613	FBgn0016977	spen
FBpp0290632	FBgn0020647	KrT95D
FBpp0083894	FBgn0020647	KrT95D
FBpp0083895	FBgn0020647	KrT95D
FBpp0308357	FBgn0020647	KrT95D
FBpp0089255	FBgn0020647	KrT95D
FBpp0290366	FBgn0039560	BOD1
FBpp0307020	FBgn0039560	BOD1
FBpp0084622	FBgn0039560	BOD1
FBpp0307021	FBgn0039560	BOD1
FBpp0084621	FBgn0039560	BOD1
FBpp0077806	FBgn0031227	Pus10
FBpp0304015	FBgn0032609	CG13280
FBpp0080485	FBgn0032609	CG13280
FBpp0074878	FBgn0003683	term
FBpp0070259	FBgn0000482	dor
FBpp0071178	FBgn0026679	IntS4
FBpp0081226	FBgn0037447	Neurochondrin
FBpp0083283	FBgn0051206	CG31206
FBpp0306624	FBgn0051206	CG31206
FBpp0083918	FBgn0039141	spas
FBpp0083919	FBgn0039141	spas
FBpp0401487	FBgn0039141	spas
FBpp0311932	FBgn0039141	spas
FBpp0302812	FBgn0039141	spas
FBpp0401488	FBgn0039141	spas
FBpp0289929	FBgn0039150	CG13605
FBpp0073551	FBgn0261524	lic
FBpp0290602	FBgn0033846	mip120
FBpp0086789	FBgn0033846	mip120
FBpp0306662	FBgn0003227	rec
FBpp0082647	FBgn0003227	rec
FBpp0087587	FBgn0033404	Or45a
FBpp0074718	FBgn0036905	Vtld
FBpp0078385	FBgn0051548	CG31548
FBpp0301167	FBgn0051973	Cda5
FBpp0077821	FBgn0051973	Cda5
FBpp0301166	FBgn0051973	Cda5
FBpp0301168	FBgn0051973	Cda5
FBpp0077822	FBgn0051973	Cda5
FBpp0301164	FBgn0051973	Cda5
FBpp0112328	FBgn0051973	Cda5
FBpp0301165	FBgn0051973	Cda5
FBpp0303961	FBgn0036994	CG5199
FBpp0077882	FBgn0036994	CG5199
FBpp0073755	FBgn0020508	Ag5r2
FBpp0088287	FBgn0025741	PlexA
FBpp0088288	FBgn0025741	PlexA
FBpp0088289	FBgn0025741	PlexA
FBpp0301599	FBgn0025741	PlexA
FBpp0290875	FBgn0005671	Vha55
FBpp0082139	FBgn0005671	Vha55
FBpp0082140	FBgn0005671	Vha55
FBpp0077448	FBgn0031422	PIG-Wa
FBpp0079708	FBgn0032296	CG6729
FBpp0309623	FBgn0004397	Vinc
FBpp0070404	FBgn0004397	Vinc
FBpp0309622	FBgn0004397	Vinc
FBpp0083433	FBgn0038859	Obp93a
FBpp0111379	FBgn0086900	Cpr65Ax1
FBpp0304214	FBgn0036484	Pex3
FBpp0075393	FBgn0036484	Pex3
FBpp0289959	FBgn0028647	CG11902
FBpp0083750	FBgn0039045	Ctns
FBpp0310702	FBgn0039045	Ctns
FBpp0292614	FBgn0053339	CG33339
FBpp0297770	FBgn0263036	CG43331
FBpp0073674	FBgn0030514	Mrgn1
FBpp0077111	FBgn0031623	Taf12L
FBpp0083726	FBgn0039007	CCAP
FBpp0307015	FBgn0039007	CCAP
FBpp0304545	FBgn0053792	CG33792
FBpp0091166	FBgn0053928	CG33928
FBpp0073200	FBgn0052238	TTLL1B
FBpp0087675	FBgn0050343	Tsen15
FBpp0300525	FBgn0050343	Tsen15
FBpp0075582	FBgn0260049	flr
FBpp0075581	FBgn0260049	flr
FBpp0306223	FBgn0011802	Gem3
FBpp0076021	FBgn0011802	Gem3
FBpp0076948	FBgn0287645	ccb
FBpp0305639	FBgn0264566	CG43938
FBpp0084295	FBgn0039369	CG17195
FBpp0082512	FBgn0038307	mRpS10
FBpp0082513	FBgn0038307	mRpS10
FBpp0306806	FBgn0042106	CG18754
FBpp0292250	FBgn0042106	CG18754
FBpp0304251	FBgn0035204	Nt5a
FBpp0311257	FBgn0035204	Nt5a
FBpp0072613	FBgn0035204	Nt5a
FBpp0305165	FBgn0028737	eEF1beta
FBpp0311691	FBgn0028737	eEF1beta
FBpp0088737	FBgn0052206	CG32206
FBpp0303609	FBgn0052206	CG32206
FBpp0070326	FBgn0025625	Sik2
FBpp0085581	FBgn0050151	CG30151
FBpp0290258	FBgn0035046	ND-19
FBpp0072232	FBgn0035046	ND-19
FBpp0072231	FBgn0035046	ND-19
FBpp0072233	FBgn0035046	ND-19
FBpp0099505	FBgn0261823	Asx
FBpp0086622	FBgn0261823	Asx
FBpp0305149	FBgn0261823	Asx
FBpp0305150	FBgn0261823	Asx
FBpp0312414	FBgn0050269	CG30269
FBpp0071778	FBgn0050269	CG30269
FBpp0304582	FBgn0029657	CG12535
FBpp0304581	FBgn0029657	CG12535
FBpp0310505	FBgn0029657	CG12535
FBpp0304583	FBgn0029657	CG12535
FBpp0070509	FBgn0029657	CG12535
FBpp0110210	FBgn0004087	Dhfr
FBpp0082746	FBgn0004087	Dhfr
FBpp0305400	FBgn0039685	Obp99b
FBpp0084828	FBgn0039685	Obp99b
FBpp0084450	FBgn0039470	CG6296
FBpp0072524	FBgn0004425	LysB
FBpp0307718	FBgn0004425	LysB
FBpp0300565	FBgn0034997	CG3376
FBpp0072173	FBgn0034997	CG3376
FBpp0310086	FBgn0034997	CG3376
FBpp0072172	FBgn0034997	CG3376
FBpp0072209	FBgn0050169	Brca2
FBpp0077893	FBgn0028978	trbl
FBpp0082094	FBgn0037996	CG4830
FBpp0085116	FBgn0004389	bnk
FBpp0080500	FBgn0032618	CG31743
FBpp0309156	FBgn0032618	CG31743
FBpp0080680	FBgn0032734	CG15169
FBpp0308670	FBgn0288888	tx
FBpp0084381	FBgn0288888	tx
FBpp0301124	FBgn0036858	CG14088
FBpp0086518	FBgn0014865	Mtk
FBpp0078599	FBgn0037230	Nepl11
FBpp0073846	FBgn0030614	CG9072
FBpp0099388	FBgn0053977	Dpm3
FBpp0310534	FBgn0037383	Sec20
FBpp0078315	FBgn0037383	Sec20
FBpp0070140	FBgn0025616	CG13359
FBpp0088003	FBgn0033216	CG1946
FBpp0070483	FBgn0004647	N
FBpp0293201	FBgn0004647	N
FBpp0079940	FBgn0032420	CG6583
FBpp0071397	FBgn0052683	CG32683
FBpp0309786	FBgn0052683	CG32683
FBpp0072042	FBgn0034924	CG17658
FBpp0304992	FBgn0035168	Cep290
FBpp0072483	FBgn0035168	Cep290
FBpp0310677	FBgn0015402	ksr
FBpp0078413	FBgn0015402	ksr
FBpp0310678	FBgn0015402	ksr
FBpp0310679	FBgn0015402	ksr
FBpp0289524	FBgn0259951	Sfp24Ba
FBpp0423087	FBgn0040503	CG7763
FBpp0423086	FBgn0040503	CG7763
FBpp0311403	FBgn0038421	CG17931
FBpp0082773	FBgn0038421	CG17931
FBpp0352242	FBgn0038421	CG17931
FBpp0304486	FBgn0038421	CG17931
FBpp0305601	FBgn0051717	CG31717
FBpp0079567	FBgn0051717	CG31717
FBpp0308712	FBgn0022764	Sin3A
FBpp0087002	FBgn0022764	Sin3A
FBpp0292599	FBgn0022764	Sin3A
FBpp0308713	FBgn0022764	Sin3A
FBpp0292598	FBgn0022764	Sin3A
FBpp0087000	FBgn0022764	Sin3A
FBpp0087001	FBgn0022764	Sin3A
FBpp0087003	FBgn0022764	Sin3A
FBpp0293225	FBgn0022764	Sin3A
FBpp0312447	FBgn0022764	Sin3A
FBpp0085978	FBgn0015522	olf186-M
FBpp0290742	FBgn0033389	Rad51D
FBpp0070703	FBgn0025679	Klf15
FBpp0083768	FBgn0039068	Pex11c
FBpp0300234	FBgn0039068	Pex11c
FBpp0312034	FBgn0030334	Karl
FBpp0073401	FBgn0030334	Karl
FBpp0312033	FBgn0030334	Karl
FBpp0073402	FBgn0030334	Karl
FBpp0073030	FBgn0035475	CG10866
FBpp0311497	FBgn0035475	CG10866
FBpp0271905	FBgn0034568	CG3216
FBpp0271904	FBgn0034568	CG3216
FBpp0076857	FBgn0035604	Ir64a
FBpp0297400	FBgn0262882	CG43237
FBpp0080903	FBgn0032856	CG16798
FBpp0079113	FBgn0261800	LanB1
FBpp0079114	FBgn0261800	LanB1
FBpp0289819	FBgn0034428	AANATL6
FBpp0085047	FBgn0039783	PH4alphaNE2
FBpp0087138	FBgn0033653	CG13192
FBpp0071109	FBgn0030012	CG18262
FBpp0311975	FBgn0039799	CG15543
FBpp0085062	FBgn0039799	CG15543
FBpp0085442	FBgn0042085	Bap170
FBpp0310050	FBgn0286198	LKRSDH
FBpp0079118	FBgn0286198	LKRSDH
FBpp0305527	FBgn0001186	Hex-A
FBpp0071297	FBgn0001186	Hex-A
FBpp0071296	FBgn0001186	Hex-A
FBpp0075780	FBgn0036236	CG6931
FBpp0311834	FBgn0025814	Mgstl
FBpp0076935	FBgn0025814	Mgstl
FBpp0076936	FBgn0025814	Mgstl
FBpp0086893	FBgn0033793	CG3955
FBpp0308332	FBgn0038878	CG3301
FBpp0083500	FBgn0038878	CG3301
FBpp0083499	FBgn0038878	CG3301
FBpp0087819	FBgn0033287	CG8701
FBpp0301779	FBgn0267001	Ten-a
FBpp0300543	FBgn0267001	Ten-a
FBpp0311958	FBgn0267001	Ten-a
FBpp0289137	FBgn0267001	Ten-a
FBpp0289136	FBgn0267001	Ten-a
FBpp0312052	FBgn0267001	Ten-a
FBpp0300541	FBgn0267001	Ten-a
FBpp0289438	FBgn0267001	Ten-a
FBpp0300542	FBgn0267001	Ten-a
FBpp0289138	FBgn0267001	Ten-a
FBpp0289440	FBgn0267001	Ten-a
FBpp0077483	FBgn0011832	Ser12
FBpp0074005	FBgn0260450	CalpC
FBpp0087331	FBgn0033569	CG12942
FBpp0071663	FBgn0034681	CG9308
FBpp0081856	FBgn0037860	SdhCL
FBpp0086252	FBgn0003274	RpLP2
FBpp0303399	FBgn0039187	CG6454
FBpp0271832	FBgn0039187	CG6454
FBpp0271831	FBgn0039187	CG6454
FBpp0428432	FBgn0039187	CG6454
FBpp0085142	FBgn0086704	stops
FBpp0085143	FBgn0086704	stops
FBpp0290560	FBgn0086704	stops
FBpp0297625	FBgn0082582	tmod
FBpp0291322	FBgn0082582	tmod
FBpp0085020	FBgn0082582	tmod
FBpp0291756	FBgn0082582	tmod
FBpp0307552	FBgn0082582	tmod
FBpp0085025	FBgn0082582	tmod
FBpp0085022	FBgn0082582	tmod
FBpp0307553	FBgn0082582	tmod
FBpp0428111	FBgn0082582	tmod
FBpp0085021	FBgn0082582	tmod
FBpp0085023	FBgn0082582	tmod
FBpp0085024	FBgn0082582	tmod
FBpp0297626	FBgn0082582	tmod
FBpp0291320	FBgn0082582	tmod
FBpp0291757	FBgn0082582	tmod
FBpp0291321	FBgn0082582	tmod
FBpp0112393	FBgn0082582	tmod
FBpp0297624	FBgn0082582	tmod
FBpp0087793	FBgn0033330	CG8746
FBpp0292300	FBgn0261704	CG42740
FBpp0292299	FBgn0261704	CG42740
FBpp0310873	FBgn0261704	CG42740
FBpp0428131	FBgn0035142	Hipk
FBpp0304171	FBgn0035142	Hipk
FBpp0072451	FBgn0035142	Hipk
FBpp0072450	FBgn0035142	Hipk
FBpp0075632	FBgn0036333	MICAL-like
FBpp0297886	FBgn0262636	dati
FBpp0088197	FBgn0262636	dati
FBpp0297887	FBgn0262636	dati
FBpp0088196	FBgn0262636	dati
FBpp0070070	FBgn0004034	y
FBpp0312409	FBgn0261837	pre-mod(mdg4)-T
FBpp0087092	FBgn0033686	Hen1
FBpp0111338	FBgn0085259	CG34230
FBpp0297348	FBgn0034072	Dg
FBpp0086396	FBgn0034072	Dg
FBpp0086394	FBgn0034072	Dg
FBpp0086395	FBgn0034072	Dg
FBpp0086049	FBgn0034262	swi2
FBpp0071715	FBgn0034688	CG11474
FBpp0292778	FBgn0034688	CG11474
FBpp0078716	FBgn0031697	CG14024
FBpp0303005	FBgn0031697	CG14024
FBpp0087838	FBgn0002570	Mal-A1
FBpp0289369	FBgn0053243	Ste:CG33243
FBpp0088470	FBgn0021760	chb
FBpp0088471	FBgn0021760	chb
FBpp0088469	FBgn0021760	chb
FBpp0070585	FBgn0029681	CG15239
FBpp0075637	FBgn0052117	CG32117
FBpp0310210	FBgn0287724	Ca-beta
FBpp0310212	FBgn0287724	Ca-beta
FBpp0301962	FBgn0287724	Ca-beta
FBpp0289763	FBgn0287724	Ca-beta
FBpp0289392	FBgn0287724	Ca-beta
FBpp0297478	FBgn0287724	Ca-beta
FBpp0301964	FBgn0287724	Ca-beta
FBpp0301963	FBgn0287724	Ca-beta
FBpp0310211	FBgn0287724	Ca-beta
FBpp0293485	FBgn0262575	CG43115
FBpp0084110	FBgn0051357	Kaz
FBpp0307387	FBgn0250839	Jhbp2
FBpp0297106	FBgn0250839	Jhbp2
FBpp0078488	FBgn0250839	Jhbp2
FBpp0297105	FBgn0250839	Jhbp2
FBpp0079208	FBgn0031997	PGAP5
FBpp0079209	FBgn0031997	PGAP5
FBpp0307180	FBgn0031997	PGAP5
FBpp0073548	FBgn0030441	CG2209
FBpp0305020	FBgn0035785	ppk26
FBpp0072081	FBgn0285952	eEF5
FBpp0072082	FBgn0285952	eEF5
FBpp0081241	FBgn0037517	CG10086
FBpp0087993	FBgn0050491	CG30491
FBpp0307927	FBgn0050491	CG30491
FBpp0077621	FBgn0031304	TBC1D23
FBpp0074253	FBgn0030859	CG12990
FBpp0085082	FBgn0011739	wts
FBpp0311410	FBgn0039163	CG5515
FBpp0083959	FBgn0039163	CG5515
FBpp0083960	FBgn0039163	CG5515
FBpp0307396	FBgn0039163	CG5515
FBpp0310315	FBgn0266174	pre-mod(mdg4)-L
FBpp0390657	FBgn0266174	pre-mod(mdg4)-L
FBpp0081805	FBgn0037855	CG6621
FBpp0292061	FBgn0037855	CG6621
FBpp0310765	FBgn0037788	CAH7
FBpp0081657	FBgn0037788	CAH7
FBpp0310764	FBgn0037788	CAH7
FBpp0293658	FBgn0031729	CG12511
FBpp0310040	FBgn0031729	CG12511
FBpp0292075	FBgn0031729	CG12511
FBpp0310172	FBgn0031128	hydra
FBpp0293120	FBgn0031128	hydra
FBpp0293119	FBgn0031128	hydra
FBpp0076986	FBgn0031128	hydra
FBpp0293118	FBgn0031128	hydra
FBpp0293117	FBgn0031128	hydra
FBpp0293116	FBgn0031128	hydra
FBpp0076987	FBgn0031128	hydra
FBpp0073659	FBgn0027537	Nup93-1
FBpp0110157	FBgn0053721	CG33721
FBpp0111306	FBgn0085227	CG34198
FBpp0088692	FBgn0031450	Hrs
FBpp0088691	FBgn0031450	Hrs
FBpp0088690	FBgn0031450	Hrs
FBpp0081390	FBgn0037615	CG11760
FBpp0084105	FBgn0039237	CG13640
FBpp0292479	FBgn0030530	jub
FBpp0073665	FBgn0030530	jub
FBpp0292480	FBgn0030530	jub
FBpp0309253	FBgn0030530	jub
FBpp0311149	FBgn0085371	CG34342
FBpp0311150	FBgn0085371	CG34342
FBpp0086832	FBgn0260475	CG30059
FBpp0074687	FBgn0036916	Mtr3
FBpp0087625	FBgn0033427	Smyd4-1
FBpp0308485	FBgn0033427	Smyd4-1
FBpp0071047	FBgn0029975	spidey
FBpp0111423	FBgn0085342	CG34313
FBpp0077354	FBgn0031491	alpha4GT1
FBpp0301738	FBgn0031258	CG4297
FBpp0301737	FBgn0031258	CG4297
FBpp0075302	FBgn0036500	CG7275
FBpp0070075	FBgn0029522	CG13373
FBpp0111860	FBgn0029522	CG13373
FBpp0085151	FBgn0039851	mey
FBpp0312018	FBgn0039851	mey
FBpp0083239	FBgn0038766	CG4854
FBpp0293292	FBgn0033250	CG14762
FBpp0087943	FBgn0033250	CG14762
FBpp0080727	FBgn0032731	Swip-1
FBpp0309283	FBgn0032731	Swip-1
FBpp0303170	FBgn0262732	mbf1
FBpp0294020	FBgn0262732	mbf1
FBpp0075151	FBgn0262732	mbf1
FBpp0294021	FBgn0262732	mbf1
FBpp0075152	FBgn0262732	mbf1
FBpp0311767	FBgn0032211	CG13138
FBpp0079655	FBgn0032211	CG13138
FBpp0070649	FBgn0025739	pon
FBpp0084868	FBgn0003357	Jon99Ciii
FBpp0312057	FBgn0003357	Jon99Ciii
FBpp0296941	FBgn0028880	CG15256
FBpp0290071	FBgn0028880	CG15256
FBpp0086502	FBgn0286785	scb
FBpp0086501	FBgn0286785	scb
FBpp0112410	FBgn0287209	Gfat1
FBpp0291989	FBgn0287209	Gfat1
FBpp0112417	FBgn0287209	Gfat1
FBpp0112413	FBgn0287209	Gfat1
FBpp0291986	FBgn0287209	Gfat1
FBpp0291987	FBgn0287209	Gfat1
FBpp0291990	FBgn0287209	Gfat1
FBpp0291988	FBgn0287209	Gfat1
FBpp0112415	FBgn0287209	Gfat1
FBpp0085887	FBgn0034365	CG5335
FBpp0352251	FBgn0267431	Myo81F
FBpp0080139	FBgn0019890	Smg5
FBpp0310261	FBgn0019890	Smg5
FBpp0080138	FBgn0019890	Smg5
FBpp0087029	FBgn0033727	Or49a
FBpp0075693	FBgn0036300	Pmm2
FBpp0084049	FBgn0046685	Wsck
FBpp0292805	FBgn0262000	CG42818
FBpp0300636	FBgn0037408	NPFR
FBpp0300637	FBgn0037408	NPFR
FBpp0078239	FBgn0037408	NPFR
FBpp0300635	FBgn0037408	NPFR
FBpp0082608	FBgn0267408	AOX1
FBpp0078410	FBgn0010399	Nmdar1
FBpp0088044	FBgn0033169	CG11123
FBpp0087188	FBgn0033645	CG13196
FBpp0080989	FBgn0032881	Amacr
FBpp0307147	FBgn0032881	Amacr
FBpp0423127	FBgn0004168	5-HT1A
FBpp0085761	FBgn0004168	5-HT1A
FBpp0073184	FBgn0035554	CG13721
FBpp0085643	FBgn0034477	CG13872
FBpp0291524	FBgn0085285	CG34256
FBpp0080679	FBgn0032732	EMC5
FBpp0303469	FBgn0003396	shn
FBpp0087200	FBgn0003396	shn
FBpp0087201	FBgn0003396	shn
FBpp0303470	FBgn0003396	shn
FBpp0087202	FBgn0003396	shn
FBpp0089118	FBgn0003396	shn
FBpp0079987	FBgn0032452	CG15484
FBpp0289935	FBgn0035120	wac
FBpp0288410	FBgn0035120	wac
FBpp0304416	FBgn0035120	wac
FBpp0082045	FBgn0010042	GstD6
FBpp0071966	FBgn0034870	CG13559
FBpp0091102	FBgn0053856	His2A:CG33856
FBpp0073173	FBgn0015805	HDAC1
FBpp0082070	FBgn0038037	Cyp9f2
FBpp0083734	FBgn0039033	Or94a
FBpp0310281	FBgn0053648	CG33648
FBpp0310280	FBgn0053648	CG33648
FBpp0072456	FBgn0035150	Rev1
FBpp0072286	FBgn0000157	Dll
FBpp0289353	FBgn0000157	Dll
FBpp0072285	FBgn0000157	Dll
FBpp0311354	FBgn0030685	Graf
FBpp0089213	FBgn0030685	Graf
FBpp0309266	FBgn0030685	Graf
FBpp0073979	FBgn0030685	Graf
FBpp0309268	FBgn0030685	Graf
FBpp0309267	FBgn0030685	Graf
FBpp0089212	FBgn0030685	Graf
FBpp0301047	FBgn0054031	CG34031
FBpp0291143	FBgn0000084	AnxB10
FBpp0070024	FBgn0000084	AnxB10
FBpp0112126	FBgn0037755	CG12945
FBpp0306743	FBgn0037755	CG12945
FBpp0312541	FBgn0037755	CG12945
FBpp0082560	FBgn0038337	CG6125
FBpp0311938	FBgn0038337	CG6125
FBpp0082559	FBgn0038337	CG6125
FBpp0073636	FBgn0030499	CG11178
FBpp0311349	FBgn0030499	CG11178
FBpp0292123	FBgn0261633	CG42716
FBpp0083134	FBgn0261792	snRNP-U1-C
FBpp0292035	FBgn0261587	CG42697
FBpp0084008	FBgn0039195	CG17782
FBpp0076722	FBgn0002526	LanA
FBpp0084092	FBgn0039250	Mink
FBpp0303875	FBgn0035427	ckd
FBpp0072914	FBgn0035427	ckd
FBpp0303874	FBgn0035427	ckd
FBpp0084529	FBgn0046247	CG5938
FBpp0306777	FBgn0046247	CG5938
FBpp0084532	FBgn0046247	CG5938
FBpp0084531	FBgn0046247	CG5938
FBpp0084530	FBgn0046247	CG5938
FBpp0085134	FBgn0039830	ATPsynC
FBpp0085136	FBgn0039830	ATPsynC
FBpp0297347	FBgn0039830	ATPsynC
FBpp0293652	FBgn0039830	ATPsynC
FBpp0085135	FBgn0039830	ATPsynC
FBpp0080422	FBgn0032585	Nepl8
FBpp0083275	FBgn0038774	CG5023
FBpp0072304	FBgn0004055	uzip
FBpp0311729	FBgn0004055	uzip
FBpp0084146	FBgn0004898	fd96Cb
FBpp0077396	FBgn0031452	Cwc25
FBpp0311567	FBgn0040993	CG17325
FBpp0080652	FBgn0040993	CG17325
FBpp0288963	FBgn0040993	CG17325
FBpp0305949	FBgn0085434	NaCP60E
FBpp0305951	FBgn0085434	NaCP60E
FBpp0300661	FBgn0085434	NaCP60E
FBpp0300666	FBgn0085434	NaCP60E
FBpp0300664	FBgn0085434	NaCP60E
FBpp0303273	FBgn0085434	NaCP60E
FBpp0305950	FBgn0085434	NaCP60E
FBpp0300662	FBgn0085434	NaCP60E
FBpp0300663	FBgn0085434	NaCP60E
FBpp0300665	FBgn0085434	NaCP60E
FBpp0075556	FBgn0036376	Liprin-beta
FBpp0303374	FBgn0036376	Liprin-beta
FBpp0075555	FBgn0036376	Liprin-beta
FBpp0088313	FBgn0039923	MED26
FBpp0088314	FBgn0039923	MED26
FBpp0297893	FBgn0052774	Muc4B
FBpp0310173	FBgn0052774	Muc4B
FBpp0071415	FBgn0030186	CG2962
FBpp0075908	FBgn0036160	CG12289
FBpp0293435	FBgn0262569	CG43109
FBpp0312177	FBgn0026577	CG8677
FBpp0304067	FBgn0026577	CG8677
FBpp0307419	FBgn0051019	CG31019
FBpp0085027	FBgn0051019	CG31019
FBpp0076159	FBgn0035971	CG4477
FBpp0292463	FBgn0261838	pre-mod(mdg4)-Z
FBpp0081394	FBgn0037617	nom
FBpp0307998	FBgn0037617	nom
FBpp0311941	FBgn0037617	nom
FBpp0306901	FBgn0051174	CG31174
FBpp0083552	FBgn0051174	CG31174
FBpp0087271	FBgn0040763	CG18336
FBpp0307714	FBgn0040763	CG18336
FBpp0291521	FBgn0034858	eIF2Bdelta
FBpp0071923	FBgn0034858	eIF2Bdelta
FBpp0071924	FBgn0034858	eIF2Bdelta
FBpp0071922	FBgn0034858	eIF2Bdelta
FBpp0084452	FBgn0051075	CG31075
FBpp0300161	FBgn0051075	CG31075
FBpp0305155	FBgn0031116	CG1695
FBpp0083110	FBgn0038655	CG14297
FBpp0077246	FBgn0002985	odd
FBpp0083020	FBgn0038596	CG14312
FBpp0087676	FBgn0033401	Cog6
FBpp0087677	FBgn0033401	Cog6
FBpp0288508	FBgn0026575	hang
FBpp0310171	FBgn0026575	hang
FBpp0074052	FBgn0026575	hang
FBpp0085929	FBgn0034314	nopo
FBpp0305075	FBgn0034314	nopo
FBpp0297922	FBgn0031426	CG18641
FBpp0307845	FBgn0030164	CG1889
FBpp0111882	FBgn0030164	CG1889
FBpp0071343	FBgn0030164	CG1889
FBpp0307846	FBgn0030164	CG1889
FBpp0428269	FBgn0287597	CG46466
FBpp0428271	FBgn0287597	CG46466
FBpp0428270	FBgn0287597	CG46466
FBpp0082343	FBgn0008646	E5
FBpp0087259	FBgn0011554	etaTry
FBpp0110448	FBgn0039965	Coa7
FBpp0310529	FBgn0039965	Coa7
FBpp0110465	FBgn0039965	Coa7
FBpp0070744	FBgn0029768	SPR
FBpp0428130	FBgn0029768	SPR
FBpp0311140	FBgn0029768	SPR
FBpp0308828	FBgn0029768	SPR
FBpp0310110	FBgn0035088	CG3776
FBpp0310109	FBgn0035088	CG3776
FBpp0072302	FBgn0035088	CG3776
FBpp0086521	FBgn0034011	CG8160
FBpp0087788	FBgn0043575	PGRP-SC2
FBpp0111289	FBgn0085210	CG34181
FBpp0073220	FBgn0035570	CG13712
FBpp0071536	FBgn0000395	cv-2
FBpp0292796	FBgn0051848	CG31848
FBpp0073778	FBgn0030607	dob
FBpp0111335	FBgn0085256	CG34227
FBpp0304221	FBgn0028582	lqf
FBpp0304219	FBgn0028582	lqf
FBpp0076510	FBgn0028582	lqf
FBpp0089150	FBgn0028582	lqf
FBpp0304222	FBgn0028582	lqf
FBpp0089151	FBgn0028582	lqf
FBpp0304217	FBgn0028582	lqf
FBpp0304220	FBgn0028582	lqf
FBpp0304218	FBgn0028582	lqf
FBpp0076508	FBgn0028582	lqf
FBpp0076509	FBgn0028582	lqf
FBpp0111854	FBgn0028582	lqf
FBpp0088169	FBgn0051992	gw
FBpp0302680	FBgn0051992	gw
FBpp0088170	FBgn0051992	gw
FBpp0088165	FBgn0051992	gw
FBpp0088166	FBgn0051992	gw
FBpp0111963	FBgn0033222	CG12824
FBpp0087906	FBgn0033222	CG12824
FBpp0311798	FBgn0036806	Cyp12c1
FBpp0074858	FBgn0036806	Cyp12c1
FBpp0072748	FBgn0035281	Cpr62Bc
FBpp0304919	FBgn0035281	Cpr62Bc
FBpp0304430	FBgn0052311	zormin
FBpp0304425	FBgn0052311	zormin
FBpp0304426	FBgn0052311	zormin
FBpp0304429	FBgn0052311	zormin
FBpp0304428	FBgn0052311	zormin
FBpp0304424	FBgn0052311	zormin
FBpp0303793	FBgn0016978	snRNP-U1-70K
FBpp0078983	FBgn0016978	snRNP-U1-70K
FBpp0292989	FBgn0262101	CG42854
FBpp0110110	FBgn0083951	CG34115
FBpp0111668	FBgn0085479	CG34450
FBpp0301980	FBgn0030215	CG15296
FBpp0071441	FBgn0030215	CG15296
FBpp0082329	FBgn0015270	Orc2
FBpp0303250	FBgn0264078	Flo2
FBpp0289663	FBgn0264078	Flo2
FBpp0073771	FBgn0264078	Flo2
FBpp0073769	FBgn0264078	Flo2
FBpp0303247	FBgn0264078	Flo2
FBpp0289664	FBgn0264078	Flo2
FBpp0303249	FBgn0264078	Flo2
FBpp0303248	FBgn0264078	Flo2
FBpp0312521	FBgn0264078	Flo2
FBpp0073768	FBgn0264078	Flo2
FBpp0073767	FBgn0264078	Flo2
FBpp0073766	FBgn0264078	Flo2
FBpp0088961	FBgn0015721	ktub
FBpp0309666	FBgn0015721	ktub
FBpp0297732	FBgn0262984	CG43292
FBpp0087725	FBgn0033340	CG13751
FBpp0290057	FBgn0028476	Usp1
FBpp0290056	FBgn0028476	Usp1
FBpp0305952	FBgn0028476	Usp1
FBpp0305164	FBgn0026533	Dek
FBpp0099858	FBgn0026533	Dek
FBpp0099857	FBgn0026533	Dek
FBpp0099855	FBgn0026533	Dek
FBpp0099856	FBgn0026533	Dek
FBpp0293781	FBgn0262599	SmydA-3
FBpp0293782	FBgn0262599	SmydA-3
FBpp0304342	FBgn0262599	SmydA-3
FBpp0075240	FBgn0036577	CG13073
FBpp0297186	FBgn0262824	CG43195
FBpp0300936	FBgn0262824	CG43195
FBpp0309571	FBgn0031894	CG4496
FBpp0309570	FBgn0031894	CG4496
FBpp0079047	FBgn0031894	CG4496
FBpp0085672	FBgn0034468	Obp56a
FBpp0088568	FBgn0025790	TBPH
FBpp0088570	FBgn0025790	TBPH
FBpp0088567	FBgn0025790	TBPH
FBpp0290857	FBgn0025790	TBPH
FBpp0290858	FBgn0025790	TBPH
FBpp0088569	FBgn0025790	TBPH
FBpp0081028	FBgn0032922	Coq3
FBpp0290456	FBgn0032922	Coq3
FBpp0311559	FBgn0013300	ProtA
FBpp0080244	FBgn0013300	ProtA
FBpp0301583	FBgn0026238	gus
FBpp0301581	FBgn0026238	gus
FBpp0301582	FBgn0026238	gus
FBpp0301586	FBgn0026238	gus
FBpp0301580	FBgn0026238	gus
FBpp0301585	FBgn0026238	gus
FBpp0301584	FBgn0026238	gus
FBpp0308867	FBgn0030244	CG2157
FBpp0073238	FBgn0030244	CG2157
FBpp0071657	FBgn0034661	tpr
FBpp0075129	FBgn0036606	CG13060
FBpp0298000	FBgn0032338	CG16854
FBpp0293128	FBgn0032338	CG16854
FBpp0310216	FBgn0032338	CG16854
FBpp0099597	FBgn0063923	Kaz1-ORFB
FBpp0099593	FBgn0063923	Kaz1-ORFB
FBpp0099600	FBgn0063923	Kaz1-ORFB
FBpp0099598	FBgn0063923	Kaz1-ORFB
FBpp0082120	FBgn0038074	Gnmt
FBpp0071542	FBgn0034614	CG9752
FBpp0271761	FBgn0016687	Nurf-38
FBpp0297127	FBgn0016687	Nurf-38
FBpp0072250	FBgn0016687	Nurf-38
FBpp0074681	FBgn0036924	hale
FBpp0084352	FBgn0002631	E(spl)m5-HLH
FBpp0078847	FBgn0031771	ND-51
FBpp0309828	FBgn0031771	ND-51
FBpp0311850	FBgn0050373	CG30373
FBpp0087882	FBgn0050373	CG30373
FBpp0075080	FBgn0036659	CG9701
FBpp0077904	FBgn0040634	CG4186
FBpp0311796	FBgn0040634	CG4186
FBpp0086629	FBgn0033948	CG12863
FBpp0089165	FBgn0001280	janA
FBpp0084961	FBgn0001280	janA
FBpp0084962	FBgn0001280	janA
FBpp0110113	FBgn0083952	CG34116
FBpp0301783	FBgn0002578	Kaz-m1
FBpp0084331	FBgn0002578	Kaz-m1
FBpp0070371	FBgn0011576	Cyp4d2
FBpp0311678	FBgn0011576	Cyp4d2
FBpp0303105	FBgn0024179	wit
FBpp0073135	FBgn0024179	wit
FBpp0085374	FBgn0287767	Cndp2
FBpp0311513	FBgn0287767	Cndp2
FBpp0291700	FBgn0082598	akirin
FBpp0304976	FBgn0082598	akirin
FBpp0291701	FBgn0082598	akirin
FBpp0291699	FBgn0082598	akirin
FBpp0076559	FBgn0082598	akirin
FBpp0076560	FBgn0082598	akirin
FBpp0072076	FBgn0034962	MAN1
FBpp0311863	FBgn0034962	MAN1
FBpp0072075	FBgn0034962	MAN1
FBpp0070369	FBgn0023540	CG3630
FBpp0301777	FBgn0023540	CG3630
FBpp0302638	FBgn0023540	CG3630
FBpp0302639	FBgn0023540	CG3630
FBpp0312297	FBgn0267363	JYalpha
FBpp0401603	FBgn0262857	CG43221
FBpp0083308	FBgn0038784	CG4362
FBpp0078403	FBgn0037340	CG14671
FBpp0307739	FBgn0037340	CG14671
FBpp0090958	FBgn0261293	CheB53b
FBpp0289082	FBgn0043536	Obp57d
FBpp0305151	FBgn0264502	CG43901
FBpp0311144	FBgn0264502	CG43901
FBpp0305152	FBgn0264502	CG43901
FBpp0305109	FBgn0030508	CG15760
FBpp0309344	FBgn0030508	CG15760
FBpp0073641	FBgn0030508	CG15760
FBpp0083932	FBgn0266673	Sec10
FBpp0072069	FBgn0034950	Pask
FBpp0428118	FBgn0001991	Ca-alpha1D
FBpp0304341	FBgn0001991	Ca-alpha1D
FBpp0304338	FBgn0001991	Ca-alpha1D
FBpp0304340	FBgn0001991	Ca-alpha1D
FBpp0428119	FBgn0001991	Ca-alpha1D
FBpp0304337	FBgn0001991	Ca-alpha1D
FBpp0428121	FBgn0001991	Ca-alpha1D
FBpp0304339	FBgn0001991	Ca-alpha1D
FBpp0428120	FBgn0001991	Ca-alpha1D
FBpp0428117	FBgn0001991	Ca-alpha1D
FBpp0086335	FBgn0034093	CG15706
FBpp0310507	FBgn0034093	CG15706
FBpp0310508	FBgn0034093	CG15706
FBpp0309038	FBgn0034093	CG15706
FBpp0310506	FBgn0034093	CG15706
FBpp0306686	FBgn0037721	CG9427
FBpp0081582	FBgn0037721	CG9427
FBpp0297621	FBgn0035813	CG8492
FBpp0309261	FBgn0085440	Lgr4
FBpp0289593	FBgn0085440	Lgr4
FBpp0311188	FBgn0039916	Ekar
FBpp0110206	FBgn0039916	Ekar
FBpp0088171	FBgn0039916	Ekar
FBpp0080718	FBgn0032752	CG10702
FBpp0080716	FBgn0032752	CG10702
FBpp0080717	FBgn0032752	CG10702
FBpp0292333	FBgn0032752	CG10702
FBpp0081990	FBgn0037958	CG6962
FBpp0289523	FBgn0259949	Sfp23F
FBpp0073157	FBgn0035544	CG15021
FBpp0308442	FBgn0033320	CG8586
FBpp0087804	FBgn0033320	CG8586
FBpp0308443	FBgn0033320	CG8586
FBpp0072900	FBgn0283724	Girdin
FBpp0304407	FBgn0283724	Girdin
FBpp0304408	FBgn0283724	Girdin
FBpp0072899	FBgn0283724	Girdin
FBpp0304409	FBgn0283724	Girdin
FBpp0076213	FBgn0035988	CG3982
FBpp0312410	FBgn0036263	thoc6
FBpp0305576	FBgn0036263	thoc6
FBpp0075751	FBgn0036263	thoc6
FBpp0079839	FBgn0032373	Vha100-5
FBpp0307446	FBgn0032373	Vha100-5
FBpp0293192	FBgn0000404	CycA
FBpp0075807	FBgn0000404	CycA
FBpp0081322	FBgn0037566	mRpL1
FBpp0082030	FBgn0037978	KLHL18
FBpp0307415	FBgn0037978	KLHL18
FBpp0082029	FBgn0037978	KLHL18
FBpp0087969	FBgn0263121	Prosalpha1
FBpp0087970	FBgn0263121	Prosalpha1
FBpp0071643	FBgn0041237	Gr58c
FBpp0297398	FBgn0262880	CG43235
FBpp0079537	FBgn0032194	ath
FBpp0401583	FBgn0032194	ath
FBpp0401582	FBgn0032194	ath
FBpp0083812	FBgn0039085	Ugt303B3
FBpp0423400	FBgn0053499	Sdic4
FBpp0085370	FBgn0027507	CG1344
FBpp0304298	FBgn0027507	CG1344
FBpp0076045	FBgn0036066	CG14160
FBpp0091121	FBgn0053876	His2B:CG33876
FBpp0305356	FBgn0085341	CG34312
FBpp0312131	FBgn0085341	CG34312
FBpp0111422	FBgn0085341	CG34312
FBpp0100011	FBgn0001223	Hsp22
FBpp0100010	FBgn0001223	Hsp22
FBpp0076248	FBgn0035954	Doc3
FBpp0071117	FBgn0020653	Trxr1
FBpp0071116	FBgn0020653	Trxr1
FBpp0071115	FBgn0020653	Trxr1
FBpp0428084	FBgn0020653	Trxr1
FBpp0080945	FBgn0032886	CG9328
FBpp0080944	FBgn0032886	CG9328
FBpp0290170	FBgn0260643	CG42535
FBpp0308316	FBgn0265199	CG44259
FBpp0289085	FBgn0052298	CG32298
FBpp0311546	FBgn0287864	hbs
FBpp0086545	FBgn0287864	hbs
FBpp0086544	FBgn0287864	hbs
FBpp0086537	FBgn0040747	CG12853
FBpp0075877	FBgn0003292	rt
FBpp0088081	FBgn0033166	Eaf
FBpp0088080	FBgn0033166	Eaf
FBpp0088079	FBgn0033166	Eaf
FBpp0088078	FBgn0033166	Eaf
FBpp0302026	FBgn0259927	CG42450
FBpp0289455	FBgn0259927	CG42450
FBpp0309999	FBgn0011695	EbpIII
FBpp0309998	FBgn0011695	EbpIII
FBpp0072073	FBgn0011695	EbpIII
FBpp0293405	FBgn0262476	CG43066
FBpp0293407	FBgn0262476	CG43066
FBpp0082063	FBgn0038049	Srlp
FBpp0303022	FBgn0032911	tadr
FBpp0303023	FBgn0032911	tadr
FBpp0086752	FBgn0033863	CG13337
FBpp0310715	FBgn0033863	CG13337
FBpp0110316	FBgn0262737	mub
FBpp0293517	FBgn0262737	mub
FBpp0089422	FBgn0262737	mub
FBpp0312395	FBgn0262737	mub
FBpp0293518	FBgn0262737	mub
FBpp0290578	FBgn0262737	mub
FBpp0293519	FBgn0262737	mub
FBpp0304982	FBgn0262737	mub
FBpp0293521	FBgn0262737	mub
FBpp0305424	FBgn0262737	mub
FBpp0078122	FBgn0262737	mub
FBpp0293520	FBgn0262737	mub
FBpp0084353	FBgn0002629	E(spl)m4-BFM
FBpp0304349	FBgn0031738	CG9171
FBpp0290453	FBgn0031738	CG9171
FBpp0304348	FBgn0031738	CG9171
FBpp0290452	FBgn0031738	CG9171
FBpp0290454	FBgn0031738	CG9171
FBpp0076237	FBgn0040321	GNBP3
FBpp0290217	FBgn0052767	CG32767
FBpp0304145	FBgn0052767	CG32767
FBpp0291328	FBgn0052767	CG32767
FBpp0290216	FBgn0052767	CG32767
FBpp0304146	FBgn0052767	CG32767
FBpp0291329	FBgn0052767	CG32767
FBpp0312026	FBgn0030277	CG1394
FBpp0073323	FBgn0030277	CG1394
FBpp0078357	FBgn0037354	CG12171
FBpp0290609	FBgn0013765	cnn
FBpp0301625	FBgn0013765	cnn
FBpp0301624	FBgn0013765	cnn
FBpp0301623	FBgn0013765	cnn
FBpp0100116	FBgn0013765	cnn
FBpp0301626	FBgn0013765	cnn
FBpp0086823	FBgn0013765	cnn
FBpp0301622	FBgn0013765	cnn
FBpp0086822	FBgn0013765	cnn
FBpp0297590	FBgn0013765	cnn
FBpp0301627	FBgn0013765	cnn
FBpp0100117	FBgn0013765	cnn
FBpp0079916	FBgn0263234	Phae1
FBpp0311760	FBgn0263234	Phae1
FBpp0071538	FBgn0034623	CG9822
FBpp0308503	FBgn0265342	COX7CL
FBpp0271821	FBgn0036679	CG13022
FBpp0081854	FBgn0040251	Ugt302K1
FBpp0311934	FBgn0040251	Ugt302K1
FBpp0071382	FBgn0000711	flw
FBpp0071381	FBgn0000711	flw
FBpp0305497	FBgn0000711	flw
FBpp0423145	FBgn0000711	flw
FBpp0081314	FBgn0037533	CD98hc
FBpp0303760	FBgn0037533	CD98hc
FBpp0303762	FBgn0037533	CD98hc
FBpp0428086	FBgn0037533	CD98hc
FBpp0085795	FBgn0034391	CG15080
FBpp0085181	FBgn0039861	pasha
FBpp0307960	FBgn0039861	pasha
FBpp0307961	FBgn0039861	pasha
FBpp0308344	FBgn0031855	meng
FBpp0078933	FBgn0031855	meng
FBpp0305906	FBgn0265523	Smr
FBpp0305907	FBgn0265523	Smr
FBpp0305908	FBgn0265523	Smr
FBpp0305909	FBgn0265523	Smr
FBpp0085084	FBgn0039801	Npc2h
FBpp0085083	FBgn0039801	Npc2h
FBpp0297401	FBgn0039801	Npc2h
FBpp0077645	FBgn0024314	Plap
FBpp0293253	FBgn0024314	Plap
FBpp0310466	FBgn0024314	Plap
FBpp0305784	FBgn0036661	CG9705
FBpp0075083	FBgn0036661	CG9705
FBpp0075084	FBgn0036661	CG9705
FBpp0080379	FBgn0028893	CG31819
FBpp0305959	FBgn0037792	TAF1B
FBpp0081663	FBgn0037792	TAF1B
FBpp0305958	FBgn0037792	TAF1B
FBpp0111906	FBgn0261791	SNRPG
FBpp0074151	FBgn0261791	SNRPG
FBpp0090980	FBgn0053631	CG33631
FBpp0076721	FBgn0035694	CG13299
FBpp0074462	FBgn0027603	Ulp1
FBpp0309108	FBgn0025632	CG4313
FBpp0309106	FBgn0025632	CG4313
FBpp0309107	FBgn0025632	CG4313
FBpp0074221	FBgn0030833	CG8915
FBpp0308827	FBgn0030833	CG8915
FBpp0309091	FBgn0040333	brv3
FBpp0289932	FBgn0040333	brv3
FBpp0073120	FBgn0260985	RfC4
FBpp0309315	FBgn0265413	CG44325
FBpp0308721	FBgn0265413	CG44325
FBpp0308719	FBgn0265413	CG44325
FBpp0309314	FBgn0265413	CG44325
FBpp0308720	FBgn0265413	CG44325
FBpp0084836	FBgn0051041	CG31041
FBpp0289482	FBgn0025628	CG4199
FBpp0070323	FBgn0025628	CG4199
FBpp0070322	FBgn0025628	CG4199
FBpp0291627	FBgn0025628	CG4199
FBpp0070320	FBgn0025628	CG4199
FBpp0289483	FBgn0025628	CG4199
FBpp0070321	FBgn0025628	CG4199
FBpp0428154	FBgn0036202	loaf
FBpp0304442	FBgn0036202	loaf
FBpp0112077	FBgn0036202	loaf
FBpp0305238	FBgn0036393	CG17362
FBpp0086382	FBgn0015295	Shark
FBpp0301615	FBgn0040384	CG32795
FBpp0311478	FBgn0040384	CG32795
FBpp0070469	FBgn0040384	CG32795
FBpp0089092	FBgn0040384	CG32795
FBpp0070470	FBgn0040384	CG32795
FBpp0291667	FBgn0003612	Su(var)2-10
FBpp0297644	FBgn0003612	Su(var)2-10
FBpp0310445	FBgn0003612	Su(var)2-10
FBpp0087655	FBgn0003612	Su(var)2-10
FBpp0087659	FBgn0003612	Su(var)2-10
FBpp0087656	FBgn0003612	Su(var)2-10
FBpp0087658	FBgn0003612	Su(var)2-10
FBpp0291668	FBgn0003612	Su(var)2-10
FBpp0087657	FBgn0003612	Su(var)2-10
FBpp0087653	FBgn0003612	Su(var)2-10
FBpp0087652	FBgn0003612	Su(var)2-10
FBpp0291669	FBgn0003612	Su(var)2-10
FBpp0087654	FBgn0003612	Su(var)2-10
FBpp0087651	FBgn0003612	Su(var)2-10
FBpp0308802	FBgn0020370	TppII
FBpp0086888	FBgn0020370	TppII
FBpp0310608	FBgn0020370	TppII
FBpp0086887	FBgn0020370	TppII
FBpp0072056	FBgn0034939	thoc5
FBpp0302630	FBgn0263772	CG43689
FBpp0302633	FBgn0263772	CG43689
FBpp0302631	FBgn0263772	CG43689
FBpp0302629	FBgn0263772	CG43689
FBpp0302632	FBgn0263772	CG43689
FBpp0422976	FBgn0263772	CG43689
FBpp0308738	FBgn0263772	CG43689
FBpp0291608	FBgn0053667	CG33667
FBpp0308748	FBgn0030653	CG7860
FBpp0073861	FBgn0030653	CG7860
FBpp0311608	FBgn0034758	CG13510
FBpp0301552	FBgn0034758	CG13510
FBpp0071773	FBgn0034758	CG13510
FBpp0081062	FBgn0003885	alphaTub84D
FBpp0073470	FBgn0030373	moon
FBpp0077569	FBgn0027597	CG17712
FBpp0099453	FBgn0065110	ppk10
FBpp0304003	FBgn0030009	CG15336
FBpp0091094	FBgn0053848	His3:CG33848
FBpp0271837	FBgn0032127	CG13114
FBpp0075816	FBgn0036206	twy
FBpp0074886	FBgn0011706	rpr
FBpp0075787	FBgn0041096	rols
FBpp0075789	FBgn0041096	rols
FBpp0306230	FBgn0041096	rols
FBpp0301715	FBgn0041096	rols
FBpp0301716	FBgn0041096	rols
FBpp0075788	FBgn0041096	rols
FBpp0075785	FBgn0041096	rols
FBpp0306229	FBgn0041096	rols
FBpp0075786	FBgn0041096	rols
FBpp0070431	FBgn0011566	Smyd3
FBpp0086574	FBgn0033968	hui
FBpp0086575	FBgn0033968	hui
FBpp0078850	FBgn0000052	Pfas
FBpp0078851	FBgn0000052	Pfas
FBpp0078852	FBgn0000052	Pfas
FBpp0083620	FBgn0038960	CG13855
FBpp0072077	FBgn0034964	IntS1
FBpp0303877	FBgn0035252	CG7970
FBpp0072645	FBgn0035252	CG7970
FBpp0312396	FBgn0035252	CG7970
FBpp0289193	FBgn0259246	brp
FBpp0428442	FBgn0259246	brp
FBpp0307674	FBgn0259246	brp
FBpp0428441	FBgn0259246	brp
FBpp0293598	FBgn0259246	brp
FBpp0428440	FBgn0259246	brp
FBpp0289194	FBgn0259246	brp
FBpp0293597	FBgn0259246	brp
FBpp0428439	FBgn0259246	brp
FBpp0289769	FBgn0259246	brp
FBpp0293599	FBgn0259246	brp
FBpp0293596	FBgn0259246	brp
FBpp0289478	FBgn0259246	brp
FBpp0428443	FBgn0259246	brp
FBpp0112447	FBgn0039944	CG17162
FBpp0112448	FBgn0039944	CG17162
FBpp0112449	FBgn0039944	CG17162
FBpp0112446	FBgn0039944	CG17162
FBpp0310818	FBgn0039944	CG17162
FBpp0310421	FBgn0039944	CG17162
FBpp0289318	FBgn0039944	CG17162
FBpp0077417	FBgn0031455	Snapin
FBpp0300914	FBgn0263314	CG43400
FBpp0311664	FBgn0263352	Unr
FBpp0076384	FBgn0263352	Unr
FBpp0113084	FBgn0263352	Unr
FBpp0305200	FBgn0263352	Unr
FBpp0301053	FBgn0263352	Unr
FBpp0310214	FBgn0261648	salm
FBpp0088852	FBgn0261648	salm
FBpp0390664	FBgn0038349	AOX3
FBpp0082605	FBgn0038349	AOX3
FBpp0091099	FBgn0053853	His2A:CG33853
FBpp0082031	FBgn0038000	Rsbp15
FBpp0078785	FBgn0031747	CG9021
FBpp0311771	FBgn0031747	CG9021
FBpp0071596	FBgn0003687	Tbp
FBpp0079356	FBgn0032075	Tsp29Fb
FBpp0271928	FBgn0032075	Tsp29Fb
FBpp0079357	FBgn0032075	Tsp29Fb
FBpp0304841	FBgn0014455	Ahcy
FBpp0073847	FBgn0014455	Ahcy
FBpp0312000	FBgn0014455	Ahcy
FBpp0072465	FBgn0035139	CG13891
FBpp0289372	FBgn0053246	Ste:CG33246
FBpp0079651	FBgn0267365	l(2)SH0834
FBpp0079801	FBgn0032358	Ppt2
FBpp0291083	FBgn0029154	Menl-1
FBpp0304143	FBgn0052579	CG32579
FBpp0304142	FBgn0052579	CG32579
FBpp0074004	FBgn0052579	CG32579
FBpp0308307	FBgn0011670	Mst57Dc
FBpp0291148	FBgn0265349	Sfp33A4
FBpp0309513	FBgn0265726	Nna1
FBpp0309516	FBgn0265726	Nna1
FBpp0309520	FBgn0265726	Nna1
FBpp0309519	FBgn0265726	Nna1
FBpp0309514	FBgn0265726	Nna1
FBpp0309515	FBgn0265726	Nna1
FBpp0309517	FBgn0265726	Nna1
FBpp0309522	FBgn0265726	Nna1
FBpp0309518	FBgn0265726	Nna1
FBpp0309521	FBgn0265726	Nna1
FBpp0309019	FBgn0034010	CG8157
FBpp0086522	FBgn0034010	CG8157
FBpp0071724	FBgn0034717	CG5819
FBpp0300937	FBgn0034717	CG5819
FBpp0071725	FBgn0034717	CG5819
FBpp0390648	FBgn0262477	FoxP
FBpp0293409	FBgn0262477	FoxP
FBpp0302969	FBgn0262477	FoxP
FBpp0081604	FBgn0037737	Pnn
FBpp0112122	FBgn0037737	Pnn
FBpp0074903	FBgn0036773	CG13698
FBpp0305851	FBgn0036773	CG13698
FBpp0308436	FBgn0033327	PGRP-SC1b
FBpp0087787	FBgn0033327	PGRP-SC1b
FBpp0082192	FBgn0038102	CG14383
FBpp0078139	FBgn0027532	CG7139
FBpp0291542	FBgn0003882	tub
FBpp0079788	FBgn0262647	Nup160
FBpp0310208	FBgn0262647	Nup160
FBpp0111426	FBgn0085345	CG34316
FBpp0290793	FBgn0011274	Dif
FBpp0080561	FBgn0011274	Dif
FBpp0080562	FBgn0011274	Dif
FBpp0290792	FBgn0011274	Dif
FBpp0082037	FBgn0038009	CG17738
FBpp0077522	FBgn0000097	aop
FBpp0077523	FBgn0000097	aop
FBpp0303509	FBgn0000097	aop
FBpp0303508	FBgn0000097	aop
FBpp0303510	FBgn0000097	aop
FBpp0110506	FBgn0086683	Spf45
FBpp0110573	FBgn0086683	Spf45
FBpp0110561	FBgn0086683	Spf45
FBpp0303916	FBgn0037027	HIPP1
FBpp0303915	FBgn0037027	HIPP1
FBpp0077914	FBgn0037027	HIPP1
FBpp0303914	FBgn0037027	HIPP1
FBpp0300934	FBgn0034160	CG5550
FBpp0086184	FBgn0034160	CG5550
FBpp0083735	FBgn0039034	Or94b
FBpp0297937	FBgn0025837	CG17636
FBpp0111834	FBgn0025837	CG17636
FBpp0297938	FBgn0025837	CG17636
FBpp0085222	FBgn0261479	nero
FBpp0298370	FBgn0052694	CG32694
FBpp0298369	FBgn0052694	CG32694
FBpp0071346	FBgn0052694	CG32694
FBpp0309420	FBgn0052694	CG32694
FBpp0071347	FBgn0052694	CG32694
FBpp0298371	FBgn0052694	CG32694
FBpp0071345	FBgn0052694	CG32694
FBpp0305301	FBgn0011230	poe
FBpp0079167	FBgn0011230	poe
FBpp0078891	FBgn0027496	epsilonCOP
FBpp0079185	FBgn0031957	TwdlE
FBpp0082779	FBgn0038449	CG17562
FBpp0087747	FBgn0033363	CG13744
FBpp0085453	FBgn0033088	PGAP3
FBpp0085452	FBgn0033088	PGAP3
FBpp0085175	FBgn0051204	CG31204
FBpp0428204	FBgn0263585	CG43610
FBpp0082787	FBgn0015019	CCT3
FBpp0082788	FBgn0015019	CCT3
FBpp0291565	FBgn0015019	CCT3
FBpp0291566	FBgn0015019	CCT3
FBpp0088517	FBgn0027572	ACOX1
FBpp0082574	FBgn0013269	Fkbp39
FBpp0085064	FBgn0004606	zfh1
FBpp0085063	FBgn0004606	zfh1
FBpp0303607	FBgn0004606	zfh1
FBpp0086965	FBgn0026741	mRpL18
FBpp0289669	FBgn0259991	CG42488
FBpp0309674	FBgn0034595	CG15657
FBpp0071558	FBgn0034595	CG15657
FBpp0290078	FBgn0260431	CG42526
FBpp0308303	FBgn0039380	CG5890
FBpp0423186	FBgn0039380	CG5890
FBpp0308302	FBgn0039380	CG5890
FBpp0297220	FBgn0262840	CG43204
FBpp0071594	FBgn0027360	Tim10
FBpp0071593	FBgn0027360	Tim10
FBpp0081847	FBgn0037875	ZnT86D
FBpp0071014	FBgn0265265	CG32727
FBpp0079818	FBgn0283682	Ge-1
FBpp0079819	FBgn0283682	Ge-1
FBpp0291500	FBgn0264962	Pcf11
FBpp0291716	FBgn0264962	Pcf11
FBpp0309007	FBgn0264962	Pcf11
FBpp0309006	FBgn0264962	Pcf11
FBpp0311632	FBgn0264962	Pcf11
FBpp0290728	FBgn0264962	Pcf11
FBpp0291319	FBgn0264962	Pcf11
FBpp0087243	FBgn0082585	sprt
FBpp0099390	FBgn0261458	capt
FBpp0304563	FBgn0261458	capt
FBpp0099391	FBgn0261458	capt
FBpp0086617	FBgn0033936	Achl
FBpp0311633	FBgn0033936	Achl
FBpp0302008	FBgn0034804	GrlHz
FBpp0071902	FBgn0034804	GrlHz
FBpp0291789	FBgn0261547	Exn
FBpp0291787	FBgn0261547	Exn
FBpp0291790	FBgn0261547	Exn
FBpp0291788	FBgn0261547	Exn
FBpp0291791	FBgn0261547	Exn
FBpp0087290	FBgn0033590	CG13217
FBpp0074993	FBgn0266669	Sec3
FBpp0087876	FBgn0050376	CG30376
FBpp0074842	FBgn0036826	arx
FBpp0112047	FBgn0263239	dar1
FBpp0311201	FBgn0085428	Nox
FBpp0111562	FBgn0085428	Nox
FBpp0311530	FBgn0085428	Nox
FBpp0311529	FBgn0085428	Nox
FBpp0271849	FBgn0050460	CG30460
FBpp0086163	FBgn0050460	CG30460
FBpp0291767	FBgn0050460	CG30460
FBpp0271848	FBgn0050460	CG30460
FBpp0290180	FBgn0050460	CG30460
FBpp0086161	FBgn0050460	CG30460
FBpp0086160	FBgn0050460	CG30460
FBpp0086162	FBgn0050460	CG30460
FBpp0112290	FBgn0050460	CG30460
FBpp0082071	FBgn0286075	DNAlig3
FBpp0084726	FBgn0027873	Cpsf100
FBpp0072658	FBgn0027903	PolD2
FBpp0085632	FBgn0034483	CG16894
FBpp0311830	FBgn0029950	rumpel
FBpp0071015	FBgn0029950	rumpel
FBpp0306432	FBgn0037606	CG8032
FBpp0081369	FBgn0037606	CG8032
FBpp0076767	FBgn0020637	Lcp65Ag2
FBpp0086531	FBgn0034001	mRpL41
FBpp0312592	FBgn0086695	hd
FBpp0078445	FBgn0086695	hd
FBpp0303715	FBgn0028902	Tektin-A
FBpp0080346	FBgn0028902	Tektin-A
FBpp0083140	FBgn0038656	CG14294
FBpp0087160	FBgn0033667	reb
FBpp0077333	FBgn0031492	Prp40
FBpp0304025	FBgn0032167	CG5853
FBpp0311684	FBgn0032167	CG5853
FBpp0079489	FBgn0032167	CG5853
FBpp0402894	FBgn0028675	Sur
FBpp0291398	FBgn0051195	CG31195
FBpp0289237	FBgn0259707	CG42361
FBpp0081962	FBgn0037976	Tk
FBpp0307416	FBgn0037976	Tk
FBpp0303325	FBgn0266137	Dop1R2
FBpp0084833	FBgn0266137	Dop1R2
FBpp0084834	FBgn0266137	Dop1R2
FBpp0075478	FBgn0036415	CG7768
FBpp0075479	FBgn0036415	CG7768
FBpp0111266	FBgn0250826	CG34160
FBpp0111666	FBgn0085478	Zdhhc8
FBpp0111665	FBgn0085478	Zdhhc8
FBpp0309780	FBgn0085478	Zdhhc8
FBpp0309781	FBgn0085478	Zdhhc8
FBpp0303736	FBgn0085478	Zdhhc8
FBpp0111667	FBgn0085478	Zdhhc8
FBpp0300815	FBgn0085478	Zdhhc8
FBpp0084521	FBgn0039474	CG6283
FBpp0081961	FBgn0260746	Ect3
FBpp0304797	FBgn0283658	muc
FBpp0079072	FBgn0283658	muc
FBpp0304796	FBgn0283658	muc
FBpp0304795	FBgn0283658	muc
FBpp0304794	FBgn0283658	muc
FBpp0079073	FBgn0283658	muc
FBpp0290787	FBgn0040784	karr
FBpp0308968	FBgn0030468	CG1622
FBpp0073588	FBgn0030468	CG1622
FBpp0302613	FBgn0030468	CG1622
FBpp0077567	FBgn0031365	CG17650
FBpp0071485	FBgn0008636	hbn
FBpp0070680	FBgn0029722	CG7024
FBpp0293259	FBgn0001324	kto
FBpp0074653	FBgn0001324	kto
FBpp0289586	FBgn0028988	Spn42Dd
FBpp0305093	FBgn0052269	CG32269
FBpp0100145	FBgn0052269	CG32269
FBpp0084248	FBgn0022800	Cad96Ca
FBpp0071973	FBgn0015277	Pi3K59F
FBpp0070781	FBgn0029811	Cpr5C
FBpp0301041	FBgn0000179	bi
FBpp0303589	FBgn0000179	bi
FBpp0301040	FBgn0000179	bi
FBpp0289836	FBgn0000179	bi
FBpp0070640	FBgn0000179	bi
FBpp0310169	FBgn0000179	bi
FBpp0289835	FBgn0000179	bi
FBpp0112056	FBgn0035558	CG11357
FBpp0073166	FBgn0035558	CG11357
FBpp0293524	FBgn0035558	CG11357
FBpp0112055	FBgn0035558	CG11357
FBpp0082189	FBgn0038107	CG17327
FBpp0307782	FBgn0038107	CG17327
FBpp0071949	FBgn0050413	CG30413
FBpp0082059	FBgn0038043	CG17202
FBpp0310791	FBgn0266431	CG45061
FBpp0290558	FBgn0031107	HERC2
FBpp0081954	FBgn0051211	CG31211
FBpp0081953	FBgn0051211	CG31211
FBpp0081955	FBgn0051211	CG31211
FBpp0087997	FBgn0033205	Rdh1
FBpp0089397	FBgn0000319	Chc
FBpp0089398	FBgn0000319	Chc
FBpp0073966	FBgn0000319	Chc
FBpp0111710	FBgn0000319	Chc
FBpp0073967	FBgn0000319	Chc
FBpp0111709	FBgn0000319	Chc
FBpp0308531	FBgn0000319	Chc
FBpp0079799	FBgn0052831	CG33695
FBpp0079800	FBgn0052831	CG33695
FBpp0079797	FBgn0052831	CG33695
FBpp0079798	FBgn0052831	CG33695
FBpp0081907	FBgn0037943	CG14722
FBpp0305999	FBgn0052037	CG32037
FBpp0076197	FBgn0052037	CG32037
FBpp0071183	FBgn0030041	CG12116
FBpp0301751	FBgn0004133	blow
FBpp0088026	FBgn0004133	blow
FBpp0289597	FBgn0004133	blow
FBpp0292393	FBgn0261816	CG42758
FBpp0073614	FBgn0030493	CG15756
FBpp0309316	FBgn0030817	CG4991
FBpp0074159	FBgn0030817	CG4991
FBpp0306536	FBgn0030817	CG4991
FBpp0306537	FBgn0030817	CG4991
FBpp0074158	FBgn0030817	CG4991
FBpp0310065	FBgn0031961	CG7102
FBpp0079181	FBgn0031961	CG7102
FBpp0070006	FBgn0031092	CG9577
FBpp0309185	FBgn0263233	robls54B
FBpp0111300	FBgn0263233	robls54B
FBpp0309447	FBgn0032321	YL-1
FBpp0079735	FBgn0032321	YL-1
FBpp0078448	FBgn0250746	Prosbeta7
FBpp0078449	FBgn0250746	Prosbeta7
FBpp0082507	FBgn0038300	Mau2
FBpp0288947	FBgn0259185	Ir60b
FBpp0297879	FBgn0031701	TotM
FBpp0078708	FBgn0031701	TotM
FBpp0111916	FBgn0030954	CCKLR-17D3
FBpp0303444	FBgn0264006	dysc
FBpp0305235	FBgn0264006	dysc
FBpp0303445	FBgn0264006	dysc
FBpp0303440	FBgn0264006	dysc
FBpp0303443	FBgn0264006	dysc
FBpp0303446	FBgn0264006	dysc
FBpp0303442	FBgn0264006	dysc
FBpp0079692	FBgn0287630	dbf
FBpp0074592	FBgn0036953	CG17145
FBpp0304938	FBgn0036953	CG17145
FBpp0112248	FBgn0040973	CG16824
FBpp0312391	FBgn0036828	Prp6
FBpp0074835	FBgn0036828	Prp6
FBpp0088404	FBgn0028979	tio
FBpp0307374	FBgn0028979	tio
FBpp0071332	FBgn0030156	CG15247
FBpp0086712	FBgn0033884	CG13344
FBpp0308975	FBgn0033884	CG13344
FBpp0071095	FBgn0029969	Acat1
FBpp0311869	FBgn0029969	Acat1
FBpp0077152	FBgn0031597	CG17612
FBpp0077153	FBgn0031597	CG17612
FBpp0309206	FBgn0003209	raw
FBpp0079348	FBgn0003209	raw
FBpp0292871	FBgn0003209	raw
FBpp0079347	FBgn0003209	raw
FBpp0309207	FBgn0003209	raw
FBpp0083740	FBgn0027526	Ublcp1
FBpp0071965	FBgn0034869	CG13558
FBpp0075899	FBgn0041094	scyl
FBpp0308940	FBgn0041094	scyl
FBpp0081179	FBgn0051482	CG31482
FBpp0311735	FBgn0261057	Sfp36F
FBpp0291149	FBgn0261057	Sfp36F
FBpp0070478	FBgn0024994	Ugalt
FBpp0271784	FBgn0024994	Ugalt
FBpp0311754	FBgn0024994	Ugalt
FBpp0086231	FBgn0034151	CG15617
FBpp0289396	FBgn0035845	CG13675
FBpp0303120	FBgn0035845	CG13675
FBpp0085154	FBgn0028968	gammaCOP
FBpp0303129	FBgn0028968	gammaCOP
FBpp0290505	FBgn0028968	gammaCOP
FBpp0085155	FBgn0028968	gammaCOP
FBpp0077865	FBgn0037004	CG17637
FBpp0077155	FBgn0020376	Sr-CIII
FBpp0297080	FBgn0036665	CG13024
FBpp0271828	FBgn0036665	CG13024
FBpp0309553	FBgn0031746	CG9029
FBpp0078774	FBgn0031746	CG9029
FBpp0074910	FBgn0036771	Wdr92
FBpp0086730	FBgn0020620	RN-tre
FBpp0086731	FBgn0020620	RN-tre
FBpp0303476	FBgn0020620	RN-tre
FBpp0303477	FBgn0020620	RN-tre
FBpp0086729	FBgn0020620	RN-tre
FBpp0271727	FBgn0038415	CG17929
FBpp0303900	FBgn0264303	wrm2
FBpp0303899	FBgn0264303	wrm2
FBpp0306966	FBgn0037365	CG2104
FBpp0078375	FBgn0037365	CG2104
FBpp0308756	FBgn0040309	Prx2
FBpp0073594	FBgn0040309	Prx2
FBpp0308757	FBgn0040309	Prx2
FBpp0073595	FBgn0040309	Prx2
FBpp0311371	FBgn0040309	Prx2
FBpp0293187	FBgn0262363	CG43061
FBpp0076429	FBgn0035867	CG13671
FBpp0085387	FBgn0033043	Or42b
FBpp0076443	FBgn0052364	tut
FBpp0082766	FBgn0038427	ema
FBpp0100104	FBgn0038427	ema
FBpp0307946	FBgn0038427	ema
FBpp0301577	FBgn0033234	MFS12
FBpp0293293	FBgn0033234	MFS12
FBpp0087925	FBgn0033234	MFS12
FBpp0085947	FBgn0266420	Ote
FBpp0306280	FBgn0051798	CG31798
FBpp0080741	FBgn0051798	CG31798
FBpp0307458	FBgn0083141	Spn28B
FBpp0079094	FBgn0083141	Spn28B
FBpp0310459	FBgn0003319	Sb
FBpp0082704	FBgn0003319	Sb
FBpp0087130	FBgn0050039	CG30039
FBpp0070977	FBgn0027342	fz4
FBpp0070976	FBgn0027342	fz4
FBpp0075913	FBgn0036152	Dyro
FBpp0305581	FBgn0036152	Dyro
FBpp0305580	FBgn0036152	Dyro
FBpp0075003	FBgn0036713	Mip
FBpp0297356	FBgn0038296	Kpc1
FBpp0082488	FBgn0038296	Kpc1
FBpp0076349	FBgn0086348	se
FBpp0081673	FBgn0266721	gammaSnap2
FBpp0305334	FBgn0036740	Vps60
FBpp0074964	FBgn0036740	Vps60
FBpp0289806	FBgn0261952	srw
FBpp0293450	FBgn0051665	wry
FBpp0088727	FBgn0051665	wry
FBpp0306857	FBgn0051665	wry
FBpp0300326	FBgn0037944	CG6923
FBpp0081908	FBgn0037944	CG6923
FBpp0081909	FBgn0037944	CG6923
FBpp0303202	FBgn0037944	CG6923
FBpp0078944	FBgn0031849	CG11327
FBpp0078314	FBgn0029088	disp
FBpp0081005	FBgn0026255	clumsy
FBpp0110195	FBgn0026255	clumsy
FBpp0311365	FBgn0261341	verm
FBpp0311366	FBgn0261341	verm
FBpp0291540	FBgn0261341	verm
FBpp0076108	FBgn0036014	CG3222
FBpp0087707	FBgn0027561	CG18659
FBpp0308462	FBgn0027561	CG18659
FBpp0297474	FBgn0027561	CG18659
FBpp0291660	FBgn0027561	CG18659
FBpp0297473	FBgn0027561	CG18659
FBpp0308463	FBgn0027561	CG18659
FBpp0291659	FBgn0027561	CG18659
FBpp0311616	FBgn0028550	Atf3
FBpp0303417	FBgn0028550	Atf3
FBpp0070234	FBgn0028550	Atf3
FBpp0112409	FBgn0040038	klhl10
FBpp0112408	FBgn0040038	klhl10
FBpp0073022	FBgn0004880	scrt
FBpp0305342	FBgn0004880	scrt
FBpp0289234	FBgn0259704	Nsun5
FBpp0309134	FBgn0029976	snz
FBpp0071048	FBgn0029976	snz
FBpp0073082	FBgn0035515	Sqor
FBpp0073081	FBgn0035515	Sqor
FBpp0071102	FBgn0029999	CG1575
FBpp0308752	FBgn0029999	CG1575
FBpp0423164	FBgn0013334	Sap47
FBpp0082664	FBgn0013334	Sap47
FBpp0082658	FBgn0013334	Sap47
FBpp0082660	FBgn0013334	Sap47
FBpp0302792	FBgn0013334	Sap47
FBpp0310757	FBgn0013334	Sap47
FBpp0423163	FBgn0013334	Sap47
FBpp0290869	FBgn0013334	Sap47
FBpp0082659	FBgn0013334	Sap47
FBpp0082661	FBgn0013334	Sap47
FBpp0082662	FBgn0013334	Sap47
FBpp0082663	FBgn0013334	Sap47
FBpp0085304	FBgn0032965	CG11629
FBpp0075328	FBgn0014851	Eig71Ek
FBpp0087046	FBgn0033742	Nepl10
FBpp0084990	FBgn0039768	CG15533
FBpp0076057	FBgn0044051	Ilp1
FBpp0311543	FBgn0034308	Naus
FBpp0085925	FBgn0034308	Naus
FBpp0070166	FBgn0042146	CG18823
FBpp0077496	FBgn0003557	Su(dx)
FBpp0077497	FBgn0003557	Su(dx)
FBpp0308612	FBgn0003557	Su(dx)
FBpp0306832	FBgn0003557	Su(dx)
FBpp0077495	FBgn0003557	Su(dx)
FBpp0082547	FBgn0038326	Hibch
FBpp0082546	FBgn0038326	Hibch
FBpp0304917	FBgn0004636	Rap1
FBpp0072746	FBgn0004636	Rap1
FBpp0292253	FBgn0004636	Rap1
FBpp0075881	FBgn0053271	CG33271
FBpp0084286	FBgn0027865	Tsp96F
FBpp0303196	FBgn0027865	Tsp96F
FBpp0303197	FBgn0027865	Tsp96F
FBpp0085280	FBgn0051611	His4:CG31611
FBpp0081082	FBgn0037504	CG1142
FBpp0288404	FBgn0035335	mRpL23
FBpp0072778	FBgn0035335	mRpL23
FBpp0303833	FBgn0035335	mRpL23
FBpp0303832	FBgn0035335	mRpL23
FBpp0081849	FBgn0040250	Ugt304A1
FBpp0288461	FBgn0262514	VhaPPA1-2
FBpp0086485	FBgn0024754	Flo1
FBpp0086484	FBgn0024754	Flo1
FBpp0085295	FBgn0025674	CycK
FBpp0085296	FBgn0025674	CycK
FBpp0310472	FBgn0025674	CycK
FBpp0076037	FBgn0052057	dpr10
FBpp0076039	FBgn0052057	dpr10
FBpp0303942	FBgn0052057	dpr10
FBpp0076038	FBgn0052057	dpr10
FBpp0080982	FBgn0067312	CheB38a
FBpp0078633	FBgn0031657	Polr1C
FBpp0309195	FBgn0034240	MESR4
FBpp0086102	FBgn0034240	MESR4
FBpp0112003	FBgn0034240	MESR4
FBpp0309194	FBgn0034240	MESR4
FBpp0300416	FBgn0037890	CG17734
FBpp0081837	FBgn0037890	CG17734
FBpp0081836	FBgn0037890	CG17734
FBpp0087859	FBgn0033259	Tmem63
FBpp0289840	FBgn0028857	CG12448
FBpp0082711	FBgn0040071	tara
FBpp0082712	FBgn0040071	tara
FBpp0074285	FBgn0021765	scu
FBpp0300670	FBgn0021765	scu
FBpp0077502	FBgn0027509	Tbcd
FBpp0301968	FBgn0259994	OtopLa
FBpp0301969	FBgn0259994	OtopLa
FBpp0307671	FBgn0259994	OtopLa
FBpp0289692	FBgn0259994	OtopLa
FBpp0307670	FBgn0259994	OtopLa
FBpp0289693	FBgn0259994	OtopLa
FBpp0306651	FBgn0016917	Stat92E
FBpp0306653	FBgn0016917	Stat92E
FBpp0306649	FBgn0016917	Stat92E
FBpp0088487	FBgn0016917	Stat92E
FBpp0306650	FBgn0016917	Stat92E
FBpp0306648	FBgn0016917	Stat92E
FBpp0306652	FBgn0016917	Stat92E
FBpp0099882	FBgn0016917	Stat92E
FBpp0088488	FBgn0016917	Stat92E
FBpp0088489	FBgn0016917	Stat92E
FBpp0088978	FBgn0016917	Stat92E
FBpp0289871	FBgn0260237	BBIP1
FBpp0304437	FBgn0036218	Sprn
FBpp0289945	FBgn0036218	Sprn
FBpp0289946	FBgn0036218	Sprn
FBpp0289948	FBgn0036218	Sprn
FBpp0072876	FBgn0004372	aly
FBpp0304396	FBgn0004372	aly
FBpp0082803	FBgn0022344	CG10340
FBpp0087044	FBgn0010238	Lac
FBpp0311187	FBgn0033677	CG8321
FBpp0087083	FBgn0033677	CG8321
FBpp0070192	FBgn0040361	CG14627
FBpp0302732	FBgn0040361	CG14627
FBpp0311285	FBgn0027569	cert
FBpp0076440	FBgn0027569	cert
FBpp0304446	FBgn0027569	cert
FBpp0079675	FBgn0032200	CG5676
FBpp0080993	FBgn0032913	CG9259
FBpp0304346	FBgn0032913	CG9259
FBpp0304345	FBgn0032913	CG9259
FBpp0080065	FBgn0032483	CG15482
FBpp0087618	FBgn0050340	CG30340
FBpp0071435	FBgn0030222	CG9806
FBpp0309535	FBgn0032390	dgt2
FBpp0079869	FBgn0032390	dgt2
FBpp0074249	FBgn0030864	CG8173
FBpp0071385	FBgn0030206	CG2889
FBpp0298822	FBgn0030206	CG2889
FBpp0071925	FBgn0050411	CG30411
FBpp0111367	FBgn0085287	CG34258
FBpp0070626	FBgn0029703	CG12692
FBpp0311749	FBgn0029703	CG12692
FBpp0111658	FBgn0085471	CG34442
FBpp0292311	FBgn0037487	thw
FBpp0082172	FBgn0003308	ry
FBpp0086797	FBgn0033856	CG13334
FBpp0297097	FBgn0033856	CG13334
FBpp0312168	FBgn0036287	CG10663
FBpp0112080	FBgn0036287	CG10663
FBpp0311893	FBgn0264309	CG43784
FBpp0297099	FBgn0038629	CG14304
FBpp0083059	FBgn0038629	CG14304
FBpp0112989	FBgn0038629	CG14304
FBpp0080255	FBgn0040228	DCTN5-p25
FBpp0087108	FBgn0033706	Vha36-2
FBpp0081458	FBgn0037671	ATP6AP2
FBpp0309644	FBgn0284408	trol
FBpp0309653	FBgn0284408	trol
FBpp0309658	FBgn0284408	trol
FBpp0309652	FBgn0284408	trol
FBpp0428428	FBgn0284408	trol
FBpp0309642	FBgn0284408	trol
FBpp0309659	FBgn0284408	trol
FBpp0309661	FBgn0284408	trol
FBpp0309648	FBgn0284408	trol
FBpp0309655	FBgn0284408	trol
FBpp0428090	FBgn0284408	trol
FBpp0309650	FBgn0284408	trol
FBpp0309662	FBgn0284408	trol
FBpp0428427	FBgn0284408	trol
FBpp0309660	FBgn0284408	trol
FBpp0309657	FBgn0284408	trol
FBpp0309649	FBgn0284408	trol
FBpp0309656	FBgn0284408	trol
FBpp0309646	FBgn0284408	trol
FBpp0309643	FBgn0284408	trol
FBpp0309651	FBgn0284408	trol
FBpp0309647	FBgn0284408	trol
FBpp0423412	FBgn0284408	trol
FBpp0309645	FBgn0284408	trol
FBpp0309654	FBgn0284408	trol
FBpp0081115	FBgn0011282	Obp84a
FBpp0289293	FBgn0011282	Obp84a
FBpp0073676	FBgn0030512	Nadsyn
FBpp0073675	FBgn0030512	Nadsyn
FBpp0310009	FBgn0030512	Nadsyn
FBpp0077726	FBgn0031263	Tspo
FBpp0112051	FBgn0035533	Cip4
FBpp0297492	FBgn0035533	Cip4
FBpp0297233	FBgn0035533	Cip4
FBpp0297231	FBgn0035533	Cip4
FBpp0305748	FBgn0035533	Cip4
FBpp0297232	FBgn0035533	Cip4
FBpp0305747	FBgn0035533	Cip4
FBpp0073195	FBgn0035533	Cip4
FBpp0297491	FBgn0035533	Cip4
FBpp0300522	FBgn0035533	Cip4
FBpp0300521	FBgn0035533	Cip4
FBpp0290265	FBgn0052568	CG32568
FBpp0310019	FBgn0052568	CG32568
FBpp0091155	FBgn0053910	His2B:CG33910
FBpp0305332	FBgn0036741	anchor
FBpp0074947	FBgn0036741	anchor
FBpp0085101	FBgn0039818	Mayo
FBpp0071562	FBgn0011824	Gar1
FBpp0292126	FBgn0261635	CG42718
FBpp0082633	FBgn0026616	alpha-Man-IIb
FBpp0311424	FBgn0026616	alpha-Man-IIb
FBpp0306660	FBgn0026616	alpha-Man-IIb
FBpp0291607	FBgn0053666	CG33666
FBpp0309627	FBgn0259168	mnb
FBpp0288894	FBgn0259168	mnb
FBpp0289736	FBgn0259168	mnb
FBpp0289737	FBgn0259168	mnb
FBpp0289735	FBgn0259168	mnb
FBpp0073384	FBgn0030317	pkm
FBpp0072222	FBgn0035033	CG3548
FBpp0086766	FBgn0050485	CG30485
FBpp0074527	FBgn0031053	CG14223
FBpp0305112	FBgn0031053	CG14223
FBpp0305111	FBgn0031053	CG14223
FBpp0079410	FBgn0032119	CG3769
FBpp0309981	FBgn0029911	CG14435
FBpp0071001	FBgn0029911	CG14435
FBpp0099574	FBgn0053095	CG33095
FBpp0084149	FBgn0053095	CG33095
FBpp0077407	FBgn0031465	CG3123
FBpp0070316	FBgn0025630	Rtca
FBpp0310569	FBgn0025630	Rtca
FBpp0089332	FBgn0001145	Gs2
FBpp0073345	FBgn0001145	Gs2
FBpp0073344	FBgn0001145	Gs2
FBpp0310162	FBgn0001145	Gs2
FBpp0310164	FBgn0001145	Gs2
FBpp0310163	FBgn0001145	Gs2
FBpp0310285	FBgn0250844	CG4218
FBpp0080228	FBgn0250844	CG4218
FBpp0310284	FBgn0250844	CG4218
FBpp0311101	FBgn0250844	CG4218
FBpp0080955	FBgn0032895	twit
FBpp0085394	FBgn0267978	ap
FBpp0289731	FBgn0267978	ap
FBpp0085395	FBgn0267978	ap
FBpp0307253	FBgn0267978	ap
FBpp0083872	FBgn0039094	CG10184
FBpp0288481	FBgn0032891	Oseg5
FBpp0076098	FBgn0015618	Cdk8
FBpp0080234	FBgn0028868	CG4701
FBpp0293021	FBgn0035112	CG13877
FBpp0289934	FBgn0035112	CG13877
FBpp0085616	FBgn0287774	CG9143
FBpp0089009	FBgn0270926	AsnS
FBpp0077194	FBgn0031579	CG15422
FBpp0073524	FBgn0030433	mRpL49
FBpp0309878	FBgn0030433	mRpL49
FBpp0297946	FBgn0263087	CG43355
FBpp0300457	FBgn0263087	CG43355
FBpp0401489	FBgn0029690	CG6414
FBpp0070594	FBgn0029690	CG6414
FBpp0075149	FBgn0003515	st
FBpp0088102	FBgn0033133	Tsp42Ek
FBpp0296958	FBgn0033133	Tsp42Ek
FBpp0401609	FBgn0040532	CG8369
FBpp0081403	FBgn0040532	CG8369
FBpp0401608	FBgn0040532	CG8369
FBpp0083625	FBgn0038964	Nop56
FBpp0077629	FBgn0031315	CG14341
FBpp0077982	FBgn0037046	CG10581
FBpp0293167	FBgn0011288	Snap25
FBpp0110435	FBgn0011288	Snap25
FBpp0310719	FBgn0037601	Cyp313b1
FBpp0081379	FBgn0037601	Cyp313b1
FBpp0291024	FBgn0086378	Alg-2
FBpp0071076	FBgn0029989	CG15333
FBpp0080350	FBgn0032577	CG13244
FBpp0297196	FBgn0262810	CG43181
FBpp0312523	FBgn0267726	CG46059
FBpp0312524	FBgn0267726	CG46059
FBpp0312525	FBgn0267726	CG46059
FBpp0072418	FBgn0052845	CG32845
FBpp0076326	FBgn0000121	Arr2
FBpp0077588	FBgn0011294	a5
FBpp0082225	FBgn0041711	yellow-e
FBpp0311601	FBgn0040759	CG13177
FBpp0111684	FBgn0040759	CG13177
FBpp0291125	FBgn0010280	Taf4
FBpp0113081	FBgn0010280	Taf4
FBpp0305485	FBgn0010280	Taf4
FBpp0305486	FBgn0010280	Taf4
FBpp0075206	FBgn0010280	Taf4
FBpp0075207	FBgn0010280	Taf4
FBpp0311865	FBgn0010280	Taf4
FBpp0089259	FBgn0010280	Taf4
FBpp0075205	FBgn0010280	Taf4
FBpp0078210	FBgn0037205	BoYb
FBpp0072049	FBgn0034931	CG2812
FBpp0289266	FBgn0259727	CG42381
FBpp0076737	FBgn0035645	CG5592
FBpp0073429	FBgn0030358	Pdzd8
FBpp0304410	FBgn0260430	CG42525
FBpp0290077	FBgn0260430	CG42525
FBpp0086778	FBgn0033861	CG12464
FBpp0289574	FBgn0035171	CG12502
FBpp0428403	FBgn0035171	CG12502
FBpp0308924	FBgn0035171	CG12502
FBpp0293242	FBgn0035171	CG12502
FBpp0084841	FBgn0039690	Gnpnat
FBpp0305954	FBgn0039690	Gnpnat
FBpp0084840	FBgn0039690	Gnpnat
FBpp0305955	FBgn0039690	Gnpnat
FBpp0297241	FBgn0039690	Gnpnat
FBpp0301950	FBgn0039690	Gnpnat
FBpp0303328	FBgn0039690	Gnpnat
FBpp0288877	FBgn0029726	CG15471
FBpp0288876	FBgn0029726	CG15471
FBpp0083245	FBgn0038771	CG4390
FBpp0083246	FBgn0038771	CG4390
FBpp0079648	FBgn0011703	RnrL
FBpp0077490	FBgn0031378	CG15362
FBpp0082802	FBgn0038452	Ccdc114
FBpp0081852	FBgn0040255	Ugt35E2
FBpp0307468	FBgn0032588	CG5968
FBpp0080429	FBgn0032588	CG5968
FBpp0291736	FBgn0085274	CG34245
FBpp0307120	FBgn0030897	Frq1
FBpp0074319	FBgn0030897	Frq1
FBpp0307121	FBgn0030897	Frq1
FBpp0099625	FBgn0030897	Frq1
FBpp0086262	FBgn0024319	Nach
FBpp0401613	FBgn0024319	Nach
FBpp0401612	FBgn0024319	Nach
FBpp0293434	FBgn0262568	CG43108
FBpp0081810	FBgn0037852	Tpc1
FBpp0081809	FBgn0037852	Tpc1
FBpp0082713	FBgn0020407	asun
FBpp0086516	FBgn0286813	SRPK
FBpp0086515	FBgn0286813	SRPK
FBpp0086517	FBgn0286813	SRPK
FBpp0303478	FBgn0286813	SRPK
FBpp0428157	FBgn0286813	SRPK
FBpp0289248	FBgn0259718	CG42372
FBpp0309037	FBgn0259718	CG42372
FBpp0311142	FBgn0052783	Gem4c
FBpp0312569	FBgn0267905	CG46193
FBpp0304872	FBgn0030053	CG12081
FBpp0071164	FBgn0030053	CG12081
FBpp0084759	FBgn0014427	CG11899
FBpp0078800	FBgn0031732	CG11149
FBpp0289920	FBgn0031732	CG11149
FBpp0289919	FBgn0031732	CG11149
FBpp0078799	FBgn0031732	CG11149
FBpp0304814	FBgn0031732	CG11149
FBpp0110417	FBgn0002566	lt
FBpp0305699	FBgn0002566	lt
FBpp0310509	FBgn0002566	lt
FBpp0110415	FBgn0002566	lt
FBpp0086530	FBgn0001187	Hex-C
FBpp0076749	FBgn0035665	Jon65Aiii
FBpp0428264	FBgn0035594	CG4597
FBpp0076294	FBgn0052029	Cpr66D
FBpp0077735	FBgn0021874	Nle
FBpp0078591	FBgn0261434	hkb
FBpp0084689	FBgn0026400	Noa36
FBpp0305832	FBgn0039909	ND-49
FBpp0088174	FBgn0039909	ND-49
FBpp0100080	FBgn0038570	Prx5
FBpp0100079	FBgn0038570	Prx5
FBpp0309980	FBgn0029915	CG14434
FBpp0311823	FBgn0029915	CG14434
FBpp0070999	FBgn0029915	CG14434
FBpp0078842	FBgn0031779	CG9175
FBpp0078843	FBgn0031779	CG9175
FBpp0112023	FBgn0086408	stl
FBpp0301591	FBgn0086408	stl
FBpp0292120	FBgn0261630	CG42713
FBpp0309225	FBgn0261630	CG42713
FBpp0072744	FBgn0002183	dre4
FBpp0072743	FBgn0002183	dre4
FBpp0077532	FBgn0040718	CG15353
FBpp0073018	FBgn0041147	ida
FBpp0086280	FBgn0034103	prim
FBpp0071877	FBgn0050192	CG30192
FBpp0076656	FBgn0052392	Rsph3
FBpp0076657	FBgn0052392	Rsph3
FBpp0087738	FBgn0033357	Tom7
FBpp0308412	FBgn0033357	Tom7
FBpp0085631	FBgn0034486	CG13869
FBpp0078593	FBgn0037236	Skp2
FBpp0311072	FBgn0037236	Skp2
FBpp0076500	FBgn0023076	Clk
FBpp0306709	FBgn0023076	Clk
FBpp0099480	FBgn0023076	Clk
FBpp0099478	FBgn0023076	Clk
FBpp0306710	FBgn0023076	Clk
FBpp0297617	FBgn0031100	CG1504
FBpp0307045	FBgn0031100	CG1504
FBpp0307046	FBgn0031100	CG1504
FBpp0307044	FBgn0031100	CG1504
FBpp0083381	FBgn0044809	TotZ
FBpp0073797	FBgn0030592	CG9514
FBpp0080524	FBgn0032629	beat-IIIc
FBpp0080525	FBgn0032629	beat-IIIc
FBpp0084800	FBgn0039665	CG2310
FBpp0084799	FBgn0039665	CG2310
FBpp0081580	FBgn0003334	Scm
FBpp0297150	FBgn0003334	Scm
FBpp0071426	FBgn0030228	BTBD9
FBpp0306532	FBgn0030228	BTBD9
FBpp0075628	FBgn0266709	Zmynd10
FBpp0306446	FBgn0039663	CG2321
FBpp0084802	FBgn0039663	CG2321
FBpp0271746	FBgn0034403	CG18190
FBpp0292077	FBgn0001139	gro
FBpp0308932	FBgn0001139	gro
FBpp0084338	FBgn0001139	gro
FBpp0307986	FBgn0001139	gro
FBpp0084337	FBgn0001139	gro
FBpp0084336	FBgn0001139	gro
FBpp0084339	FBgn0001139	gro
FBpp0293584	FBgn0001139	gro
FBpp0089115	FBgn0001139	gro
FBpp0292078	FBgn0001139	gro
FBpp0083195	FBgn0038722	Nup58
FBpp0079964	FBgn0032436	CG5418
FBpp0080645	FBgn0032698	CG10336
FBpp0271702	FBgn0032698	CG10336
FBpp0085180	FBgn0039860	CG1792
FBpp0084227	FBgn0039324	CG10553
FBpp0077999	FBgn0052436	CG32436
FBpp0091069	FBgn0053823	His2A:CG33823
FBpp0302716	FBgn0262899	CG43254
FBpp0297419	FBgn0262899	CG43254
FBpp0112138	FBgn0038079	NijC
FBpp0112140	FBgn0038079	NijC
FBpp0112139	FBgn0038079	NijC
FBpp0112992	FBgn0038079	NijC
FBpp0112993	FBgn0038079	NijC
FBpp0112991	FBgn0038079	NijC
FBpp0312330	FBgn0031803	ppk14
FBpp0090986	FBgn0053643	CG33643
FBpp0072573	FBgn0029514	CG9166
FBpp0301845	FBgn0029514	CG9166
FBpp0090987	FBgn0053644	CG33644
FBpp0070966	FBgn0027108	Inx2
FBpp0291074	FBgn0027108	Inx2
FBpp0304593	FBgn0027108	Inx2
FBpp0070965	FBgn0027108	Inx2
FBpp0305005	FBgn0037127	CG14566
FBpp0078107	FBgn0037127	CG14566
FBpp0423051	FBgn0032382	Mal-B2
FBpp0423050	FBgn0032382	Mal-B2
FBpp0079860	FBgn0032382	Mal-B2
FBpp0087936	FBgn0033247	Nup44A
FBpp0087937	FBgn0033247	Nup44A
FBpp0087938	FBgn0033247	Nup44A
FBpp0070644	FBgn0029710	CG3568
FBpp0080386	FBgn0001992	Cyp303a1
FBpp0310367	FBgn0001992	Cyp303a1
FBpp0072860	FBgn0035393	CG16753
FBpp0071399	FBgn0030196	Psf3
FBpp0305498	FBgn0030196	Psf3
FBpp0312067	FBgn0030196	Psf3
FBpp0113008	FBgn0042101	CG18744
FBpp0428492	FBgn0032704	Jwa
FBpp0083927	FBgn0039147	CG10694
FBpp0071730	FBgn0034721	CG11298
FBpp0298023	FBgn0027621	Pfrx
FBpp0074484	FBgn0027621	Pfrx
FBpp0074486	FBgn0027621	Pfrx
FBpp0308527	FBgn0027621	Pfrx
FBpp0298022	FBgn0027621	Pfrx
FBpp0074489	FBgn0027621	Pfrx
FBpp0074487	FBgn0027621	Pfrx
FBpp0298021	FBgn0027621	Pfrx
FBpp0074488	FBgn0027621	Pfrx
FBpp0308526	FBgn0027621	Pfrx
FBpp0074482	FBgn0027621	Pfrx
FBpp0074485	FBgn0027621	Pfrx
FBpp0074483	FBgn0027621	Pfrx
FBpp0076867	FBgn0035593	Yod1
FBpp0304189	FBgn0035593	Yod1
FBpp0303184	FBgn0035593	Yod1
FBpp0422972	FBgn0003321	sbr
FBpp0422971	FBgn0003321	sbr
FBpp0073267	FBgn0003321	sbr
FBpp0075304	FBgn0004052	Z600
FBpp0079369	FBgn0032095	Toll-4
FBpp0082425	FBgn0038250	CG3505
FBpp0074237	FBgn0000617	Taf9
FBpp0077749	FBgn0031253	CG11885
FBpp0081437	FBgn0037643	ScsbetaA
FBpp0291000	FBgn0037643	ScsbetaA
FBpp0306436	FBgn0037643	ScsbetaA
FBpp0291001	FBgn0037643	ScsbetaA
FBpp0312600	FBgn0037643	ScsbetaA
FBpp0312599	FBgn0037643	ScsbetaA
FBpp0112118	FBgn0037643	ScsbetaA
FBpp0306437	FBgn0037643	ScsbetaA
FBpp0307806	FBgn0040496	CG17104
FBpp0311163	FBgn0040496	CG17104
FBpp0079694	FBgn0040496	CG17104
FBpp0073270	FBgn0285926	Imp
FBpp0293680	FBgn0285926	Imp
FBpp0290623	FBgn0285926	Imp
FBpp0073272	FBgn0285926	Imp
FBpp0073271	FBgn0285926	Imp
FBpp0073269	FBgn0285926	Imp
FBpp0073275	FBgn0285926	Imp
FBpp0073273	FBgn0285926	Imp
FBpp0293679	FBgn0285926	Imp
FBpp0073276	FBgn0285926	Imp
FBpp0312047	FBgn0285926	Imp
FBpp0073274	FBgn0285926	Imp
FBpp0086272	FBgn0285943	knon
FBpp0084396	FBgn0023178	Pdf
FBpp0087354	FBgn0033518	Prx6c
FBpp0083565	FBgn0027575	GABA-B-R2
FBpp0083566	FBgn0027575	GABA-B-R2
FBpp0308298	FBgn0027575	GABA-B-R2
FBpp0083302	FBgn0038795	Tmlh
FBpp0072234	FBgn0035047	Pof
FBpp0297610	FBgn0035047	Pof
FBpp0072235	FBgn0035047	Pof
FBpp0310724	FBgn0012344	Dh44
FBpp0081558	FBgn0012344	Dh44
FBpp0074588	FBgn0005198	gig
FBpp0304936	FBgn0005198	gig
FBpp0091027	FBgn0053764	CG33764
FBpp0083225	FBgn0038737	Mrm2
FBpp0083710	FBgn0039024	Nepl15
FBpp0072200	FBgn0035005	CG3483
FBpp0303803	FBgn0026088	CG14818
FBpp0070348	FBgn0026088	CG14818
FBpp0083627	FBgn0038958	CG13857
FBpp0083647	FBgn0038972	CG7054
FBpp0091144	FBgn0053899	His4:CG33899
FBpp0086590	FBgn0033972	Ciao1
FBpp0077966	FBgn0037059	CG10510
FBpp0073919	FBgn0030700	CG15914
FBpp0306534	FBgn0004854	B-H2
FBpp0074203	FBgn0004854	B-H2
FBpp0292890	FBgn0040388	boi
FBpp0070441	FBgn0040388	boi
FBpp0306904	FBgn0040388	boi
FBpp0292889	FBgn0040388	boi
FBpp0070442	FBgn0040388	boi
FBpp0085889	FBgn0000566	Cth
FBpp0311547	FBgn0000566	Cth
FBpp0289895	FBgn0053516	dpr3
FBpp0306836	FBgn0053516	dpr3
FBpp0306835	FBgn0053516	dpr3
FBpp0081659	FBgn0086359	Invadolysin
FBpp0077211	FBgn0051776	CG31776
FBpp0083818	FBgn0039081	Irk2
FBpp0308685	FBgn0039081	Irk2
FBpp0291073	FBgn0039081	Irk2
FBpp0083817	FBgn0039081	Irk2
FBpp0079007	FBgn0042189	CG17376
FBpp0310555	FBgn0042189	CG17376
FBpp0079008	FBgn0042189	CG17376
FBpp0309388	FBgn0262481	CG43071
FBpp0297898	FBgn0262481	CG43071
FBpp0078274	FBgn0037374	jagn
FBpp0078273	FBgn0037374	jagn
FBpp0075316	FBgn0036512	Ufsp2
FBpp0304376	FBgn0001258	Ldh
FBpp0304375	FBgn0001258	Ldh
FBpp0076716	FBgn0001258	Ldh
FBpp0304377	FBgn0001258	Ldh
FBpp0112182	FBgn0039026	CG7029
FBpp0310701	FBgn0039026	CG7029
FBpp0301740	FBgn0039026	CG7029
FBpp0112183	FBgn0039026	CG7029
FBpp0301741	FBgn0039026	CG7029
FBpp0083705	FBgn0039026	CG7029
FBpp0085364	FBgn0033051	Strica
FBpp0307275	FBgn0033051	Strica
FBpp0303126	FBgn0036850	Gem2
FBpp0074799	FBgn0036850	Gem2
FBpp0113017	FBgn0052036	CG32036
FBpp0091161	FBgn0053922	CG33922
FBpp0073266	FBgn0030241	feo
FBpp0082833	FBgn0266053	Patr-1
FBpp0308299	FBgn0266053	Patr-1
FBpp0423126	FBgn0033058	CCHa2-R
FBpp0290901	FBgn0033058	CCHa2-R
FBpp0085328	FBgn0033058	CCHa2-R
FBpp0288678	FBgn0051759	CG31759
FBpp0288679	FBgn0051759	CG31759
FBpp0081911	FBgn0037937	Fer3
FBpp0078858	FBgn0001170	H2.0
FBpp0086384	FBgn0262166	caly
FBpp0086383	FBgn0262166	caly
FBpp0074085	FBgn0030744	CG9992
FBpp0074084	FBgn0030744	CG9992
FBpp0074082	FBgn0030744	CG9992
FBpp0074083	FBgn0030744	CG9992
FBpp0074081	FBgn0030744	CG9992
FBpp0076634	FBgn0035742	Acbp4
FBpp0083936	FBgn0039158	TBC1d7
FBpp0428409	FBgn0261244	inaE
FBpp0309252	FBgn0261244	inaE
FBpp0073657	FBgn0261244	inaE
FBpp0288742	FBgn0261244	inaE
FBpp0073656	FBgn0261244	inaE
FBpp0288741	FBgn0261244	inaE
FBpp0309251	FBgn0261244	inaE
FBpp0304265	FBgn0002593	RpLP1
FBpp0077716	FBgn0002593	RpLP1
FBpp0300425	FBgn0030997	CG7990
FBpp0311341	FBgn0030997	CG7990
FBpp0074464	FBgn0030997	CG7990
FBpp0289140	FBgn0259241	vex
FBpp0289139	FBgn0259241	vex
FBpp0310594	FBgn0266377	Pde8
FBpp0428314	FBgn0266377	Pde8
FBpp0310595	FBgn0266377	Pde8
FBpp0310592	FBgn0266377	Pde8
FBpp0428313	FBgn0266377	Pde8
FBpp0310589	FBgn0266377	Pde8
FBpp0310596	FBgn0266377	Pde8
FBpp0310588	FBgn0266377	Pde8
FBpp0310591	FBgn0266377	Pde8
FBpp0310593	FBgn0266377	Pde8
FBpp0310590	FBgn0266377	Pde8
FBpp0428315	FBgn0266377	Pde8
FBpp0084648	FBgn0039576	UQCR-14L
FBpp0303716	FBgn0264260	CG43760
FBpp0090972	FBgn0261292	CheB53a
FBpp0077449	FBgn0031424	VGlut
FBpp0297921	FBgn0031424	VGlut
FBpp0080494	FBgn0027779	VhaSFD
FBpp0080495	FBgn0027779	VhaSFD
FBpp0080496	FBgn0027779	VhaSFD
FBpp0307142	FBgn0027779	VhaSFD
FBpp0075004	FBgn0036712	brv2
FBpp0304230	FBgn0036712	brv2
FBpp0070144	FBgn0029532	CG13361
FBpp0110421	FBgn0064225	RpL5
FBpp0304879	FBgn0064225	RpL5
FBpp0311121	FBgn0064225	RpL5
FBpp0110424	FBgn0064225	RpL5
FBpp0300978	FBgn0035578	CG13707
FBpp0297711	FBgn0035578	CG13707
FBpp0300979	FBgn0035578	CG13707
FBpp0271908	FBgn0029587	CG14797
FBpp0300639	FBgn0029587	CG14797
FBpp0309016	FBgn0033999	CG8093
FBpp0086532	FBgn0033999	CG8093
FBpp0293629	FBgn0034075	Asph
FBpp0086359	FBgn0034075	Asph
FBpp0307715	FBgn0034075	Asph
FBpp0086358	FBgn0034075	Asph
FBpp0293628	FBgn0034075	Asph
FBpp0293627	FBgn0034075	Asph
FBpp0289802	FBgn0034075	Asph
FBpp0302595	FBgn0034075	Asph
FBpp0428142	FBgn0262617	Nuak
FBpp0293894	FBgn0262617	Nuak
FBpp0428141	FBgn0262617	Nuak
FBpp0293895	FBgn0262617	Nuak
FBpp0307979	FBgn0262617	Nuak
FBpp0428144	FBgn0262617	Nuak
FBpp0307978	FBgn0262617	Nuak
FBpp0293890	FBgn0262617	Nuak
FBpp0428143	FBgn0262617	Nuak
FBpp0428147	FBgn0262617	Nuak
FBpp0428145	FBgn0262617	Nuak
FBpp0293892	FBgn0262617	Nuak
FBpp0293891	FBgn0262617	Nuak
FBpp0428146	FBgn0262617	Nuak
FBpp0293896	FBgn0262617	Nuak
FBpp0293893	FBgn0262617	Nuak
FBpp0428140	FBgn0262617	Nuak
FBpp0112117	FBgn0037549	CG7878
FBpp0305315	FBgn0061359	Mvk
FBpp0086997	FBgn0061359	Mvk
FBpp0088025	FBgn0033195	CG1360
FBpp0087155	FBgn0050037	CG30037
FBpp0076362	FBgn0035915	S-Lap1
FBpp0083906	FBgn0015282	Rpt2
FBpp0311982	FBgn0015282	Rpt2
FBpp0310880	FBgn0266486	CG45085
FBpp0310881	FBgn0266486	CG45085
FBpp0304394	FBgn0035384	CG2113
FBpp0072849	FBgn0035384	CG2113
FBpp0312017	FBgn0267106	CG45546
FBpp0292347	FBgn0261089	Sytalpha
FBpp0080540	FBgn0261089	Sytalpha
FBpp0309223	FBgn0261089	Sytalpha
FBpp0292346	FBgn0261089	Sytalpha
FBpp0082257	FBgn0038159	CG14369
FBpp0088119	FBgn0050384	CG30384
FBpp0072933	FBgn0035439	CG14961
FBpp0309281	FBgn0046302	CG10650
FBpp0080725	FBgn0046302	CG10650
FBpp0074348	FBgn0008635	betaCOP
FBpp0304099	FBgn0001087	g
FBpp0304098	FBgn0001087	g
FBpp0073673	FBgn0001087	g
FBpp0089011	FBgn0053490	CG33490
FBpp0289233	FBgn0259703	Grl62a
FBpp0310822	FBgn0266454	CG45079
FBpp0311902	FBgn0267042	CG45486
FBpp0307234	FBgn0039528	dsd
FBpp0290604	FBgn0039528	dsd
FBpp0309767	FBgn0263512	Vsx2
FBpp0099911	FBgn0263512	Vsx2
FBpp0082539	FBgn0000533	ea
FBpp0306655	FBgn0000533	ea
FBpp0075419	FBgn0036466	CG18581
FBpp0293210	FBgn0051161	CG31161
FBpp0070885	FBgn0029868	ND-B16.6
FBpp0312526	FBgn0029868	ND-B16.6
FBpp0309040	FBgn0029868	ND-B16.6
FBpp0074661	FBgn0036915	Prp3
FBpp0074660	FBgn0036915	Prp3
FBpp0071887	FBgn0041235	Gr59c
FBpp0074043	FBgn0004598	Fur2
FBpp0074039	FBgn0004598	Fur2
FBpp0074042	FBgn0004598	Fur2
FBpp0074041	FBgn0004598	Fur2
FBpp0074040	FBgn0004598	Fur2
FBpp0290516	FBgn0004598	Fur2
FBpp0074038	FBgn0004598	Fur2
FBpp0290515	FBgn0004598	Fur2
FBpp0089399	FBgn0004598	Fur2
FBpp0083674	FBgn0038986	sit
FBpp0076648	FBgn0035722	Uqcc1
FBpp0422604	FBgn0001112	Gld
FBpp0081114	FBgn0001112	Gld
FBpp0080715	FBgn0032753	CG17572
FBpp0291086	FBgn0024330	MED6
FBpp0081639	FBgn0024330	MED6
FBpp0291087	FBgn0024330	MED6
FBpp0081640	FBgn0024330	MED6
FBpp0308776	FBgn0024330	MED6
FBpp0071471	FBgn0034582	Cht9
FBpp0305725	FBgn0086698	frtz
FBpp0077577	FBgn0086698	frtz
FBpp0305724	FBgn0086698	frtz
FBpp0074530	FBgn0031048	CG12237
FBpp0080471	FBgn0086673	CG13272
FBpp0304011	FBgn0086673	CG13272
FBpp0078976	FBgn0004838	Hrb27C
FBpp0297875	FBgn0004838	Hrb27C
FBpp0297874	FBgn0004838	Hrb27C
FBpp0297873	FBgn0004838	Hrb27C
FBpp0290618	FBgn0004838	Hrb27C
FBpp0078975	FBgn0004838	Hrb27C
FBpp0078974	FBgn0004838	Hrb27C
FBpp0290617	FBgn0004838	Hrb27C
FBpp0111293	FBgn0085214	CG34185
FBpp0073041	FBgn0035461	ntc
FBpp0085558	FBgn0034542	Fem-1
FBpp0085559	FBgn0034542	Fem-1
FBpp0300230	FBgn0263216	CG43386
FBpp0300231	FBgn0263216	CG43386
FBpp0300232	FBgn0263216	CG43386
FBpp0083913	FBgn0025574	Pli
FBpp0111820	FBgn0025574	Pli
FBpp0087353	FBgn0033539	Git
FBpp0297393	FBgn0262876	CG43231
FBpp0091154	FBgn0053909	His4:CG33909
FBpp0292213	FBgn0035458	ppk27
FBpp0081371	FBgn0037607	CG8036
FBpp0081372	FBgn0037607	CG8036
FBpp0081370	FBgn0037607	CG8036
FBpp0087295	FBgn0033573	Obp47a
FBpp0089400	FBgn0033573	Obp47a
FBpp0292339	FBgn0037135	eIF2A
FBpp0292337	FBgn0037135	eIF2A
FBpp0078095	FBgn0037135	eIF2A
FBpp0292338	FBgn0037135	eIF2A
FBpp0083665	FBgn0263863	mRpL45
FBpp0304622	FBgn0053196	dpy
FBpp0304625	FBgn0053196	dpy
FBpp0304620	FBgn0053196	dpy
FBpp0304628	FBgn0053196	dpy
FBpp0304621	FBgn0053196	dpy
FBpp0304631	FBgn0053196	dpy
FBpp0293671	FBgn0053196	dpy
FBpp0293672	FBgn0053196	dpy
FBpp0293675	FBgn0053196	dpy
FBpp0304632	FBgn0053196	dpy
FBpp0304630	FBgn0053196	dpy
FBpp0304626	FBgn0053196	dpy
FBpp0304624	FBgn0053196	dpy
FBpp0304629	FBgn0053196	dpy
FBpp0304623	FBgn0053196	dpy
FBpp0304627	FBgn0053196	dpy
FBpp0291068	FBgn0085452	CG34423
FBpp0111636	FBgn0085452	CG34423
FBpp0078804	FBgn0031758	Ucp4B
FBpp0078805	FBgn0031758	Ucp4B
FBpp0301210	FBgn0031758	Ucp4B
FBpp0111424	FBgn0085343	Sws1
FBpp0112466	FBgn0028697	RpL15
FBpp0300655	FBgn0028697	RpL15
FBpp0291015	FBgn0028697	RpL15
FBpp0300653	FBgn0028697	RpL15
FBpp0112465	FBgn0028697	RpL15
FBpp0112467	FBgn0028697	RpL15
FBpp0300652	FBgn0028697	RpL15
FBpp0300654	FBgn0028697	RpL15
FBpp0290642	FBgn0026063	KP78b
FBpp0081884	FBgn0026063	KP78b
FBpp0076886	FBgn0052523	CG32523
FBpp0078209	FBgn0037204	CG11131
FBpp0304362	FBgn0037204	CG11131
FBpp0289546	FBgn0259973	Sfp79B
FBpp0079559	FBgn0032181	CG13133
FBpp0082411	FBgn0038217	CG14840
FBpp0308471	FBgn0041087	wun2
FBpp0087590	FBgn0041087	wun2
FBpp0080954	FBgn0032894	CG14402
FBpp0308645	FBgn0032894	CG14402
FBpp0310290	FBgn0266163	CG44869
FBpp0428101	FBgn0085376	CG34347
FBpp0428103	FBgn0085376	CG34347
FBpp0428102	FBgn0085376	CG34347
FBpp0428104	FBgn0085376	CG34347
FBpp0072593	FBgn0028577	hfp
FBpp0289647	FBgn0028577	hfp
FBpp0072594	FBgn0028577	hfp
FBpp0290738	FBgn0028577	hfp
FBpp0289646	FBgn0028577	hfp
FBpp0072591	FBgn0028577	hfp
FBpp0289648	FBgn0028577	hfp
FBpp0289649	FBgn0028577	hfp
FBpp0289645	FBgn0028577	hfp
FBpp0072592	FBgn0028577	hfp
FBpp0309478	FBgn0031051	Ranbp21
FBpp0074528	FBgn0031051	Ranbp21
FBpp0086667	FBgn0033918	CG8531
FBpp0303526	FBgn0010288	Uch
FBpp0292511	FBgn0010288	Uch
FBpp0077516	FBgn0010288	Uch
FBpp0072614	FBgn0010333	Rac1
FBpp0304252	FBgn0010333	Rac1
FBpp0079327	FBgn0032031	CG13390
FBpp0091104	FBgn0053858	His1:CG33858
FBpp0079487	FBgn0032171	CG5846
FBpp0312328	FBgn0032171	CG5846
FBpp0074228	FBgn0250788	beta-Spec
FBpp0306507	FBgn0250788	beta-Spec
FBpp0306508	FBgn0250788	beta-Spec
FBpp0110579	FBgn0261387	CG17528
FBpp0110466	FBgn0261387	CG17528
FBpp0072787	FBgn0035318	CG9018
FBpp0072788	FBgn0035318	CG9018
FBpp0088511	FBgn0036544	sff
FBpp0306195	FBgn0036544	sff
FBpp0306196	FBgn0036544	sff
FBpp0080603	FBgn0032677	CG5790
FBpp0311683	FBgn0032677	CG5790
FBpp0303979	FBgn0030348	CG10352
FBpp0112030	FBgn0034966	CG13563
FBpp0402781	FBgn0266437	CG45067
FBpp0086253	FBgn0034144	CG5089
FBpp0303057	FBgn0263983	CG43732
FBpp0312407	FBgn0263983	CG43732
FBpp0303602	FBgn0014163	fax
FBpp0075170	FBgn0014163	fax
FBpp0099913	FBgn0014163	fax
FBpp0099912	FBgn0014163	fax
FBpp0303603	FBgn0014163	fax
FBpp0075171	FBgn0014163	fax
FBpp0077851	FBgn0284421	Psn
FBpp0305665	FBgn0284421	Psn
FBpp0113009	FBgn0284421	Psn
FBpp0077850	FBgn0284421	Psn
FBpp0305666	FBgn0284421	Psn
FBpp0289407	FBgn0035059	CG3894
FBpp0310035	FBgn0030594	fiz
FBpp0073795	FBgn0030594	fiz
FBpp0306585	FBgn0051157	CG31157
FBpp0306586	FBgn0051157	CG31157
FBpp0305122	FBgn0283741	prage
FBpp0291797	FBgn0283741	prage
FBpp0301694	FBgn0283741	prage
FBpp0301693	FBgn0283741	prage
FBpp0291799	FBgn0283741	prage
FBpp0291794	FBgn0283741	prage
FBpp0291795	FBgn0283741	prage
FBpp0301695	FBgn0283741	prage
FBpp0291798	FBgn0283741	prage
FBpp0301696	FBgn0283741	prage
FBpp0291796	FBgn0283741	prage
FBpp0081276	FBgn0037513	pyd3
FBpp0309817	FBgn0005617	msl-1
FBpp0080674	FBgn0005617	msl-1
FBpp0271847	FBgn0032251	Nse4
FBpp0290390	FBgn0032251	Nse4
FBpp0291689	FBgn0053346	CG33346
FBpp0293827	FBgn0262610	CG43136
FBpp0088833	FBgn0038474	mRpS11
FBpp0081152	FBgn0037469	Dpck
FBpp0308293	FBgn0025457	Bub3
FBpp0084831	FBgn0025457	Bub3
FBpp0084623	FBgn0039562	Gp93
FBpp0303083	FBgn0003499	sr
FBpp0082966	FBgn0003499	sr
FBpp0310950	FBgn0003499	sr
FBpp0290830	FBgn0003499	sr
FBpp0082967	FBgn0003499	sr
FBpp0079126	FBgn0031939	CG13796
FBpp0079128	FBgn0031939	CG13796
FBpp0112988	FBgn0031939	CG13796
FBpp0079127	FBgn0031939	CG13796
FBpp0076588	FBgn0035769	CTCF
FBpp0289281	FBgn0259735	mtgo
FBpp0289282	FBgn0259735	mtgo
FBpp0307467	FBgn0259735	mtgo
FBpp0289280	FBgn0259735	mtgo
FBpp0309340	FBgn0034368	zda
FBpp0085842	FBgn0034368	zda
FBpp0311549	FBgn0034368	zda
FBpp0311548	FBgn0034368	zda
FBpp0071718	FBgn0034683	Grl58a
FBpp0070409	FBgn0023542	Nmd3
FBpp0077004	FBgn0031119	CG1812
FBpp0074580	FBgn0042132	CG18809
FBpp0304136	FBgn0042132	CG18809
FBpp0304135	FBgn0042132	CG18809
FBpp0074579	FBgn0042132	CG18809
FBpp0083108	FBgn0038631	CG7695
FBpp0074856	FBgn0036809	CG12477
FBpp0078243	FBgn0037411	Osi3
FBpp0302562	FBgn0037411	Osi3
FBpp0310293	FBgn0028949	CG15254
FBpp0080341	FBgn0028949	CG15254
FBpp0309625	FBgn0020617	Rx
FBpp0308385	FBgn0022343	CG3760
FBpp0072298	FBgn0022343	CG3760
FBpp0301181	FBgn0022343	CG3760
FBpp0072299	FBgn0022343	CG3760
FBpp0084027	FBgn0039203	Jhbp12
FBpp0428480	FBgn0288746	CG46521
FBpp0075395	FBgn0036487	Prp31
FBpp0073587	FBgn0030466	Remo
FBpp0311205	FBgn0053087	LRP1
FBpp0311204	FBgn0053087	LRP1
FBpp0080079	FBgn0032522	Flad2
FBpp0089130	FBgn0014020	Rho1
FBpp0086354	FBgn0014020	Rho1
FBpp0086356	FBgn0014020	Rho1
FBpp0086353	FBgn0014020	Rho1
FBpp0089129	FBgn0014020	Rho1
FBpp0086355	FBgn0014020	Rho1
FBpp0072183	FBgn0034990	CG11406
FBpp0290096	FBgn0034990	CG11406
FBpp0310081	FBgn0034990	CG11406
FBpp0099523	FBgn0034990	CG11406
FBpp0072261	FBgn0035011	CG13589
FBpp0082983	FBgn0038582	CG7988
FBpp0081199	FBgn0037460	sowi
FBpp0083792	FBgn0039059	CG13829
FBpp0311467	FBgn0039108	CG10232
FBpp0271776	FBgn0043457	CG5180
FBpp0309446	FBgn0043457	CG5180
FBpp0111999	FBgn0259795	loopin-1
FBpp0086239	FBgn0259795	loopin-1
FBpp0298042	FBgn0053200	VepD
FBpp0071737	FBgn0053200	VepD
FBpp0308617	FBgn0053200	VepD
FBpp0071626	FBgn0004362	HmgD
FBpp0290624	FBgn0004362	HmgD
FBpp0071625	FBgn0004362	HmgD
FBpp0311598	FBgn0004362	HmgD
FBpp0081841	FBgn0037882	CG17187
FBpp0083075	FBgn0027841	CstF64
FBpp0303773	FBgn0039723	CG15522
FBpp0084869	FBgn0039723	CG15522
FBpp0306854	FBgn0031344	CG7420
FBpp0077598	FBgn0031344	CG7420
FBpp0293615	FBgn0050334	CG30334
FBpp0087060	FBgn0050334	CG30334
FBpp0072102	FBgn0050172	CG30172
FBpp0311848	FBgn0050172	CG30172
FBpp0081846	FBgn0086472	RpS25
FBpp0081845	FBgn0086472	RpS25
FBpp0307940	FBgn0039251	Trf4-2
FBpp0084094	FBgn0039251	Trf4-2
FBpp0071968	FBgn0041234	Gr59f
FBpp0086848	FBgn0027079	ValRS
FBpp0305353	FBgn0027079	ValRS
FBpp0086847	FBgn0027079	ValRS
FBpp0290306	FBgn0029791	AdamTS-B
FBpp0290305	FBgn0029791	AdamTS-B
FBpp0099385	FBgn0053970	osy
FBpp0099384	FBgn0053970	osy
FBpp0311936	FBgn0053970	osy
FBpp0289637	FBgn0054043	CG34043
FBpp0075561	FBgn0036372	Abp1
FBpp0298362	FBgn0263132	Cht6
FBpp0298363	FBgn0263132	Cht6
FBpp0298360	FBgn0263132	Cht6
FBpp0298358	FBgn0263132	Cht6
FBpp0298359	FBgn0263132	Cht6
FBpp0298364	FBgn0263132	Cht6
FBpp0298361	FBgn0263132	Cht6
FBpp0079403	FBgn0032110	CG3748
FBpp0307608	FBgn0032110	CG3748
FBpp0085476	FBgn0259977	Tdc1
FBpp0082901	FBgn0038523	Sgs5bis
FBpp0292516	FBgn0034802	CNBP
FBpp0071903	FBgn0034802	CNBP
FBpp0074240	FBgn0052557	Mco4
FBpp0077313	FBgn0031476	CG8813
FBpp0111303	FBgn0085224	CG34195
FBpp0071379	FBgn0028480	CG17841
FBpp0422973	FBgn0028480	CG17841
FBpp0300877	FBgn0029880	CG14443
FBpp0074882	FBgn0028415	Met75Cb
FBpp0089127	FBgn0034474	Obp56g
FBpp0085644	FBgn0034474	Obp56g
FBpp0085747	FBgn0034425	CG11906
FBpp0303872	FBgn0261597	RpS26
FBpp0080639	FBgn0261597	RpS26
FBpp0080640	FBgn0261597	RpS26
FBpp0312181	FBgn0261597	RpS26
FBpp0080641	FBgn0261597	RpS26
FBpp0310744	FBgn0263750	CG43675
FBpp0310745	FBgn0263750	CG43675
FBpp0302550	FBgn0263750	CG43675
FBpp0079918	FBgn0032414	CG17211
FBpp0296930	FBgn0266569	CG42259
FBpp0288846	FBgn0266569	CG42259
FBpp0077345	FBgn0031504	CG15403
FBpp0312167	FBgn0036286	CG10616
FBpp0301023	FBgn0036286	CG10616
FBpp0075688	FBgn0036286	CG10616
FBpp0080024	FBgn0032486	mRF1
FBpp0075703	FBgn0036294	CG10654
FBpp0304890	FBgn0036294	CG10654
FBpp0073991	FBgn0000536	eas
FBpp0300842	FBgn0000536	eas
FBpp0300843	FBgn0000536	eas
FBpp0310124	FBgn0000536	eas
FBpp0073993	FBgn0000536	eas
FBpp0310123	FBgn0000536	eas
FBpp0300841	FBgn0000536	eas
FBpp0073990	FBgn0000536	eas
FBpp0084927	FBgn0039743	Jasper
FBpp0302568	FBgn0039743	Jasper
FBpp0084615	FBgn0267366	mil
FBpp0076682	FBgn0042185	MCU
FBpp0076681	FBgn0042185	MCU
FBpp0076679	FBgn0042185	MCU
FBpp0076680	FBgn0042185	MCU
FBpp0300165	FBgn0042185	MCU
FBpp0076683	FBgn0042185	MCU
FBpp0300166	FBgn0042185	MCU
FBpp0310698	FBgn0042185	MCU
FBpp0080408	FBgn0028894	GMF
FBpp0087881	FBgn0033274	CG14757
FBpp0423404	FBgn0286980	Iyd
FBpp0423399	FBgn0286980	Iyd
FBpp0073386	FBgn0027259	Kmn1
FBpp0390637	FBgn0027259	Kmn1
FBpp0070638	FBgn0004832	Xpac
FBpp0079836	FBgn0015400	kek2
FBpp0087278	FBgn0033605	CG9067
FBpp0086361	FBgn0034076	Jhedup
FBpp0100058	FBgn0029153	Menl-2
FBpp0291081	FBgn0029153	Menl-2
FBpp0291082	FBgn0029153	Menl-2
FBpp0076406	FBgn0028379	fan
FBpp0300159	FBgn0042137	CG18814
FBpp0307589	FBgn0015351	Mettl4
FBpp0307908	FBgn0051423	Ir94c
FBpp0303728	FBgn0032987	RpL21
FBpp0085314	FBgn0032987	RpL21
FBpp0311640	FBgn0032987	RpL21
FBpp0312390	FBgn0001323	knrl
FBpp0077870	FBgn0001323	knrl
FBpp0072917	FBgn0035430	CG12009
FBpp0300633	FBgn0035430	CG12009
FBpp0302864	FBgn0035850	Atg18a
FBpp0312165	FBgn0035850	Atg18a
FBpp0302863	FBgn0035850	Atg18a
FBpp0302862	FBgn0035850	Atg18a
FBpp0076415	FBgn0035850	Atg18a
FBpp0076416	FBgn0035850	Atg18a
FBpp0076414	FBgn0035850	Atg18a
FBpp0080523	FBgn0032632	CG6380
FBpp0308844	FBgn0032632	CG6380
FBpp0084013	FBgn0039188	Golgin84
FBpp0423064	FBgn0051465	CG31465
FBpp0423062	FBgn0051465	CG31465
FBpp0423063	FBgn0051465	CG31465
FBpp0070513	FBgn0010296	ng4
FBpp0070146	FBgn0025639	Hmt4-20
FBpp0300875	FBgn0025639	Hmt4-20
FBpp0293271	FBgn0015513	mbc
FBpp0083850	FBgn0015513	mbc
FBpp0304957	FBgn0037087	CG7519
FBpp0078009	FBgn0037087	CG7519
FBpp0072445	FBgn0035134	CG1231
FBpp0291237	FBgn0263316	Mrp4
FBpp0074918	FBgn0036772	CG5290
FBpp0309023	FBgn0050466	CG30466
FBpp0086472	FBgn0050466	CG30466
FBpp0081405	FBgn0037638	CG8379
FBpp0081404	FBgn0037638	CG8379
FBpp0307832	FBgn0000635	Fas2
FBpp0070635	FBgn0000635	Fas2
FBpp0070634	FBgn0000635	Fas2
FBpp0307830	FBgn0000635	Fas2
FBpp0310127	FBgn0000635	Fas2
FBpp0310128	FBgn0000635	Fas2
FBpp0070633	FBgn0000635	Fas2
FBpp0077445	FBgn0031420	Atxn7
FBpp0077446	FBgn0031420	Atxn7
FBpp0303854	FBgn0031420	Atxn7
FBpp0303855	FBgn0031420	Atxn7
FBpp0308011	FBgn0010340	140up
FBpp0082370	FBgn0010340	140up
FBpp0293498	FBgn0262580	CG43120
FBpp0423056	FBgn0038850	Jhbp15
FBpp0073476	FBgn0030384	CG2577
FBpp0312148	FBgn0004379	Klp67A
FBpp0306018	FBgn0004379	Klp67A
FBpp0076227	FBgn0004379	Klp67A
FBpp0111921	FBgn0031209	Ir21a
FBpp0082446	FBgn0038233	HtrA2
FBpp0303078	FBgn0038233	HtrA2
FBpp0300178	FBgn0051668	CG31668
FBpp0075125	FBgn0036601	CG13063
FBpp0084028	FBgn0039204	CG6607
FBpp0081045	FBgn0032945	CG8665
FBpp0271829	FBgn0050323	CG30323
FBpp0307681	FBgn0050323	CG30323
FBpp0076915	FBgn0031176	whe
FBpp0312077	FBgn0031176	whe
FBpp0312535	FBgn0039748	CG15529
FBpp0084933	FBgn0039748	CG15529
FBpp0071692	FBgn0050277	Oatp58Da
FBpp0070199	FBgn0025642	CG32812
FBpp0309597	FBgn0025642	CG32812
FBpp0307999	FBgn0037613	Cks85A
FBpp0293882	FBgn0037613	Cks85A
FBpp0081430	FBgn0037613	Cks85A
FBpp0111285	FBgn0085207	CG34178
FBpp0111286	FBgn0085207	CG34178
FBpp0111284	FBgn0085207	CG34178
FBpp0081744	FBgn0037822	CG14683
FBpp0077129	FBgn0031604	Elp3
FBpp0078135	FBgn0004414	msopa
FBpp0306233	FBgn0004414	msopa
FBpp0070444	FBgn0001150	gt
FBpp0080048	FBgn0025724	beta'COP
FBpp0076577	FBgn0014011	Rac2
FBpp0305023	FBgn0014011	Rac2
FBpp0078463	FBgn0037305	Enoph
FBpp0084113	FBgn0027617	CG5808
FBpp0084830	FBgn0039681	CG7582
FBpp0300558	FBgn0039681	CG7582
FBpp0077583	FBgn0031347	nis
FBpp0307192	FBgn0001098	Gdh
FBpp0088496	FBgn0001098	Gdh
FBpp0088988	FBgn0001098	Gdh
FBpp0088990	FBgn0001098	Gdh
FBpp0309022	FBgn0034021	CG8180
FBpp0086492	FBgn0034021	CG8180
FBpp0311542	FBgn0034021	CG8180
FBpp0079641	FBgn0004106	Cdk1
FBpp0311522	FBgn0042178	Apl
FBpp0303948	FBgn0042178	Apl
FBpp0075072	FBgn0042178	Apl
FBpp0082033	FBgn0038008	CG3942
FBpp0292797	FBgn0034785	CG3649
FBpp0289246	FBgn0259716	Nepl6
FBpp0079769	FBgn0024227	aurB
FBpp0290287	FBgn0032120	CG33298
FBpp0088795	FBgn0032120	CG33298
FBpp0088794	FBgn0032120	CG33298
FBpp0290286	FBgn0032120	CG33298
FBpp0112128	FBgn0037841	CG4565
FBpp0075958	FBgn0003462	Sod1
FBpp0309788	FBgn0030280	CG11106
FBpp0073302	FBgn0030280	CG11106
FBpp0303037	FBgn0034136	DAT
FBpp0086271	FBgn0034136	DAT
FBpp0294050	FBgn0052644	Mur11Da
FBpp0085509	FBgn0042086	Tsp42Eb
FBpp0073196	FBgn0035532	CG15014
FBpp0078093	FBgn0022936	CycH
FBpp0083249	FBgn0038767	trem
FBpp0071307	FBgn0028327	l(1)G0320
FBpp0310058	FBgn0028327	l(1)G0320
FBpp0074925	FBgn0036764	CG5535
FBpp0271785	FBgn0036764	CG5535
FBpp0085841	FBgn0050122	CG30122
FBpp0290145	FBgn0050122	CG30122
FBpp0290146	FBgn0050122	CG30122
FBpp0311645	FBgn0033302	Cyp6a14
FBpp0311646	FBgn0033302	Cyp6a14
FBpp0081070	FBgn0015572	alpha-Est4
FBpp0304508	FBgn0084001	Grl40a
FBpp0304509	FBgn0084001	Grl40a
FBpp0072557	FBgn0262937	Rabex-5
FBpp0081504	FBgn0037684	Srr
FBpp0081505	FBgn0037684	Srr
FBpp0072545	FBgn0035192	galene
FBpp0070096	FBgn0052816	CG32816
FBpp0271950	FBgn0052816	CG32816
FBpp0070097	FBgn0052816	CG32816
FBpp0271951	FBgn0052816	CG32816
FBpp0310563	FBgn0052816	CG32816
FBpp0310564	FBgn0052816	CG32816
FBpp0311697	FBgn0053002	mRpL27
FBpp0307134	FBgn0053002	mRpL27
FBpp0077141	FBgn0053002	mRpL27
FBpp0075732	FBgn0052099	CG32099
FBpp0306199	FBgn0035268	CG8001
FBpp0289520	FBgn0035268	CG8001
FBpp0072657	FBgn0035268	CG8001
FBpp0306198	FBgn0035268	CG8001
FBpp0083574	FBgn0038928	Fadd
FBpp0111405	FBgn0085325	CG34296
FBpp0111806	FBgn0020299	stumps
FBpp0306972	FBgn0020299	stumps
FBpp0306971	FBgn0020299	stumps
FBpp0082418	FBgn0020299	stumps
FBpp0306970	FBgn0020299	stumps
FBpp0070052	FBgn0052820	CG32820
FBpp0070053	FBgn0052820	CG32820
FBpp0082167	FBgn0020496	CtBP
FBpp0099514	FBgn0020496	CtBP
FBpp0306580	FBgn0020496	CtBP
FBpp0306581	FBgn0020496	CtBP
FBpp0306582	FBgn0020496	CtBP
FBpp0306583	FBgn0020496	CtBP
FBpp0306584	FBgn0020496	CtBP
FBpp0082170	FBgn0020496	CtBP
FBpp0082168	FBgn0020496	CtBP
FBpp0082169	FBgn0020496	CtBP
FBpp0304493	FBgn0003386	Shaw
FBpp0288427	FBgn0003386	Shaw
FBpp0304494	FBgn0003386	Shaw
FBpp0088332	FBgn0003386	Shaw
FBpp0088331	FBgn0003386	Shaw
FBpp0112094	FBgn0036881	Cpr76Bd
FBpp0304995	FBgn0036881	Cpr76Bd
FBpp0304994	FBgn0036881	Cpr76Bd
FBpp0309549	FBgn0031741	CG11034
FBpp0297739	FBgn0031741	CG11034
FBpp0311098	FBgn0031741	CG11034
FBpp0079809	FBgn0032350	CG6287
FBpp0079101	FBgn0041181	Tep3
FBpp0080080	FBgn0026760	Tehao
FBpp0312090	FBgn0026760	Tehao
FBpp0082625	FBgn0038359	CG5614
FBpp0297736	FBgn0262986	CG43294
FBpp0423077	FBgn0262986	CG43294
FBpp0079979	FBgn0032453	CG6180
FBpp0074701	FBgn0052212	CG32212
FBpp0082042	FBgn0010039	GstD3
FBpp0073417	FBgn0260780	wisp
FBpp0309611	FBgn0260780	wisp
FBpp0309610	FBgn0260780	wisp
FBpp0082932	FBgn0261987	Pxt
FBpp0071697	FBgn0034709	Swim
FBpp0071698	FBgn0034709	Swim
FBpp0086009	FBgn0016701	Rab4
FBpp0086008	FBgn0016701	Rab4
FBpp0070196	FBgn0029568	CG11381
FBpp0085809	FBgn0034401	MetRS
FBpp0291584	FBgn0050054	CG30054
FBpp0291583	FBgn0050054	CG30054
FBpp0110078	FBgn0038067	CG11598
FBpp0070130	FBgn0040382	CG5273
FBpp0070132	FBgn0040382	CG5273
FBpp0070131	FBgn0040382	CG5273
FBpp0079718	FBgn0032283	CG7296
FBpp0307809	FBgn0032283	CG7296
FBpp0075214	FBgn0263607	l(3)72Dp
FBpp0309809	FBgn0032700	CG10338
FBpp0080646	FBgn0032700	CG10338
FBpp0075245	FBgn0036575	CG5157
FBpp0081475	FBgn0037660	beag
FBpp0309912	FBgn0031626	CG15631
FBpp0077110	FBgn0031626	CG15631
FBpp0074663	FBgn0036918	Pfdn6
FBpp0303214	FBgn0036918	Pfdn6
FBpp0306664	FBgn0037998	Cog1
FBpp0306663	FBgn0037998	Cog1
FBpp0082093	FBgn0037998	Cog1
FBpp0084733	FBgn0039631	Sirt7
FBpp0301551	FBgn0036829	Ir75d
FBpp0084572	FBgn0039527	CG5639
FBpp0078337	FBgn0037338	Snm1
FBpp0078388	FBgn0044823	Spec2
FBpp0304828	FBgn0265263	CG42688
FBpp0292021	FBgn0265263	CG42688
FBpp0303104	FBgn0013751	Awh
FBpp0073014	FBgn0013751	Awh
FBpp0073013	FBgn0013751	Awh
FBpp0303103	FBgn0013751	Awh
FBpp0081773	FBgn0037846	CG6574
FBpp0084808	FBgn0086361	alph
FBpp0084809	FBgn0086361	alph
FBpp0084810	FBgn0086361	alph
FBpp0084811	FBgn0086361	alph
FBpp0084812	FBgn0086361	alph
FBpp0301180	FBgn0086361	alph
FBpp0083452	FBgn0038870	Oga
FBpp0306248	FBgn0264747	CG44005
FBpp0306247	FBgn0264747	CG44005
FBpp0085217	FBgn0270927	betaGlu
FBpp0070614	FBgn0029701	CG12691
FBpp0086777	FBgn0033862	CG6209
FBpp0081751	FBgn0037832	Desi
FBpp0304905	FBgn0011653	mas
FBpp0073116	FBgn0011653	mas
FBpp0297411	FBgn0036494	Toll-6
FBpp0075367	FBgn0036494	Toll-6
FBpp0297410	FBgn0036494	Toll-6
FBpp0078601	FBgn0037213	CG12581
FBpp0078602	FBgn0037213	CG12581
FBpp0080591	FBgn0032668	CG17681
FBpp0271725	FBgn0038717	CG17751
FBpp0080567	FBgn0015609	CadN
FBpp0080573	FBgn0015609	CadN
FBpp0080570	FBgn0015609	CadN
FBpp0080572	FBgn0015609	CadN
FBpp0080568	FBgn0015609	CadN
FBpp0080571	FBgn0015609	CadN
FBpp0099720	FBgn0015609	CadN
FBpp0099718	FBgn0015609	CadN
FBpp0080569	FBgn0015609	CadN
FBpp0080566	FBgn0015609	CadN
FBpp0099719	FBgn0015609	CadN
FBpp0099721	FBgn0015609	CadN
FBpp0099826	FBgn0053556	form3
FBpp0112380	FBgn0053556	form3
FBpp0297988	FBgn0040334	Tsp3A
FBpp0070429	FBgn0040334	Tsp3A
FBpp0079456	FBgn0032129	jp
FBpp0293020	FBgn0032129	jp
FBpp0079457	FBgn0032129	jp
FBpp0111943	FBgn0032129	jp
FBpp0293019	FBgn0032129	jp
FBpp0428274	FBgn0032129	jp
FBpp0292844	FBgn0262017	CG42830
FBpp0074971	FBgn0036733	U4-U6-60K
FBpp0082792	FBgn0063261	CG31275
FBpp0075044	FBgn0036698	CG7724
FBpp0073804	FBgn0030586	CG12539
FBpp0076264	FBgn0035965	Use1
FBpp0288848	FBgn0259145	CG42260
FBpp0303274	FBgn0259145	CG42260
FBpp0423144	FBgn0259145	CG42260
FBpp0288847	FBgn0259145	CG42260
FBpp0087226	FBgn0015001	iotaTry
FBpp0074156	FBgn0030814	CG4955
FBpp0087954	FBgn0033241	CG2915
FBpp0087955	FBgn0033241	CG2915
FBpp0305545	FBgn0031900	CG13786
FBpp0076567	FBgn0053278	CG33278
FBpp0084230	FBgn0051099	CG31099
FBpp0288782	FBgn0259098	CG42246
FBpp0309985	FBgn0259098	CG42246
FBpp0081205	FBgn0037430	Osi20
FBpp0077909	FBgn0037020	Pex14
FBpp0085363	FBgn0033052	SCAP
FBpp0292830	FBgn0261993	CG42811
FBpp0075337	FBgn0004593	Eig71Ef
FBpp0079719	FBgn0032282	CG7299
FBpp0307810	FBgn0032282	CG7299
FBpp0087223	FBgn0010357	betaTry
FBpp0311842	FBgn0010357	betaTry
FBpp0289341	FBgn0028856	CG18063
FBpp0289342	FBgn0028856	CG18063
FBpp0289841	FBgn0028856	CG18063
FBpp0297215	FBgn0262836	CG43200
FBpp0088001	FBgn0033214	CG1941
FBpp0308261	FBgn0033214	CG1941
FBpp0308260	FBgn0033214	CG1941
FBpp0308259	FBgn0033214	CG1941
FBpp0078059	FBgn0003042	Pc
FBpp0077568	FBgn0041249	Gr22f
FBpp0086401	FBgn0034062	CG8388
FBpp0290790	FBgn0005536	Mbs
FBpp0290687	FBgn0005536	Mbs
FBpp0423333	FBgn0005536	Mbs
FBpp0290688	FBgn0005536	Mbs
FBpp0305792	FBgn0005536	Mbs
FBpp0111763	FBgn0005536	Mbs
FBpp0300534	FBgn0005536	Mbs
FBpp0300535	FBgn0005536	Mbs
FBpp0111764	FBgn0005536	Mbs
FBpp0423335	FBgn0005536	Mbs
FBpp0075199	FBgn0005536	Mbs
FBpp0111765	FBgn0005536	Mbs
FBpp0423332	FBgn0005536	Mbs
FBpp0300533	FBgn0005536	Mbs
FBpp0300536	FBgn0005536	Mbs
FBpp0423334	FBgn0005536	Mbs
FBpp0300532	FBgn0005536	Mbs
FBpp0423336	FBgn0005536	Mbs
FBpp0085996	FBgn0003140	PpY-55A
FBpp0311209	FBgn0003140	PpY-55A
FBpp0072064	FBgn0034946	CG3065
FBpp0072062	FBgn0034946	CG3065
FBpp0072063	FBgn0034946	CG3065
FBpp0079312	FBgn0027490	D12
FBpp0290556	FBgn0000239	bur
FBpp0310411	FBgn0000239	bur
FBpp0308774	FBgn0039688	Kul
FBpp0308775	FBgn0039688	Kul
FBpp0084826	FBgn0039688	Kul
FBpp0082964	FBgn0038565	CG7794
FBpp0080215	FBgn0005771	noc
FBpp0309705	FBgn0005771	noc
FBpp0304874	FBgn0030051	spirit
FBpp0071175	FBgn0030051	spirit
FBpp0289955	FBgn0030051	spirit
FBpp0071174	FBgn0030051	spirit
FBpp0293499	FBgn0262581	CG43121
FBpp0300444	FBgn0051755	SoYb
FBpp0292885	FBgn0051755	SoYb
FBpp0303089	FBgn0263116	5-HT1B
FBpp0303088	FBgn0263116	5-HT1B
FBpp0085783	FBgn0263116	5-HT1B
FBpp0297866	FBgn0033326	CG14743
FBpp0309051	FBgn0031117	GstT3
FBpp0077002	FBgn0031117	GstT3
FBpp0289447	FBgn0031117	GstT3
FBpp0080477	FBgn0032615	CG6012
FBpp0311599	FBgn0010228	HmgZ
FBpp0071590	FBgn0010228	HmgZ
FBpp0071591	FBgn0010228	HmgZ
FBpp0309731	FBgn0010228	HmgZ
FBpp0304517	FBgn0264362	CG43814
FBpp0297145	FBgn0033673	CG8298
FBpp0087149	FBgn0033673	CG8298
FBpp0099792	FBgn0004050	z
FBpp0070419	FBgn0004050	z
FBpp0303588	FBgn0004050	z
FBpp0080282	FBgn0000317	ck
FBpp0310274	FBgn0000317	ck
FBpp0080283	FBgn0000317	ck
FBpp0310275	FBgn0000317	ck
FBpp0072590	FBgn0011204	cue
FBpp0075110	FBgn0040512	zetaCOP
FBpp0075111	FBgn0040512	zetaCOP
FBpp0075112	FBgn0040512	zetaCOP
FBpp0301205	FBgn0263456	nwk
FBpp0301203	FBgn0263456	nwk
FBpp0304241	FBgn0263456	nwk
FBpp0310645	FBgn0263456	nwk
FBpp0310643	FBgn0263456	nwk
FBpp0301204	FBgn0263456	nwk
FBpp0310644	FBgn0263456	nwk
FBpp0310642	FBgn0263456	nwk
FBpp0310646	FBgn0263456	nwk
FBpp0301207	FBgn0263456	nwk
FBpp0289352	FBgn0064912	CG31178
FBpp0077526	FBgn0031389	CG4259
FBpp0306834	FBgn0031389	CG4259
FBpp0082592	FBgn0038303	SIDL
FBpp0084383	FBgn0042710	Hex-t2
FBpp0083043	FBgn0038569	CG7218
FBpp0310956	FBgn0038569	CG7218
FBpp0084659	FBgn0039585	CG1894
FBpp0086164	FBgn0034186	CG8950
FBpp0297722	FBgn0034186	CG8950
FBpp0074155	FBgn0030813	CG4949
FBpp0309991	FBgn0030813	CG4949
FBpp0085051	FBgn0026190	PH4alphaMP
FBpp0073962	FBgn0026076	UBL3
FBpp0089105	FBgn0026076	UBL3
FBpp0290011	FBgn0026076	UBL3
FBpp0289807	FBgn0037923	CG6813
FBpp0289808	FBgn0037923	CG6813
FBpp0311369	FBgn0037923	CG6813
FBpp0293850	FBgn0053060	CG33060
FBpp0289652	FBgn0083945	CG34109
FBpp0310287	FBgn0085194	CG34165
FBpp0111271	FBgn0085194	CG34165
FBpp0291600	FBgn0032631	CG15140
FBpp0085548	FBgn0034541	CG13437
FBpp0310252	FBgn0028541	TM9SF4
FBpp0080109	FBgn0028541	TM9SF4
FBpp0080063	FBgn0032485	CG9426
FBpp0308391	FBgn0033249	CG11191
FBpp0087944	FBgn0033249	CG11191
FBpp0309575	FBgn0265834	CG44623
FBpp0311647	FBgn0266845	CG45307
FBpp0306260	FBgn0264750	CG44008
FBpp0310819	FBgn0264750	CG44008
FBpp0289531	FBgn0259957	CG42467
FBpp0312594	FBgn0040609	CG3348
FBpp0084542	FBgn0040609	CG3348
FBpp0303141	FBgn0039536	unc80
FBpp0303144	FBgn0039536	unc80
FBpp0303143	FBgn0039536	unc80
FBpp0303142	FBgn0039536	unc80
FBpp0303145	FBgn0039536	unc80
FBpp0307166	FBgn0026479	Drp1
FBpp0077424	FBgn0026479	Drp1
FBpp0081426	FBgn0037623	CG9801
FBpp0088976	FBgn0037623	CG9801
FBpp0081427	FBgn0037623	CG9801
FBpp0070282	FBgn0052808	CG32808
FBpp0084616	FBgn0039555	mRpS22
FBpp0292793	FBgn0036923	CG17732
FBpp0075940	FBgn0036133	emei
FBpp0084357	FBgn0039395	CG14546
FBpp0071999	FBgn0034901	CG11300
FBpp0078061	FBgn0037070	CG11309
FBpp0311813	FBgn0037070	CG11309
FBpp0304183	FBgn0037070	CG11309
FBpp0302829	FBgn0037070	CG11309
FBpp0078060	FBgn0037070	CG11309
FBpp0302828	FBgn0037070	CG11309
FBpp0303040	FBgn0034389	Mctp
FBpp0110270	FBgn0034389	Mctp
FBpp0311864	FBgn0034389	Mctp
FBpp0303039	FBgn0034389	Mctp
FBpp0312419	FBgn0034389	Mctp
FBpp0110271	FBgn0034389	Mctp
FBpp0308536	FBgn0033500	Csgalnact
FBpp0087424	FBgn0033500	Csgalnact
FBpp0074321	FBgn0030900	Him
FBpp0304728	FBgn0020503	CLIP-190
FBpp0080528	FBgn0020503	CLIP-190
FBpp0288701	FBgn0020503	CLIP-190
FBpp0290657	FBgn0020503	CLIP-190
FBpp0304727	FBgn0020503	CLIP-190
FBpp0080530	FBgn0020503	CLIP-190
FBpp0080529	FBgn0020503	CLIP-190
FBpp0304724	FBgn0020503	CLIP-190
FBpp0304725	FBgn0020503	CLIP-190
FBpp0308841	FBgn0020503	CLIP-190
FBpp0288702	FBgn0020503	CLIP-190
FBpp0290656	FBgn0020503	CLIP-190
FBpp0304726	FBgn0020503	CLIP-190
FBpp0428168	FBgn0020503	CLIP-190
FBpp0290655	FBgn0020503	CLIP-190
FBpp0072346	FBgn0035050	SiaT
FBpp0072347	FBgn0035050	SiaT
FBpp0080137	FBgn0028938	Vajk1
FBpp0292115	FBgn0028938	Vajk1
FBpp0070407	FBgn0023550	FarO
FBpp0294059	FBgn0250871	pot
FBpp0073431	FBgn0250871	pot
FBpp0073432	FBgn0250871	pot
FBpp0088095	FBgn0033128	Tsp42Eg
FBpp0297404	FBgn0037556	CG9636
FBpp0081302	FBgn0037556	CG9636
FBpp0111673	FBgn0085484	Pdxk
FBpp0074662	FBgn0028695	Rpn1
FBpp0086834	FBgn0033834	CG4744
FBpp0303876	FBgn0085294	CG34265
FBpp0312016	FBgn0267105	CG45545
FBpp0293860	FBgn0050345	CG30345
FBpp0071121	FBgn0030033	CG1387
FBpp0081187	FBgn0004777	Ccp84Ag
FBpp0312024	FBgn0031782	WDR79
FBpp0305599	FBgn0031782	WDR79
FBpp0083102	FBgn0038642	Muc91C
FBpp0311446	FBgn0038642	Muc91C
FBpp0084915	FBgn0039733	CG11504
FBpp0084914	FBgn0039733	CG11504
FBpp0084913	FBgn0039733	CG11504
FBpp0089410	FBgn0037475	Fer1
FBpp0306731	FBgn0037475	Fer1
FBpp0083314	FBgn0038803	CG5191
FBpp0083312	FBgn0038803	CG5191
FBpp0083316	FBgn0038803	CG5191
FBpp0083315	FBgn0038803	CG5191
FBpp0311408	FBgn0038803	CG5191
FBpp0083313	FBgn0038803	CG5191
FBpp0083732	FBgn0051281	Tpl94D
FBpp0301798	FBgn0051281	Tpl94D
FBpp0087562	FBgn0033451	Marc
FBpp0085514	FBgn0022960	vimar
FBpp0089175	FBgn0022960	vimar
FBpp0073892	FBgn0030642	CG15642
FBpp0312003	FBgn0030642	CG15642
FBpp0099816	FBgn0027101	Dyrk3
FBpp0099818	FBgn0027101	Dyrk3
FBpp0099820	FBgn0027101	Dyrk3
FBpp0292964	FBgn0261811	pico
FBpp0292965	FBgn0261811	pico
FBpp0074574	FBgn0261811	pico
FBpp0074573	FBgn0261811	pico
FBpp0307980	FBgn0037807	CG6293
FBpp0081718	FBgn0037807	CG6293
FBpp0079710	FBgn0027868	Nup107
FBpp0301153	FBgn0010341	Cdc42
FBpp0074520	FBgn0010341	Cdc42
FBpp0301154	FBgn0010341	Cdc42
FBpp0071323	FBgn0030157	CG1468
FBpp0087482	FBgn0033473	CG12128
FBpp0087481	FBgn0033473	CG12128
FBpp0306667	FBgn0011581	Ms
FBpp0083991	FBgn0011581	Ms
FBpp0312058	FBgn0011581	Ms
FBpp0289640	FBgn0036993	CG5910
FBpp0077853	FBgn0036993	CG5910
FBpp0072129	FBgn0034925	CG5339
FBpp0309124	FBgn0040319	Gclc
FBpp0071063	FBgn0040319	Gclc
FBpp0089361	FBgn0040319	Gclc
FBpp0309125	FBgn0040319	Gclc
FBpp0306506	FBgn0038492	Mur89F
FBpp0306505	FBgn0038492	Mur89F
FBpp0088048	FBgn0033178	CG11127
FBpp0423067	FBgn0052985	CG32985
FBpp0293948	FBgn0028685	Rpt4
FBpp0080628	FBgn0032692	IFT46
FBpp0083100	FBgn0038646	CG7715
FBpp0300640	FBgn0023531	CG32809
FBpp0300643	FBgn0023531	CG32809
FBpp0300641	FBgn0023531	CG32809
FBpp0300642	FBgn0023531	CG32809
FBpp0305330	FBgn0023531	CG32809
FBpp0305329	FBgn0023531	CG32809
FBpp0088755	FBgn0023531	CG32809
FBpp0088756	FBgn0023531	CG32809
FBpp0303434	FBgn0023531	CG32809
FBpp0305331	FBgn0023531	CG32809
FBpp0305328	FBgn0023531	CG32809
FBpp0291666	FBgn0010549	l(2)03659
FBpp0305214	FBgn0010549	l(2)03659
FBpp0305752	FBgn0036551	CG17029
FBpp0075269	FBgn0036551	CG17029
FBpp0079995	FBgn0040509	ACXB
FBpp0072837	FBgn0035344	Cyp4d20
FBpp0306637	FBgn0039234	Nct
FBpp0297224	FBgn0039234	Nct
FBpp0291079	FBgn0039234	Nct
FBpp0084083	FBgn0039234	Nct
FBpp0075224	FBgn0036598	CG4982
FBpp0073963	FBgn0014391	sun
FBpp0073964	FBgn0014391	sun
FBpp0290781	FBgn0260868	CG42578
FBpp0073835	FBgn0030630	CG12608
FBpp0070095	FBgn0011822	Pgcl
FBpp0081149	FBgn0037468	CG1943
FBpp0306729	FBgn0037468	CG1943
FBpp0081150	FBgn0037468	CG1943
FBpp0081151	FBgn0037468	CG1943
FBpp0078392	FBgn0261004	asl
FBpp0083052	FBgn0038627	CG7694
FBpp0288650	FBgn0038627	CG7694
FBpp0310695	FBgn0038627	CG7694
FBpp0084912	FBgn0039731	Sas-6
FBpp0085550	FBgn0034545	CG13438
FBpp0307924	FBgn0283652	Rpp30
FBpp0077802	FBgn0283652	Rpp30
FBpp0288885	FBgn0259164	CG42269
FBpp0083194	FBgn0038719	CG16727
FBpp0086955	FBgn0011604	Iswi
FBpp0086956	FBgn0011604	Iswi
FBpp0086954	FBgn0011604	Iswi
FBpp0312361	FBgn0267428	DIP-lambda
FBpp0304507	FBgn0027568	Cand1
FBpp0079643	FBgn0027568	Cand1
FBpp0075697	FBgn0036301	CG4069
FBpp0081447	FBgn0037656	CG11986
FBpp0085662	FBgn0034457	Ir56c
FBpp0083413	FBgn0015790	Rab11
FBpp0083414	FBgn0015790	Rab11
FBpp0080537	FBgn0032644	CG5131
FBpp0301572	FBgn0026259	eIF5B
FBpp0301570	FBgn0026259	eIF5B
FBpp0073003	FBgn0026259	eIF5B
FBpp0301571	FBgn0026259	eIF5B
FBpp0301573	FBgn0026259	eIF5B
FBpp0099838	FBgn0052270	CG32270
FBpp0288762	FBgn0002931	net
FBpp0303487	FBgn0002931	net
FBpp0071440	FBgn0001206	Hmr
FBpp0073038	FBgn0015585	Acp63F
FBpp0312380	FBgn0015585	Acp63F
FBpp0111581	FBgn0085433	CG34404
FBpp0111579	FBgn0085433	CG34404
FBpp0428226	FBgn0085433	CG34404
FBpp0084556	FBgn0046887	Gr98b
FBpp0310944	FBgn0266534	CG45095
FBpp0087771	FBgn0033307	CG14752
FBpp0075712	FBgn0036285	toe
FBpp0304397	FBgn0036285	toe
FBpp0077855	FBgn0036997	Tdh
FBpp0301609	FBgn0004646	ogre
FBpp0070996	FBgn0004646	ogre
FBpp0306903	FBgn0004646	ogre
FBpp0070995	FBgn0004646	ogre
FBpp0301608	FBgn0004646	ogre
FBpp0301607	FBgn0004646	ogre
FBpp0078549	FBgn0037235	CG1103
FBpp0110463	FBgn0037235	CG1103
FBpp0271806	FBgn0050108	CG30108
FBpp0079549	FBgn0032192	CG5731
FBpp0083125	FBgn0038674	CG14285
FBpp0309870	FBgn0050265	CG30265
FBpp0071802	FBgn0050265	CG30265
FBpp0079983	FBgn0032457	CG15483
FBpp0079109	FBgn0003961	Uro
FBpp0085543	FBgn0034532	CG13436
FBpp0079496	FBgn0032157	Etl1
FBpp0079777	FBgn0011676	Nos
FBpp0099926	FBgn0011676	Nos
FBpp0310415	FBgn0011676	Nos
FBpp0303498	FBgn0086855	CG17078
FBpp0290028	FBgn0086855	CG17078
FBpp0303499	FBgn0086855	CG17078
FBpp0303500	FBgn0086855	CG17078
FBpp0073175	FBgn0035563	CG13716
FBpp0301077	FBgn0033958	jef
FBpp0086605	FBgn0033958	jef
FBpp0300895	FBgn0263987	spoon
FBpp0070760	FBgn0263987	spoon
FBpp0070761	FBgn0263987	spoon
FBpp0300894	FBgn0263987	spoon
FBpp0082344	FBgn0038186	CG14362
FBpp0075434	FBgn0036437	Dnaaf6
FBpp0074518	FBgn0004057	Zw
FBpp0074517	FBgn0004057	Zw
FBpp0309476	FBgn0004057	Zw
FBpp0087156	FBgn0050036	CG30036
FBpp0077747	FBgn0015924	crq
FBpp0303675	FBgn0015924	crq
FBpp0293283	FBgn0015924	crq
FBpp0303674	FBgn0015924	crq
FBpp0077748	FBgn0015924	crq
FBpp0084775	FBgn0039651	Cyt-c1L
FBpp0070764	FBgn0029756	CG3309
FBpp0311143	FBgn0029756	CG3309
FBpp0088132	FBgn0016126	CaMKI
FBpp0305826	FBgn0016126	CaMKI
FBpp0088136	FBgn0016126	CaMKI
FBpp0088138	FBgn0016126	CaMKI
FBpp0088134	FBgn0016126	CaMKI
FBpp0087704	FBgn0086656	shrb
FBpp0073084	FBgn0035517	CG1265
FBpp0300672	FBgn0037728	p23
FBpp0081560	FBgn0037728	p23
FBpp0070772	FBgn0029795	CG15773
FBpp0300796	FBgn0029795	CG15773
FBpp0088104	FBgn0016032	lbm
FBpp0307822	FBgn0016032	lbm
FBpp0077148	FBgn0031602	CG15431
FBpp0303853	FBgn0031602	CG15431
FBpp0070059	FBgn0027588	GCS2alpha
FBpp0070060	FBgn0027588	GCS2alpha
FBpp0070057	FBgn0027588	GCS2alpha
FBpp0070058	FBgn0027588	GCS2alpha
FBpp0070061	FBgn0027588	GCS2alpha
FBpp0076840	FBgn0029118	ScsbetaG
FBpp0311088	FBgn0029118	ScsbetaG
FBpp0292360	FBgn0030340	CG15740
FBpp0087518	FBgn0010385	Def
FBpp0401556	FBgn0283503	Neurl4
FBpp0309425	FBgn0265630	sno
FBpp0309424	FBgn0265630	sno
FBpp0289131	FBgn0259238	CG42336
FBpp0289132	FBgn0259238	CG42336
FBpp0289134	FBgn0259238	CG42336
FBpp0289133	FBgn0259238	CG42336
FBpp0292256	FBgn0259238	CG42336
FBpp0081800	FBgn0022359	Sodh2
FBpp0079122	FBgn0031940	CG7214
FBpp0075930	FBgn0036116	CG7888
FBpp0075931	FBgn0036116	CG7888
FBpp0075929	FBgn0036116	CG7888
FBpp0083577	FBgn0038929	CG13408
FBpp0291643	FBgn0026619	Taz
FBpp0086975	FBgn0026619	Taz
FBpp0086977	FBgn0026619	Taz
FBpp0086976	FBgn0026619	Taz
FBpp0089405	FBgn0002914	Myb
FBpp0089402	FBgn0002914	Myb
FBpp0073961	FBgn0002914	Myb
FBpp0089403	FBgn0002914	Myb
FBpp0078247	FBgn0037415	Osi8
FBpp0072151	FBgn0010278	Ssrp
FBpp0080224	FBgn0028855	CG15282
FBpp0310286	FBgn0028855	CG15282
FBpp0292072	FBgn0028855	CG15282
FBpp0311458	FBgn0004404	RpS14b
FBpp0071052	FBgn0004404	RpS14b
FBpp0080039	FBgn0032499	Uvrag
FBpp0306888	FBgn0032499	Uvrag
FBpp0083395	FBgn0027493	Adss
FBpp0076646	FBgn0035724	CG10064
FBpp0078990	FBgn0031876	Atac1
FBpp0071327	FBgn0030160	CG9691
FBpp0071326	FBgn0030160	CG9691
FBpp0076029	FBgn0036078	Or67c
FBpp0297648	FBgn0262960	CG43271
FBpp0311580	FBgn0262960	CG43271
FBpp0297650	FBgn0262960	CG43271
FBpp0297649	FBgn0262960	CG43271
FBpp0080981	FBgn0032888	CheB38c
FBpp0072813	FBgn0035357	MEP-1
FBpp0072810	FBgn0035357	MEP-1
FBpp0072808	FBgn0035357	MEP-1
FBpp0072812	FBgn0035357	MEP-1
FBpp0072809	FBgn0035357	MEP-1
FBpp0288779	FBgn0035357	MEP-1
FBpp0072811	FBgn0035357	MEP-1
FBpp0290663	FBgn0061492	loj
FBpp0290662	FBgn0061492	loj
FBpp0290661	FBgn0061492	loj
FBpp0308354	FBgn0051108	TTLL5
FBpp0084177	FBgn0051108	TTLL5
FBpp0071559	FBgn0034590	Magi
FBpp0309676	FBgn0034590	Magi
FBpp0309675	FBgn0034590	Magi
FBpp0075188	FBgn0036609	CG13039
FBpp0298285	FBgn0003159	CG2841
FBpp0070387	FBgn0003159	CG2841
FBpp0070388	FBgn0003159	CG2841
FBpp0310194	FBgn0003159	CG2841
FBpp0070386	FBgn0003159	CG2841
FBpp0298286	FBgn0003159	CG2841
FBpp0308630	FBgn0031522	CG3285
FBpp0077274	FBgn0031522	CG3285
FBpp0303151	FBgn0052407	CG32407
FBpp0076740	FBgn0052407	CG32407
FBpp0306399	FBgn0264753	Rgk1
FBpp0306397	FBgn0264753	Rgk1
FBpp0306398	FBgn0264753	Rgk1
FBpp0078710	FBgn0016660	H15
FBpp0309914	FBgn0016660	H15
FBpp0083709	FBgn0040588	CG13841
FBpp0312342	FBgn0040588	CG13841
FBpp0082602	FBgn0038345	maca
FBpp0311804	FBgn0040732	CG16926
FBpp0085687	FBgn0040732	CG16926
FBpp0309846	FBgn0030480	Tim9a
FBpp0073606	FBgn0030480	Tim9a
FBpp0310750	FBgn0041188	Atx2
FBpp0082556	FBgn0041188	Atx2
FBpp0082555	FBgn0041188	Atx2
FBpp0078190	FBgn0037183	CG14451
FBpp0076738	FBgn0052409	CG32409
FBpp0311305	FBgn0261641	CG42724
FBpp0292135	FBgn0261641	CG42724
FBpp0292136	FBgn0261641	CG42724
FBpp0311306	FBgn0261641	CG42724
FBpp0292137	FBgn0261641	CG42724
FBpp0292139	FBgn0261641	CG42724
FBpp0306612	FBgn0261641	CG42724
FBpp0077356	FBgn0031489	CG17224
FBpp0290039	FBgn0031489	CG17224
FBpp0304019	FBgn0031489	CG17224
FBpp0077355	FBgn0031489	CG17224
FBpp0075356	FBgn0036503	CG13454
FBpp0288426	FBgn0015519	nAChRalpha3
FBpp0308714	FBgn0015519	nAChRalpha3
FBpp0070200	FBgn0004650	fs(1)N
FBpp0297408	FBgn0262891	CG43246
FBpp0074825	FBgn0000261	Cat
FBpp0309523	FBgn0030159	CG9689
FBpp0071325	FBgn0030159	CG9689
FBpp0312608	FBgn0086679	p
FBpp0081373	FBgn0086679	p
FBpp0312607	FBgn0086679	p
FBpp0289611	FBgn0283531	Duox
FBpp0307132	FBgn0283531	Duox
FBpp0084404	FBgn0051080	TwdlH
FBpp0081652	FBgn0037780	ohgt
FBpp0309257	FBgn0030310	PGRP-SA
FBpp0073358	FBgn0030310	PGRP-SA
FBpp0290125	FBgn0035642	CG18586
FBpp0303952	FBgn0035642	CG18586
FBpp0072436	FBgn0035102	CG7049
FBpp0078272	FBgn0037396	CtsL3
FBpp0310707	FBgn0037396	CtsL3
FBpp0080098	FBgn0032523	CG16956
FBpp0304515	FBgn0032083	CG9541
FBpp0304516	FBgn0032083	CG9541
FBpp0074782	FBgn0036861	CG14089
FBpp0303977	FBgn0267350	Pi4KIIIalpha
FBpp0297987	FBgn0267350	Pi4KIIIalpha
FBpp0300970	FBgn0036820	Grx1
FBpp0074830	FBgn0036820	Grx1
FBpp0073301	FBgn0030278	CG15200
FBpp0074034	FBgn0030724	Nipsnap
FBpp0074035	FBgn0030724	Nipsnap
FBpp0310192	FBgn0030724	Nipsnap
FBpp0074036	FBgn0030724	Nipsnap
FBpp0086630	FBgn0026427	Su(var)2-HP2
FBpp0086631	FBgn0026427	Su(var)2-HP2
FBpp0300647	FBgn0002873	mud
FBpp0300645	FBgn0002873	mud
FBpp0300644	FBgn0002873	mud
FBpp0304867	FBgn0002873	mud
FBpp0300648	FBgn0002873	mud
FBpp0304868	FBgn0002873	mud
FBpp0300646	FBgn0002873	mud
FBpp0311269	FBgn0000253	Cam
FBpp0087110	FBgn0000253	Cam
FBpp0087109	FBgn0000253	Cam
FBpp0293503	FBgn0000253	Cam
FBpp0293502	FBgn0000253	Cam
FBpp0309895	FBgn0034860	CG9812
FBpp0297280	FBgn0034860	CG9812
FBpp0071934	FBgn0034860	CG9812
FBpp0071979	FBgn0015903	apt
FBpp0071978	FBgn0015903	apt
FBpp0305146	FBgn0015903	apt
FBpp0071976	FBgn0015903	apt
FBpp0071977	FBgn0015903	apt
FBpp0071975	FBgn0015903	apt
FBpp0423273	FBgn0052602	Muc12Ea
FBpp0081885	FBgn0037910	CG14708
FBpp0293537	FBgn0040682	CG14664
FBpp0306929	FBgn0040682	CG14664
FBpp0311974	FBgn0040682	CG14664
FBpp0084871	FBgn0039727	Vps13B
FBpp0290049	FBgn0039727	Vps13B
FBpp0291674	FBgn0033391	CG8026
FBpp0087692	FBgn0033391	CG8026
FBpp0291673	FBgn0033391	CG8026
FBpp0292958	FBgn0033889	CG6701
FBpp0292959	FBgn0033889	CG6701
FBpp0292960	FBgn0033889	CG6701
FBpp0308979	FBgn0033889	CG6701
FBpp0085819	FBgn0034392	MFS15
FBpp0085818	FBgn0034392	MFS15
FBpp0309669	FBgn0004959	phtm
FBpp0074374	FBgn0004959	phtm
FBpp0290701	FBgn0038976	Pfdn5
FBpp0083650	FBgn0038976	Pfdn5
FBpp0080509	FBgn0026150	ApepP
FBpp0293470	FBgn0026150	ApepP
FBpp0083564	FBgn0038903	Polr1H
FBpp0084284	FBgn0039381	SppL
FBpp0310535	FBgn0039381	SppL
FBpp0084283	FBgn0039381	SppL
FBpp0290044	FBgn0039381	SppL
FBpp0290043	FBgn0039381	SppL
FBpp0084285	FBgn0039381	SppL
FBpp0079256	FBgn0031992	Acbp1
FBpp0312113	FBgn0031992	Acbp1
FBpp0071071	FBgn0029994	Ldsdh1
FBpp0311737	FBgn0264488	CG43896
FBpp0305040	FBgn0264488	CG43896
FBpp0305039	FBgn0264488	CG43896
FBpp0075501	FBgn0036389	ssp2
FBpp0312225	FBgn0036389	ssp2
FBpp0111437	FBgn0085352	CG34323
FBpp0074250	FBgn0030863	CG8188
FBpp0309497	FBgn0030863	CG8188
FBpp0099891	FBgn0030863	CG8188
FBpp0312005	FBgn0030863	CG8188
FBpp0306721	FBgn0286516	aqz
FBpp0306722	FBgn0286516	aqz
FBpp0081413	FBgn0286516	aqz
FBpp0081414	FBgn0286516	aqz
FBpp0088144	FBgn0040324	Ephrin
FBpp0088146	FBgn0040324	Ephrin
FBpp0088145	FBgn0040324	Ephrin
FBpp0308396	FBgn0033368	CG13743
FBpp0087743	FBgn0033368	CG13743
FBpp0300980	FBgn0033368	CG13743
FBpp0076621	FBgn0035741	BBS1
FBpp0293824	FBgn0262607	CG43133
FBpp0306656	FBgn0021750	SerRS-m
FBpp0082542	FBgn0021750	SerRS-m
FBpp0308395	FBgn0033369	CG8197
FBpp0087742	FBgn0033369	CG8197
FBpp0309740	FBgn0030801	Polr3I
FBpp0074115	FBgn0030801	Polr3I
FBpp0086205	FBgn0034177	AsnRS-m
FBpp0081212	FBgn0267698	Pak
FBpp0081213	FBgn0267698	Pak
FBpp0306611	FBgn0267698	Pak
FBpp0306609	FBgn0267698	Pak
FBpp0306608	FBgn0267698	Pak
FBpp0081211	FBgn0267698	Pak
FBpp0306610	FBgn0267698	Pak
FBpp0306606	FBgn0267698	Pak
FBpp0306607	FBgn0267698	Pak
FBpp0099483	FBgn0034416	CG15109
FBpp0288843	FBgn0034416	CG15109
FBpp0085758	FBgn0034416	CG15109
FBpp0070968	FBgn0052736	sloth1
FBpp0070967	FBgn0052736	sloth1
FBpp0310302	FBgn0002524	lace
FBpp0080297	FBgn0002524	lace
FBpp0080541	FBgn0032654	CG15147
FBpp0084277	FBgn0039374	CG17770
FBpp0072736	FBgn0002872	mu2
FBpp0072735	FBgn0002872	mu2
FBpp0290680	FBgn0002872	mu2
FBpp0291909	FBgn0261564	ReepA
FBpp0311309	FBgn0261564	ReepA
FBpp0291911	FBgn0261564	ReepA
FBpp0310602	FBgn0261564	ReepA
FBpp0291906	FBgn0261564	ReepA
FBpp0291908	FBgn0261564	ReepA
FBpp0291912	FBgn0261564	ReepA
FBpp0311307	FBgn0261564	ReepA
FBpp0307678	FBgn0261564	ReepA
FBpp0311308	FBgn0261564	ReepA
FBpp0291907	FBgn0261564	ReepA
FBpp0291913	FBgn0261564	ReepA
FBpp0291910	FBgn0261564	ReepA
FBpp0305113	FBgn0029895	CG14441
FBpp0305115	FBgn0029895	CG14441
FBpp0070920	FBgn0029895	CG14441
FBpp0305114	FBgn0029895	CG14441
FBpp0070069	FBgn0029521	Or1a
FBpp0111961	FBgn0033165	CG11113
FBpp0080506	FBgn0032626	CG12620
FBpp0304527	FBgn0032626	CG12620
FBpp0289943	FBgn0033474	CG1407
FBpp0308507	FBgn0033474	CG1407
FBpp0087522	FBgn0033474	CG1407
FBpp0308506	FBgn0033474	CG1407
FBpp0087521	FBgn0033474	CG1407
FBpp0308508	FBgn0033474	CG1407
FBpp0303357	FBgn0033474	CG1407
FBpp0072579	FBgn0028567	robl62A
FBpp0304901	FBgn0028567	robl62A
FBpp0288414	FBgn0038273	CG14860
FBpp0077858	FBgn0036999	isoQC
FBpp0077857	FBgn0036999	isoQC
FBpp0086393	FBgn0034073	CG8414
FBpp0292295	FBgn0037477	CG14610
FBpp0078514	FBgn0037283	CG14658
FBpp0304975	FBgn0019662	qm
FBpp0291255	FBgn0019662	qm
FBpp0076557	FBgn0019662	qm
FBpp0075371	FBgn0036492	Best3
FBpp0074953	FBgn0052182	CG32182
FBpp0085195	FBgn0039869	Tbca
FBpp0304787	FBgn0264433	CG43851
FBpp0070462	FBgn0000928	fs(1)Yb
FBpp0084632	FBgn0051253	CG31253
FBpp0083022	FBgn0038593	Vps39
FBpp0311877	FBgn0086384	Mer
FBpp0074523	FBgn0086384	Mer
FBpp0309501	FBgn0031229	CG3436
FBpp0077778	FBgn0031229	CG3436
FBpp0072484	FBgn0035169	Dci
FBpp0428273	FBgn0287598	CG46467
FBpp0112160	FBgn0261984	Ire1
FBpp0071957	FBgn0034838	CG12782
FBpp0304556	FBgn0263197	Patronin
FBpp0304551	FBgn0263197	Patronin
FBpp0304554	FBgn0263197	Patronin
FBpp0304552	FBgn0263197	Patronin
FBpp0289830	FBgn0263197	Patronin
FBpp0304555	FBgn0263197	Patronin
FBpp0304553	FBgn0263197	Patronin
FBpp0086105	FBgn0263197	Patronin
FBpp0086106	FBgn0263197	Patronin
FBpp0086104	FBgn0263197	Patronin
FBpp0271955	FBgn0263197	Patronin
FBpp0271954	FBgn0263197	Patronin
FBpp0304550	FBgn0263197	Patronin
FBpp0080274	FBgn0028516	ZnT35C
FBpp0080275	FBgn0028516	ZnT35C
FBpp0308002	FBgn0028895	CG17328
FBpp0080387	FBgn0028895	CG17328
FBpp0084328	FBgn0002734	E(spl)mdelta-HLH
FBpp0086756	FBgn0033869	Cpr50Cb
FBpp0302900	FBgn0034249	RhoGAP54D
FBpp0086058	FBgn0034249	RhoGAP54D
FBpp0070499	FBgn0002933	ng1
FBpp0073483	FBgn0030394	Cpr11A
FBpp0111448	FBgn0263829	CG34334
FBpp0070539	FBgn0029639	CG14419
FBpp0086895	FBgn0000181	bic
FBpp0086896	FBgn0000181	bic
FBpp0082451	FBgn0038261	CG14856
FBpp0303361	FBgn0263998	Ack-like
FBpp0303364	FBgn0263998	Ack-like
FBpp0303362	FBgn0263998	Ack-like
FBpp0303363	FBgn0263998	Ack-like
FBpp0072571	FBgn0035209	msd1
FBpp0081654	FBgn0037783	Npc2c
FBpp0077369	FBgn0051694	Ifrd1
FBpp0072120	FBgn0263006	SERCA
FBpp0072126	FBgn0263006	SERCA
FBpp0072124	FBgn0263006	SERCA
FBpp0072125	FBgn0263006	SERCA
FBpp0072123	FBgn0263006	SERCA
FBpp0072122	FBgn0263006	SERCA
FBpp0309946	FBgn0263006	SERCA
FBpp0072121	FBgn0263006	SERCA
FBpp0072127	FBgn0263006	SERCA
FBpp0080364	FBgn0013433	beat-Ia
FBpp0310300	FBgn0013433	beat-Ia
FBpp0423413	FBgn0286931	CG46428
FBpp0423297	FBgn0286931	CG46428
FBpp0080121	FBgn0026373	Polr2C
FBpp0401439	FBgn0283433	SdicB
FBpp0082858	FBgn0038481	CG17475
FBpp0311977	FBgn0038481	CG17475
FBpp0304007	FBgn0032850	Kua
FBpp0080868	FBgn0032850	Kua
FBpp0292322	FBgn0032850	Kua
FBpp0304006	FBgn0032850	Kua
FBpp0288794	FBgn0032797	Hasp
FBpp0080819	FBgn0032797	Hasp
FBpp0291317	FBgn0032797	Hasp
FBpp0291318	FBgn0032797	Hasp
FBpp0080818	FBgn0032797	Hasp
FBpp0288483	FBgn0036875	CG9449
FBpp0311367	FBgn0036875	CG9449
FBpp0311368	FBgn0036875	CG9449
FBpp0305980	FBgn0036875	CG9449
FBpp0288482	FBgn0036875	CG9449
FBpp0305981	FBgn0036875	CG9449
FBpp0292340	FBgn0052448	CG32448
FBpp0288686	FBgn0052448	CG32448
FBpp0291006	FBgn0085638	CG41378
FBpp0306956	FBgn0085638	CG41378
FBpp0291005	FBgn0085638	CG41378
FBpp0291004	FBgn0085638	CG41378
FBpp0080197	FBgn0028916	CG33090
FBpp0310266	FBgn0028916	CG33090
FBpp0310264	FBgn0028916	CG33090
FBpp0310265	FBgn0028916	CG33090
FBpp0071503	FBgn0261850	Xpd
FBpp0304806	FBgn0051475	myd
FBpp0083149	FBgn0051475	myd
FBpp0073057	FBgn0052255	Gr64f
FBpp0312362	FBgn0038202	CG12402
FBpp0082374	FBgn0038202	CG12402
FBpp0303114	FBgn0038202	CG12402
FBpp0302540	FBgn0263742	CG43667
FBpp0297773	FBgn0263078	CG43339
FBpp0310366	FBgn0263078	CG43339
FBpp0310779	FBgn0047199	CG31517
FBpp0082327	FBgn0047199	CG31517
FBpp0310731	FBgn0266409	CG45049
FBpp0310734	FBgn0266409	CG45049
FBpp0310733	FBgn0266409	CG45049
FBpp0310732	FBgn0266409	CG45049
FBpp0310735	FBgn0266409	CG45049
FBpp0301725	FBgn0031268	cold
FBpp0077729	FBgn0031268	cold
FBpp0083997	FBgn0053341	CG33341
FBpp0082774	FBgn0038420	CG10311
FBpp0311397	FBgn0038420	CG10311
FBpp0072886	FBgn0035371	AhcyL1
FBpp0293051	FBgn0259233	CG42331
FBpp0289121	FBgn0259233	CG42331
FBpp0289120	FBgn0259233	CG42331
FBpp0077114	FBgn0000227	Elba1
FBpp0087680	FBgn0026326	Mad1
FBpp0310542	FBgn0266364	CG45012
FBpp0074792	FBgn0036843	Sfxn2
FBpp0308219	FBgn0265174	PIG-V
FBpp0308217	FBgn0265174	PIG-V
FBpp0308218	FBgn0265174	PIG-V
FBpp0308659	FBgn0033705	CG13168
FBpp0087107	FBgn0033705	CG13168
FBpp0087106	FBgn0033705	CG13168
FBpp0308247	FBgn0265192	Snp
FBpp0308244	FBgn0265192	Snp
FBpp0308246	FBgn0265192	Snp
FBpp0308245	FBgn0265192	Snp
FBpp0074565	FBgn0026174	SkpD
FBpp0083702	FBgn0039019	HP1c
FBpp0089407	FBgn0026388	Or46a
FBpp0089408	FBgn0026388	Or46a
FBpp0088368	FBgn0025885	Inos
FBpp0087782	FBgn0050354	UQCR-11L
FBpp0305217	FBgn0050354	UQCR-11L
FBpp0080419	FBgn0020414	Idgf3
FBpp0309719	FBgn0020414	Idgf3
FBpp0080420	FBgn0020414	Idgf3
FBpp0080421	FBgn0020414	Idgf3
FBpp0077714	FBgn0003278	Polr1B
FBpp0290029	FBgn0043825	CG18284
FBpp0308275	FBgn0043825	CG18284
FBpp0091082	FBgn0053836	His3:CG33836
FBpp0085393	FBgn0033038	CG7791
FBpp0071684	FBgn0034707	MED16
FBpp0423184	FBgn0264954	fd3F
FBpp0307179	FBgn0264954	fd3F
FBpp0308760	FBgn0265416	Neto
FBpp0308759	FBgn0265416	Neto
FBpp0077544	FBgn0031351	CG14352
FBpp0071017	FBgn0052726	CG32726
FBpp0309984	FBgn0052726	CG32726
FBpp0288670	FBgn0283499	InR
FBpp0288671	FBgn0283499	InR
FBpp0288669	FBgn0283499	InR
FBpp0083519	FBgn0283499	InR
FBpp0080548	FBgn0032645	CG15142
FBpp0084503	FBgn0039486	CAH9
FBpp0075008	FBgn0036709	Or74a
FBpp0073720	FBgn0030554	Dus2
FBpp0308524	FBgn0030554	Dus2
FBpp0087230	FBgn0033627	CG13204
FBpp0087229	FBgn0033627	CG13204
FBpp0087467	FBgn0033461	CG12923
FBpp0304286	FBgn0033461	CG12923
FBpp0074431	FBgn0030959	CG6961
FBpp0312563	FBgn0267592	CCY
FBpp0078925	FBgn0286898	Tango1
FBpp0310403	FBgn0286898	Tango1
FBpp0292316	FBgn0286898	Tango1
FBpp0305210	FBgn0033167	CG1701
FBpp0111962	FBgn0033167	CG1701
FBpp0289336	FBgn0038214	CG9616
FBpp0081344	FBgn0040529	COX7A
FBpp0296960	FBgn0040529	COX7A
FBpp0085460	FBgn0042083	Mccc2
FBpp0304586	FBgn0031169	CG1494
FBpp0304585	FBgn0031169	CG1494
FBpp0290709	FBgn0003016	osp
FBpp0290710	FBgn0003016	osp
FBpp0290711	FBgn0003016	osp
FBpp0112957	FBgn0003016	osp
FBpp0073609	FBgn0030484	GstT4
FBpp0080845	FBgn0044811	TotF
FBpp0087796	FBgn0050356	CG30356
FBpp0111643	FBgn0085459	CG34430
FBpp0293421	FBgn0262537	CG43091
FBpp0071418	FBgn0052685	ZAP3
FBpp0300808	FBgn0052685	ZAP3
FBpp0300806	FBgn0052685	ZAP3
FBpp0300807	FBgn0052685	ZAP3
FBpp0311465	FBgn0011642	Zyx
FBpp0088278	FBgn0011642	Zyx
FBpp0301616	FBgn0011642	Zyx
FBpp0088275	FBgn0011642	Zyx
FBpp0088274	FBgn0011642	Zyx
FBpp0312184	FBgn0085279	CG34250
FBpp0111359	FBgn0085279	CG34250
FBpp0074130	FBgn0030787	CG9609
FBpp0303611	FBgn0045064	bwa
FBpp0080863	FBgn0045064	bwa
FBpp0312373	FBgn0053082	Rpp21
FBpp0070169	FBgn0053082	Rpp21
FBpp0099493	FBgn0033693	CG13175
FBpp0081607	FBgn0005777	PpD3
FBpp0304082	FBgn0005777	PpD3
FBpp0081606	FBgn0005777	PpD3
FBpp0099610	FBgn0066084	RpL41
FBpp0308995	FBgn0259821	CG42402
FBpp0307560	FBgn0259821	CG42402
FBpp0291154	FBgn0259821	CG42402
FBpp0312178	FBgn0010100	mAcon1
FBpp0310408	FBgn0010100	mAcon1
FBpp0081002	FBgn0010100	mAcon1
FBpp0289654	FBgn0010100	mAcon1
FBpp0428469	FBgn0288734	CG46509
FBpp0084183	FBgn0039293	Alg9
FBpp0079949	FBgn0032430	Trm1
FBpp0290109	FBgn0036302	sowah
FBpp0290111	FBgn0036302	sowah
FBpp0304352	FBgn0036302	sowah
FBpp0290110	FBgn0036302	sowah
FBpp0076470	FBgn0035830	CG8209
FBpp0308525	FBgn0030038	CG1440
FBpp0071144	FBgn0030038	CG1440
FBpp0111875	FBgn0030038	CG1440
FBpp0111874	FBgn0030038	CG1440
FBpp0075617	FBgn0036340	Srrm1
FBpp0079899	FBgn0042127	CG18789
FBpp0297167	FBgn0039207	Cftr
FBpp0088845	FBgn0039207	Cftr
FBpp0084270	FBgn0039344	CG4582
FBpp0082882	FBgn0053333	CG33333
FBpp0080647	FBgn0032701	CG10341
FBpp0309810	FBgn0032701	CG10341
FBpp0078260	FBgn0037428	Osi18
FBpp0308571	FBgn0033631	Sod3
FBpp0110197	FBgn0033631	Sod3
FBpp0088878	FBgn0033631	Sod3
FBpp0390663	FBgn0033631	Sod3
FBpp0088877	FBgn0033631	Sod3
FBpp0080917	FBgn0032871	CG2611
FBpp0082366	FBgn0051533	CG31533
FBpp0083071	FBgn0028670	Vha100-2
FBpp0083072	FBgn0028670	Vha100-2
FBpp0083581	FBgn0038927	CG6015
FBpp0079990	FBgn0032448	CG5781
FBpp0083775	FBgn0039070	wam
FBpp0080615	FBgn0032671	JMJD4
FBpp0310373	FBgn0032671	JMJD4
FBpp0080766	FBgn0032768	CG17564
FBpp0070531	FBgn0029646	CG14423
FBpp0072455	FBgn0035147	Gale
FBpp0297771	FBgn0035147	Gale
FBpp0309383	FBgn0031144	CG1529
FBpp0309382	FBgn0031144	CG1529
FBpp0076959	FBgn0031144	CG1529
FBpp0112170	FBgn0038860	Ice2
FBpp0083418	FBgn0038860	Ice2
FBpp0080104	FBgn0032516	Ing5
FBpp0080103	FBgn0032516	Ing5
FBpp0070111	FBgn0025635	Hinfp
FBpp0070112	FBgn0025635	Hinfp
FBpp0070113	FBgn0025635	Hinfp
FBpp0073466	FBgn0052655	CG32655
FBpp0290490	FBgn0260771	Larp7
FBpp0293601	FBgn0028481	Tmtc2
FBpp0077614	FBgn0028481	Tmtc2
FBpp0072955	FBgn0035425	CG17746
FBpp0072956	FBgn0035425	CG17746
FBpp0070458	FBgn0024997	CG2681
FBpp0292351	FBgn0038156	side-IV
FBpp0301098	FBgn0038156	side-IV
FBpp0309218	FBgn0027780	Aasdh
FBpp0088615	FBgn0027780	Aasdh
FBpp0309217	FBgn0027780	Aasdh
FBpp0072697	FBgn0013342	nSyb
FBpp0291516	FBgn0013342	nSyb
FBpp0290115	FBgn0013342	nSyb
FBpp0089251	FBgn0013342	nSyb
FBpp0303879	FBgn0013342	nSyb
FBpp0290116	FBgn0013342	nSyb
FBpp0297533	FBgn0013342	nSyb
FBpp0303878	FBgn0013342	nSyb
FBpp0113007	FBgn0265139	Gr2a
FBpp0289461	FBgn0265139	Gr2a
FBpp0072104	FBgn0034958	CG3907
FBpp0072105	FBgn0034958	CG3907
FBpp0072110	FBgn0034951	CG3860
FBpp0309953	FBgn0034951	CG3860
FBpp0075759	FBgn0022959	yps
FBpp0297134	FBgn0022959	yps
FBpp0070839	FBgn0029849	Efr
FBpp0070840	FBgn0029849	Efr
FBpp0290309	FBgn0031296	gNacalpha
FBpp0077616	FBgn0031296	gNacalpha
FBpp0289074	FBgn0259229	CG42329
FBpp0086052	FBgn0050106	CCHa1-R
FBpp0309638	FBgn0016984	sktl
FBpp0310605	FBgn0016984	sktl
FBpp0071491	FBgn0016984	sktl
FBpp0091097	FBgn0053851	His3:CG33851
FBpp0111382	FBgn0085302	CG34273
FBpp0071994	FBgn0013548	l(2)dtl
FBpp0312529	FBgn0047000	CG33946
FBpp0290498	FBgn0037817	Cyp12e1
FBpp0082540	FBgn0038319	mRpL9
FBpp0073236	FBgn0030240	CG2202
FBpp0080385	FBgn0028896	CG17329
FBpp0079095	FBgn0031925	Cyp4d21
FBpp0288889	FBgn0259166	CG42271
FBpp0288890	FBgn0259166	CG42271
FBpp0099657	FBgn0043002	Chrac-14
FBpp0099541	FBgn0027339	jim
FBpp0305413	FBgn0027339	jim
FBpp0078231	FBgn0027339	jim
FBpp0305415	FBgn0027339	jim
FBpp0293522	FBgn0027339	jim
FBpp0303109	FBgn0027339	jim
FBpp0305414	FBgn0027339	jim
FBpp0312590	FBgn0265767	zyd
FBpp0309173	FBgn0265767	zyd
FBpp0112492	FBgn0265767	zyd
FBpp0290356	FBgn0265767	zyd
FBpp0290355	FBgn0265767	zyd
FBpp0309174	FBgn0265767	zyd
FBpp0112491	FBgn0265767	zyd
FBpp0079895	FBgn0032397	Tom70
FBpp0079893	FBgn0032397	Tom70
FBpp0079894	FBgn0032397	Tom70
FBpp0083884	FBgn0039132	AP-1sigma
FBpp0293576	FBgn0039132	AP-1sigma
FBpp0307231	FBgn0039132	AP-1sigma
FBpp0293577	FBgn0039132	AP-1sigma
FBpp0085104	FBgn0002413	dco
FBpp0306615	FBgn0002413	dco
FBpp0422974	FBgn0002413	dco
FBpp0085106	FBgn0002413	dco
FBpp0085105	FBgn0002413	dco
FBpp0305095	FBgn0001233	Hsp83
FBpp0072904	FBgn0001233	Hsp83
FBpp0087152	FBgn0011704	RnrS
FBpp0302898	FBgn0034849	CG3500
FBpp0071947	FBgn0034849	CG3500
FBpp0086089	FBgn0034229	CtsK2
FBpp0086093	FBgn0034229	CtsK2
FBpp0086090	FBgn0034229	CtsK2
FBpp0086091	FBgn0034229	CtsK2
FBpp0072085	FBgn0034968	RpL12
FBpp0072084	FBgn0034968	RpL12
FBpp0072083	FBgn0034968	RpL12
FBpp0082593	FBgn0038301	CG6654
FBpp0074893	FBgn0036780	CG7330
FBpp0305083	FBgn0036780	CG7330
FBpp0085803	FBgn0034407	DptB
FBpp0289668	FBgn0259990	CG42487
FBpp0292452	FBgn0261830	CG42762
FBpp0271917	FBgn0052213	CG32213
FBpp0075867	FBgn0036186	CG6071
FBpp0073334	FBgn0030268	Klp10A
FBpp0073333	FBgn0030268	Klp10A
FBpp0073332	FBgn0030268	Klp10A
FBpp0073335	FBgn0030268	Klp10A
FBpp0312027	FBgn0030268	Klp10A
FBpp0073331	FBgn0030268	Klp10A
FBpp0111304	FBgn0085225	CG34196
FBpp0078992	FBgn0031873	Gas41
FBpp0083485	FBgn0004110	tin
FBpp0084561	FBgn0039532	Mtl
FBpp0084563	FBgn0039532	Mtl
FBpp0084562	FBgn0039532	Mtl
FBpp0076481	FBgn0027554	CG8042
FBpp0083604	FBgn0038947	Sar1
FBpp0089284	FBgn0038947	Sar1
FBpp0083607	FBgn0038947	Sar1
FBpp0083606	FBgn0038947	Sar1
FBpp0079831	FBgn0032363	Dlg5
FBpp0307614	FBgn0032363	Dlg5
FBpp0307613	FBgn0032363	Dlg5
FBpp0079832	FBgn0032363	Dlg5
FBpp0086674	FBgn0033924	CG8613
FBpp0081524	FBgn0003889	betaTub85D
FBpp0309937	FBgn0000562	egl
FBpp0113078	FBgn0000562	egl
FBpp0076604	FBgn0035718	CG14820
FBpp0110412	FBgn0040007	RpL38
FBpp0306998	FBgn0040007	RpL38
FBpp0305285	FBgn0035711	CG8519
FBpp0076651	FBgn0035711	CG8519
FBpp0305802	FBgn0043577	PGRP-SB2
FBpp0075079	FBgn0043577	PGRP-SB2
FBpp0070267	FBgn0025391	Scgdelta
FBpp0291384	FBgn0025391	Scgdelta
FBpp0291385	FBgn0025391	Scgdelta
FBpp0311618	FBgn0025391	Scgdelta
FBpp0070401	FBgn0023525	CG3191
FBpp0309620	FBgn0023525	CG3191
FBpp0311887	FBgn0031020	Naa15-16
FBpp0074480	FBgn0031020	Naa15-16
FBpp0085319	FBgn0033047	CG7882
FBpp0307247	FBgn0033047	CG7882
FBpp0293540	FBgn0044826	Pak3
FBpp0303080	FBgn0044826	Pak3
FBpp0082763	FBgn0044826	Pak3
FBpp0070283	FBgn0027791	O-fut2
FBpp0087232	FBgn0033633	Smyd4-3
FBpp0079017	FBgn0031881	MME1
FBpp0080116	FBgn0027844	CAH1
FBpp0311698	FBgn0031292	CG15824
FBpp0304490	FBgn0031292	CG15824
FBpp0075489	FBgn0042630	Sox21b
FBpp0303149	FBgn0042630	Sox21b
FBpp0303148	FBgn0042630	Sox21b
FBpp0080372	FBgn0028900	CG18518
FBpp0080739	FBgn0032771	CG17349
FBpp0099553	FBgn0067905	Dso2
FBpp0078289	FBgn0037385	glob3
FBpp0081796	FBgn0051467	CG31467
FBpp0091112	FBgn0053866	His3:CG33866
FBpp0073359	FBgn0030311	CG11699
FBpp0390636	FBgn0030311	CG11699
FBpp0089225	FBgn0004611	Plc21C
FBpp0077710	FBgn0004611	Plc21C
FBpp0303524	FBgn0004611	Plc21C
FBpp0303523	FBgn0004611	Plc21C
FBpp0089226	FBgn0004611	Plc21C
FBpp0077711	FBgn0004611	Plc21C
FBpp0310471	FBgn0023415	Acp32CD
FBpp0079747	FBgn0023415	Acp32CD
FBpp0087466	FBgn0033459	CG12744
FBpp0087465	FBgn0033459	CG12744
FBpp0289536	FBgn0259960	CG42470
FBpp0303594	FBgn0259150	OtopLc
FBpp0303595	FBgn0259150	OtopLc
FBpp0312397	FBgn0259150	OtopLc
FBpp0428206	FBgn0085385	bma
FBpp0428207	FBgn0085385	bma
FBpp0303967	FBgn0085385	bma
FBpp0303968	FBgn0085385	bma
FBpp0078802	FBgn0003980	Vm26Ab
FBpp0311564	FBgn0003980	Vm26Ab
FBpp0291622	FBgn0259148	CG42263
FBpp0304330	FBgn0285971	prg
FBpp0079289	FBgn0285971	prg
FBpp0077571	FBgn0000579	Eno
FBpp0077575	FBgn0000579	Eno
FBpp0291325	FBgn0000579	Eno
FBpp0077572	FBgn0000579	Eno
FBpp0077574	FBgn0000579	Eno
FBpp0077573	FBgn0000579	Eno
FBpp0307645	FBgn0266518	Dpit47
FBpp0085479	FBgn0266518	Dpit47
FBpp0308347	FBgn0039452	CG14245
FBpp0100004	FBgn0039452	CG14245
FBpp0297062	FBgn0041579	AttC
FBpp0305843	FBgn0036727	SecCl
FBpp0074983	FBgn0036727	SecCl
FBpp0074813	FBgn0036836	CG11619
FBpp0076607	FBgn0029117	Surf1
FBpp0087726	FBgn0004921	Ggamma1
FBpp0087728	FBgn0004921	Ggamma1
FBpp0087727	FBgn0004921	Ggamma1
FBpp0308409	FBgn0050372	Asap
FBpp0099488	FBgn0050372	Asap
FBpp0290176	FBgn0050372	Asap
FBpp0312584	FBgn0037231	Vps24
FBpp0078598	FBgn0037231	Vps24
FBpp0301019	FBgn0069969	CG40498
FBpp0291544	FBgn0069969	CG40498
FBpp0301021	FBgn0069969	CG40498
FBpp0310599	FBgn0069969	CG40498
FBpp0310598	FBgn0069969	CG40498
FBpp0086270	FBgn0034138	RpS15
FBpp0086269	FBgn0034138	RpS15
FBpp0312413	FBgn0050273	CG30273
FBpp0305318	FBgn0260442	rhea
FBpp0305320	FBgn0260442	rhea
FBpp0293741	FBgn0260442	rhea
FBpp0305321	FBgn0260442	rhea
FBpp0293740	FBgn0260442	rhea
FBpp0305317	FBgn0260442	rhea
FBpp0293742	FBgn0260442	rhea
FBpp0305319	FBgn0260442	rhea
FBpp0074389	FBgn0030940	CG15040
FBpp0080742	FBgn0016675	Lectin-galC1
FBpp0291556	FBgn0016675	Lectin-galC1
FBpp0072915	FBgn0035428	CG14960
FBpp0301953	FBgn0052594	be
FBpp0073773	FBgn0052594	be
FBpp0073774	FBgn0052594	be
FBpp0074457	FBgn0031008	CG8010
FBpp0079366	FBgn0032087	CG9568
FBpp0087974	FBgn0033224	Nop17l
FBpp0087975	FBgn0033224	Nop17l
FBpp0087976	FBgn0033224	Nop17l
FBpp0086985	FBgn0050052	Obp49a
FBpp0080762	FBgn0032774	CG17549
FBpp0290047	FBgn0032774	CG17549
FBpp0080761	FBgn0032774	CG17549
FBpp0080760	FBgn0032774	CG17549
FBpp0302765	FBgn0032774	CG17549
FBpp0081459	FBgn0285911	Vps16A
FBpp0076804	FBgn0035631	Txl
FBpp0076271	FBgn0000116	Argk1
FBpp0076273	FBgn0000116	Argk1
FBpp0111703	FBgn0000116	Argk1
FBpp0076272	FBgn0000116	Argk1
FBpp0076270	FBgn0000116	Argk1
FBpp0303940	FBgn0000116	Argk1
FBpp0311280	FBgn0000116	Argk1
FBpp0076719	FBgn0004513	Mdr65
FBpp0076328	FBgn0035875	Cpr66Cb
FBpp0300612	FBgn0037992	CG4702
FBpp0300611	FBgn0037992	CG4702
FBpp0300613	FBgn0037992	CG4702
FBpp0082023	FBgn0037992	CG4702
FBpp0298356	FBgn0263131	CG43373
FBpp0298357	FBgn0263131	CG43373
FBpp0079399	FBgn0010314	Cks30A
FBpp0310391	FBgn0031332	CG5556
FBpp0077613	FBgn0031332	CG5556
FBpp0271763	FBgn0042104	CG18747
FBpp0303128	FBgn0035469	Lamtor4
FBpp0073016	FBgn0035469	Lamtor4
FBpp0289575	FBgn0039581	Moca-cyp
FBpp0084656	FBgn0039581	Moca-cyp
FBpp0084655	FBgn0039581	Moca-cyp
FBpp0307158	FBgn0250841	CG17242
FBpp0077480	FBgn0250841	CG17242
FBpp0290470	FBgn0260758	CG42556
FBpp0073113	FBgn0040697	Teh3
FBpp0076485	FBgn0035825	Tmem43
FBpp0071007	FBgn0024250	brk
FBpp0071744	FBgn0034734	CG4554
FBpp0075725	FBgn0036249	CG11560
FBpp0312603	FBgn0036249	CG11560
FBpp0310927	FBgn0261925	CG42792
FBpp0292622	FBgn0261925	CG42792
FBpp0078917	FBgn0051637	CG31637
FBpp0309851	FBgn0051637	CG31637
FBpp0074693	FBgn0023094	cyc
FBpp0076776	FBgn0035661	CG10477
FBpp0312379	FBgn0035661	CG10477
FBpp0072973	FBgn0035409	CG14963
FBpp0083854	FBgn0039115	CG10214
FBpp0086329	FBgn0025519	fidipidine
FBpp0079193	FBgn0261822	Bsg
FBpp0304774	FBgn0261822	Bsg
FBpp0079194	FBgn0261822	Bsg
FBpp0079196	FBgn0261822	Bsg
FBpp0079190	FBgn0261822	Bsg
FBpp0079192	FBgn0261822	Bsg
FBpp0079191	FBgn0261822	Bsg
FBpp0079195	FBgn0261822	Bsg
FBpp0079188	FBgn0261822	Bsg
FBpp0079189	FBgn0261822	Bsg
FBpp0111789	FBgn0014024	Rnp4F
FBpp0070720	FBgn0014024	Rnp4F
FBpp0089396	FBgn0014024	Rnp4F
FBpp0309418	FBgn0014024	Rnp4F
FBpp0071421	FBgn0030223	CG2111
FBpp0310994	FBgn0266098	rg
FBpp0310999	FBgn0266098	rg
FBpp0310995	FBgn0266098	rg
FBpp0310997	FBgn0266098	rg
FBpp0311009	FBgn0266098	rg
FBpp0310996	FBgn0266098	rg
FBpp0310998	FBgn0266098	rg
FBpp0078536	FBgn0052945	CG32945
FBpp0305967	FBgn0262483	Rbp
FBpp0293367	FBgn0262483	Rbp
FBpp0390602	FBgn0262483	Rbp
FBpp0390603	FBgn0262483	Rbp
FBpp0293366	FBgn0262483	Rbp
FBpp0390599	FBgn0262483	Rbp
FBpp0390601	FBgn0262483	Rbp
FBpp0305966	FBgn0262483	Rbp
FBpp0390600	FBgn0262483	Rbp
FBpp0082386	FBgn0013767	Crz
FBpp0300508	FBgn0085201	COX7AL2
FBpp0303513	FBgn0085201	COX7AL2
FBpp0304040	FBgn0085201	COX7AL2
FBpp0111278	FBgn0085201	COX7AL2
FBpp0310434	FBgn0264090	CG43759
FBpp0303583	FBgn0264090	CG43759
FBpp0303584	FBgn0264090	CG43759
FBpp0305209	FBgn0264090	CG43759
FBpp0074390	FBgn0030937	CG15042
FBpp0099407	FBgn0053995	CG33995
FBpp0099406	FBgn0053995	CG33995
FBpp0099405	FBgn0053995	CG33995
FBpp0087786	FBgn0043576	PGRP-SC1a
FBpp0291656	FBgn0034411	CG18605
FBpp0072182	FBgn0050419	CG30419
FBpp0082110	FBgn0038065	Snx3
FBpp0082111	FBgn0038065	Snx3
FBpp0305871	FBgn0030418	CG4004
FBpp0311957	FBgn0030418	CG4004
FBpp0073519	FBgn0030418	CG4004
FBpp0428091	FBgn0030418	CG4004
FBpp0309357	FBgn0030418	CG4004
FBpp0082957	FBgn0038539	Atg8b
FBpp0312339	FBgn0038539	Atg8b
FBpp0302039	FBgn0261963	mid
FBpp0078726	FBgn0261963	mid
FBpp0071498	FBgn0034592	CG9406
FBpp0077704	FBgn0031283	CG15880
FBpp0309707	FBgn0032719	CG17321
FBpp0080660	FBgn0032719	CG17321
FBpp0088876	FBgn0031548	CG8852
FBpp0424322	FBgn0263232	Nxf3
FBpp0424323	FBgn0263232	Nxf3
FBpp0301718	FBgn0000535	eag
FBpp0292378	FBgn0000535	eag
FBpp0292377	FBgn0000535	eag
FBpp0110308	FBgn0000535	eag
FBpp0073772	FBgn0000535	eag
FBpp0301717	FBgn0000535	eag
FBpp0301719	FBgn0000535	eag
FBpp0306958	FBgn0260995	dpr21
FBpp0111660	FBgn0085473	CG34444
FBpp0076535	FBgn0035800	t-Grip84
FBpp0078948	FBgn0031848	Nse1
FBpp0305541	FBgn0031848	Nse1
FBpp0304450	FBgn0035790	Cyp316a1
FBpp0091015	FBgn0053704	CG33704
FBpp0083173	FBgn0038704	Aptx
FBpp0083172	FBgn0038704	Aptx
FBpp0083174	FBgn0038704	Aptx
FBpp0401601	FBgn0038704	Aptx
FBpp0071497	FBgn0002736	mago
FBpp0306193	FBgn0035104	CG13875
FBpp0072378	FBgn0035104	CG13875
FBpp0079229	FBgn0032021	CG7781
FBpp0312112	FBgn0032021	CG7781
FBpp0111283	FBgn0085206	CG34177
FBpp0309700	FBgn0053225	CG33225
FBpp0289634	FBgn0053225	CG33225
FBpp0076711	FBgn0035693	CG8219
FBpp0311181	FBgn0259701	CG42355
FBpp0301545	FBgn0259701	CG42355
FBpp0080729	FBgn0015772	Nak
FBpp0309287	FBgn0015772	Nak
FBpp0309286	FBgn0015772	Nak
FBpp0089380	FBgn0015772	Nak
FBpp0305654	FBgn0263911	COX8
FBpp0078037	FBgn0263911	COX8
FBpp0099974	FBgn0260439	Pp2A-29B
FBpp0308836	FBgn0260439	Pp2A-29B
FBpp0297239	FBgn0260439	Pp2A-29B
FBpp0293227	FBgn0260439	Pp2A-29B
FBpp0099975	FBgn0260439	Pp2A-29B
FBpp0071644	FBgn0041239	Gr58a
FBpp0288956	FBgn0259194	Ir94e
FBpp0088273	FBgn0024913	Actbeta
FBpp0081412	FBgn0037637	IscU
FBpp0078893	FBgn0031824	CG9547
FBpp0309448	FBgn0053129	Tmem214
FBpp0079759	FBgn0053129	Tmem214
FBpp0079760	FBgn0053129	Tmem214
FBpp0079758	FBgn0053129	Tmem214
FBpp0309450	FBgn0053129	Tmem214
FBpp0309449	FBgn0053129	Tmem214
FBpp0079761	FBgn0053129	Tmem214
FBpp0073717	FBgn0026713	Prp16
FBpp0073718	FBgn0026713	Prp16
FBpp0307435	FBgn0038148	CG14377
FBpp0082224	FBgn0038148	CG14377
FBpp0307994	FBgn0038460	CG18622
FBpp0082820	FBgn0038460	CG18622
FBpp0312055	FBgn0038460	CG18622
FBpp0083031	FBgn0011481	Ssdp
FBpp0083032	FBgn0011481	Ssdp
FBpp0303084	FBgn0011481	Ssdp
FBpp0083033	FBgn0011481	Ssdp
FBpp0301559	FBgn0031860	Daao2
FBpp0078967	FBgn0031860	Daao2
FBpp0088566	FBgn0260634	eIF4G2
FBpp0310717	FBgn0260634	eIF4G2
FBpp0072335	FBgn0025578	Lcp9
FBpp0086841	FBgn0020391	Nrk
FBpp0111441	FBgn0085356	CG34327
FBpp0075983	FBgn0036090	Cnep1r2
FBpp0075984	FBgn0036090	Cnep1r2
FBpp0076701	FBgn0020643	Lcp65Ab2
FBpp0072240	FBgn0050161	CG30161
FBpp0088588	FBgn0039313	CG11892
FBpp0088587	FBgn0039313	CG11892
FBpp0091079	FBgn0053833	His3:CG33833
FBpp0086558	FBgn0033983	Agps
FBpp0292774	FBgn0033983	Agps
FBpp0292773	FBgn0033983	Agps
FBpp0292772	FBgn0033983	Agps
FBpp0077268	FBgn0031517	CG15406
FBpp0083436	FBgn0266674	Sec15
FBpp0312351	FBgn0267493	Mst77Y-9
FBpp0079384	FBgn0032084	CG13101
FBpp0079383	FBgn0032084	CG13101
FBpp0292323	FBgn0085456	CG34427
FBpp0303313	FBgn0036868	ms(3)76Ba
FBpp0070098	FBgn0040370	CG13375
FBpp0289555	FBgn0040370	CG13375
FBpp0309734	FBgn0040370	CG13375
FBpp0074739	FBgn0036889	CG14100
FBpp0081860	FBgn0037892	mRpL40
FBpp0081840	FBgn0037884	Arfip
FBpp0305902	FBgn0031145	Ntf-2
FBpp0305904	FBgn0031145	Ntf-2
FBpp0111920	FBgn0031145	Ntf-2
FBpp0076934	FBgn0031145	Ntf-2
FBpp0290909	FBgn0032549	CG4650
FBpp0310289	FBgn0032549	CG4650
FBpp0072094	FBgn0023170	RpL39
FBpp0084170	FBgn0039261	Ythdf
FBpp0306574	FBgn0039261	Ythdf
FBpp0084169	FBgn0039261	Ythdf
FBpp0112193	FBgn0039261	Ythdf
FBpp0091055	FBgn0053808	His2A:CG33808
FBpp0086103	FBgn0010409	RpL18A
FBpp0310369	FBgn0261804	CG42750
FBpp0292372	FBgn0261804	CG42750
FBpp0076379	FBgn0035902	CG6683
FBpp0290805	FBgn0031549	Spindly
FBpp0080425	FBgn0051816	CG31816
FBpp0083866	FBgn0039104	CG10252
FBpp0290373	FBgn0038070	CG6753
FBpp0303714	FBgn0028903	CG13243
FBpp0080345	FBgn0028903	CG13243
FBpp0070475	FBgn0024973	CG2701
FBpp0071733	FBgn0034723	CG13506
FBpp0309753	FBgn0034723	CG13506
FBpp0312533	FBgn0264426	CG43844
FBpp0312531	FBgn0264426	CG43844
FBpp0312532	FBgn0264426	CG43844
FBpp0071954	FBgn0034842	Prosbeta5R1
FBpp0312513	FBgn0038590	CG12320
FBpp0083025	FBgn0038590	CG12320
FBpp0292341	FBgn0083973	dunk
FBpp0110247	FBgn0083973	dunk
FBpp0084788	FBgn0039625	beta4GalNAcTB
FBpp0290485	FBgn0260768	CG42566
FBpp0311085	FBgn0260768	CG42566
FBpp0309191	FBgn0034230	CG4853
FBpp0086094	FBgn0034230	CG4853
FBpp0086095	FBgn0034230	CG4853
FBpp0083070	FBgn0038617	Wdr37
FBpp0071084	FBgn0029979	mahe
FBpp0310551	FBgn0029979	mahe
FBpp0078130	FBgn0037146	P5CS
FBpp0301603	FBgn0037146	P5CS
FBpp0301211	FBgn0031756	CG13992
FBpp0292359	FBgn0031756	CG13992
FBpp0078867	FBgn0031756	CG13992
FBpp0290235	FBgn0053288	CG33288
FBpp0304290	FBgn0261477	slim
FBpp0085872	FBgn0261477	slim
FBpp0307198	FBgn0037942	CG14721
FBpp0081906	FBgn0037942	CG14721
FBpp0297749	FBgn0036538	CG15715
FBpp0075291	FBgn0036538	CG15715
FBpp0311221	FBgn0259741	CG42395
FBpp0087986	FBgn0261385	scra
FBpp0087985	FBgn0261385	scra
FBpp0099586	FBgn0261385	scra
FBpp0080229	FBgn0051835	CG31835
FBpp0079919	FBgn0032416	Gr33a
FBpp0083051	FBgn0038626	CG7691
FBpp0076609	FBgn0045759	bin
FBpp0311590	FBgn0034290	CG5773
FBpp0085992	FBgn0034290	CG5773
FBpp0309245	FBgn0034290	CG5773
FBpp0310823	FBgn0266455	CG45080
FBpp0310386	FBgn0031337	CG14346
FBpp0077592	FBgn0031337	CG14346
FBpp0310387	FBgn0031337	CG14346
FBpp0080902	FBgn0032857	CG10947
FBpp0080901	FBgn0032857	CG10947
FBpp0307726	FBgn0032857	CG10947
FBpp0083619	FBgn0038959	CG13856
FBpp0309302	FBgn0004828	His3.3B
FBpp0071281	FBgn0004828	His3.3B
FBpp0071280	FBgn0004828	His3.3B
FBpp0071282	FBgn0004828	His3.3B
FBpp0077636	FBgn0031321	Tgt
FBpp0089042	FBgn0010329	Tbh
FBpp0309355	FBgn0010329	Tbh
FBpp0307665	FBgn0033110	CG9447
FBpp0309298	FBgn0265595	CG44422
FBpp0309296	FBgn0265595	CG44422
FBpp0309297	FBgn0265595	CG44422
FBpp0309299	FBgn0265595	CG44422
FBpp0309294	FBgn0265595	CG44422
FBpp0309295	FBgn0265595	CG44422
FBpp0079616	FBgn0032250	holn1
FBpp0113038	FBgn0037147	CG7140
FBpp0304161	FBgn0037177	CG14454
FBpp0078194	FBgn0037177	CG14454
FBpp0077378	FBgn0031437	Arpc5
FBpp0307163	FBgn0031437	Arpc5
FBpp0074191	FBgn0030806	CG13001
FBpp0080164	FBgn0028940	Cyp28a5
FBpp0073258	FBgn0052671	Rab9Fa
FBpp0305130	FBgn0034792	YME1L
FBpp0293463	FBgn0034792	YME1L
FBpp0071817	FBgn0034792	YME1L
FBpp0306094	FBgn0264711	CG43980
FBpp0306093	FBgn0264711	CG43980
FBpp0079226	FBgn0032025	CG7778
FBpp0311775	FBgn0032025	CG7778
FBpp0070610	FBgn0026085	dgt4
FBpp0305386	FBgn0026085	dgt4
FBpp0305385	FBgn0026085	dgt4
FBpp0075880	FBgn0053270	CG33270
FBpp0291413	FBgn0259953	Sfp24Bd
FBpp0307438	FBgn0264991	CG44142
FBpp0079583	FBgn0032223	GATAd
FBpp0305310	FBgn0032223	GATAd
FBpp0305311	FBgn0032223	GATAd
FBpp0086062	FBgn0034245	UQCR-6.4
FBpp0302902	FBgn0034245	UQCR-6.4
FBpp0311343	FBgn0036732	Oatp74D
FBpp0291251	FBgn0036732	Oatp74D
FBpp0311342	FBgn0036732	Oatp74D
FBpp0074939	FBgn0036732	Oatp74D
FBpp0300163	FBgn0028899	CG31817
FBpp0079958	FBgn0032439	Ref2
FBpp0300957	FBgn0032439	Ref2
FBpp0300958	FBgn0032439	Ref2
FBpp0297942	FBgn0263083	CG43351
FBpp0303127	FBgn0020912	Ptx1
FBpp0088412	FBgn0020912	Ptx1
FBpp0088974	FBgn0020912	Ptx1
FBpp0072113	FBgn0034948	PPP1R15
FBpp0111419	FBgn0085339	CG34310
FBpp0305696	FBgn0085339	CG34310
FBpp0312560	FBgn0085339	CG34310
FBpp0312103	FBgn0085339	CG34310
FBpp0087050	FBgn0033750	CG13151
FBpp0084406	FBgn0039443	TwdlS
FBpp0078104	FBgn0037130	Syn1
FBpp0306024	FBgn0037130	Syn1
FBpp0302599	FBgn0037130	Syn1
FBpp0306025	FBgn0037130	Syn1
FBpp0082644	FBgn0038371	Pbp45
FBpp0071754	FBgn0022986	qkr58E-1
FBpp0308620	FBgn0022986	qkr58E-1
FBpp0312217	FBgn0022986	qkr58E-1
FBpp0087999	FBgn0050493	Coq9
FBpp0307183	FBgn0040582	BomBc3
FBpp0083578	FBgn0040582	BomBc3
FBpp0312518	FBgn0040582	BomBc3
FBpp0113027	FBgn0032132	CG4382
FBpp0073888	FBgn0030654	CG15643
FBpp0309307	FBgn0030654	CG15643
FBpp0080914	FBgn0051680	CG31680
FBpp0079713	FBgn0023496	Lip1
FBpp0309221	FBgn0023496	Lip1
FBpp0070743	FBgn0029766	CG15784
FBpp0309402	FBgn0029766	CG15784
FBpp0088953	FBgn0016047	nompA
FBpp0088406	FBgn0016047	nompA
FBpp0088407	FBgn0016047	nompA
FBpp0088405	FBgn0016047	nompA
FBpp0308565	FBgn0016047	nompA
FBpp0081041	FBgn0000370	crc
FBpp0304323	FBgn0000370	crc
FBpp0081040	FBgn0000370	crc
FBpp0304324	FBgn0000370	crc
FBpp0070240	FBgn0040366	CG11398
FBpp0311628	FBgn0040366	CG11398
FBpp0082623	FBgn0038356	CG12784
FBpp0082247	FBgn0038128	Ravus
FBpp0075070	FBgn0052163	CG32163
FBpp0311130	FBgn0052163	CG32163
FBpp0312456	FBgn0016034	mael
FBpp0088576	FBgn0016034	mael
FBpp0088574	FBgn0016034	mael
FBpp0088575	FBgn0016034	mael
FBpp0071490	FBgn0011674	insc
FBpp0402883	FBgn0284232	CG46316
FBpp0271901	FBgn0031436	ND-B17.2
FBpp0307167	FBgn0031436	ND-B17.2
FBpp0077425	FBgn0031436	ND-B17.2
FBpp0080934	FBgn0016054	phr6-4
FBpp0080935	FBgn0016054	phr6-4
FBpp0307794	FBgn0016054	phr6-4
FBpp0307793	FBgn0016054	phr6-4
FBpp0087856	FBgn0028562	sut2
FBpp0312609	FBgn0264817	pre-lola-G
FBpp0312610	FBgn0264817	pre-lola-G
FBpp0111648	FBgn0085464	CG34435
FBpp0084442	FBgn0039467	CG14253
FBpp0084445	FBgn0039467	CG14253
FBpp0304090	FBgn0039467	CG14253
FBpp0084444	FBgn0039467	CG14253
FBpp0084446	FBgn0039467	CG14253
FBpp0084443	FBgn0039467	CG14253
FBpp0290833	FBgn0016976	stnA
FBpp0310836	FBgn0016976	stnA
FBpp0310531	FBgn0016976	stnA
FBpp0290834	FBgn0016976	stnA
FBpp0099733	FBgn0032536	Ance-3
FBpp0310234	FBgn0032536	Ance-3
FBpp0300890	FBgn0035060	Eps-15
FBpp0072339	FBgn0035060	Eps-15
FBpp0072338	FBgn0035060	Eps-15
FBpp0072340	FBgn0035060	Eps-15
FBpp0073443	FBgn0030338	CG15741
FBpp0305862	FBgn0031195	CG17600
FBpp0077051	FBgn0031195	CG17600
FBpp0305863	FBgn0031195	CG17600
FBpp0077050	FBgn0031195	CG17600
FBpp0289272	FBgn0259729	CG42383
FBpp0082815	FBgn0038466	CG8907
FBpp0293795	FBgn0038466	CG8907
FBpp0082745	FBgn0038436	Gyc89Db
FBpp0071604	FBgn0000326	clt
FBpp0080126	FBgn0028534	CG7916
FBpp0289334	FBgn0052441	EMC10
FBpp0289335	FBgn0052441	EMC10
FBpp0075272	FBgn0000115	Arl1
FBpp0070874	FBgn0029873	CG3918
FBpp0308562	FBgn0033584	CG7737
FBpp0087206	FBgn0033584	CG7737
FBpp0070356	FBgn0026090	Lamtor5
FBpp0305695	FBgn0026090	Lamtor5
FBpp0291080	FBgn0263351	AP-2mu
FBpp0083646	FBgn0263351	AP-2mu
FBpp0083645	FBgn0263351	AP-2mu
FBpp0076033	FBgn0052055	CG32055
FBpp0071851	FBgn0034745	tous
FBpp0087352	FBgn0005586	Rab3
FBpp0422979	FBgn0005586	Rab3
FBpp0070195	FBgn0040358	CG14625
FBpp0076583	FBgn0035772	Sh3beta
FBpp0291703	FBgn0035772	Sh3beta
FBpp0076582	FBgn0035772	Sh3beta
FBpp0291702	FBgn0035772	Sh3beta
FBpp0291704	FBgn0035772	Sh3beta
FBpp0073164	FBgn0035557	CG11353
FBpp0073165	FBgn0035557	CG11353
FBpp0305168	FBgn0083167	Neb-cGP
FBpp0071384	FBgn0083167	Neb-cGP
FBpp0073753	FBgn0030578	CG5347
FBpp0311161	FBgn0010300	brat
FBpp0089239	FBgn0010300	brat
FBpp0080703	FBgn0010300	brat
FBpp0307610	FBgn0010300	brat
FBpp0080702	FBgn0010300	brat
FBpp0300428	FBgn0000259	CkIIbeta
FBpp0288844	FBgn0000259	CkIIbeta
FBpp0073405	FBgn0000259	CkIIbeta
FBpp0305406	FBgn0000259	CkIIbeta
FBpp0073406	FBgn0000259	CkIIbeta
FBpp0300330	FBgn0000259	CkIIbeta
FBpp0089135	FBgn0000259	CkIIbeta
FBpp0099985	FBgn0000259	CkIIbeta
FBpp0300427	FBgn0000259	CkIIbeta
FBpp0073403	FBgn0000259	CkIIbeta
FBpp0298329	FBgn0263112	Mitf
FBpp0298327	FBgn0263112	Mitf
FBpp0298328	FBgn0263112	Mitf
FBpp0298330	FBgn0263112	Mitf
FBpp0307151	FBgn0000251	cad
FBpp0089336	FBgn0000251	cad
FBpp0080942	FBgn0000251	cad
FBpp0291233	FBgn0039054	Cow
FBpp0291232	FBgn0039054	Cow
FBpp0307957	FBgn0039054	Cow
FBpp0083849	FBgn0039116	CG10375
FBpp0289905	FBgn0039116	CG10375
FBpp0086110	FBgn0034223	Tes
FBpp0077566	FBgn0265138	Gr22c
FBpp0305528	FBgn0039584	beat-VI
FBpp0084658	FBgn0039584	beat-VI
FBpp0291554	FBgn0051220	CG31220
FBpp0312286	FBgn0046698	Pp1-Y2
FBpp0074822	FBgn0036813	Atg3
FBpp0080618	FBgn0032684	Ugt301D1
FBpp0294065	FBgn0032684	Ugt301D1
FBpp0306389	FBgn0264785	Hph
FBpp0306390	FBgn0264785	Hph
FBpp0310716	FBgn0264785	Hph
FBpp0306391	FBgn0264785	Hph
FBpp0305360	FBgn0030398	Cpr11B
FBpp0073486	FBgn0030398	Cpr11B
FBpp0288773	FBgn0250910	Octbeta3R
FBpp0288774	FBgn0250910	Octbeta3R
FBpp0300821	FBgn0250910	Octbeta3R
FBpp0291156	FBgn0250910	Octbeta3R
FBpp0078624	FBgn0037220	CG14641
FBpp0071432	FBgn0052676	stx
FBpp0305231	FBgn0052676	stx
FBpp0074794	FBgn0036849	CG14079
FBpp0312457	FBgn0036759	CG5577
FBpp0074928	FBgn0036759	CG5577
FBpp0298311	FBgn0263110	CG43367
FBpp0298312	FBgn0263110	CG43367
FBpp0298313	FBgn0263110	CG43367
FBpp0298310	FBgn0263110	CG43367
FBpp0305491	FBgn0000723	FER
FBpp0081529	FBgn0000723	FER
FBpp0081531	FBgn0000723	FER
FBpp0305490	FBgn0000723	FER
FBpp0081530	FBgn0000723	FER
FBpp0081532	FBgn0000723	FER
FBpp0428100	FBgn0000723	FER
FBpp0085880	FBgn0003067	Pepck1
FBpp0088791	FBgn0035802	Pura
FBpp0088792	FBgn0035802	Pura
FBpp0306189	FBgn0035802	Pura
FBpp0088790	FBgn0035802	Pura
FBpp0310013	FBgn0025864	Crag
FBpp0089320	FBgn0025864	Crag
FBpp0071165	FBgn0025864	Crag
FBpp0304540	FBgn0004811	fs(2)ltoPP43
FBpp0080850	FBgn0004811	fs(2)ltoPP43
FBpp0080849	FBgn0004811	fs(2)ltoPP43
FBpp0301007	FBgn0263346	smash
FBpp0301004	FBgn0263346	smash
FBpp0301009	FBgn0263346	smash
FBpp0301012	FBgn0263346	smash
FBpp0301011	FBgn0263346	smash
FBpp0301008	FBgn0263346	smash
FBpp0301006	FBgn0263346	smash
FBpp0301005	FBgn0263346	smash
FBpp0301010	FBgn0263346	smash
FBpp0301013	FBgn0263346	smash
FBpp0071719	FBgn0005778	PpD5
FBpp0080066	FBgn0032481	CG16972
FBpp0300872	FBgn0034515	CG13428
FBpp0085579	FBgn0034515	CG13428
FBpp0290774	FBgn0030486	Set2
FBpp0073610	FBgn0030486	Set2
FBpp0077627	FBgn0031314	IntS14
FBpp0312063	FBgn0015778	rin
FBpp0082267	FBgn0015778	rin
FBpp0312064	FBgn0015778	rin
FBpp0082265	FBgn0015778	rin
FBpp0083026	FBgn0038588	CG7156
FBpp0291499	FBgn0261402	Ir75b
FBpp0086138	FBgn0034198	CG11400
FBpp0311625	FBgn0034198	CG11400
FBpp0078005	FBgn0005694	Aef1
FBpp0303189	FBgn0005694	Aef1
FBpp0078004	FBgn0005694	Aef1
FBpp0078006	FBgn0005694	Aef1
FBpp0111676	FBgn0085487	CG34458
FBpp0081980	FBgn0037973	CG18547
FBpp0308568	FBgn0033582	CG9084
FBpp0303485	FBgn0033582	CG9084
FBpp0087293	FBgn0033582	CG9084
FBpp0308567	FBgn0033582	CG9084
FBpp0289338	FBgn0008651	lbl
FBpp0083491	FBgn0008651	lbl
FBpp0304711	FBgn0008651	lbl
FBpp0082576	FBgn0038318	CG6236
FBpp0082575	FBgn0038318	CG6236
FBpp0297623	FBgn0033766	Nup188
FBpp0291752	FBgn0033766	Nup188
FBpp0402802	FBgn0031554	CG15418
FBpp0077245	FBgn0031554	CG15418
FBpp0077608	FBgn0051659	CG31659
FBpp0290232	FBgn0051659	CG31659
FBpp0304602	FBgn0031868	Rat1
FBpp0078973	FBgn0031868	Rat1
FBpp0305813	FBgn0003301	rut
FBpp0305812	FBgn0003301	rut
FBpp0305811	FBgn0003301	rut
FBpp0309409	FBgn0003301	rut
FBpp0305810	FBgn0003301	rut
FBpp0294032	FBgn0003301	rut
FBpp0073809	FBgn0003301	rut
FBpp0078102	FBgn0046301	CG7148
FBpp0079681	FBgn0010398	Lrr47
FBpp0304061	FBgn0010398	Lrr47
FBpp0072502	FBgn0035157	CG13894
FBpp0289589	FBgn0053510	CG33510
FBpp0312355	FBgn0039808	CG12071
FBpp0311049	FBgn0039808	CG12071
FBpp0312354	FBgn0039808	CG12071
FBpp0311048	FBgn0039808	CG12071
FBpp0075431	FBgn0041604	dlp
FBpp0305246	FBgn0041604	dlp
FBpp0293245	FBgn0036795	CG18233
FBpp0076385	FBgn0052354	CG32354
FBpp0091022	FBgn0053752	CG33752
FBpp0306940	FBgn0039145	CG6000
FBpp0309807	FBgn0039145	CG6000
FBpp0091137	FBgn0053892	His2B:CG33892
FBpp0085954	FBgn0034310	Nup75
FBpp0088442	FBgn0042173	CG18853
FBpp0075311	FBgn0004396	CrebA
FBpp0089339	FBgn0004396	CrebA
FBpp0111672	FBgn0085483	CG34454
FBpp0087127	FBgn0026176	SkpB
FBpp0082323	FBgn0003060	CG9757
FBpp0306563	FBgn0003060	CG9757
FBpp0080709	FBgn0000422	Ddc
FBpp0080710	FBgn0000422	Ddc
FBpp0288730	FBgn0000422	Ddc
FBpp0113033	FBgn0034887	St1
FBpp0080508	FBgn0032624	CG6304
FBpp0312176	FBgn0032624	CG6304
FBpp0084463	FBgn0004903	Rb97D
FBpp0099740	FBgn0004903	Rb97D
FBpp0099741	FBgn0004903	Rb97D
FBpp0099739	FBgn0004903	Rb97D
FBpp0084462	FBgn0004903	Rb97D
FBpp0099742	FBgn0004903	Rb97D
FBpp0099745	FBgn0004903	Rb97D
FBpp0099744	FBgn0004903	Rb97D
FBpp0099743	FBgn0004903	Rb97D
FBpp0303870	FBgn0011705	rost
FBpp0303871	FBgn0011705	rost
FBpp0079382	FBgn0011705	rost
FBpp0079514	FBgn0011291	Taf11
FBpp0082609	FBgn0051296	CG31296
FBpp0306625	FBgn0051296	CG31296
FBpp0070511	FBgn0288967	CG10793
FBpp0297244	FBgn0004449	Ten-m
FBpp0078161	FBgn0004449	Ten-m
FBpp0303192	FBgn0004449	Ten-m
FBpp0290474	FBgn0260761	CG42559
FBpp0290475	FBgn0260761	CG42559
FBpp0290473	FBgn0260761	CG42559
FBpp0289471	FBgn0259932	CG42455
FBpp0289472	FBgn0259932	CG42455
FBpp0289470	FBgn0259932	CG42455
FBpp0077238	FBgn0031559	CG3513
FBpp0075219	FBgn0036588	CG13068
FBpp0073040	FBgn0052262	CG32262
FBpp0074991	FBgn0053052	Gorab
FBpp0099504	FBgn0001168	hry
FBpp0076296	FBgn0001168	hry
FBpp0078066	FBgn0027945	ppl
FBpp0300560	FBgn0263250	CG43393
FBpp0297995	FBgn0031109	Obp19a
FBpp0074507	FBgn0031039	Shawn
FBpp0310500	FBgn0031039	Shawn
FBpp0074508	FBgn0031039	Shawn
FBpp0074506	FBgn0031039	Shawn
FBpp0303683	FBgn0000464	Lar
FBpp0303682	FBgn0000464	Lar
FBpp0297092	FBgn0000464	Lar
FBpp0080801	FBgn0000464	Lar
FBpp0303684	FBgn0000464	Lar
FBpp0111712	FBgn0000464	Lar
FBpp0303681	FBgn0000464	Lar
FBpp0078294	FBgn0037388	CG14676
FBpp0071459	FBgn0034576	ND-B14.7
FBpp0301136	FBgn0263403	CG43449
FBpp0301137	FBgn0263403	CG43449
FBpp0099729	FBgn0023416	Ac3
FBpp0085252	FBgn0023416	Ac3
FBpp0290134	FBgn0027608	CG2082
FBpp0078323	FBgn0027608	CG2082
FBpp0078324	FBgn0027608	CG2082
FBpp0290129	FBgn0027608	CG2082
FBpp0297283	FBgn0027608	CG2082
FBpp0078325	FBgn0027608	CG2082
FBpp0290133	FBgn0027608	CG2082
FBpp0078321	FBgn0027608	CG2082
FBpp0290131	FBgn0027608	CG2082
FBpp0290128	FBgn0027608	CG2082
FBpp0290132	FBgn0027608	CG2082
FBpp0290135	FBgn0027608	CG2082
FBpp0311818	FBgn0000042	Act5C
FBpp0070788	FBgn0000042	Act5C
FBpp0100125	FBgn0000042	Act5C
FBpp0070787	FBgn0000042	Act5C
FBpp0100124	FBgn0000042	Act5C
FBpp0311931	FBgn0037879	scpr-C
FBpp0081827	FBgn0037879	scpr-C
FBpp0078258	FBgn0051560	CG31560
FBpp0077031	FBgn0027107	Inx6
FBpp0293183	FBgn0262360	CG43058
FBpp0083630	FBgn0038950	CG5382
FBpp0291522	FBgn0050414	CG30414
FBpp0309892	FBgn0050414	CG30414
FBpp0071946	FBgn0003977	vir
FBpp0072111	FBgn0283509	Phm
FBpp0072112	FBgn0283509	Phm
FBpp0289305	FBgn0085271	CG34242
FBpp0111351	FBgn0085271	CG34242
FBpp0099934	FBgn0034518	CG13430
FBpp0099932	FBgn0034518	CG13430
FBpp0070278	FBgn0003517	sta
FBpp0070277	FBgn0003517	sta
FBpp0308666	FBgn0003517	sta
FBpp0308665	FBgn0003517	sta
FBpp0073667	FBgn0030525	CG10996
FBpp0073639	FBgn0030505	NFAT
FBpp0290665	FBgn0030505	NFAT
FBpp0290666	FBgn0030505	NFAT
FBpp0311348	FBgn0030505	NFAT
FBpp0111893	FBgn0030505	NFAT
FBpp0290664	FBgn0030505	NFAT
FBpp0309342	FBgn0030505	NFAT
FBpp0072880	FBgn0035380	CG9970
FBpp0304292	FBgn0264329	CG43788
FBpp0078998	FBgn0052829	CG32829
FBpp0073944	FBgn0030721	CG12698
FBpp0289125	FBgn0287478	Camta
FBpp0308472	FBgn0287478	Camta
FBpp0289123	FBgn0287478	Camta
FBpp0289124	FBgn0287478	Camta
FBpp0289754	FBgn0287478	Camta
FBpp0308473	FBgn0287478	Camta
FBpp0290980	FBgn0287478	Camta
FBpp0077913	FBgn0037025	Spc105R
FBpp0302830	FBgn0037025	Spc105R
FBpp0082571	FBgn0019925	Surf4
FBpp0071018	FBgn0040922	CG15036
FBpp0079631	FBgn0051719	RluA-1
FBpp0079630	FBgn0051719	RluA-1
FBpp0307937	FBgn0051719	RluA-1
FBpp0079629	FBgn0051719	RluA-1
FBpp0076507	FBgn0268063	ltl
FBpp0304454	FBgn0268063	ltl
FBpp0423270	FBgn0286893	CG46412
FBpp0084585	FBgn0039537	Hsdl2
FBpp0071322	FBgn0019929	Ser7
FBpp0306031	FBgn0262593	Shab
FBpp0293733	FBgn0262593	Shab
FBpp0293737	FBgn0262593	Shab
FBpp0306030	FBgn0262593	Shab
FBpp0293735	FBgn0262593	Shab
FBpp0293732	FBgn0262593	Shab
FBpp0293736	FBgn0262593	Shab
FBpp0293738	FBgn0262593	Shab
FBpp0293739	FBgn0262593	Shab
FBpp0293731	FBgn0262593	Shab
FBpp0071114	FBgn0030025	CG2147
FBpp0072117	FBgn0034938	CG3803
FBpp0088429	FBgn0003654	sw
FBpp0309318	FBgn0003654	sw
FBpp0089021	FBgn0003654	sw
FBpp0088425	FBgn0003654	sw
FBpp0089020	FBgn0003654	sw
FBpp0088424	FBgn0003654	sw
FBpp0088428	FBgn0003654	sw
FBpp0088421	FBgn0003654	sw
FBpp0309319	FBgn0003654	sw
FBpp0088423	FBgn0003654	sw
FBpp0088422	FBgn0003654	sw
FBpp0088420	FBgn0003654	sw
FBpp0088427	FBgn0003654	sw
FBpp0088419	FBgn0003654	sw
FBpp0088426	FBgn0003654	sw
FBpp0304069	FBgn0031213	galectin
FBpp0077760	FBgn0031213	galectin
FBpp0290947	FBgn0031213	galectin
FBpp0297498	FBgn0031213	galectin
FBpp0291374	FBgn0031213	galectin
FBpp0289936	FBgn0035166	JMJD5
FBpp0303819	FBgn0035166	JMJD5
FBpp0428462	FBgn0288748	CG46523
FBpp0428463	FBgn0288748	CG46523
FBpp0071551	FBgn0027073	Ugt49B1
FBpp0303797	FBgn0011659	Mlh1
FBpp0087867	FBgn0011659	Mlh1
FBpp0113095	FBgn0031813	Acox3
FBpp0088887	FBgn0031813	Acox3
FBpp0302984	FBgn0031813	Acox3
FBpp0311763	FBgn0031813	Acox3
FBpp0100144	FBgn0034519	BORCS7
FBpp0076724	FBgn0022935	D19A
FBpp0079199	FBgn0051606	CG31606
FBpp0080322	FBgn0041627	Ku80
FBpp0288401	FBgn0036595	CG13046
FBpp0078564	FBgn0051525	CG31525
FBpp0298041	FBgn0040972	CG16978
FBpp0304910	FBgn0015359	Elp5
FBpp0072756	FBgn0015359	Elp5
FBpp0081236	FBgn0037514	CG10919
FBpp0074843	FBgn0036824	CG3902
FBpp0309872	FBgn0034786	CG13531
FBpp0071821	FBgn0034786	CG13531
FBpp0071387	FBgn0030208	PPP4R2r
FBpp0307839	FBgn0030208	PPP4R2r
FBpp0089154	FBgn0030208	PPP4R2r
FBpp0071386	FBgn0030208	PPP4R2r
FBpp0078688	FBgn0262467	Scox
FBpp0300809	FBgn0069056	CG33226
FBpp0078681	FBgn0031664	CG8892
FBpp0078682	FBgn0031664	CG8892
FBpp0297153	FBgn0031664	CG8892
FBpp0303670	FBgn0031664	CG8892
FBpp0084119	FBgn0015591	AstA
FBpp0312068	FBgn0015591	AstA
FBpp0078662	FBgn0031684	ND-13A
FBpp0311489	FBgn0031684	ND-13A
FBpp0311490	FBgn0031684	ND-13A
FBpp0076989	FBgn0031101	CG1631
FBpp0310054	FBgn0053296	CG33296
FBpp0291681	FBgn0053296	CG33296
FBpp0302858	FBgn0263850	CG43711
FBpp0076637	FBgn0035736	Cpr65Eb
FBpp0111294	FBgn0262954	Polr2K
FBpp0099738	FBgn0250823	gish
FBpp0082717	FBgn0250823	gish
FBpp0099736	FBgn0250823	gish
FBpp0428235	FBgn0250823	gish
FBpp0306673	FBgn0250823	gish
FBpp0290519	FBgn0250823	gish
FBpp0428234	FBgn0250823	gish
FBpp0303074	FBgn0250823	gish
FBpp0082715	FBgn0250823	gish
FBpp0082718	FBgn0250823	gish
FBpp0082719	FBgn0250823	gish
FBpp0293608	FBgn0250823	gish
FBpp0428233	FBgn0250823	gish
FBpp0293609	FBgn0250823	gish
FBpp0099737	FBgn0250823	gish
FBpp0082716	FBgn0250823	gish
FBpp0310071	FBgn0032050	CG13096
FBpp0079306	FBgn0032050	CG13096
FBpp0071309	FBgn0267253	CG32700
FBpp0071308	FBgn0267253	CG32700
FBpp0306837	FBgn0003941	RpL40
FBpp0077159	FBgn0003941	RpL40
FBpp0077247	FBgn0004892	sob
FBpp0070934	FBgn0029909	mAChR-C
FBpp0081242	FBgn0037518	CG2641
FBpp0084458	FBgn0004510	Ets97D
FBpp0303200	FBgn0004510	Ets97D
FBpp0084104	FBgn0039239	Srg1
FBpp0298380	FBgn0011205	fbl
FBpp0077847	FBgn0011205	fbl
FBpp0298381	FBgn0011205	fbl
FBpp0077845	FBgn0011205	fbl
FBpp0077848	FBgn0011205	fbl
FBpp0077846	FBgn0011205	fbl
FBpp0077844	FBgn0011205	fbl
FBpp0310811	FBgn0266445	CG45075
FBpp0302856	FBgn0000307	chif
FBpp0080396	FBgn0000307	chif
FBpp0423267	FBgn0000307	chif
FBpp0080397	FBgn0000307	chif
FBpp0072328	FBgn0035073	CG16896
FBpp0075928	FBgn0052081	CG32081
FBpp0076465	FBgn0035824	CG8281
FBpp0075104	FBgn0025582	eIF3e
FBpp0304257	FBgn0005619	Hdc
FBpp0304256	FBgn0005619	Hdc
FBpp0087422	FBgn0005619	Hdc
FBpp0311591	FBgn0005619	Hdc
FBpp0074325	FBgn0030914	CG6106
FBpp0309961	FBgn0030914	CG6106
FBpp0073600	FBgn0030478	CG1640
FBpp0308869	FBgn0030478	CG1640
FBpp0073605	FBgn0030478	CG1640
FBpp0073602	FBgn0030478	CG1640
FBpp0073603	FBgn0030478	CG1640
FBpp0073601	FBgn0030478	CG1640
FBpp0073604	FBgn0030478	CG1640
FBpp0075559	FBgn0036377	CG10710
FBpp0079066	FBgn0031905	gudu
FBpp0070115	FBgn0003575	su(sable)
FBpp0309080	FBgn0003575	su(sable)
FBpp0309081	FBgn0003575	su(sable)
FBpp0112336	FBgn0052121	CG32121
FBpp0099386	FBgn0053971	Ir62a
FBpp0312331	FBgn0046323	ORY
FBpp0076001	FBgn0027615	OXA1L
FBpp0076000	FBgn0027615	OXA1L
FBpp0083168	FBgn0038678	mRpL55
FBpp0082727	FBgn0261286	Mat89Ba
FBpp0084819	FBgn0013972	Gycalpha99B
FBpp0070481	FBgn0025838	CG2652
FBpp0078732	FBgn0051915	CG31915
FBpp0088112	FBgn0024294	Spn43Aa
FBpp0293058	FBgn0032269	w-cup
FBpp0079721	FBgn0032269	w-cup
FBpp0311846	FBgn0034935	Orcokinin
FBpp0304306	FBgn0034935	Orcokinin
FBpp0072118	FBgn0034935	Orcokinin
FBpp0099996	FBgn0042182	CG18749
FBpp0311483	FBgn0042182	CG18749
FBpp0082801	FBgn0038454	CG10324
FBpp0077706	FBgn0000442	Pkg21D
FBpp0312321	FBgn0020497	emb
FBpp0079278	FBgn0020497	emb
FBpp0290782	FBgn0260867	CG42577
FBpp0309678	FBgn0030973	CG7332
FBpp0074418	FBgn0030973	CG7332
FBpp0070827	FBgn0052755	CG32755
FBpp0306000	FBgn0011327	Uch-L5
FBpp0076200	FBgn0011327	Uch-L5
FBpp0084091	FBgn0039249	CG11168
FBpp0307939	FBgn0039249	CG11168
FBpp0297226	FBgn0039249	CG11168
FBpp0307938	FBgn0039249	CG11168
FBpp0074900	FBgn0036781	CG13699
FBpp0087065	FBgn0033733	CG8834
FBpp0071451	FBgn0261394	Prosalpha3
FBpp0305934	FBgn0029821	CG4020
FBpp0070789	FBgn0029821	CG4020
FBpp0074342	FBgn0052549	Nt5b
FBpp0074343	FBgn0052549	Nt5b
FBpp0309367	FBgn0052549	Nt5b
FBpp0074346	FBgn0052549	Nt5b
FBpp0309368	FBgn0052549	Nt5b
FBpp0074347	FBgn0052549	Nt5b
FBpp0088883	FBgn0032907	Nthl1
FBpp0306893	FBgn0019952	Orct
FBpp0083983	FBgn0019952	Orct
FBpp0070241	FBgn0040363	CG11384
FBpp0309839	FBgn0266000	CG44774
FBpp0309836	FBgn0266000	CG44774
FBpp0309834	FBgn0266000	CG44774
FBpp0309840	FBgn0266000	CG44774
FBpp0311404	FBgn0266000	CG44774
FBpp0309835	FBgn0266000	CG44774
FBpp0309838	FBgn0266000	CG44774
FBpp0309837	FBgn0266000	CG44774
FBpp0085358	FBgn0033061	SmydA-5
FBpp0303118	FBgn0045862	btz
FBpp0084591	FBgn0045862	btz
FBpp0084590	FBgn0045862	btz
FBpp0303117	FBgn0045862	btz
FBpp0084143	FBgn0039272	CG11836
FBpp0291598	FBgn0039272	CG11836
FBpp0291597	FBgn0039272	CG11836
FBpp0423042	FBgn0039272	CG11836
FBpp0301202	FBgn0039272	CG11836
FBpp0084142	FBgn0039272	CG11836
FBpp0112196	FBgn0039272	CG11836
FBpp0291596	FBgn0039272	CG11836
FBpp0072696	FBgn0035247	Mettl2
FBpp0072695	FBgn0035247	Mettl2
FBpp0310082	FBgn0041582	tamo
FBpp0072188	FBgn0041582	tamo
FBpp0072189	FBgn0041582	tamo
FBpp0084756	FBgn0039644	rdog
FBpp0084755	FBgn0039644	rdog
FBpp0308439	FBgn0086784	stmA
FBpp0100147	FBgn0086784	stmA
FBpp0087794	FBgn0086784	stmA
FBpp0428220	FBgn0086784	stmA
FBpp0428221	FBgn0086784	stmA
FBpp0087795	FBgn0086784	stmA
FBpp0423083	FBgn0030904	upd2
FBpp0082025	FBgn0037988	CG14740
FBpp0073234	FBgn0030237	CG15209
FBpp0288673	FBgn0030178	Naxe
FBpp0271812	FBgn0036180	Duba
FBpp0271814	FBgn0036180	Duba
FBpp0290368	FBgn0036180	Duba
FBpp0271813	FBgn0036180	Duba
FBpp0307795	FBgn0051660	smog
FBpp0293449	FBgn0051660	smog
FBpp0099696	FBgn0051660	smog
FBpp0293448	FBgn0051660	smog
FBpp0077080	FBgn0051660	smog
FBpp0305606	FBgn0032054	Uba4
FBpp0079295	FBgn0032054	Uba4
FBpp0305605	FBgn0032054	Uba4
FBpp0088130	FBgn0027558	Pgant3
FBpp0086432	FBgn0015247	Diap2
FBpp0086431	FBgn0015247	Diap2
FBpp0293381	FBgn0262487	CG43077
FBpp0076793	FBgn0035617	l(3)psg2
FBpp0083035	FBgn0038579	CG14313
FBpp0078605	FBgn0037218	aux
FBpp0078604	FBgn0037218	aux
FBpp0307687	FBgn0037218	aux
FBpp0307686	FBgn0037218	aux
FBpp0292528	FBgn0039241	CG11089
FBpp0084087	FBgn0039241	CG11089
FBpp0302998	FBgn0032796	cyst
FBpp0080821	FBgn0032796	cyst
FBpp0080820	FBgn0032796	cyst
FBpp0089121	FBgn0026374	Rhp
FBpp0073911	FBgn0026374	Rhp
FBpp0308929	FBgn0052365	CG32365
FBpp0076463	FBgn0052365	CG32365
FBpp0079443	FBgn0286786	hoip
FBpp0307465	FBgn0286786	hoip
FBpp0099382	FBgn0053966	CG33966
FBpp0080094	FBgn0028943	CG15638
FBpp0307731	FBgn0264075	tgo
FBpp0081483	FBgn0264075	tgo
FBpp0112027	FBgn0034897	Sesn
FBpp0309933	FBgn0034897	Sesn
FBpp0112026	FBgn0034897	Sesn
FBpp0071996	FBgn0034897	Sesn
FBpp0087674	FBgn0033397	Cyp4p3
FBpp0072464	FBgn0001316	klar
FBpp0305983	FBgn0001316	klar
FBpp0111719	FBgn0001316	klar
FBpp0310131	FBgn0001316	klar
FBpp0305984	FBgn0001316	klar
FBpp0310130	FBgn0001316	klar
FBpp0305985	FBgn0001316	klar
FBpp0110115	FBgn0001316	klar
FBpp0111720	FBgn0001316	klar
FBpp0302999	FBgn0262126	Sec24CD
FBpp0077487	FBgn0262126	Sec24CD
FBpp0303000	FBgn0262126	Sec24CD
FBpp0077099	FBgn0031639	mRpS2
FBpp0084140	FBgn0039270	PQBP1
FBpp0070353	FBgn0023515	Gcna
FBpp0308578	FBgn0023515	Gcna
FBpp0070354	FBgn0023515	Gcna
FBpp0082379	FBgn0038219	CG14839
FBpp0084103	FBgn0015625	CycB3
FBpp0306645	FBgn0015625	CycB3
FBpp0309238	FBgn0028494	CG6424
FBpp0086046	FBgn0028494	CG6424
FBpp0290420	FBgn0028494	CG6424
FBpp0086047	FBgn0028494	CG6424
FBpp0291651	FBgn0037625	CG11768
FBpp0081425	FBgn0037625	CG11768
FBpp0301017	FBgn0037625	CG11768
FBpp0402877	FBgn0284227	CG46311
FBpp0290843	FBgn0035909	ergic53
FBpp0076352	FBgn0035909	ergic53
FBpp0290245	FBgn0051116	ClC-a
FBpp0082000	FBgn0051116	ClC-a
FBpp0082002	FBgn0051116	ClC-a
FBpp0112303	FBgn0051116	ClC-a
FBpp0289849	FBgn0051116	ClC-a
FBpp0082001	FBgn0051116	ClC-a
FBpp0306912	FBgn0051116	ClC-a
FBpp0082989	FBgn0020238	14-3-3epsilon
FBpp0082987	FBgn0020238	14-3-3epsilon
FBpp0082988	FBgn0020238	14-3-3epsilon
FBpp0082990	FBgn0020238	14-3-3epsilon
FBpp0078128	FBgn0037144	CG7458
FBpp0291265	FBgn0040514	CG17169
FBpp0078554	FBgn0037239	Sfxn1-3
FBpp0078553	FBgn0037239	Sfxn1-3
FBpp0078556	FBgn0037239	Sfxn1-3
FBpp0078555	FBgn0037239	Sfxn1-3
FBpp0082151	FBgn0038089	d-cup
FBpp0083791	FBgn0011596	fzo
FBpp0302818	FBgn0038515	CG5823
FBpp0082929	FBgn0038515	CG5823
FBpp0072417	FBgn0004373	fwd
FBpp0072416	FBgn0004373	fwd
FBpp0423146	FBgn0004373	fwd
FBpp0305064	FBgn0004373	fwd
FBpp0072415	FBgn0004373	fwd
FBpp0081991	FBgn0037956	CG6959
FBpp0288869	FBgn0037956	CG6959
FBpp0111296	FBgn0085217	CG34188
FBpp0293087	FBgn0039151	CG13607
FBpp0083970	FBgn0039151	CG13607
FBpp0077896	FBgn0027565	CG5498
FBpp0291187	FBgn0051077	CG31077
FBpp0300925	FBgn0263320	CG43401
FBpp0310388	FBgn0263320	CG43401
FBpp0086000	FBgn0050325	CG30325
FBpp0072942	FBgn0052268	Drsl6
FBpp0077694	FBgn0020305	dbe
FBpp0087668	FBgn0262515	VhaAC45
FBpp0087669	FBgn0262515	VhaAC45
FBpp0081863	FBgn0037897	Sptz
FBpp0087553	FBgn0010316	dap
FBpp0088874	FBgn0032001	CG8360
FBpp0304687	FBgn0032001	CG8360
FBpp0305437	FBgn0032480	Edem2
FBpp0080019	FBgn0032480	Edem2
FBpp0086301	FBgn0034126	jtb
FBpp0078266	FBgn0046875	Obp83g
FBpp0305929	FBgn0052791	DIP-alpha
FBpp0305928	FBgn0052791	DIP-alpha
FBpp0070563	FBgn0052791	DIP-alpha
FBpp0074729	FBgn0022774	Oat
FBpp0291404	FBgn0051976	ovm
FBpp0311956	FBgn0051976	ovm
FBpp0113022	FBgn0053276	Urm1
FBpp0289528	FBgn0259954	CG42464
FBpp0304182	FBgn0037074	Tbc1d8-9
FBpp0078058	FBgn0037074	Tbc1d8-9
FBpp0081568	FBgn0002431	hyd
FBpp0308671	FBgn0002431	hyd
FBpp0297499	FBgn0031214	CG11374
FBpp0304689	FBgn0032006	Pvr
FBpp0089341	FBgn0032006	Pvr
FBpp0079244	FBgn0032006	Pvr
FBpp0089342	FBgn0032006	Pvr
FBpp0304690	FBgn0032006	Pvr
FBpp0304691	FBgn0032006	Pvr
FBpp0291357	FBgn0032006	Pvr
FBpp0290552	FBgn0032006	Pvr
FBpp0292228	FBgn0032006	Pvr
FBpp0291358	FBgn0032006	Pvr
FBpp0292227	FBgn0032006	Pvr
FBpp0290553	FBgn0032006	Pvr
FBpp0079245	FBgn0032006	Pvr
FBpp0077382	FBgn0026395	Or23a
FBpp0289965	FBgn0037375	kat-60L1
FBpp0289962	FBgn0037375	kat-60L1
FBpp0078276	FBgn0037375	kat-60L1
FBpp0289963	FBgn0037375	kat-60L1
FBpp0289960	FBgn0037375	kat-60L1
FBpp0289961	FBgn0037375	kat-60L1
FBpp0289964	FBgn0037375	kat-60L1
FBpp0078277	FBgn0037375	kat-60L1
FBpp0288684	FBgn0051869	CG31869
FBpp0079778	FBgn0051869	CG31869
FBpp0288685	FBgn0051869	CG31869
FBpp0306555	FBgn0025726	unc-13
FBpp0300962	FBgn0025726	unc-13
FBpp0088306	FBgn0025726	unc-13
FBpp0088307	FBgn0025726	unc-13
FBpp0311224	FBgn0025726	unc-13
FBpp0088305	FBgn0025726	unc-13
FBpp0300963	FBgn0025726	unc-13
FBpp0075400	FBgn0047178	CG32147
FBpp0311809	FBgn0266962	CG45413
FBpp0311916	FBgn0266962	CG45413
FBpp0081452	FBgn0037662	CG11997
FBpp0291433	FBgn0050382	Prosalpha1R
FBpp0087968	FBgn0050382	Prosalpha1R
FBpp0076284	FBgn0086706	pix
FBpp0076285	FBgn0086706	pix
FBpp0309711	FBgn0032725	Nedd8
FBpp0080733	FBgn0032725	Nedd8
FBpp0085475	FBgn0050446	Tdc2
FBpp0289423	FBgn0035023	ITP
FBpp0288657	FBgn0035023	ITP
FBpp0289424	FBgn0035023	ITP
FBpp0310091	FBgn0035023	ITP
FBpp0288658	FBgn0035023	ITP
FBpp0079203	FBgn0261064	Rbsn-5
FBpp0352247	FBgn0083984	CG34148
FBpp0290229	FBgn0083984	CG34148
FBpp0310396	FBgn0001565	Ddx56
FBpp0076917	FBgn0001565	Ddx56
FBpp0086650	FBgn0033903	CG8323
FBpp0312041	FBgn0030905	CG15059
FBpp0074356	FBgn0030905	CG15059
FBpp0074746	FBgn0036877	CG9452
FBpp0288515	FBgn0001297	kay
FBpp0099941	FBgn0001297	kay
FBpp0308309	FBgn0001297	kay
FBpp0084844	FBgn0001297	kay
FBpp0084846	FBgn0001297	kay
FBpp0075589	FBgn0036361	CG10154
FBpp0292212	FBgn0036361	CG10154
FBpp0080497	FBgn0051807	CG31807
FBpp0310778	FBgn0051807	CG31807
FBpp0082577	FBgn0038316	CG6276
FBpp0080847	FBgn0032827	CG10481
FBpp0075089	FBgn0036668	Zcchc7
FBpp0082810	FBgn0043069	MESK4
FBpp0307988	FBgn0043069	MESK4
FBpp0085262	FBgn0051612	CG31612
FBpp0290221	FBgn0051612	CG31612
FBpp0290527	FBgn0037292	plh
FBpp0111333	FBgn0085254	CG34225
FBpp0085718	FBgn0034446	Arl6
FBpp0309437	FBgn0034446	Arl6
FBpp0085131	FBgn0051005	qless
FBpp0311406	FBgn0051005	qless
FBpp0084421	FBgn0039448	TwdlQ
FBpp0086820	FBgn0033842	cbc
FBpp0293247	FBgn0037531	CG10445
FBpp0289909	FBgn0037531	CG10445
FBpp0308768	FBgn0037531	CG10445
FBpp0074548	FBgn0031026	CG12231
FBpp0310376	FBgn0032688	CG15160
FBpp0310375	FBgn0032688	CG15160
FBpp0080620	FBgn0032688	CG15160
FBpp0303582	FBgn0030992	CG33253
FBpp0309742	FBgn0030992	CG33253
FBpp0074439	FBgn0030992	CG33253
FBpp0308370	FBgn0085322	CG34293
FBpp0111402	FBgn0085322	CG34293
FBpp0307992	FBgn0038462	EMC2A
FBpp0082818	FBgn0038462	EMC2A
FBpp0311370	FBgn0030336	CG1578
FBpp0308797	FBgn0030336	CG1578
FBpp0073444	FBgn0030336	CG1578
FBpp0308483	FBgn0002069	AspRS
FBpp0086897	FBgn0002069	AspRS
FBpp0305104	FBgn0002069	AspRS
FBpp0080001	FBgn0263598	Vha68-2
FBpp0079999	FBgn0263598	Vha68-2
FBpp0307597	FBgn0263598	Vha68-2
FBpp0307596	FBgn0263598	Vha68-2
FBpp0080000	FBgn0263598	Vha68-2
FBpp0294002	FBgn0263598	Vha68-2
FBpp0289337	FBgn0051266	CG31266
FBpp0310332	FBgn0031874	CG13775
FBpp0310333	FBgn0031874	CG13775
FBpp0078991	FBgn0031874	CG13775
FBpp0423260	FBgn0267689	CG46025
FBpp0312501	FBgn0267689	CG46025
FBpp0312499	FBgn0267689	CG46025
FBpp0312498	FBgn0267689	CG46025
FBpp0312500	FBgn0267689	CG46025
FBpp0070508	FBgn0029658	CG14269
FBpp0304584	FBgn0029658	CG14269
FBpp0288380	FBgn0039323	CG10559
FBpp0088074	FBgn0040513	kappaB-Ras
FBpp0307863	FBgn0040513	kappaB-Ras
FBpp0289079	FBgn0040513	kappaB-Ras
FBpp0087561	FBgn0033449	CG1663
FBpp0082190	FBgn0038105	yellow-f2
FBpp0402895	FBgn0032221	Schip1
FBpp0111946	FBgn0032221	Schip1
FBpp0079725	FBgn0032299	CG17127
FBpp0288668	FBgn0032299	CG17127
FBpp0423419	FBgn0287213	CG46443
FBpp0301628	FBgn0263596	CG43618
FBpp0081361	FBgn0037594	Or85d
FBpp0070176	FBgn0040351	CG11638
FBpp0077315	FBgn0051950	Sbat
FBpp0304730	FBgn0051950	Sbat
FBpp0309795	FBgn0025839	ND-B14.5A
FBpp0070370	FBgn0025839	ND-B14.5A
FBpp0074288	FBgn0022724	Taf8
FBpp0078626	FBgn0051516	CG31516
FBpp0309959	FBgn0029831	CG5966
FBpp0070831	FBgn0029831	CG5966
FBpp0086198	FBgn0003091	Pkc53E
FBpp0293607	FBgn0003091	Pkc53E
FBpp0111731	FBgn0003091	Pkc53E
FBpp0304291	FBgn0003091	Pkc53E
FBpp0086197	FBgn0003091	Pkc53E
FBpp0293606	FBgn0003091	Pkc53E
FBpp0309415	FBgn0261803	CG42749
FBpp0292371	FBgn0261803	CG42749
FBpp0292370	FBgn0261803	CG42749
FBpp0075340	FBgn0004588	Eig71Ea
FBpp0079217	FBgn0032013	Scgalpha
FBpp0302967	FBgn0032013	Scgalpha
FBpp0302966	FBgn0032013	Scgalpha
FBpp0076483	FBgn0024187	syd
FBpp0305016	FBgn0024187	syd
FBpp0076484	FBgn0024187	syd
FBpp0311832	FBgn0024187	syd
FBpp0289641	FBgn0024187	syd
FBpp0305017	FBgn0024187	syd
FBpp0289642	FBgn0024187	syd
FBpp0305018	FBgn0024187	syd
FBpp0305015	FBgn0024187	syd
FBpp0305019	FBgn0024187	syd
FBpp0305014	FBgn0024187	syd
FBpp0310883	FBgn0266487	CG45086
FBpp0310882	FBgn0266487	CG45086
FBpp0089283	FBgn0024277	trio
FBpp0072539	FBgn0024277	trio
FBpp0072542	FBgn0024277	trio
FBpp0072543	FBgn0024277	trio
FBpp0072541	FBgn0024277	trio
FBpp0072540	FBgn0024277	trio
FBpp0428455	FBgn0024277	trio
FBpp0289853	FBgn0260223	CG42497
FBpp0290046	FBgn0032775	CG17544
FBpp0080759	FBgn0032775	CG17544
FBpp0080757	FBgn0032775	CG17544
FBpp0080758	FBgn0032775	CG17544
FBpp0071079	FBgn0029986	CG15332
FBpp0073899	FBgn0030675	CG8191
FBpp0086288	FBgn0034114	CG4282
FBpp0310296	FBgn0001989	ND-B17
FBpp0080329	FBgn0001989	ND-B17
FBpp0311920	FBgn0030620	CG5662
FBpp0073816	FBgn0030620	CG5662
FBpp0310502	FBgn0031041	Pstk
FBpp0304763	FBgn0031041	Pstk
FBpp0099685	FBgn0031041	Pstk
FBpp0086641	FBgn0010397	LamC
FBpp0305369	FBgn0010397	LamC
FBpp0083511	FBgn0038890	sp3
FBpp0306725	FBgn0038890	sp3
FBpp0306726	FBgn0038890	sp3
FBpp0290429	FBgn0038890	sp3
FBpp0290430	FBgn0038890	sp3
FBpp0082627	FBgn0038361	Uros2
FBpp0079501	FBgn0032154	mtDNA-helicase
FBpp0072966	FBgn0053159	CG33159
FBpp0070665	FBgn0029717	CG12684
FBpp0307124	FBgn0031453	Bacc
FBpp0297923	FBgn0031453	Bacc
FBpp0077397	FBgn0031453	Bacc
FBpp0077398	FBgn0031453	Bacc
FBpp0291137	FBgn0004169	up
FBpp0311352	FBgn0004169	up
FBpp0073682	FBgn0004169	up
FBpp0300553	FBgn0004169	up
FBpp0309481	FBgn0004169	up
FBpp0300554	FBgn0004169	up
FBpp0301821	FBgn0004169	up
FBpp0291134	FBgn0004169	up
FBpp0073683	FBgn0004169	up
FBpp0301822	FBgn0004169	up
FBpp0301823	FBgn0004169	up
FBpp0100013	FBgn0004169	up
FBpp0073684	FBgn0004169	up
FBpp0291135	FBgn0004169	up
FBpp0100015	FBgn0004169	up
FBpp0291133	FBgn0004169	up
FBpp0291136	FBgn0004169	up
FBpp0309482	FBgn0004169	up
FBpp0075799	FBgn0036225	CG5883
FBpp0076374	FBgn0017430	Nelf-E
FBpp0075085	FBgn0036662	CG9706
FBpp0075086	FBgn0036662	CG9706
FBpp0423189	FBgn0036662	CG9706
FBpp0301699	FBgn0005775	Con
FBpp0073231	FBgn0005775	Con
FBpp0075260	FBgn0040230	dbo
FBpp0304443	FBgn0040230	dbo
FBpp0310619	FBgn0259237	CG42335
FBpp0075618	FBgn0011284	RpS4
FBpp0312080	FBgn0011284	RpS4
FBpp0075619	FBgn0011284	RpS4
FBpp0074245	FBgn0030873	CG15814
FBpp0074243	FBgn0030873	CG15814
FBpp0074242	FBgn0030873	CG15814
FBpp0074244	FBgn0030873	CG15814
FBpp0074368	FBgn0030938	CG15047
FBpp0079620	FBgn0027611	LManII
FBpp0079621	FBgn0027611	LManII
FBpp0294012	FBgn0010382	CycE
FBpp0080334	FBgn0010382	CycE
FBpp0080332	FBgn0010382	CycE
FBpp0080333	FBgn0010382	CycE
FBpp0080335	FBgn0010382	CycE
FBpp0080331	FBgn0010382	CycE
FBpp0070849	FBgn0026060	Mipp2
FBpp0111480	FBgn0085386	CG34357
FBpp0292870	FBgn0085386	CG34357
FBpp0423143	FBgn0085386	CG34357
FBpp0307226	FBgn0085386	CG34357
FBpp0304702	FBgn0039719	CG15515
FBpp0301123	FBgn0263391	hts
FBpp0301117	FBgn0263391	hts
FBpp0301113	FBgn0263391	hts
FBpp0301110	FBgn0263391	hts
FBpp0301119	FBgn0263391	hts
FBpp0301112	FBgn0263391	hts
FBpp0301114	FBgn0263391	hts
FBpp0423414	FBgn0263391	hts
FBpp0301111	FBgn0263391	hts
FBpp0301122	FBgn0263391	hts
FBpp0301115	FBgn0263391	hts
FBpp0301121	FBgn0263391	hts
FBpp0309427	FBgn0263391	hts
FBpp0301118	FBgn0263391	hts
FBpp0301116	FBgn0263391	hts
FBpp0301120	FBgn0263391	hts
FBpp0083697	FBgn0039006	Cyp6d4
FBpp0084098	FBgn0051121	CG31121
FBpp0084099	FBgn0051121	CG31121
FBpp0081073	FBgn0015574	alpha-Est6
FBpp0099678	FBgn0028841	jhamt
FBpp0309208	FBgn0028841	jhamt
FBpp0296937	FBgn0053300	Muc30E
FBpp0304708	FBgn0054041	CG34041
FBpp0304707	FBgn0054041	CG34041
FBpp0293279	FBgn0054041	CG34041
FBpp0091149	FBgn0053904	His2B:CG33904
FBpp0083990	FBgn0039184	CG6432
FBpp0311939	FBgn0039184	CG6432
FBpp0289453	FBgn0054005	CG34005
FBpp0311090	FBgn0054005	CG34005
FBpp0086734	FBgn0033888	CG18568
FBpp0311709	FBgn0033888	CG18568
FBpp0085611	FBgn0034500	CG11200
FBpp0310597	FBgn0034500	CG11200
FBpp0085612	FBgn0034500	CG11200
FBpp0072242	FBgn0035043	CG4781
FBpp0091163	FBgn0261294	CheB74a
FBpp0083488	FBgn0038888	CheB93a
FBpp0074740	FBgn0036887	CG9231
FBpp0311248	FBgn0036887	CG9231
FBpp0290410	FBgn0033362	CG8172
FBpp0290411	FBgn0033362	CG8172
FBpp0308398	FBgn0033362	CG8172
FBpp0290409	FBgn0033362	CG8172
FBpp0307612	FBgn0051706	CG31706
FBpp0079828	FBgn0051706	CG31706
FBpp0084012	FBgn0039189	CG18528
FBpp0308599	FBgn0033802	CG17724
FBpp0086884	FBgn0033802	CG17724
FBpp0306542	FBgn0033802	CG17724
FBpp0310606	FBgn0033802	CG17724
FBpp0302637	FBgn0033802	CG17724
FBpp0076256	FBgn0043806	CG32032
FBpp0292009	FBgn0036138	CG14143
FBpp0077344	FBgn0005779	PpD6
FBpp0293184	FBgn0262361	CG43059
FBpp0303272	FBgn0085400	side-V
FBpp0111508	FBgn0085400	side-V
FBpp0071993	FBgn0034893	mRpL43
FBpp0428466	FBgn0288731	CG46506
FBpp0303242	FBgn0015380	drl
FBpp0080736	FBgn0015380	drl
FBpp0075095	FBgn0036670	CG13029
FBpp0304948	FBgn0036670	CG13029
FBpp0080916	FBgn0042133	CG18810
FBpp0070480	FBgn0000092	dyw
FBpp0086969	FBgn0003326	sca
FBpp0086968	FBgn0003326	sca
FBpp0074215	FBgn0024238	Fim
FBpp0074216	FBgn0024238	Fim
FBpp0074217	FBgn0024238	Fim
FBpp0073134	FBgn0016013	Faa
FBpp0073973	FBgn0030693	sordd1
FBpp0073972	FBgn0030693	sordd1
FBpp0073970	FBgn0030693	sordd1
FBpp0073971	FBgn0030693	sordd1
FBpp0073974	FBgn0030693	sordd1
FBpp0076933	FBgn0040648	CG11666
FBpp0310830	FBgn0050461	CG30461
FBpp0310831	FBgn0050461	CG30461
FBpp0310832	FBgn0050461	CG30461
FBpp0086666	FBgn0010241	Mdr50
FBpp0300207	FBgn0031081	Nep3
FBpp0300206	FBgn0031081	Nep3
FBpp0070000	FBgn0031081	Nep3
FBpp0077742	FBgn0010602	lwr
FBpp0301731	FBgn0010602	lwr
FBpp0301732	FBgn0010602	lwr
FBpp0077741	FBgn0010602	lwr
FBpp0306698	FBgn0259224	CG42324
FBpp0306694	FBgn0259224	CG42324
FBpp0306697	FBgn0259224	CG42324
FBpp0306695	FBgn0259224	CG42324
FBpp0306696	FBgn0259224	CG42324
FBpp0303175	FBgn0259224	CG42324
FBpp0073893	FBgn0004391	shtd
FBpp0076564	FBgn0035779	CG8562
FBpp0310361	FBgn0032769	CG10750
FBpp0080737	FBgn0032769	CG10750
FBpp0310121	FBgn0025390	Mur2B
FBpp0292620	FBgn0025390	Mur2B
FBpp0070274	FBgn0025390	Mur2B
FBpp0081894	FBgn0037924	CG14712
FBpp0084557	FBgn0046886	Gr98c
FBpp0304984	FBgn0035571	CG12493
FBpp0073219	FBgn0035571	CG12493
FBpp0099715	FBgn0031220	CG4822
FBpp0077814	FBgn0031220	CG4822
FBpp0099712	FBgn0031220	CG4822
FBpp0077815	FBgn0031220	CG4822
FBpp0077816	FBgn0031220	CG4822
FBpp0303496	FBgn0031220	CG4822
FBpp0099713	FBgn0031220	CG4822
FBpp0099714	FBgn0031220	CG4822
FBpp0077817	FBgn0031220	CG4822
FBpp0076882	FBgn0035588	Dhrs4
FBpp0075971	FBgn0036117	CG6321
FBpp0071039	FBgn0052719	CG32719
FBpp0083880	FBgn0047114	CG31142
FBpp0310441	FBgn0038672	CG6005
FBpp0083133	FBgn0038672	CG6005
FBpp0085110	FBgn0051008	CG31008
FBpp0428412	FBgn0259213	side-II
FBpp0311556	FBgn0259213	side-II
FBpp0288989	FBgn0259213	side-II
FBpp0089269	FBgn0003943	Ubi-p63E
FBpp0305348	FBgn0003943	Ubi-p63E
FBpp0073034	FBgn0003943	Ubi-p63E
FBpp0073035	FBgn0003943	Ubi-p63E
FBpp0292096	FBgn0261624	I-3
FBpp0289966	FBgn0037650	CG11977
FBpp0110310	FBgn0083983	mRpL34
FBpp0293785	FBgn0032362	spz4
FBpp0083656	FBgn0260942	bond
FBpp0083655	FBgn0260942	bond
FBpp0083654	FBgn0260942	bond
FBpp0305100	FBgn0250789	alpha-Spec
FBpp0072672	FBgn0250789	alpha-Spec
FBpp0305102	FBgn0250789	alpha-Spec
FBpp0305101	FBgn0250789	alpha-Spec
FBpp0309076	FBgn0034166	CG6472
FBpp0073901	FBgn0030679	CG8206
FBpp0312006	FBgn0030679	CG8206
FBpp0087827	FBgn0033294	Mal-A4
FBpp0292198	FBgn0261697	tctn
FBpp0297258	FBgn0262845	CG43209
FBpp0311252	FBgn0264746	CG44004
FBpp0311251	FBgn0264746	CG44004
FBpp0083583	FBgn0038925	Cchl
FBpp0307185	FBgn0038925	Cchl
FBpp0099751	FBgn0005561	sv
FBpp0099750	FBgn0005561	sv
FBpp0099747	FBgn0005561	sv
FBpp0290778	FBgn0005561	sv
FBpp0088367	FBgn0005561	sv
FBpp0088366	FBgn0005561	sv
FBpp0099749	FBgn0005561	sv
FBpp0073190	FBgn0035546	CG11345
FBpp0072171	FBgn0034996	CG13575
FBpp0084050	FBgn0039212	Syx18
FBpp0080701	FBgn0086446	DCTN6-p27
FBpp0085964	FBgn0034301	CG5756
FBpp0303036	FBgn0034301	CG5756
FBpp0300859	FBgn0262535	CG43089
FBpp0309527	FBgn0262535	CG43089
FBpp0111469	FBgn0085377	CG34348
FBpp0079992	FBgn0032444	CCT4
FBpp0303606	FBgn0261112	APP-BP1
FBpp0075938	FBgn0261112	APP-BP1
FBpp0087959	FBgn0023171	rnh1
FBpp0089188	FBgn0023171	rnh1
FBpp0083746	FBgn0039053	CG6738
FBpp0082667	FBgn0038390	Rbf2
FBpp0297574	FBgn0013718	nuf
FBpp0298020	FBgn0013718	nuf
FBpp0089174	FBgn0013718	nuf
FBpp0297575	FBgn0013718	nuf
FBpp0297577	FBgn0013718	nuf
FBpp0100130	FBgn0013718	nuf
FBpp0075476	FBgn0013718	nuf
FBpp0297579	FBgn0013718	nuf
FBpp0100129	FBgn0013718	nuf
FBpp0075475	FBgn0013718	nuf
FBpp0297578	FBgn0013718	nuf
FBpp0075474	FBgn0013718	nuf
FBpp0309362	FBgn0003969	vap
FBpp0073945	FBgn0003969	vap
FBpp0309361	FBgn0003969	vap
FBpp0089148	FBgn0003969	vap
FBpp0073946	FBgn0003969	vap
FBpp0089147	FBgn0003969	vap
FBpp0311527	FBgn0085488	CG34459
FBpp0311528	FBgn0085488	CG34459
FBpp0111677	FBgn0085488	CG34459
FBpp0078510	FBgn0037279	Gmppb
FBpp0311383	FBgn0037279	Gmppb
FBpp0311384	FBgn0037279	Gmppb
FBpp0078511	FBgn0037279	Gmppb
FBpp0082462	FBgn0038275	CG3817
FBpp0077556	FBgn0045497	Gr22e
FBpp0309491	FBgn0024184	unc-4
FBpp0309492	FBgn0024184	unc-4
FBpp0309490	FBgn0024184	unc-4
FBpp0086427	FBgn0034052	CG8299
FBpp0306890	FBgn0003525	stg
FBpp0084766	FBgn0003525	stg
FBpp0076750	FBgn0035666	Jon65Aii
FBpp0074868	FBgn0036791	CG7271
FBpp0078012	FBgn0037092	M6
FBpp0304958	FBgn0037092	M6
FBpp0304961	FBgn0037092	M6
FBpp0304959	FBgn0037092	M6
FBpp0308840	FBgn0037092	M6
FBpp0304960	FBgn0037092	M6
FBpp0072018	FBgn0260455	CG10332
FBpp0110338	FBgn0024189	sns
FBpp0087716	FBgn0024189	sns
FBpp0308386	FBgn0024189	sns
FBpp0308350	FBgn0039149	CG18428
FBpp0083928	FBgn0039149	CG18428
FBpp0306251	FBgn0264744	CG44002
FBpp0112197	FBgn0039273	shams
FBpp0306232	FBgn0000100	RpLP0
FBpp0078134	FBgn0000100	RpLP0
FBpp0083097	FBgn0038649	PGS1
FBpp0402878	FBgn0284228	CG46312
FBpp0076866	FBgn0040842	CG15212
FBpp0082414	FBgn0038239	Jig
FBpp0091126	FBgn0053881	His4:CG33881
FBpp0070034	FBgn0031082	lky
FBpp0082089	FBgn0011270	Pglym87
FBpp0086399	FBgn0034066	EMC7
FBpp0311812	FBgn0033982	Cyp317a1
FBpp0086536	FBgn0033982	Cyp317a1
FBpp0311189	FBgn0033982	Cyp317a1
FBpp0085696	FBgn0010434	cora
FBpp0290494	FBgn0010434	cora
FBpp0309411	FBgn0010434	cora
FBpp0309410	FBgn0010434	cora
FBpp0085694	FBgn0010434	cora
FBpp0085697	FBgn0010434	cora
FBpp0304440	FBgn0036214	CG7264
FBpp0075767	FBgn0036214	CG7264
FBpp0072423	FBgn0035113	pyx
FBpp0072424	FBgn0035113	pyx
FBpp0079446	FBgn0051710	CG31710
FBpp0307476	FBgn0051710	CG31710
FBpp0308606	FBgn0051710	CG31710
FBpp0072595	FBgn0043458	CG12084
FBpp0304902	FBgn0043458	CG12084
FBpp0311517	FBgn0260798	Gprk1
FBpp0291451	FBgn0260798	Gprk1
FBpp0110413	FBgn0260798	Gprk1
FBpp0309590	FBgn0034534	maf-S
FBpp0085544	FBgn0034534	maf-S
FBpp0074980	FBgn0052176	CG32176
FBpp0075186	FBgn0036614	Golgin104
FBpp0308284	FBgn0039028	CG13840
FBpp0099852	FBgn0037317	CG14667
FBpp0082953	FBgn0038546	CG7379
FBpp0111291	FBgn0085212	CG34183
FBpp0087214	FBgn0033599	CG13223
FBpp0111674	FBgn0085485	CG34456
FBpp0087785	FBgn0033323	CG12376
FBpp0308435	FBgn0033323	CG12376
FBpp0085298	FBgn0040519	CG15219
FBpp0297202	FBgn0040519	CG15219
FBpp0309568	FBgn0032506	CG9395
FBpp0291253	FBgn0032506	CG9395
FBpp0086132	FBgn0034191	CG6984
FBpp0312363	FBgn0267429	lovit
FBpp0303323	FBgn0039771	Osi23
FBpp0312527	FBgn0262877	CG43232
FBpp0297394	FBgn0262877	CG43232
FBpp0081089	FBgn0002306	sas
FBpp0306906	FBgn0002306	sas
FBpp0081090	FBgn0002306	sas
FBpp0306905	FBgn0002306	sas
FBpp0288790	FBgn0261279	lqfR
FBpp0288789	FBgn0261279	lqfR
FBpp0297900	FBgn0031322	CG5001
FBpp0307363	FBgn0031322	CG5001
FBpp0297899	FBgn0031322	CG5001
FBpp0077637	FBgn0031322	CG5001
FBpp0087366	FBgn0033527	CG11777
FBpp0083092	FBgn0038653	Octalpha2R
FBpp0303062	FBgn0038653	Octalpha2R
FBpp0305032	FBgn0038653	Octalpha2R
FBpp0076017	FBgn0052064	S-Lap4
FBpp0091011	FBgn0261291	CheA86a
FBpp0300825	FBgn0039616	CG11828
FBpp0081722	FBgn0025879	Timp
FBpp0310020	FBgn0027528	goe
FBpp0310021	FBgn0027528	goe
FBpp0074133	FBgn0027528	goe
FBpp0080344	FBgn0028901	t-Grip91
FBpp0304119	FBgn0030056	CAH3
FBpp0304120	FBgn0030056	CAH3
FBpp0311871	FBgn0030056	CAH3
FBpp0304118	FBgn0030056	CAH3
FBpp0071167	FBgn0030056	CAH3
FBpp0074615	FBgn0288469	Pex23
FBpp0088094	FBgn0033127	Tsp42Ef
FBpp0085309	FBgn0039972	Marf1
FBpp0297345	FBgn0039972	Marf1
FBpp0085310	FBgn0039972	Marf1
FBpp0297346	FBgn0039972	Marf1
FBpp0085311	FBgn0039972	Marf1
FBpp0303999	FBgn0029664	CG10802
FBpp0070543	FBgn0029664	CG10802
FBpp0088739	FBgn0052442	Arv1
FBpp0088738	FBgn0052442	Arv1
FBpp0271929	FBgn0052442	Arv1
FBpp0070916	FBgn0029890	Fum2
FBpp0072825	FBgn0027082	ProRS-m
FBpp0305638	FBgn0027082	ProRS-m
FBpp0288999	FBgn0035786	Tsp66A
FBpp0291713	FBgn0035786	Tsp66A
FBpp0305022	FBgn0035786	Tsp66A
FBpp0305021	FBgn0035786	Tsp66A
FBpp0080586	FBgn0032664	Slc25A46b
FBpp0289530	FBgn0259956	Sfp24C1
FBpp0309458	FBgn0265670	CG44477
FBpp0308003	FBgn0040984	CG4440
FBpp0080393	FBgn0040984	CG4440
FBpp0312571	FBgn0267903	CG46191
FBpp0070380	FBgn0000810	fs(1)K10
FBpp0071223	FBgn0052708	CG32708
FBpp0304909	FBgn0052301	CG32301
FBpp0290535	FBgn0052301	CG32301
FBpp0290536	FBgn0052301	CG32301
FBpp0079749	FBgn0040967	CG18666
FBpp0087790	FBgn0289556	blo
FBpp0288554	FBgn0289556	blo
FBpp0087792	FBgn0289556	blo
FBpp0308438	FBgn0289556	blo
FBpp0087791	FBgn0289556	blo
FBpp0084334	FBgn0002633	E(spl)m7-HLH
FBpp0086787	FBgn0040477	cid
FBpp0075276	FBgn0036556	hzg
FBpp0305756	FBgn0036556	hzg
FBpp0087286	FBgn0033597	Cpr47Ea
FBpp0309405	FBgn0028474	CG4119
FBpp0070765	FBgn0028474	CG4119
FBpp0079270	FBgn0032036	CG13384
FBpp0079272	FBgn0032036	CG13384
FBpp0079269	FBgn0032036	CG13384
FBpp0292521	FBgn0032036	CG13384
FBpp0292520	FBgn0032036	CG13384
FBpp0079274	FBgn0032036	CG13384
FBpp0292519	FBgn0032036	CG13384
FBpp0292523	FBgn0032036	CG13384
FBpp0079273	FBgn0032036	CG13384
FBpp0292522	FBgn0032036	CG13384
FBpp0079271	FBgn0032036	CG13384
FBpp0086400	FBgn0010590	Prosbeta1
FBpp0310544	FBgn0002772	Mlc1
FBpp0084565	FBgn0002772	Mlc1
FBpp0084566	FBgn0002772	Mlc1
FBpp0084945	FBgn0051030	VhaAC45RP
FBpp0110131	FBgn0051030	VhaAC45RP
FBpp0073070	FBgn0052260	CG32260
FBpp0304903	FBgn0052260	CG32260
FBpp0302614	FBgn0029661	CG16781
FBpp0070506	FBgn0029661	CG16781
FBpp0077450	FBgn0031428	CG9886
FBpp0307439	FBgn0031428	CG9886
FBpp0293523	FBgn0262544	CG43098
FBpp0111555	FBgn0085424	nub
FBpp0111554	FBgn0085424	nub
FBpp0309559	FBgn0085424	nub
FBpp0290472	FBgn0260760	CG42558
FBpp0311898	FBgn0267046	CG45490
FBpp0288900	FBgn0261461	RhoGAP18B
FBpp0288897	FBgn0261461	RhoGAP18B
FBpp0288899	FBgn0261461	RhoGAP18B
FBpp0288898	FBgn0261461	RhoGAP18B
FBpp0308368	FBgn0261461	RhoGAP18B
FBpp0311953	FBgn0030460	Coq5
FBpp0311954	FBgn0030460	Coq5
FBpp0073568	FBgn0030460	Coq5
FBpp0082055	FBgn0038038	CG5167
FBpp0078008	FBgn0267849	Syx7
FBpp0078007	FBgn0267849	Syx7
FBpp0073438	FBgn0030344	Nrd1
FBpp0072003	FBgn0034898	CG18128
FBpp0304965	FBgn0036928	Tom20
FBpp0074672	FBgn0036928	Tom20
FBpp0080015	FBgn0024291	Sirt1
FBpp0305776	FBgn0036565	CG5235
FBpp0075252	FBgn0036565	CG5235
FBpp0289202	FBgn0032997	CG17486
FBpp0083731	FBgn0039030	CG6660
FBpp0085545	FBgn0034535	CG11110
FBpp0078482	FBgn0037290	Jhbp1
FBpp0293026	FBgn0262111	f
FBpp0293028	FBgn0262111	f
FBpp0293031	FBgn0262111	f
FBpp0311215	FBgn0262111	f
FBpp0293030	FBgn0262111	f
FBpp0293029	FBgn0262111	f
FBpp0293023	FBgn0262111	f
FBpp0293027	FBgn0262111	f
FBpp0293024	FBgn0262111	f
FBpp0082655	FBgn0038385	Fbxl7
FBpp0290949	FBgn0033945	CG12868
FBpp0088250	FBgn0010217	ATPsynbeta
FBpp0305828	FBgn0010217	ATPsynbeta
FBpp0311086	FBgn0010217	ATPsynbeta
FBpp0075704	FBgn0036292	CG10646
FBpp0072612	FBgn0035206	sturkopf
FBpp0072611	FBgn0035206	sturkopf
FBpp0292469	FBgn0261843	pre-mod(mdg4)-W
FBpp0390642	FBgn0261843	pre-mod(mdg4)-W
FBpp0292912	FBgn0028704	Nckx30C
FBpp0292911	FBgn0028704	Nckx30C
FBpp0079518	FBgn0028704	Nckx30C
FBpp0079516	FBgn0028704	Nckx30C
FBpp0307474	FBgn0028704	Nckx30C
FBpp0070118	FBgn0025637	SkpA
FBpp0311474	FBgn0025637	SkpA
FBpp0070124	FBgn0025637	SkpA
FBpp0070122	FBgn0025637	SkpA
FBpp0070123	FBgn0025637	SkpA
FBpp0070121	FBgn0025637	SkpA
FBpp0070120	FBgn0025637	SkpA
FBpp0099971	FBgn0025637	SkpA
FBpp0070119	FBgn0025637	SkpA
FBpp0111557	FBgn0085425	CG34396
FBpp0111556	FBgn0085425	CG34396
FBpp0077231	FBgn0051777	CG31777
FBpp0085902	FBgn0261119	Prp19
FBpp0428083	FBgn0029922	CG14431
FBpp0293053	FBgn0029922	CG14431
FBpp0311827	FBgn0029922	CG14431
FBpp0307477	FBgn0265002	CG44153
FBpp0307478	FBgn0265002	CG44153
FBpp0085331	FBgn0033063	CG14589
FBpp0293272	FBgn0033063	CG14589
FBpp0305166	FBgn0033063	CG14589
FBpp0304187	FBgn0036922	CG14182
FBpp0312152	FBgn0036922	CG14182
FBpp0304186	FBgn0036922	CG14182
FBpp0074682	FBgn0036922	CG14182
FBpp0290486	FBgn0260775	DnaJ-60
FBpp0290487	FBgn0260775	DnaJ-60
FBpp0080861	FBgn0019686	lok
FBpp0297344	FBgn0019686	lok
FBpp0080862	FBgn0019686	lok
FBpp0080860	FBgn0019686	lok
FBpp0310394	FBgn0014127	barr
FBpp0080880	FBgn0014127	barr
FBpp0080881	FBgn0014127	barr
FBpp0288580	FBgn0250757	kumpel
FBpp0288578	FBgn0250757	kumpel
FBpp0288577	FBgn0250757	kumpel
FBpp0288579	FBgn0250757	kumpel
FBpp0288581	FBgn0250757	kumpel
FBpp0091005	FBgn0053688	CG33688
FBpp0310793	FBgn0266433	CG45063
FBpp0087511	FBgn0033485	RpLP0-like
FBpp0077730	FBgn0023489	Pph13
FBpp0312190	FBgn0010197	Gyc32E
FBpp0111769	FBgn0010197	Gyc32E
FBpp0310220	FBgn0010197	Gyc32E
FBpp0305211	FBgn0033405	CG13954
FBpp0305212	FBgn0033405	CG13954
FBpp0086153	FBgn0034196	CG15605
FBpp0088579	FBgn0031883	Caper
FBpp0311044	FBgn0031883	Caper
FBpp0311045	FBgn0031883	Caper
FBpp0088583	FBgn0031883	Caper
FBpp0311043	FBgn0031883	Caper
FBpp0311042	FBgn0031883	Caper
FBpp0311041	FBgn0031883	Caper
FBpp0075119	FBgn0002284	Prosbeta6
FBpp0081752	FBgn0260944	Rbp1
FBpp0081754	FBgn0260944	Rbp1
FBpp0083293	FBgn0038796	eIF3g2
FBpp0077160	FBgn0265269	CG15425
FBpp0073411	FBgn0030345	CG1847
FBpp0303439	FBgn0030345	CG1847
FBpp0428178	FBgn0030345	CG1847
FBpp0076891	FBgn0031174	CG1486
FBpp0076892	FBgn0031174	CG1486
FBpp0294004	FBgn0026141	Cdlc2
FBpp0077591	FBgn0026141	Cdlc2
FBpp0077590	FBgn0026141	Cdlc2
FBpp0311068	FBgn0051907	Mst27D
FBpp0079053	FBgn0051907	Mst27D
FBpp0308587	FBgn0003514	sqh
FBpp0308586	FBgn0003514	sqh
FBpp0311461	FBgn0003514	sqh
FBpp0308588	FBgn0003514	sqh
FBpp0070842	FBgn0003514	sqh
FBpp0087008	FBgn0050046	CG30046
FBpp0308690	FBgn0050046	CG30046
FBpp0078886	FBgn0031811	CG13982
FBpp0309849	FBgn0031811	CG13982
FBpp0309309	FBgn0265597	rsh
FBpp0309313	FBgn0265597	rsh
FBpp0309310	FBgn0265597	rsh
FBpp0309312	FBgn0265597	rsh
FBpp0309311	FBgn0265597	rsh
FBpp0309308	FBgn0265597	rsh
FBpp0423045	FBgn0036979	CG13247
FBpp0423044	FBgn0036979	CG13247
FBpp0076599	FBgn0035754	MED4
FBpp0081649	FBgn0037772	Spn85F
FBpp0077316	FBgn0028970	RabGGTb
FBpp0081756	FBgn0017577	Mcm5
FBpp0073557	FBgn0030456	CG4332
FBpp0082482	FBgn0038280	CG14861
FBpp0111542	FBgn0285955	cv-c
FBpp0111544	FBgn0285955	cv-c
FBpp0111543	FBgn0285955	cv-c
FBpp0080790	FBgn0053116	CG33116
FBpp0297991	FBgn0031036	CG14220
FBpp0074537	FBgn0031036	CG14220
FBpp0307403	FBgn0024963	GluClalpha
FBpp0307402	FBgn0024963	GluClalpha
FBpp0290592	FBgn0024963	GluClalpha
FBpp0310355	FBgn0024963	GluClalpha
FBpp0307399	FBgn0024963	GluClalpha
FBpp0310354	FBgn0024963	GluClalpha
FBpp0307400	FBgn0024963	GluClalpha
FBpp0310353	FBgn0024963	GluClalpha
FBpp0290593	FBgn0024963	GluClalpha
FBpp0307404	FBgn0024963	GluClalpha
FBpp0307401	FBgn0024963	GluClalpha
FBpp0309417	FBgn0284442	Mcm3
FBpp0070729	FBgn0284442	Mcm3
FBpp0075769	FBgn0036219	CCDC151
FBpp0086263	FBgn0020506	Amyrel
FBpp0292110	FBgn0051860	ZnT33D
FBpp0292109	FBgn0051860	ZnT33D
FBpp0300567	FBgn0039890	Abcd1
FBpp0088216	FBgn0039890	Abcd1
FBpp0088217	FBgn0039890	Abcd1
FBpp0088215	FBgn0039890	Abcd1
FBpp0088213	FBgn0039890	Abcd1
FBpp0088214	FBgn0039890	Abcd1
FBpp0077084	FBgn0003372	Sgs1
FBpp0293828	FBgn0262611	CG43137
FBpp0111879	FBgn0030161	CG15249
FBpp0309784	FBgn0030161	CG15249
FBpp0075299	FBgn0036498	CG13455
FBpp0308313	FBgn0038498	beat-IIa
FBpp0082894	FBgn0038498	beat-IIa
FBpp0292827	FBgn0261991	CG42809
FBpp0080542	FBgn0032652	CG6870
FBpp0309224	FBgn0032652	CG6870
FBpp0078853	FBgn0031766	CG9117
FBpp0099724	FBgn0029860	CG15891
FBpp0312222	FBgn0029860	CG15891
FBpp0312211	FBgn0028955	CG8788
FBpp0087662	FBgn0028955	CG8788
FBpp0083523	FBgn0038897	CG5849
FBpp0290387	FBgn0038897	CG5849
FBpp0292474	FBgn0038482	CG4053
FBpp0390661	FBgn0267651	pre-mod(mdg4)-O
FBpp0312468	FBgn0267651	pre-mod(mdg4)-O
FBpp0071550	FBgn0034605	Ugt49C1
FBpp0110111	FBgn0034605	Ugt49C1
FBpp0079461	FBgn0270924	zf30C
FBpp0112198	FBgn0039277	Nepl16
FBpp0078859	FBgn0031762	CG9098
FBpp0304851	FBgn0031762	CG9098
FBpp0078860	FBgn0031762	CG9098
FBpp0288458	FBgn0035001	Slik
FBpp0305145	FBgn0035001	Slik
FBpp0099900	FBgn0035001	Slik
FBpp0072270	FBgn0035001	Slik
FBpp0072273	FBgn0035001	Slik
FBpp0072271	FBgn0035001	Slik
FBpp0288640	FBgn0039817	CG15553
FBpp0311965	FBgn0283535	Vha26
FBpp0078349	FBgn0283535	Vha26
FBpp0078350	FBgn0283535	Vha26
FBpp0289592	FBgn0052383	sphinx1
FBpp0085987	FBgn0034295	CG10911
FBpp0082634	FBgn0038366	CG4576
FBpp0311097	FBgn0024244	drm
FBpp0077220	FBgn0024244	drm
FBpp0077219	FBgn0024244	drm
FBpp0074363	FBgn0030898	Andorra
FBpp0306689	FBgn0087002	apolpp
FBpp0311464	FBgn0087002	apolpp
FBpp0088252	FBgn0087002	apolpp
FBpp0311463	FBgn0087002	apolpp
FBpp0088000	FBgn0050496	CG30496
FBpp0078076	FBgn0037108	Alg11
FBpp0305584	FBgn0037108	Alg11
FBpp0071890	FBgn0034819	CG9877
FBpp0085192	FBgn0039868	CG11563
FBpp0306044	FBgn0264699	CG43968
FBpp0081050	FBgn0041245	Gr39b
FBpp0298837	FBgn0033089	CG17266
FBpp0085477	FBgn0033089	CG17266
FBpp0079232	FBgn0032017	CG7810
FBpp0081109	FBgn0037500	CG17944
FBpp0081383	FBgn0037590	Or85b
FBpp0070994	FBgn0027106	Inx7
FBpp0080256	FBgn0028926	NC2beta
FBpp0084564	FBgn0027494	RpS10a
FBpp0070645	FBgn0029712	CG15912
FBpp0297412	FBgn0262893	CG43248
FBpp0310921	FBgn0262893	CG43248
FBpp0312106	FBgn0051709	CG31709
FBpp0079452	FBgn0051709	CG31709
FBpp0099517	FBgn0011272	RpL13
FBpp0079484	FBgn0011272	RpL13
FBpp0302626	FBgn0011272	RpL13
FBpp0303453	FBgn0033579	CG13229
FBpp0303452	FBgn0033579	CG13229
FBpp0087301	FBgn0033579	CG13229
FBpp0080288	FBgn0028853	CG15263
FBpp0077925	FBgn0011591	fng
FBpp0083396	FBgn0038830	CG17272
FBpp0428299	FBgn0019940	Rh6
FBpp0072606	FBgn0035213	indra
FBpp0072605	FBgn0035213	indra
FBpp0304249	FBgn0035213	indra
FBpp0303024	FBgn0032474	DnaJ-H
FBpp0080071	FBgn0032474	DnaJ-H
FBpp0080072	FBgn0032474	DnaJ-H
FBpp0074987	FBgn0036729	CG13733
FBpp0305521	FBgn0000346	comt
FBpp0073585	FBgn0000346	comt
FBpp0303279	FBgn0033337	CG8272
FBpp0087767	FBgn0033337	CG8272
FBpp0085372	FBgn0033031	CG8245
FBpp0099380	FBgn0053964	CG33964
FBpp0428467	FBgn0288732	CG46507
FBpp0291343	FBgn0037667	CG16734
FBpp0077180	FBgn0004893	bowl
FBpp0297872	FBgn0004893	bowl
FBpp0077181	FBgn0004893	bowl
FBpp0077179	FBgn0004893	bowl
FBpp0297870	FBgn0004893	bowl
FBpp0077182	FBgn0004893	bowl
FBpp0297871	FBgn0004893	bowl
FBpp0298016	FBgn0030271	CG15202
FBpp0073294	FBgn0030271	CG15202
FBpp0428477	FBgn0288743	CG46518
FBpp0303393	FBgn0261238	Alh
FBpp0081131	FBgn0261238	Alh
FBpp0306736	FBgn0261238	Alh
FBpp0306737	FBgn0261238	Alh
FBpp0289722	FBgn0261238	Alh
FBpp0081129	FBgn0261238	Alh
FBpp0306734	FBgn0261238	Alh
FBpp0289721	FBgn0261238	Alh
FBpp0112112	FBgn0261238	Alh
FBpp0306733	FBgn0261238	Alh
FBpp0306735	FBgn0261238	Alh
FBpp0081130	FBgn0261238	Alh
FBpp0306738	FBgn0261238	Alh
FBpp0074657	FBgn0020389	Papss
FBpp0074658	FBgn0020389	Papss
FBpp0074654	FBgn0020389	Papss
FBpp0074655	FBgn0020389	Papss
FBpp0074656	FBgn0020389	Papss
FBpp0304457	FBgn0020389	Papss
FBpp0110399	FBgn0020389	Papss
FBpp0304456	FBgn0020389	Papss
FBpp0070532	FBgn0029647	CG17959
FBpp0074609	FBgn0250791	alphaSnap
FBpp0290859	FBgn0035504	Teh4
FBpp0312236	FBgn0053725	CG33725
FBpp0091021	FBgn0053725	CG33725
FBpp0081356	FBgn0010173	RPA1
FBpp0311947	FBgn0030502	tth
FBpp0073680	FBgn0030502	tth
FBpp0310097	FBgn0035026	Fcp1
FBpp0072249	FBgn0035026	Fcp1
FBpp0311122	FBgn0040009	CG17490
FBpp0291581	FBgn0040009	CG17490
FBpp0079947	FBgn0041195	Pkd2
FBpp0078111	FBgn0037122	CG14570
FBpp0290042	FBgn0027074	Ugt36F1
FBpp0293410	FBgn0052720	CG32720
FBpp0289150	FBgn0050441	IFT20
FBpp0080211	FBgn0261535	l(2)34Fd
FBpp0291088	FBgn0033716	Den1
FBpp0087013	FBgn0033716	Den1
FBpp0073390	FBgn0030307	CG33235
FBpp0289371	FBgn0053245	Ste:CG33245
FBpp0084243	FBgn0000158	bam
FBpp0085042	FBgn0039788	Rpt6R
FBpp0073677	FBgn0030510	CG12177
FBpp0311948	FBgn0030510	CG12177
FBpp0309345	FBgn0030510	CG12177
FBpp0086661	FBgn0033913	CG8468
FBpp0086662	FBgn0033913	CG8468
FBpp0086663	FBgn0033913	CG8468
FBpp0070222	FBgn0027795	CG14785
FBpp0303146	FBgn0039875	sip3
FBpp0085201	FBgn0039875	sip3
FBpp0070997	FBgn0029925	CG3040
FBpp0084738	FBgn0039635	Pdhb
FBpp0084736	FBgn0039635	Pdhb
FBpp0084735	FBgn0039635	Pdhb
FBpp0084737	FBgn0039635	Pdhb
FBpp0082714	FBgn0020399	Mst89B
FBpp0071350	FBgn0288690	Dna2
FBpp0111884	FBgn0288690	Dna2
FBpp0084330	FBgn0002732	E(spl)malpha-BFM
FBpp0311606	FBgn0259967	Sfp53D
FBpp0289540	FBgn0259967	Sfp53D
FBpp0081286	FBgn0037547	CG7910
FBpp0308777	FBgn0037547	CG7910
FBpp0076028	FBgn0011569	can
FBpp0072891	FBgn0035405	CG15812
FBpp0072892	FBgn0035405	CG15812
FBpp0401438	FBgn0283434	SdicC
FBpp0290783	FBgn0031099	CG17065
FBpp0311839	FBgn0031099	CG17065
FBpp0077032	FBgn0031099	CG17065
FBpp0307440	FBgn0264988	CG44139
FBpp0300449	FBgn0051774	fred
FBpp0300447	FBgn0051774	fred
FBpp0300448	FBgn0051774	fred
FBpp0086519	FBgn0000996	dup
FBpp0309018	FBgn0000996	dup
FBpp0110323	FBgn0031681	Pgant5
FBpp0078663	FBgn0031681	Pgant5
FBpp0080077	FBgn0032517	CG7099
FBpp0085585	FBgn0010411	RpS18
FBpp0085586	FBgn0010411	RpS18
FBpp0086327	FBgn0024249	cato
FBpp0082846	FBgn0038484	CG5246
FBpp0076517	FBgn0052373	CG32373
FBpp0076518	FBgn0052373	CG32373
FBpp0306184	FBgn0052373	CG32373
FBpp0084196	FBgn0039310	CG11878
FBpp0081165	FBgn0000166	bcd
FBpp0081167	FBgn0000166	bcd
FBpp0081168	FBgn0000166	bcd
FBpp0081166	FBgn0000166	bcd
FBpp0081164	FBgn0000166	bcd
FBpp0288716	FBgn0035798	frac
FBpp0290440	FBgn0035798	frac
FBpp0304223	FBgn0035798	frac
FBpp0304224	FBgn0035798	frac
FBpp0290439	FBgn0035798	frac
FBpp0077633	FBgn0031319	CG4896
FBpp0307377	FBgn0031319	CG4896
FBpp0311118	FBgn0031319	CG4896
FBpp0307378	FBgn0031319	CG4896
FBpp0300904	FBgn0031319	CG4896
FBpp0082390	FBgn0038224	ATPsynE
FBpp0292847	FBgn0038224	ATPsynE
FBpp0082391	FBgn0038224	ATPsynE
FBpp0304981	FBgn0016797	fz2
FBpp0428488	FBgn0016797	fz2
FBpp0111803	FBgn0016797	fz2
FBpp0074796	FBgn0016797	fz2
FBpp0288861	FBgn0016797	fz2
FBpp0074795	FBgn0016797	fz2
FBpp0303227	FBgn0016797	fz2
FBpp0303228	FBgn0016797	fz2
FBpp0082452	FBgn0038262	CG14857
FBpp0082604	FBgn0038350	AOX4
FBpp0070915	FBgn0286222	Fum1
FBpp0070914	FBgn0286222	Fum1
FBpp0303115	FBgn0037766	Teh1
FBpp0081629	FBgn0037766	Teh1
FBpp0087962	FBgn0026393	Or43b
FBpp0297726	FBgn0000568	Eip75B
FBpp0074914	FBgn0000568	Eip75B
FBpp0312446	FBgn0000568	Eip75B
FBpp0074916	FBgn0000568	Eip75B
FBpp0297725	FBgn0000568	Eip75B
FBpp0074917	FBgn0000568	Eip75B
FBpp0074915	FBgn0000568	Eip75B
FBpp0080827	FBgn0032816	Nf-YB
FBpp0310397	FBgn0032816	Nf-YB
FBpp0088417	FBgn0003141	pr
FBpp0298034	FBgn0259149	CG42264
FBpp0288871	FBgn0259149	CG42264
FBpp0079923	FBgn0032419	CG17217
FBpp0111418	FBgn0259831	CG34309
FBpp0071509	FBgn0034602	Lapsyn
FBpp0309936	FBgn0034906	CG13561
FBpp0086303	FBgn0034129	Parp16
FBpp0423265	FBgn0286876	CG46398
FBpp0087291	FBgn0033587	CG13218
FBpp0292988	FBgn0262100	CG42853
FBpp0076058	FBgn0036046	Ilp2
FBpp0288699	FBgn0036587	CG4950
FBpp0305739	FBgn0036587	CG4950
FBpp0080200	FBgn0015791	Rab14
FBpp0310268	FBgn0015791	Rab14
FBpp0080199	FBgn0015791	Rab14
FBpp0082522	FBgn0016691	ATPsynO
FBpp0111649	FBgn0085465	CG34436
FBpp0085208	FBgn0266268	FeCH
FBpp0085210	FBgn0266268	FeCH
FBpp0085209	FBgn0266268	FeCH
FBpp0079885	FBgn0027505	Rab3-GAP
FBpp0079886	FBgn0027505	Rab3-GAP
FBpp0082048	FBgn0038029	GstD11
FBpp0113057	FBgn0038029	GstD11
FBpp0293859	FBgn0037467	Ufl1
FBpp0081157	FBgn0037467	Ufl1
FBpp0289374	FBgn0036192	Pldn
FBpp0085552	FBgn0034548	CG13443
FBpp0077250	FBgn0031545	CG3213
FBpp0297206	FBgn0262821	CG43192
FBpp0297282	FBgn0063485	Lasp
FBpp0297281	FBgn0063485	Lasp
FBpp0075109	FBgn0063485	Lasp
FBpp0099495	FBgn0063485	Lasp
FBpp0293864	FBgn0004876	cdi
FBpp0083130	FBgn0004876	cdi
FBpp0080045	FBgn0051852	Tap42
FBpp0293079	FBgn0262150	CG42876
FBpp0309569	FBgn0262150	CG42876
FBpp0071921	FBgn0034856	yellow-d2
FBpp0292826	FBgn0261989	CG42807
FBpp0312004	FBgn0261989	CG42807
FBpp0078027	FBgn0037101	CG7634
FBpp0428203	FBgn0028884	CG4892
FBpp0079568	FBgn0010407	Ror
FBpp0082153	FBgn0038090	CG10909
FBpp0310161	FBgn0266101	CG44838
FBpp0310157	FBgn0266101	CG44838
FBpp0310158	FBgn0266101	CG44838
FBpp0310159	FBgn0266101	CG44838
FBpp0310160	FBgn0266101	CG44838
FBpp0310156	FBgn0266101	CG44838
FBpp0083209	FBgn0038730	Acsx1L
FBpp0312179	FBgn0263051	CG43346
FBpp0297828	FBgn0263051	CG43346
FBpp0297827	FBgn0263051	CG43346
FBpp0110438	FBgn0287187	mRpS5
FBpp0110439	FBgn0287187	mRpS5
FBpp0110436	FBgn0287187	mRpS5
FBpp0087534	FBgn0033464	CG1441
FBpp0087533	FBgn0033464	CG1441
FBpp0075106	FBgn0004556	Dbp73D
FBpp0292500	FBgn0062978	CG31808
FBpp0302889	FBgn0085421	Epac
FBpp0302890	FBgn0085421	Epac
FBpp0428260	FBgn0085421	Epac
FBpp0111548	FBgn0085421	Epac
FBpp0293838	FBgn0262614	pyd
FBpp0293845	FBgn0262614	pyd
FBpp0293837	FBgn0262614	pyd
FBpp0293847	FBgn0262614	pyd
FBpp0293846	FBgn0262614	pyd
FBpp0424324	FBgn0262614	pyd
FBpp0293840	FBgn0262614	pyd
FBpp0293839	FBgn0262614	pyd
FBpp0293844	FBgn0262614	pyd
FBpp0293842	FBgn0262614	pyd
FBpp0301889	FBgn0262614	pyd
FBpp0293841	FBgn0262614	pyd
FBpp0081633	FBgn0037760	FBXO11
FBpp0306742	FBgn0037760	FBXO11
FBpp0302696	FBgn0263773	fok
FBpp0302698	FBgn0263773	fok
FBpp0302695	FBgn0263773	fok
FBpp0302697	FBgn0263773	fok
FBpp0111443	FBgn0085358	Diedel3
FBpp0310706	FBgn0085358	Diedel3
FBpp0304172	FBgn0036350	CG14111
FBpp0075941	FBgn0036135	mRpL2
FBpp0080687	FBgn0002022	Catsup
FBpp0087933	FBgn0027548	nito
FBpp0308267	FBgn0027548	nito
FBpp0087934	FBgn0027548	nito
FBpp0423415	FBgn0265577	IBIN
FBpp0298008	FBgn0052792	ppk8
FBpp0298009	FBgn0052792	ppk8
FBpp0292090	FBgn0052703	Erk7
FBpp0071264	FBgn0052703	Erk7
FBpp0292091	FBgn0052703	Erk7
FBpp0100050	FBgn0000055	Adh
FBpp0100045	FBgn0000055	Adh
FBpp0100048	FBgn0000055	Adh
FBpp0100051	FBgn0000055	Adh
FBpp0100047	FBgn0000055	Adh
FBpp0081813	FBgn0040257	Ugt302E1
FBpp0306969	FBgn0037358	elm
FBpp0078381	FBgn0037358	elm
FBpp0288767	FBgn0250908	beat-VII
FBpp0288950	FBgn0259188	Ir7f
FBpp0289887	FBgn0260392	CG42518
FBpp0289886	FBgn0260392	CG42518
FBpp0309580	FBgn0034497	Mpcp1
FBpp0309579	FBgn0034497	Mpcp1
FBpp0085615	FBgn0034497	Mpcp1
FBpp0083633	FBgn0038945	CG5386
FBpp0086623	FBgn0050197	CG30197
FBpp0312613	FBgn0067317	Cby
FBpp0307827	FBgn0067317	Cby
FBpp0074549	FBgn0027291	Idh3a
FBpp0307649	FBgn0027291	Idh3a
FBpp0300338	FBgn0027291	Idh3a
FBpp0310028	FBgn0261260	mgl
FBpp0291363	FBgn0261260	mgl
FBpp0310027	FBgn0261260	mgl
FBpp0310026	FBgn0261260	mgl
FBpp0091140	FBgn0053895	His4:CG33895
FBpp0087527	FBgn0033467	Pdrg1
FBpp0073228	FBgn0035585	ATPsynCF6L
FBpp0070660	FBgn0025612	CG3062
FBpp0071700	FBgn0034703	CG3045
FBpp0072401	FBgn0053229	CG33229
FBpp0311661	FBgn0053229	CG33229
FBpp0304983	FBgn0035574	RhoGEF64C
FBpp0073201	FBgn0035574	RhoGEF64C
FBpp0304685	FBgn0031670	SelT
FBpp0078639	FBgn0031670	SelT
FBpp0304684	FBgn0031670	SelT
FBpp0072805	FBgn0062517	CG16984
FBpp0293588	FBgn0038651	Epg5
FBpp0271890	FBgn0038651	Epg5
FBpp0099886	FBgn0261278	grp
FBpp0080443	FBgn0261278	grp
FBpp0080441	FBgn0261278	grp
FBpp0080442	FBgn0261278	grp
FBpp0308597	FBgn0261278	grp
FBpp0305894	FBgn0283657	Tlk
FBpp0111592	FBgn0283657	Tlk
FBpp0428136	FBgn0283657	Tlk
FBpp0290873	FBgn0283657	Tlk
FBpp0288854	FBgn0283657	Tlk
FBpp0099673	FBgn0283657	Tlk
FBpp0288856	FBgn0283657	Tlk
FBpp0288855	FBgn0283657	Tlk
FBpp0288857	FBgn0283657	Tlk
FBpp0305893	FBgn0283657	Tlk
FBpp0311479	FBgn0283657	Tlk
FBpp0288858	FBgn0283657	Tlk
FBpp0305895	FBgn0283657	Tlk
FBpp0428486	FBgn0283657	Tlk
FBpp0078987	FBgn0031878	sip2
FBpp0078986	FBgn0031878	sip2
FBpp0078985	FBgn0031878	sip2
FBpp0078989	FBgn0031878	sip2
FBpp0078988	FBgn0031878	sip2
FBpp0428287	FBgn0287632	CG46492
FBpp0087018	FBgn0050043	CG30043
FBpp0086486	FBgn0034032	CG8195
FBpp0084166	FBgn0051109	CG31109
FBpp0306573	FBgn0051109	CG31109
FBpp0074575	FBgn0031074	SkpE
FBpp0071277	FBgn0030096	Zpr1
FBpp0111330	FBgn0250822	CG34222
FBpp0073193	FBgn0035538	DopEcR
FBpp0099542	FBgn0035538	DopEcR
FBpp0099543	FBgn0035538	DopEcR
FBpp0079833	FBgn0287204	Cog8
FBpp0308969	FBgn0030467	CG1764
FBpp0073627	FBgn0030467	CG1764
FBpp0089377	FBgn0019830	colt
FBpp0077414	FBgn0019830	colt
FBpp0087998	FBgn0033209	CG12107
FBpp0083743	FBgn0039050	CG17110
FBpp0307955	FBgn0039050	CG17110
FBpp0310704	FBgn0039050	CG17110
FBpp0070303	FBgn0023510	Rbcn-3B
FBpp0310568	FBgn0023510	Rbcn-3B
FBpp0271786	FBgn0030676	CG12379
FBpp0073538	FBgn0020513	Paics
FBpp0305933	FBgn0020513	Paics
FBpp0302911	FBgn0263240	Coop
FBpp0088057	FBgn0263240	Coop
FBpp0085981	FBgn0011589	Elk
FBpp0309248	FBgn0011589	Elk
FBpp0078628	FBgn0000500	Dsk
FBpp0112084	FBgn0036461	Zip71B
FBpp0312477	FBgn0036461	Zip71B
FBpp0077107	FBgn0031631	CG3225
FBpp0086763	FBgn0033874	CtsL2
FBpp0070328	FBgn0026878	CG4325
FBpp0302591	FBgn0026878	CG4325
FBpp0086220	FBgn0014870	Psi
FBpp0086221	FBgn0014870	Psi
FBpp0428307	FBgn0014870	Psi
FBpp0428306	FBgn0014870	Psi
FBpp0086222	FBgn0014870	Psi
FBpp0080003	FBgn0021796	mTor
FBpp0307598	FBgn0021796	mTor
FBpp0304322	FBgn0053526	PNUTS
FBpp0077686	FBgn0053526	PNUTS
FBpp0077687	FBgn0053526	PNUTS
FBpp0077684	FBgn0053526	PNUTS
FBpp0085456	FBgn0033090	CG15909
FBpp0085205	FBgn0039879	Ir100a
FBpp0085684	FBgn0003435	sm
FBpp0300954	FBgn0003435	sm
FBpp0293195	FBgn0003435	sm
FBpp0300949	FBgn0003435	sm
FBpp0099612	FBgn0003435	sm
FBpp0302014	FBgn0003435	sm
FBpp0290824	FBgn0003435	sm
FBpp0085681	FBgn0003435	sm
FBpp0300948	FBgn0003435	sm
FBpp0300947	FBgn0003435	sm
FBpp0293197	FBgn0003435	sm
FBpp0290825	FBgn0003435	sm
FBpp0300950	FBgn0003435	sm
FBpp0305079	FBgn0003435	sm
FBpp0300943	FBgn0003435	sm
FBpp0300942	FBgn0003435	sm
FBpp0300952	FBgn0003435	sm
FBpp0110198	FBgn0003435	sm
FBpp0293196	FBgn0003435	sm
FBpp0300953	FBgn0003435	sm
FBpp0293198	FBgn0003435	sm
FBpp0071072	FBgn0029992	Upf2
FBpp0084849	FBgn0039698	CG7789
FBpp0086653	FBgn0033905	CG18324
FBpp0086652	FBgn0033905	CG18324
FBpp0300403	FBgn0263248	CG43391
FBpp0297552	FBgn0025702	Srpk79D
FBpp0306790	FBgn0025702	Srpk79D
FBpp0297550	FBgn0025702	Srpk79D
FBpp0292632	FBgn0025702	Srpk79D
FBpp0297551	FBgn0025702	Srpk79D
FBpp0306791	FBgn0025702	Srpk79D
FBpp0078148	FBgn0025702	Srpk79D
FBpp0293266	FBgn0025702	Srpk79D
FBpp0297549	FBgn0025702	Srpk79D
FBpp0306789	FBgn0025702	Srpk79D
FBpp0292633	FBgn0025702	Srpk79D
FBpp0303677	FBgn0027515	CG7115
FBpp0079147	FBgn0027515	CG7115
FBpp0303676	FBgn0027515	CG7115
FBpp0303678	FBgn0027515	CG7115
FBpp0079146	FBgn0027515	CG7115
FBpp0070317	FBgn0025629	CG4045
FBpp0428189	FBgn0031568	CG10019
FBpp0428190	FBgn0031568	CG10019
FBpp0087635	FBgn0016078	wun
FBpp0297248	FBgn0016078	wun
FBpp0087636	FBgn0016078	wun
FBpp0071150	FBgn0000359	Cp36
FBpp0070103	FBgn0040373	CG3038
FBpp0070102	FBgn0040373	CG3038
FBpp0309182	FBgn0040373	CG3038
FBpp0086999	FBgn0033757	muskelin
FBpp0086998	FBgn0033757	muskelin
FBpp0305316	FBgn0033757	muskelin
FBpp0082217	FBgn0038142	CheA87a
FBpp0311110	FBgn0032651	Oli
FBpp0080539	FBgn0032651	Oli
FBpp0292345	FBgn0032651	Oli
FBpp0292344	FBgn0032651	Oli
FBpp0312227	FBgn0050360	Mal-A6
FBpp0271830	FBgn0050360	Mal-A6
FBpp0423052	FBgn0031373	CG15358
FBpp0423053	FBgn0031373	CG15358
FBpp0083868	FBgn0027512	CG10254
FBpp0306810	FBgn0027512	CG10254
FBpp0083867	FBgn0027512	CG10254
FBpp0070502	FBgn0029660	CG10801
FBpp0303996	FBgn0029660	CG10801
FBpp0112752	FBgn0262123	l(2)41Ab
FBpp0112753	FBgn0262123	l(2)41Ab
FBpp0301273	FBgn0033115	Spn42De
FBpp0085497	FBgn0033115	Spn42De
FBpp0308450	FBgn0033317	CG8635
FBpp0087806	FBgn0033317	CG8635
FBpp0075625	FBgn0036346	CG11251
FBpp0087784	FBgn0033321	CG8738
FBpp0423082	FBgn0036220	CG5897
FBpp0076606	FBgn0035721	CG9948
FBpp0305295	FBgn0035721	CG9948
FBpp0305294	FBgn0035721	CG9948
FBpp0292453	FBgn0261831	CG42763
FBpp0402884	FBgn0284233	CG46317
FBpp0085990	FBgn0034292	CG5767
FBpp0089133	FBgn0022023	eIF3h
FBpp0078667	FBgn0022023	eIF3h
FBpp0291478	FBgn0261381	mtTFB1
FBpp0073424	FBgn0001083	fw
FBpp0309601	FBgn0001083	fw
FBpp0111718	FBgn0001083	fw
FBpp0087209	FBgn0033594	CG13226
FBpp0070304	FBgn0023508	Ocrl
FBpp0304837	FBgn0023508	Ocrl
FBpp0073395	FBgn0030297	Gr10b
FBpp0077979	FBgn0037051	CG10565
FBpp0293954	FBgn0037051	CG10565
FBpp0077949	FBgn0053284	CG33284
FBpp0290565	FBgn0011582	Dop1R1
FBpp0288722	FBgn0011582	Dop1R1
FBpp0303554	FBgn0011582	Dop1R1
FBpp0300511	FBgn0011582	Dop1R1
FBpp0312358	FBgn0011582	Dop1R1
FBpp0078120	FBgn0037105	S1P
FBpp0078226	FBgn0010348	Arf1
FBpp0111771	FBgn0010348	Arf1
FBpp0078222	FBgn0010348	Arf1
FBpp0289184	FBgn0010348	Arf1
FBpp0304364	FBgn0010348	Arf1
FBpp0078224	FBgn0010348	Arf1
FBpp0078225	FBgn0010348	Arf1
FBpp0289185	FBgn0010348	Arf1
FBpp0309971	FBgn0266047	CG44812
FBpp0071324	FBgn0030158	CG9686
FBpp0070855	FBgn0029003	mab-21
FBpp0081546	FBgn0027950	MBD-like
FBpp0306716	FBgn0027950	MBD-like
FBpp0081547	FBgn0027950	MBD-like
FBpp0078417	FBgn0037327	PEK
FBpp0303059	FBgn0037327	PEK
FBpp0303060	FBgn0037327	PEK
FBpp0079079	FBgn0031920	CG6441
FBpp0290347	FBgn0031920	CG6441
FBpp0071942	FBgn0040660	CG13551
FBpp0071943	FBgn0040660	CG13551
FBpp0080631	FBgn0003270	amos
FBpp0072305	FBgn0287873	zip
FBpp0291728	FBgn0287873	zip
FBpp0291731	FBgn0287873	zip
FBpp0099894	FBgn0287873	zip
FBpp0297531	FBgn0287873	zip
FBpp0072306	FBgn0287873	zip
FBpp0291729	FBgn0287873	zip
FBpp0291730	FBgn0287873	zip
FBpp0099896	FBgn0287873	zip
FBpp0076244	FBgn0035947	Srp68
FBpp0293582	FBgn0051119	HDAC11
FBpp0084109	FBgn0051119	HDAC11
FBpp0072758	FBgn0035325	CG13806
FBpp0288836	FBgn0035279	Cpr62Ba
FBpp0288835	FBgn0035279	Cpr62Ba
FBpp0084982	FBgn0039761	CG18404
FBpp0087945	FBgn0027788	Hey
FBpp0083128	FBgn0038675	CG6013
FBpp0312123	FBgn0261536	CG42660
FBpp0291714	FBgn0261536	CG42660
FBpp0073935	FBgn0030710	CG8924
FBpp0075462	FBgn0026409	Mpcp2
FBpp0300819	FBgn0026409	Mpcp2
FBpp0075461	FBgn0026409	Mpcp2
FBpp0083127	FBgn0015781	P5cr
FBpp0079677	FBgn0024248	chico
FBpp0305604	FBgn0024248	chico
FBpp0292907	FBgn0024248	chico
FBpp0100138	FBgn0267378	sau
FBpp0100141	FBgn0267378	sau
FBpp0100140	FBgn0267378	sau
FBpp0083686	FBgn0038974	CG5377
FBpp0071030	FBgn0029959	Rab39
FBpp0298273	FBgn0029959	Rab39
FBpp0083088	FBgn0038647	CG14302
FBpp0081536	FBgn0037677	CG12951
FBpp0083969	FBgn0039153	GatB
FBpp0077612	FBgn0031333	CG5561
FBpp0084710	FBgn0039621	CG14518
FBpp0302741	FBgn0004237	Hrb87F
FBpp0289817	FBgn0004237	Hrb87F
FBpp0306562	FBgn0004237	Hrb87F
FBpp0082316	FBgn0004237	Hrb87F
FBpp0073064	FBgn0035496	CG14990
FBpp0085589	FBgn0034495	CG11788
FBpp0074189	FBgn0030809	Ubr1
FBpp0300996	FBgn0030809	Ubr1
FBpp0312009	FBgn0030809	Ubr1
FBpp0307012	FBgn0083969	CG34133
FBpp0110188	FBgn0083969	CG34133
FBpp0290295	FBgn0083969	CG34133
FBpp0079975	FBgn0032445	CG6153
FBpp0309440	FBgn0032445	CG6153
FBpp0070975	FBgn0029937	CG8300
FBpp0071908	FBgn0034835	CG3092
FBpp0084457	FBgn0039464	CG6330
FBpp0084456	FBgn0039464	CG6330
FBpp0289733	FBgn0259748	CG42397
FBpp0428196	FBgn0287588	CG46458
FBpp0293334	FBgn0262125	Sec23
FBpp0303346	FBgn0262125	Sec23
FBpp0308424	FBgn0262125	Sec23
FBpp0078359	FBgn0262125	Sec23
FBpp0078360	FBgn0262125	Sec23
FBpp0301099	FBgn0262125	Sec23
FBpp0301949	FBgn0262125	Sec23
FBpp0293544	FBgn0038545	pasi1
FBpp0082937	FBgn0038545	pasi1
FBpp0070928	FBgn0029903	pod1
FBpp0070925	FBgn0029903	pod1
FBpp0300548	FBgn0029903	pod1
FBpp0070929	FBgn0029903	pod1
FBpp0111869	FBgn0029903	pod1
FBpp0070927	FBgn0029903	pod1
FBpp0070926	FBgn0029903	pod1
FBpp0310570	FBgn0285913	red
FBpp0301703	FBgn0285913	red
FBpp0082380	FBgn0285913	red
FBpp0301704	FBgn0285913	red
FBpp0082382	FBgn0285913	red
FBpp0301705	FBgn0285913	red
FBpp0082381	FBgn0285913	red
FBpp0082298	FBgn0038183	CG9286
FBpp0300827	FBgn0034742	CG4294
FBpp0289638	FBgn0034742	CG4294
FBpp0292194	FBgn0261680	CG42727
FBpp0071675	FBgn0002715	mei-S332
FBpp0309743	FBgn0002715	mei-S332
FBpp0070911	FBgn0028360	Cdc7
FBpp0310032	FBgn0028360	Cdc7
FBpp0085571	FBgn0034521	Mgat1
FBpp0303790	FBgn0031519	Fign
FBpp0077290	FBgn0031519	Fign
FBpp0077433	FBgn0042187	CG17234
FBpp0075917	FBgn0036147	Plod
FBpp0075918	FBgn0036147	Plod
FBpp0071064	FBgn0029997	CG2258
FBpp0309126	FBgn0029997	CG2258
FBpp0071065	FBgn0029997	CG2258
FBpp0071066	FBgn0029997	CG2258
FBpp0271898	FBgn0052113	Vps13D
FBpp0082262	FBgn0038161	CG9269
FBpp0085060	FBgn0039795	Spn100A
FBpp0076885	FBgn0040843	CG15213
FBpp0084545	FBgn0002441	l(3)mbt
FBpp0303992	FBgn0029761	SK
FBpp0291166	FBgn0029761	SK
FBpp0303993	FBgn0029761	SK
FBpp0310908	FBgn0029761	SK
FBpp0291161	FBgn0029761	SK
FBpp0310910	FBgn0029761	SK
FBpp0303994	FBgn0029761	SK
FBpp0291165	FBgn0029761	SK
FBpp0291163	FBgn0029761	SK
FBpp0289694	FBgn0029761	SK
FBpp0291162	FBgn0029761	SK
FBpp0291164	FBgn0029761	SK
FBpp0310909	FBgn0029761	SK
FBpp0310911	FBgn0029761	SK
FBpp0288463	FBgn0036173	CG7394
FBpp0305417	FBgn0036173	CG7394
FBpp0296928	FBgn0036173	CG7394
FBpp0075829	FBgn0036173	CG7394
FBpp0099799	FBgn0031530	Pgant2
FBpp0292961	FBgn0031530	Pgant2
FBpp0289444	FBgn0086917	spok
FBpp0309739	FBgn0030805	wus
FBpp0074192	FBgn0030805	wus
FBpp0076373	FBgn0017429	CG5989
FBpp0303199	FBgn0017429	CG5989
FBpp0305325	FBgn0017429	CG5989
FBpp0303771	FBgn0024329	Mekk1
FBpp0083099	FBgn0024329	Mekk1
FBpp0073618	FBgn0030485	CG1998
FBpp0290775	FBgn0030485	CG1998
FBpp0309847	FBgn0030485	CG1998
FBpp0084682	FBgn0039598	aqrs
FBpp0085786	FBgn0028669	Vha100-3
FBpp0085072	FBgn0039805	Cpr100A
FBpp0082026	FBgn0037987	CG14739
FBpp0293865	FBgn0052086	CG32086
FBpp0075878	FBgn0052086	CG32086
FBpp0310120	FBgn0050428	CG30428
FBpp0072353	FBgn0050428	CG30428
FBpp0079729	FBgn0032304	CG17134
FBpp0075259	FBgn0015025	CkIIalpha-i1
FBpp0311810	FBgn0034684	CG13501
FBpp0071717	FBgn0034684	CG13501
FBpp0083782	FBgn0039064	CG4467
FBpp0110098	FBgn0039064	CG4467
FBpp0074717	FBgn0004623	Gbeta76C
FBpp0072032	FBgn0034907	CG5539
FBpp0309934	FBgn0034907	CG5539
FBpp0075633	FBgn0036332	Cul6
FBpp0289916	FBgn0034481	CG11041
FBpp0288574	FBgn0250754	CG42232
FBpp0082561	FBgn0038334	h-cup
FBpp0080596	FBgn0001301	kel
FBpp0080595	FBgn0001301	kel
FBpp0111644	FBgn0085460	CG34431
FBpp0076318	FBgn0035926	Acbp5
FBpp0076823	FBgn0035636	Cralbp
FBpp0423290	FBgn0286929	CG46426
FBpp0082952	FBgn0038547	CG17803
FBpp0312514	FBgn0038547	CG17803
FBpp0303723	FBgn0031312	Tango14
FBpp0077626	FBgn0031312	Tango14
FBpp0087840	FBgn0002533	Lcp2
FBpp0305734	FBgn0002533	Lcp2
FBpp0071179	FBgn0024943	PIP82
FBpp0086315	FBgn0034117	CG7997
FBpp0086316	FBgn0034117	CG7997
FBpp0085839	FBgn0034371	Ntan1
FBpp0291076	FBgn0034371	Ntan1
FBpp0085840	FBgn0034371	Ntan1
FBpp0291075	FBgn0034371	Ntan1
FBpp0111408	FBgn0085328	CG34299
FBpp0293280	FBgn0085328	CG34299
FBpp0076519	FBgn0035806	PGRP-SD
FBpp0071273	FBgn0086450	su(r)
FBpp0075190	FBgn0036605	CG13041
FBpp0304539	FBgn0032824	CG13962
FBpp0080848	FBgn0032824	CG13962
FBpp0085171	FBgn0039848	Loxl1
FBpp0428465	FBgn0288730	CG46505
FBpp0077478	FBgn0031410	CG17237
FBpp0074386	FBgn0030944	Hou
FBpp0071193	FBgn0030061	CG1785
FBpp0293529	FBgn0052369	CG32369
FBpp0076498	FBgn0052369	CG32369
FBpp0289485	FBgn0037773	CG5359
FBpp0297566	FBgn0037773	CG5359
FBpp0081693	FBgn0037773	CG5359
FBpp0084426	FBgn0039438	TwdlO
FBpp0083147	FBgn0010768	sqz
FBpp0083957	FBgn0039167	CG17786
FBpp0080823	FBgn0032790	CG10194
FBpp0099778	FBgn0263397	Ih
FBpp0300993	FBgn0263397	Ih
FBpp0300991	FBgn0263397	Ih
FBpp0099780	FBgn0263397	Ih
FBpp0288731	FBgn0263397	Ih
FBpp0288549	FBgn0263397	Ih
FBpp0288548	FBgn0263397	Ih
FBpp0288550	FBgn0263397	Ih
FBpp0099777	FBgn0263397	Ih
FBpp0300992	FBgn0263397	Ih
FBpp0300994	FBgn0263397	Ih
FBpp0074212	FBgn0040877	CG12994
FBpp0076097	FBgn0004390	RasGAP1
FBpp0303201	FBgn0004390	RasGAP1
FBpp0076096	FBgn0004390	RasGAP1
FBpp0292992	FBgn0262102	CG42855
FBpp0099868	FBgn0039544	CG12877
FBpp0306557	FBgn0039938	Sox102F
FBpp0306556	FBgn0039938	Sox102F
FBpp0088312	FBgn0039938	Sox102F
FBpp0100057	FBgn0039938	Sox102F
FBpp0085673	FBgn0034470	Obp56d
FBpp0311727	FBgn0034470	Obp56d
FBpp0088515	FBgn0034275	CG5002
FBpp0076542	FBgn0035791	CG8539
FBpp0304455	FBgn0035791	CG8539
FBpp0428452	FBgn0288700	stg1
FBpp0070332	FBgn0003964	usp
FBpp0305937	FBgn0003964	usp
FBpp0080108	FBgn0051813	nur
FBpp0310251	FBgn0051813	nur
FBpp0271729	FBgn0030832	CG10597
FBpp0080388	FBgn0028525	c(2)M
FBpp0077990	FBgn0037038	CG11037
FBpp0077969	FBgn0053056	Targ2
FBpp0077967	FBgn0053056	Targ2
FBpp0077971	FBgn0053056	Targ2
FBpp0077968	FBgn0053056	Targ2
FBpp0077970	FBgn0053056	Targ2
FBpp0305738	FBgn0036593	CG13048
FBpp0075230	FBgn0036593	CG13048
FBpp0082516	FBgn0266599	Hsc70-4
FBpp0082515	FBgn0266599	Hsc70-4
FBpp0307982	FBgn0266599	Hsc70-4
FBpp0082519	FBgn0266599	Hsc70-4
FBpp0082518	FBgn0266599	Hsc70-4
FBpp0082514	FBgn0266599	Hsc70-4
FBpp0082517	FBgn0266599	Hsc70-4
FBpp0079266	FBgn0032030	Wdr82
FBpp0306946	FBgn0038295	Gyc88E
FBpp0110261	FBgn0038295	Gyc88E
FBpp0297355	FBgn0038295	Gyc88E
FBpp0302744	FBgn0000228	Nin
FBpp0291723	FBgn0000228	Nin
FBpp0302745	FBgn0000228	Nin
FBpp0291724	FBgn0000228	Nin
FBpp0309716	FBgn0000228	Nin
FBpp0078718	FBgn0000228	Nin
FBpp0078719	FBgn0000228	Nin
FBpp0080312	FBgn0028947	CG11865
FBpp0289977	FBgn0035435	PIG-C
FBpp0422629	FBgn0035435	PIG-C
FBpp0311456	FBgn0261560	Thor
FBpp0077213	FBgn0261560	Thor
FBpp0076836	FBgn0003486	spo
FBpp0312220	FBgn0003486	spo
FBpp0075742	FBgn0036272	Sms
FBpp0075741	FBgn0036272	Sms
FBpp0312082	FBgn0036272	Sms
FBpp0312081	FBgn0036272	Sms
FBpp0083351	FBgn0038811	Pus1
FBpp0291529	FBgn0038811	Pus1
FBpp0306672	FBgn0046114	Gclm
FBpp0083729	FBgn0046114	Gclm
FBpp0078000	FBgn0052437	CG32437
FBpp0085002	FBgn0000278	CecB
FBpp0307031	FBgn0261885	osa
FBpp0307030	FBgn0261885	osa
FBpp0290702	FBgn0261885	osa
FBpp0088962	FBgn0261885	osa
FBpp0088544	FBgn0261885	osa
FBpp0088543	FBgn0261885	osa
FBpp0088552	FBgn0086676	spin
FBpp0088550	FBgn0086676	spin
FBpp0088551	FBgn0086676	spin
FBpp0088549	FBgn0086676	spin
FBpp0088548	FBgn0086676	spin
FBpp0072887	FBgn0035401	Alg2
FBpp0086469	FBgn0034029	eIF2Bgamma
FBpp0084774	FBgn0062442	Cisd2
FBpp0293188	FBgn0262364	CG43062
FBpp0086148	FBgn0034206	CG18469
FBpp0308387	FBgn0014469	Cyp4e2
FBpp0087824	FBgn0014469	Cyp4e2
FBpp0087848	FBgn0050363	cola
FBpp0305251	FBgn0036428	Gbs-70E
FBpp0075467	FBgn0036428	Gbs-70E
FBpp0075466	FBgn0036428	Gbs-70E
FBpp0077505	FBgn0031393	CG15382
FBpp0309212	FBgn0265579	CG44406
FBpp0078444	FBgn0037320	CG14668
FBpp0304441	FBgn0259140	Cubn2
FBpp0304448	FBgn0035853	UbcE2M
FBpp0076445	FBgn0035853	UbcE2M
FBpp0304449	FBgn0035853	UbcE2M
FBpp0080746	FBgn0032781	RtcB
FBpp0078665	FBgn0031678	Nepl3
FBpp0080046	FBgn0051855	CG31855
FBpp0288439	FBgn0051855	CG31855
FBpp0076592	FBgn0035766	eco
FBpp0099670	FBgn0035766	eco
FBpp0099409	FBgn0053998	CG33998
FBpp0070325	FBgn0025626	CG4281
FBpp0291140	FBgn0051624	CG31624
FBpp0081019	FBgn0051624	CG31624
FBpp0310410	FBgn0051624	CG31624
FBpp0310766	FBgn0266417	ringer
FBpp0310768	FBgn0266417	ringer
FBpp0310767	FBgn0266417	ringer
FBpp0310769	FBgn0266417	ringer
FBpp0311151	FBgn0001320	kni
FBpp0077941	FBgn0001320	kni
FBpp0074440	FBgn0030993	Mec2
FBpp0076835	FBgn0035619	Alp10
FBpp0305224	FBgn0032899	CG9338
FBpp0080957	FBgn0032899	CG9338
FBpp0112312	FBgn0051219	CG31219
FBpp0111265	FBgn0085188	CG34159
FBpp0083183	FBgn0038708	Scsalpha2
FBpp0307466	FBgn0000273	Pka-C1
FBpp0079448	FBgn0000273	Pka-C1
FBpp0089382	FBgn0000273	Pka-C1
FBpp0072274	FBgn0000037	mAChR-A
FBpp0072275	FBgn0000037	mAChR-A
FBpp0306219	FBgn0011455	ND-SGDH
FBpp0075755	FBgn0011455	ND-SGDH
FBpp0289544	FBgn0259970	Sfp70A4
FBpp0308404	FBgn0259970	Sfp70A4
FBpp0081725	FBgn0037815	Rrp46
FBpp0083419	FBgn0038862	Usp8
FBpp0293257	FBgn0038862	Usp8
FBpp0292131	FBgn0052241	CG32241
FBpp0308817	FBgn0029864	CG15894
FBpp0111868	FBgn0029864	CG15894
FBpp0070866	FBgn0029864	CG15894
FBpp0308818	FBgn0029864	CG15894
FBpp0301182	FBgn0035082	CG2811
FBpp0311624	FBgn0035082	CG2811
FBpp0072318	FBgn0035082	CG2811
FBpp0083081	FBgn0051230	CG31230
FBpp0085182	FBgn0039862	kek6
FBpp0303140	FBgn0039862	kek6
FBpp0296971	FBgn0263929	jvl
FBpp0296970	FBgn0263929	jvl
FBpp0296973	FBgn0263929	jvl
FBpp0296974	FBgn0263929	jvl
FBpp0296972	FBgn0263929	jvl
FBpp0296975	FBgn0263929	jvl
FBpp0296969	FBgn0263929	jvl
FBpp0306570	FBgn0039265	CG11790
FBpp0084136	FBgn0039265	CG11790
FBpp0084135	FBgn0039265	CG11790
FBpp0084220	FBgn0039332	alrm
FBpp0086506	FBgn0004698	Xpc
FBpp0300906	FBgn0004698	Xpc
FBpp0086505	FBgn0004698	Xpc
FBpp0288968	FBgn0002909	mus312
FBpp0310825	FBgn0002909	mus312
FBpp0076550	FBgn0002909	mus312
FBpp0293456	FBgn0085383	CG34354
FBpp0293455	FBgn0085383	CG34354
FBpp0312357	FBgn0085383	CG34354
FBpp0310700	FBgn0085383	CG34354
FBpp0083599	FBgn0038938	CG7084
FBpp0311125	FBgn0038938	CG7084
FBpp0290408	FBgn0038938	CG7084
FBpp0302820	FBgn0038938	CG7084
FBpp0303536	FBgn0003502	Btk
FBpp0111749	FBgn0003502	Btk
FBpp0079235	FBgn0003502	Btk
FBpp0079236	FBgn0003502	Btk
FBpp0079237	FBgn0003502	Btk
FBpp0303535	FBgn0003502	Btk
FBpp0111748	FBgn0003502	Btk
FBpp0079238	FBgn0003502	Btk
FBpp0082214	FBgn0045442	mthl12
FBpp0423080	FBgn0034154	CG5267
FBpp0083235	FBgn0270925	CG4836
FBpp0271766	FBgn0270925	CG4836
FBpp0083237	FBgn0270925	CG4836
FBpp0271767	FBgn0270925	CG4836
FBpp0083236	FBgn0270925	CG4836
FBpp0085888	FBgn0266671	Sec6
FBpp0074974	FBgn0036703	CG7707
FBpp0305293	FBgn0035719	tow
FBpp0305290	FBgn0035719	tow
FBpp0305292	FBgn0035719	tow
FBpp0112063	FBgn0035719	tow
FBpp0305291	FBgn0035719	tow
FBpp0080243	FBgn0013301	ProtB
FBpp0077852	FBgn0036991	CtIP
FBpp0311137	FBgn0036991	CtIP
FBpp0308250	FBgn0265185	CG44250
FBpp0308249	FBgn0265185	CG44250
FBpp0070922	FBgn0287725	sov
FBpp0070923	FBgn0287725	sov
FBpp0308550	FBgn0287725	sov
FBpp0083490	FBgn0011278	lbe
FBpp0074605	FBgn0052228	CG32228
FBpp0084613	FBgn0051055	CG31055
FBpp0084612	FBgn0051055	CG31055
FBpp0084611	FBgn0051055	CG31055
FBpp0290376	FBgn0030961	CG7058
FBpp0082175	FBgn0001217	Hsc70-2
FBpp0084351	FBgn0266668	Exo84
FBpp0084350	FBgn0266668	Exo84
FBpp0079488	FBgn0032168	CG13126
FBpp0310309	FBgn0032168	CG13126
FBpp0084725	FBgn0005642	wdn
FBpp0289236	FBgn0259742	CG42360
FBpp0074213	FBgn0027602	CG8611
FBpp0074214	FBgn0027602	CG8611
FBpp0309483	FBgn0027602	CG8611
FBpp0077328	FBgn0025109	Bem46
FBpp0292884	FBgn0051708	DIP-zeta
FBpp0079377	FBgn0051708	DIP-zeta
FBpp0079378	FBgn0051708	DIP-zeta
FBpp0079253	FBgn0031998	SLC5A11
FBpp0292342	FBgn0032131	CG3841
FBpp0079434	FBgn0032131	CG3841
FBpp0305759	FBgn0042118	Cpr65Ax2
FBpp0076730	FBgn0042118	Cpr65Ax2
FBpp0071875	FBgn0045482	Gr59b
FBpp0070193	FBgn0040360	CG14626
FBpp0310372	FBgn0267486	Ptp36E
FBpp0080614	FBgn0267486	Ptp36E
FBpp0310371	FBgn0267486	Ptp36E
FBpp0073906	FBgn0030686	mRpL3
FBpp0086593	FBgn0016684	NaPi-T
FBpp0302919	FBgn0016684	NaPi-T
FBpp0073036	FBgn0035470	Ccz1
FBpp0310808	FBgn0266442	CG45072
FBpp0071532	FBgn0034628	Acox57D-p
FBpp0309692	FBgn0034628	Acox57D-p
FBpp0081401	FBgn0037632	CCT7
FBpp0086454	FBgn0266708	Cep89
FBpp0075986	FBgn0036093	CG14154
FBpp0075987	FBgn0036093	CG14154
FBpp0111662	FBgn0085475	CG34446
FBpp0312189	FBgn0050423	CG30423
FBpp0310888	FBgn0266490	CG45089
FBpp0310886	FBgn0266490	CG45089
FBpp0310887	FBgn0266490	CG45089
FBpp0072452	FBgn0035143	Ppm1
FBpp0309146	FBgn0030001	cyr
FBpp0071141	FBgn0030001	cyr
FBpp0309147	FBgn0030001	cyr
FBpp0075465	FBgn0028418	Lk
FBpp0271713	FBgn0039080	Ir94h
FBpp0309714	FBgn0031696	Bub1
FBpp0078704	FBgn0031696	Bub1
FBpp0312105	FBgn0031696	Bub1
FBpp0300549	FBgn0035313	CG13810
FBpp0100181	FBgn0013681	mt:ND3
FBpp0071101	FBgn0029963	CG10920
FBpp0289681	FBgn0052638	CG32638
FBpp0100040	FBgn0053530	Acp53C14c
FBpp0292143	FBgn0053530	Acp53C14c
FBpp0084011	FBgn0039190	CG5762
FBpp0311785	FBgn0033177	CG11141
FBpp0088071	FBgn0033177	CG11141
FBpp0088070	FBgn0033177	CG11141
FBpp0084362	FBgn0051086	CG31086
FBpp0298342	FBgn0051086	CG31086
FBpp0084010	FBgn0039192	CG17784
FBpp0073312	FBgn0287454	Pa1
FBpp0087100	FBgn0025454	Cyp6g1
FBpp0308668	FBgn0025454	Cyp6g1
FBpp0309113	FBgn0010269	Dsor1
FBpp0071248	FBgn0010269	Dsor1
FBpp0071172	FBgn0030054	Caf1-180
FBpp0088773	FBgn0064115	GatC
FBpp0303516	FBgn0261647	Axud1
FBpp0077442	FBgn0261647	Axud1
FBpp0077443	FBgn0261647	Axud1
FBpp0303515	FBgn0261647	Axud1
FBpp0083716	FBgn0263143	vret
FBpp0081879	FBgn0037899	RpL24-like
FBpp0074099	FBgn0052571	TwdlX
FBpp0111325	FBgn0085246	CG34217
FBpp0080232	FBgn0028870	CG4691
FBpp0079850	FBgn0032370	CG12307
FBpp0079197	FBgn0031986	CG8673
FBpp0303280	FBgn0028372	Kpc2
FBpp0085670	FBgn0028372	Kpc2
FBpp0085669	FBgn0028372	Kpc2
FBpp0073845	FBgn0030615	Cyp4s3
FBpp0079160	FBgn0044323	Cka
FBpp0079158	FBgn0044323	Cka
FBpp0079161	FBgn0044323	Cka
FBpp0297142	FBgn0044323	Cka
FBpp0079159	FBgn0044323	Cka
FBpp0305309	FBgn0044323	Cka
FBpp0297143	FBgn0044323	Cka
FBpp0073367	FBgn0030321	CG1703
FBpp0310240	FBgn0030321	CG1703
FBpp0292364	FBgn0261802	CG42748
FBpp0305884	FBgn0261802	CG42748
FBpp0292365	FBgn0261802	CG42748
FBpp0305886	FBgn0261802	CG42748
FBpp0292368	FBgn0261802	CG42748
FBpp0292366	FBgn0261802	CG42748
FBpp0305887	FBgn0261802	CG42748
FBpp0292369	FBgn0261802	CG42748
FBpp0305885	FBgn0261802	CG42748
FBpp0292367	FBgn0261802	CG42748
FBpp0292363	FBgn0261802	CG42748
FBpp0071449	FBgn0034564	CG9344
FBpp0112156	FBgn0038510	CG14331
FBpp0085781	FBgn0034413	CG15115
FBpp0310416	FBgn0266261	Sgsf
FBpp0306953	FBgn0287182	l(3)80Fj
FBpp0112471	FBgn0287182	l(3)80Fj
FBpp0081312	FBgn0037537	CG2767
FBpp0087972	FBgn0029093	cathD
FBpp0402839	FBgn0029093	cathD
FBpp0402840	FBgn0029093	cathD
FBpp0073079	FBgn0035513	Cpr64Ad
FBpp0312160	FBgn0035942	ValRS-m
FBpp0076287	FBgn0035942	ValRS-m
FBpp0305081	FBgn0019985	mGluR
FBpp0305080	FBgn0019985	mGluR
FBpp0311208	FBgn0019985	mGluR
FBpp0088248	FBgn0019985	mGluR
FBpp0070031	FBgn0031086	fd19B
FBpp0083513	FBgn0051176	CG31176
FBpp0298382	FBgn0053969	CG33969
FBpp0099839	FBgn0053969	CG33969
FBpp0300878	FBgn0036977	CG5665
FBpp0300869	FBgn0036977	CG5665
FBpp0111650	FBgn0085466	CG34437
FBpp0086524	FBgn0034008	CG8152
FBpp0086818	FBgn0033844	bbc
FBpp0297135	FBgn0033844	bbc
FBpp0086819	FBgn0033844	bbc
FBpp0305148	FBgn0033844	bbc
FBpp0088518	FBgn0026309	aft
FBpp0076040	FBgn0036072	CG6628
FBpp0309026	FBgn0050089	CG30089
FBpp0086421	FBgn0050089	CG30089
FBpp0290497	FBgn0261862	whd
FBpp0087399	FBgn0261862	whd
FBpp0290496	FBgn0261862	whd
FBpp0087400	FBgn0261862	whd
FBpp0289321	FBgn0259739	CG42393
FBpp0288793	FBgn0085482	CG34453
FBpp0084843	FBgn0260990	yata
FBpp0305956	FBgn0260990	yata
FBpp0309421	FBgn0265625	CG44433
FBpp0089161	FBgn0003371	sgg
FBpp0089160	FBgn0003371	sgg
FBpp0070450	FBgn0003371	sgg
FBpp0304141	FBgn0003371	sgg
FBpp0070451	FBgn0003371	sgg
FBpp0304139	FBgn0003371	sgg
FBpp0428457	FBgn0003371	sgg
FBpp0070452	FBgn0003371	sgg
FBpp0070453	FBgn0003371	sgg
FBpp0089158	FBgn0003371	sgg
FBpp0070454	FBgn0003371	sgg
FBpp0070449	FBgn0003371	sgg
FBpp0089159	FBgn0003371	sgg
FBpp0291395	FBgn0003371	sgg
FBpp0089162	FBgn0003371	sgg
FBpp0428456	FBgn0003371	sgg
FBpp0291178	FBgn0003371	sgg
FBpp0304140	FBgn0003371	sgg
FBpp0111741	FBgn0003371	sgg
FBpp0312604	FBgn0267796	Tmc
FBpp0312605	FBgn0267796	Tmc
FBpp0304534	FBgn0264361	CG43813
FBpp0292986	FBgn0262099	CG42852
FBpp0291146	FBgn0261054	Sfp24Bc
FBpp0297277	FBgn0262823	hemo
FBpp0312141	FBgn0262823	hemo
FBpp0289493	FBgn0011224	heph
FBpp0085237	FBgn0011224	heph
FBpp0085247	FBgn0011224	heph
FBpp0085240	FBgn0011224	heph
FBpp0085241	FBgn0011224	heph
FBpp0085243	FBgn0011224	heph
FBpp0085242	FBgn0011224	heph
FBpp0085246	FBgn0011224	heph
FBpp0297632	FBgn0011224	heph
FBpp0289495	FBgn0011224	heph
FBpp0297631	FBgn0011224	heph
FBpp0085238	FBgn0011224	heph
FBpp0289491	FBgn0011224	heph
FBpp0085244	FBgn0011224	heph
FBpp0111779	FBgn0011224	heph
FBpp0289496	FBgn0011224	heph
FBpp0085239	FBgn0011224	heph
FBpp0289497	FBgn0011224	heph
FBpp0289494	FBgn0011224	heph
FBpp0289498	FBgn0011224	heph
FBpp0111778	FBgn0011224	heph
FBpp0111777	FBgn0011224	heph
FBpp0289492	FBgn0011224	heph
FBpp0085245	FBgn0011224	heph
FBpp0312011	FBgn0011224	heph
FBpp0305617	FBgn0264563	CG43935
FBpp0081085	FBgn0051248	CG31248
FBpp0306730	FBgn0051248	CG31248
FBpp0070358	FBgn0029589	CG14810
FBpp0301698	FBgn0029589	CG14810
FBpp0081029	FBgn0024371	E2f2
FBpp0312101	FBgn0024371	E2f2
FBpp0308804	FBgn0288447	BaraA2
FBpp0086780	FBgn0288447	BaraA2
FBpp0072086	FBgn0283666	Rap2l
FBpp0309993	FBgn0283666	Rap2l
FBpp0309992	FBgn0283666	Rap2l
FBpp0082588	FBgn0038306	Art3
FBpp0082589	FBgn0038306	Art3
FBpp0070396	FBgn0023528	CG2924
FBpp0312228	FBgn0023528	CG2924
FBpp0290017	FBgn0023528	CG2924
FBpp0311475	FBgn0023528	CG2924
FBpp0300793	FBgn0031031	CG14218
FBpp0300792	FBgn0031031	CG14218
FBpp0112229	FBgn0040096	lectin-33A
FBpp0071680	FBgn0029084	gom
FBpp0074972	FBgn0052177	Ndfip
FBpp0081814	FBgn0040259	Ugt302C1
FBpp0311185	FBgn0263033	CG43328
FBpp0297767	FBgn0263033	CG43328
FBpp0112301	FBgn0051103	CG31103
FBpp0077233	FBgn0031563	CG10031
FBpp0082567	FBgn0026737	CG6171
FBpp0111839	FBgn0026737	CG6171
FBpp0306159	FBgn0030746	CG9981
FBpp0074079	FBgn0030746	CG9981
FBpp0306160	FBgn0030746	CG9981
FBpp0081374	FBgn0263231	bel
FBpp0306433	FBgn0263231	bel
FBpp0070250	FBgn0025394	inc
FBpp0308662	FBgn0025394	inc
FBpp0308663	FBgn0025394	inc
FBpp0310067	FBgn0031955	CG14535
FBpp0079186	FBgn0031955	CG14535
FBpp0303747	FBgn0041180	Tep4
FBpp0303748	FBgn0041180	Tep4
FBpp0080795	FBgn0041180	Tep4
FBpp0303746	FBgn0041180	Tep4
FBpp0082047	FBgn0010044	GstD8
FBpp0291497	FBgn0283437	PPO1
FBpp0084272	FBgn0261986	RASSF8
FBpp0072625	FBgn0035231	Pcyt2
FBpp0091090	FBgn0053844	His2A:CG33844
FBpp0423325	FBgn0265087	CG44198
FBpp0085554	FBgn0041240	Gr57a
FBpp0423187	FBgn0029939	Cph
FBpp0290458	FBgn0029939	Cph
FBpp0423188	FBgn0029939	Cph
FBpp0301059	FBgn0029939	Cph
FBpp0308848	FBgn0029939	Cph
FBpp0084582	FBgn0039522	CG13972
FBpp0305395	FBgn0038181	CG9297
FBpp0082295	FBgn0038181	CG9297
FBpp0082296	FBgn0038181	CG9297
FBpp0305394	FBgn0038181	CG9297
FBpp0305393	FBgn0038181	CG9297
FBpp0085126	FBgn0039839	ppk24
FBpp0083131	FBgn0027784	Prp18
FBpp0088085	FBgn0283450	Glo1
FBpp0309237	FBgn0050109	CG30109
FBpp0311107	FBgn0028863	stol
FBpp0311109	FBgn0028863	stol
FBpp0311106	FBgn0028863	stol
FBpp0311104	FBgn0028863	stol
FBpp0311103	FBgn0028863	stol
FBpp0311105	FBgn0028863	stol
FBpp0311108	FBgn0028863	stol
FBpp0311102	FBgn0028863	stol
FBpp0305053	FBgn0264489	CG43897
FBpp0305050	FBgn0264489	CG43897
FBpp0305058	FBgn0264489	CG43897
FBpp0305044	FBgn0264489	CG43897
FBpp0305051	FBgn0264489	CG43897
FBpp0305057	FBgn0264489	CG43897
FBpp0305054	FBgn0264489	CG43897
FBpp0305045	FBgn0264489	CG43897
FBpp0305048	FBgn0264489	CG43897
FBpp0305055	FBgn0264489	CG43897
FBpp0305056	FBgn0264489	CG43897
FBpp0305049	FBgn0264489	CG43897
FBpp0305046	FBgn0264489	CG43897
FBpp0305052	FBgn0264489	CG43897
FBpp0305047	FBgn0264489	CG43897
FBpp0305043	FBgn0264489	CG43897
FBpp0305042	FBgn0264489	CG43897
FBpp0074080	FBgn0010416	TH1
FBpp0309276	FBgn0010416	TH1
FBpp0079466	FBgn0032149	CG4036
FBpp0292502	FBgn0032149	CG4036
FBpp0070991	FBgn0029928	CG3032
FBpp0311828	FBgn0029928	CG3032
FBpp0086398	FBgn0034068	casp
FBpp0086397	FBgn0034068	casp
FBpp0308803	FBgn0034068	casp
FBpp0083450	FBgn0038845	Alp5
FBpp0308343	FBgn0265256	CG44270
FBpp0070608	FBgn0026084	cib
FBpp0070609	FBgn0026084	cib
FBpp0298035	FBgn0026084	cib
FBpp0310070	FBgn0026084	cib
FBpp0070607	FBgn0026084	cib
FBpp0305749	FBgn0036545	GXIVsPLA2
FBpp0075264	FBgn0036545	GXIVsPLA2
FBpp0271697	FBgn0036545	GXIVsPLA2
FBpp0087663	FBgn0050342	Prp38
FBpp0088123	FBgn0002930	nec
FBpp0310053	FBgn0031937	CG13795
FBpp0289933	FBgn0031937	CG13795
FBpp0312545	FBgn0037232	Suv3
FBpp0271517	FBgn0037232	Suv3
FBpp0300321	FBgn0052106	CG32106
FBpp0300322	FBgn0052106	CG32106
FBpp0311333	FBgn0266696	Svil
FBpp0311311	FBgn0266696	Svil
FBpp0311334	FBgn0266696	Svil
FBpp0311329	FBgn0266696	Svil
FBpp0311315	FBgn0266696	Svil
FBpp0311314	FBgn0266696	Svil
FBpp0311319	FBgn0266696	Svil
FBpp0311323	FBgn0266696	Svil
FBpp0311324	FBgn0266696	Svil
FBpp0311313	FBgn0266696	Svil
FBpp0311318	FBgn0266696	Svil
FBpp0311310	FBgn0266696	Svil
FBpp0311312	FBgn0266696	Svil
FBpp0311322	FBgn0266696	Svil
FBpp0311327	FBgn0266696	Svil
FBpp0311317	FBgn0266696	Svil
FBpp0311339	FBgn0266696	Svil
FBpp0311321	FBgn0266696	Svil
FBpp0311338	FBgn0266696	Svil
FBpp0311335	FBgn0266696	Svil
FBpp0311340	FBgn0266696	Svil
FBpp0311337	FBgn0266696	Svil
FBpp0311320	FBgn0266696	Svil
FBpp0311316	FBgn0266696	Svil
FBpp0311331	FBgn0266696	Svil
FBpp0311328	FBgn0266696	Svil
FBpp0311336	FBgn0266696	Svil
FBpp0311326	FBgn0266696	Svil
FBpp0311332	FBgn0266696	Svil
FBpp0311325	FBgn0266696	Svil
FBpp0311330	FBgn0266696	Svil
FBpp0080999	FBgn0032923	Pld3
FBpp0081000	FBgn0032923	Pld3
FBpp0310407	FBgn0032923	Pld3
FBpp0072877	FBgn0052487	CG32487
FBpp0081538	FBgn0043791	phu
FBpp0084076	FBgn0039228	CG6980
FBpp0073572	FBgn0025463	Bap60
FBpp0301578	FBgn0033233	Kdm4A
FBpp0087961	FBgn0033233	Kdm4A
FBpp0292329	FBgn0034396	CG15097
FBpp0085812	FBgn0034396	CG15097
FBpp0303454	FBgn0034396	CG15097
FBpp0303455	FBgn0034396	CG15097
FBpp0306503	FBgn0031596	CG15429
FBpp0077118	FBgn0031596	CG15429
FBpp0073039	FBgn0052263	CG32263
FBpp0070828	FBgn0029827	CG6048
FBpp0086996	FBgn0061360	CG33672
FBpp0312333	FBgn0001313	kl-2
FBpp0111646	FBgn0085462	CG34433
FBpp0293254	FBgn0085462	CG34433
FBpp0423416	FBgn0266405	CG45045
FBpp0070529	FBgn0029644	CG14421
FBpp0312340	FBgn0039407	Trmt61
FBpp0084342	FBgn0039407	Trmt61
FBpp0085594	FBgn0034502	CG13871
FBpp0083169	FBgn0038700	CG3734
FBpp0308296	FBgn0038700	CG3734
FBpp0072971	FBgn0035414	CG14965
FBpp0301042	FBgn0029708	CG3556
FBpp0070642	FBgn0029708	CG3556
FBpp0084977	FBgn0000276	CecA1
FBpp0297764	FBgn0263031	CG43326
FBpp0297765	FBgn0263031	CG43326
FBpp0081061	FBgn0037503	CG14598
FBpp0288718	FBgn0033356	CG8229
FBpp0288717	FBgn0033356	CG8229
FBpp0083935	FBgn0039156	CG6178
FBpp0311901	FBgn0267043	CG45487
FBpp0079826	FBgn0032364	CG4970
FBpp0290491	FBgn0023388	Dap160
FBpp0081031	FBgn0023388	Dap160
FBpp0305300	FBgn0023388	Dap160
FBpp0297159	FBgn0023388	Dap160
FBpp0081032	FBgn0023388	Dap160
FBpp0305299	FBgn0023388	Dap160
FBpp0076338	FBgn0035890	CG13667
FBpp0076337	FBgn0035890	CG13667
FBpp0074140	FBgn0259923	Septin4
FBpp0074143	FBgn0259923	Septin4
FBpp0074142	FBgn0259923	Septin4
FBpp0074145	FBgn0259923	Septin4
FBpp0074139	FBgn0259923	Septin4
FBpp0074141	FBgn0259923	Septin4
FBpp0074144	FBgn0259923	Septin4
FBpp0087213	FBgn0033598	Cpr47Eb
FBpp0082877	FBgn0028992	sds22
FBpp0070862	FBgn0029857	wuho
FBpp0087984	FBgn0033194	Vps13
FBpp0301727	FBgn0033194	Vps13
FBpp0302691	FBgn0011217	eff
FBpp0307824	FBgn0011217	eff
FBpp0082477	FBgn0011217	eff
FBpp0088499	FBgn0017418	ari-1
FBpp0088500	FBgn0017418	ari-1
FBpp0297199	FBgn0017418	ari-1
FBpp0305074	FBgn0017418	ari-1
FBpp0305073	FBgn0017418	ari-1
FBpp0089023	FBgn0017418	ari-1
FBpp0111428	FBgn0085346	Rpp14a
FBpp0309735	FBgn0050404	Tango11
FBpp0071661	FBgn0050404	Tango11
FBpp0071660	FBgn0050404	Tango11
FBpp0428134	FBgn0263102	psq
FBpp0087371	FBgn0263102	psq
FBpp0089330	FBgn0263102	psq
FBpp0087368	FBgn0263102	psq
FBpp0087372	FBgn0263102	psq
FBpp0087373	FBgn0263102	psq
FBpp0100066	FBgn0263102	psq
FBpp0087370	FBgn0263102	psq
FBpp0428133	FBgn0263102	psq
FBpp0303457	FBgn0263102	psq
FBpp0087374	FBgn0263102	psq
FBpp0312422	FBgn0263102	psq
FBpp0100067	FBgn0263102	psq
FBpp0087369	FBgn0263102	psq
FBpp0428132	FBgn0263102	psq
FBpp0081185	FBgn0262801	twr
FBpp0086577	FBgn0033970	CG10205
FBpp0086576	FBgn0033970	CG10205
FBpp0311531	FBgn0035285	CG12025
FBpp0072714	FBgn0035285	CG12025
FBpp0304914	FBgn0035285	CG12025
FBpp0072341	FBgn0027590	GstE12
FBpp0293853	FBgn0027590	GstE12
FBpp0293852	FBgn0027590	GstE12
FBpp0310103	FBgn0027590	GstE12
FBpp0076422	FBgn0040832	CG8012
FBpp0298377	FBgn0040832	CG8012
FBpp0310846	FBgn0035486	Gr64d
FBpp0099614	FBgn0035486	Gr64d
FBpp0086085	FBgn0050103	CG30103
FBpp0300174	FBgn0036576	CG5151
FBpp0300176	FBgn0036576	CG5151
FBpp0300175	FBgn0036576	CG5151
FBpp0312143	FBgn0036576	CG5151
FBpp0080879	FBgn0003978	vls
FBpp0303493	FBgn0259818	CG42399
FBpp0291141	FBgn0259818	CG42399
FBpp0307949	FBgn0040238	Best1
FBpp0113082	FBgn0040238	Best1
FBpp0081661	FBgn0040238	Best1
FBpp0297165	FBgn0040238	Best1
FBpp0075698	FBgn0036299	Tsf2
FBpp0087066	FBgn0033726	Cpr49Ad
FBpp0082092	FBgn0037999	CG4860
FBpp0085942	FBgn0040737	Tango8
FBpp0080012	FBgn0032471	CG5122
FBpp0303717	FBgn0051826	CG31826
FBpp0303718	FBgn0051826	CG31826
FBpp0080915	FBgn0032870	CG2608
FBpp0078411	FBgn0051547	NKCC
FBpp0078412	FBgn0051547	NKCC
FBpp0082724	FBgn0283477	SF2
FBpp0293269	FBgn0283477	SF2
FBpp0308842	FBgn0032633	Lrch
FBpp0080522	FBgn0032633	Lrch
FBpp0080521	FBgn0032633	Lrch
FBpp0306774	FBgn0053094	Synd
FBpp0306775	FBgn0053094	Synd
FBpp0083373	FBgn0053094	Synd
FBpp0308561	FBgn0033558	alka
FBpp0087341	FBgn0033558	alka
FBpp0308560	FBgn0033558	alka
FBpp0308559	FBgn0033558	alka
FBpp0307395	FBgn0039161	CG13606
FBpp0110091	FBgn0039161	CG13606
FBpp0310671	FBgn0039161	CG13606
FBpp0083938	FBgn0039161	CG13606
FBpp0076732	FBgn0052405	Cpr65Av
FBpp0076168	FBgn0052040	CG32040
FBpp0086702	FBgn0005613	Sox15
FBpp0083474	FBgn0002781	mod(mdg4)
FBpp0310324	FBgn0002781	mod(mdg4)
FBpp0300270	FBgn0002781	mod(mdg4)
FBpp0083477	FBgn0002781	mod(mdg4)
FBpp0083469	FBgn0002781	mod(mdg4)
FBpp0300271	FBgn0002781	mod(mdg4)
FBpp0083461	FBgn0002781	mod(mdg4)
FBpp0112909	FBgn0002781	mod(mdg4)
FBpp0112910	FBgn0002781	mod(mdg4)
FBpp0083471	FBgn0002781	mod(mdg4)
FBpp0083473	FBgn0002781	mod(mdg4)
FBpp0083464	FBgn0002781	mod(mdg4)
FBpp0112908	FBgn0002781	mod(mdg4)
FBpp0083466	FBgn0002781	mod(mdg4)
FBpp0083463	FBgn0002781	mod(mdg4)
FBpp0083467	FBgn0002781	mod(mdg4)
FBpp0083470	FBgn0002781	mod(mdg4)
FBpp0083479	FBgn0002781	mod(mdg4)
FBpp0083483	FBgn0002781	mod(mdg4)
FBpp0083476	FBgn0002781	mod(mdg4)
FBpp0083459	FBgn0002781	mod(mdg4)
FBpp0083480	FBgn0002781	mod(mdg4)
FBpp0083482	FBgn0002781	mod(mdg4)
FBpp0083460	FBgn0002781	mod(mdg4)
FBpp0083462	FBgn0002781	mod(mdg4)
FBpp0083478	FBgn0002781	mod(mdg4)
FBpp0083472	FBgn0002781	mod(mdg4)
FBpp0083484	FBgn0002781	mod(mdg4)
FBpp0083468	FBgn0002781	mod(mdg4)
FBpp0083481	FBgn0002781	mod(mdg4)
FBpp0083465	FBgn0002781	mod(mdg4)
FBpp0075635	FBgn0036325	CG10752
FBpp0087260	FBgn0011556	zetaTry
FBpp0078905	FBgn0011722	Tig
FBpp0309850	FBgn0011722	Tig
FBpp0074988	FBgn0036723	CG12229
