proteolysis	GO:0006508	"ace	ace2	actmap	adam10a	adam10b	adam11	adam12b	adam15	adam17a	adam17b	adam19a	adam19b	adam22	adam23a	adam28	adam8a	adam8b	adam9a	adam9b	adamts1	adamts10	adamts12	adamts13	adamts15a	adamts15b	adamts16	adamts17	adamts18	adamts2a	adamts3	adamts6	adamts8a	adamts9	adgb	aebp1a	aebp1b	afg3l1	afg3l2	agbl2	agbl4	agbl5	agtpbp1	ank2b	anpepa	anpepb.1	anpepb.2	anpepla	anpeplb	aopep	apaf1	apeh	asrgl1	atg4a	atg4b	atg4c	atg4da	atg4db	atp23	atxn3	bace1	bace2	bap1	blmh	bmp1a	bmp1b	brcc3	c1r	c1s.2	c6ast1	c6ast3	c6ast4	capn1	capn10	capn12	capn15	capn1a	capn1b	capn2a	capn2b	capn2l	capn3a	capn3b	capn5a	capn5b	capn7	capn8	capn9	casp10	casp17	casp2	casp20	casp21	casp22	casp23	casp3a	casp3b	casp6a	casp6b.1	casp6b.2	casp7	casp8	casp8l1	casp9	caspa	caspb	caspbl	cela1.1	cela1.2	cela1.3	cela1.4	cela1.5	cela1.6	cfb	cfbl	cfd	cfi	cflara	clpp	clpxa	clpxb	cndp1	cndp2	cops5	corin	cpa1	cpa2	cpa4	cpa5	cpa6	cpb1	cpb2	cpda	cpdb	cpe	cpm	cpn1	cpo	cpvl	cpxm1a	cpxm1b	cpxm2	cpz	ctrb.1	ctrb.2	ctrb.3	ctrl	cts12	ctsa	ctsba	ctsbb	ctsc	ctsd	ctsf	ctsh	ctsk	ctsl.1	ctsla	ctslb	ctslb.4	ctsll	ctso	ctss1	ctss2.1	ctss2.2	ctsz	cuzd1.1	ddi2	desi2	dhh	dnpep	dpep1	dpep2	dpp3	dpp4	dpp6a	dpp6b	dpp7	dpp9	ece1	ece2b	ela2	ela2l	ela3l	enpep	erap1a	erap1b	erap2	espl1	f10	f2	f2r	f2rl1.1	f2rl1.2	f7	f7i	f7l	f9a	f9b	f9bl	fap	ftr06	furina	furinb	gzm3	gzm3.2	gzm3.3	gzm3.4	gzma	gzmk	habp2	hce2l1	hce2l2	he1.1	he1.2	he1.3	hgfa	hmces	hp	hpn	htra1a	htra1b	htra2-10	htra2-12	htra2-14	htra2-3	htra2-6	htra2-7	htra3a	htra3b	htra4	ide	ihha	ihhb	immp1l	immp2l	josd1	josd2	kel	lap3	lgmn	lmln	lnpep	loc100149563	loc100334908	lonp1	lonp2	lta4h	maip1	malt1	malt2	malt3	masp1	masp2	mbtps1	mbtps2	mep1a.1	mep1a.2	mep1ba	mep1bb	metap1	metap1d	metap2a	metap2b	mindy1	mindy2	mindy3	mindy4	mindy4b	mipepa	mipepb	mmel1	mmp11a	mmp11b	mmp13a	mmp13b	mmp14a	mmp14b	mmp15a	mmp15b	mmp16a	mmp16b	mmp17a	mmp17b	mmp19	mmp2	mmp20a	mmp20b	mmp21	mmp23ba	mmp23bb	mmp24	mmp25a	mmp25b	mmp28	mmp30	mmp9	mpnd	msmbl	mst1	mysm1	naalad2	napsa	nln	nlrp1	nots	npepl1	npepps	npsn	nrd1a	nrd1b	nrip2	oma1	otub1a	otub1b	otud5a	otud5b	otud6b	ovch1	pamr1a	pamr1b	pappa2	pappaa	park7	parla	pcolcea	pcolceb	pcsk1	pcsk2	pcsk5a	pcsk5b	pcsk6	pcsk7	pcsk9	pepd	pgpep1	pgpep1l	phex	pigk	pitrm1	plat	plaua	plaub	plg	pm20d1.1	pm20d1.2	pmpca	pmpcb	prcp	prep	prepl	proca	proza	prozb	prss1	prss12	prss16	prss23	prss35	prss59	prss59.1	prss59.2	prss60.1	prss60.2	prss60.3	psen1	psen2	psmb8a	psmc2	psmc3	psmc4	psmc5	psmc6	psmd8	psmd9	rapgef2b	rapgef6	rbp3	rce1a	rce1b	ren	rgs3a	rnpep	rnpepl1	scpep1	scrn2	scrn3	sdcbp	sdcbp2	sec11a	senp1	senp2	senp3a	senp3b	senp5	senp6a	senp6b	senp7b	senp8	shha	shhb	si:ch1073-280e3.1	si:ch211-122f10.4	si:ch211-202f3.3	si:ch211-202f3.4	si:ch211-212d10.1	si:ch211-212k18.13	si:ch211-267e7.3	si:ch211-51a6.2	si:ch73-127m5.1	si:dkey-100n23.3	si:dkey-10b15.8	si:dkey-112g5.14	si:dkey-13e3.1	si:dkey-16l2.17	si:dkey-21e2.10	si:dkey-21e2.13	si:dkey-21e2.14	si:dkey-21e2.15	si:dkey-21e2.16	si:dkey-21e2.4	si:dkey-21e2.7	si:dkey-238d18.3	si:dkey-239j18.2	si:dkey-239j18.3	si:dkey-269i1.4	si:dkey-26g8.4	si:dkey-26g8.5	si:dkey-32n7.7	si:dkey-33c12.12	si:dkey-33m11.7	si:dkey-33m11.8	si:dkey-3n22.9	si:dkey-69o16.5	si:dkey-78l4.1	si:dkey-78l4.11	si:dkey-78l4.12	si:dkey-78l4.2	si:dkey-78l4.5	si:dkey-78l4.6	si:dkey-78l4.7	si:dkey-78l4.8	si:dkey-84o3.2	si:dkey-84o3.3	si:dkey-84o3.7	si:dkeyp-50d11.2	si:dkeyp-93a5.2	si:dkeyp-93a5.3	spg7	sprtn	st14	st14a	st14b	stambpa	stambpl1	tax1bp3	tgm2a	tgm2b	tgm8	thop1	tinagl1	tjp3	tll1	tmprss13a	tmprss13b	tmprss15	tmprss2	tmprss3a	tmprss4a	tmprss4b	tmprss5	tmprss9	tpp1	tpp2	trabd2a	trabd2b	traf7	trhde.1	trhde.2	tysnd1	uchl1	uchl3	uchl5	ufsp1	ufsp2	uqcrc2b	usp1	usp10	usp11	usp12a	usp12b	usp13	usp14	usp16	usp20	usp21	usp22	usp24	usp25	usp2a	usp2b	usp3	usp30	usp33	usp37	usp43a	usp44	usp45	usp46	usp48	usp49	usp5	usp7	usp9	uspl1	xpnpep1	xpnpep2	xpnpep3	yme1l1a	yme1l1b	yod1	zgc:100868	zgc:110239	zgc:112038	zgc:112285	zgc:123217	zgc:123295	zgc:136872	zgc:136971	zgc:152830	zgc:153913	zgc:153968	zgc:154142	zgc:162184	zgc:162975	zgc:163079	zgc:165423	zgc:171509	zgc:171592	zgc:174153	zgc:174154	zgc:174855	zgc:85932	zgc:92313	zgc:92590	zmp:0000001088	zmpste24	zranb1a	zranb1b"
liver development	GO:0001889	"a2ml	acvr1l	aldh1a2	aldh8a1	angptl3	apc	bmp2b	bms1	cdx1b	cebpa	celf1	cep128	cnr1	cnr2	cpn1	ctnnb1	dio3b	dkk1b	dkk2	dnmt1	eed	eif3i	epcam	fads2	fgf10a	fgf10b	fgfr1a	fgl1b	fhl1b	fscn1a	fzd5	gam	gata4	gata5	gata6	gfer	grna	hdac1	hdac3	hhex	hnf1a	hnf1ba	hnf1bb	id2a	irf2bp2a	jag1b	jag2b	klf6a	kremen1	lars1b	leg1.1	leg1.2	lrp5	lumpazi	mapk10	mbtps1	met	mgaa	mmp23bb	mpi	mpv17	mtch2	ndr1	nol9	nos1	notch2	notch3	nr5a2	nup54	nup62l	onecut1	onecut3a	pctp	pkd1a	pklr	pnpla3	ppm1kb	ppp1cb	ppp1r12a	prkcsh	raraa	rarab	rarga	rbm15	rbp4	rcl1	rnpc3	samm50	sec13	sec31a	sec63	selenoh	slc2a2	smc2	snx7	sox32	srebf1	srebf2	supv3l1	tbx16	tbxta	tdgf1	tip	tnfa	tnfb	tomm22	trappc11	trib1	trp	uhrf1	unm_swuv11a	unm_swuv14a	unm_swuv14b	unm_swuv15a	unm_swuv15b	unm_swuv17a	unm_swuv18a	unm_swuv18b	unm_swuv18c	unm_swuv21a	unm_swuv23a	unm_swuv25a	unm_swuv26a	unm_swuv26b	unm_swuv28a	unm_swuv28b	unm_swuv28c	unm_swuv2a	unm_swuv31a	unm_swuv33a	unm_swuv33b	unm_swuv37a	unm_swuv3a	unm_swuv40a	unm_swuv40b	unm_swuv42b	unm_swuv43a	unm_swuv44a	unm_swuv6a	unm_swuv9a	unm_swuv9b	unm_swuv9c	unm_swuv9d	vps11	wnt2	wnt2bb	xbp1	yap1	zfyve9a"
developmental pigmentation	GO:0048066	"atp6v0b	bch	bed	blc	bli	blr	bls	bnc2	bri	bry	bs	bst	cco	clx	coo	cot	csf1ra	dct	dfd	dharma	dim	dio2	edi	ednraa	ednrab	ednrba	erbb3b	fad	fet	frks	ful	ger	hei	hps5	impdh1a	ivy	kef	kita	lcl	led	lnd	los	ltk	mat	meox1	mib1	mir	mlk	mpv17	mrd	mycbp2	nkl	nob	noto	obs	pax3a	pax7a	pch	pep	pet	pew	pio	pk	pmela	pol	prdm1a	psenen	pun	pup	puz	qam	qua	ric	sah	sbl	slc24a5	slc45a2	sll	sltn	sox10	spe	stas	stw	szl	tapt1a	tapt1b	tar	tdo	tfap2a	tfap2e	tig	tin	tnd	tod	trim33	trpm7	ts	tyr	tyrp1a	tyrp1b	uni	unm_ta53b	unm_tc218	unm_tc233b	unm_te374b	unm_tf241	unm_tg203b	unm_tg283c	unm_ti201	unm_ti205	unm_tj266c	unm_tm107	unm_tn14	unm_to253	unm_to275a	unm_tq1	unm_tq262a	unm_ts236	unm_tt249	unm_tu235b	unm_tu46	unm_tv201	unm_tv49a	unm_tw212c	unm_tx216	unm_ty105g	unm_tz224	unm_tz249	unm_tz284	unm_tz294	uns	van	vps39	wsh	yob	yoc"
response to bacterium	GO:0009617	"angptl4	bfb	cebpb	cfb	cfbl	cpt1b	crp2	ctsd	cxcl8a	cxcl8b.1	cxcr3.2	cxcr4b	duox	f5	furina	hadhaa	hamp	hnf4a	il1b	irak4	irg1l	lect2.1	lta4h	mavs	mhc1ufa	mmp9	mpx	mxa	nitr13	nitr14a	nitr1b	nitr1c	nitr1n	nitr2a	nitr2b	nitr3a	nitr4a	nitr5	nitr6a	nitr6b	nitr7a	nitr7b	nitr8	nitr9	nlrc5	nod2	pcna	rhogb	saa	si:ch1073-280e3.1	tfa	tlr22	tlr3	tnfa	tnfrsf1a	traf6"
heart development	GO:0007507	"abraa	acd	actn2b	acvr1l	adamts5	adap2	adcy9	adgrg6	agap2	ajuba	aldh1l1	ankrd6b	apela	apln	aplnr2	aplnra	aplnrb	asb2a.1	asb2b	atg5	atg7	atoh8	atp1a1a.1	atp1a1a.2	atp1a2a	atp1b2b	axin2	becn1	birc5a	birc5b	bmp4	brk1	cacybp	cav1	ccm2	ccm2l	ccsapb	cdc73	cdca8	cdh5	celsr1a	celsr1b	cep128	cfdp1	cftr	chd7	coa6	crip1	crip2	csad	csnk1a1	ctr9	cul3a	cul4a	cyp19a1b	cyp26a1	dnaaf4	dsc2l	dspa	dspb	eaf1	eaf2	eef1a1a	eif3hb	eng	erp44	esco2	etsrp	eya4	ezh2	fabp3	fbln1	flncb	fn1a	fn1b	foxc1a	fryl	fxr1	gata4	gata5	get1	gfer	ghrl	gins3	gja1a	gja1b	gja5a	gja5b	gjd6	grk3	grk5	hand2	hdac1	heg1	hey2	hhex	hopx	hoxb5b	hspb12	hspb7	htr2b	ift122	igf1ra	igf1rb	igfbp2a	ilk	iqgap2	isl1a	jupa	kat2a	kat2b	kctd10	kdm6a	kdm6al	kdm6ba	kdm6bb	kif20a	klf2a	klf2b	klhl24a	kmt2d	kras	krit1	ldb3a	leo1	lmo7b	lrp2a	maml3	map3k3	masp1	mbnl2	med10	med12	mef2aa	mef2b	mef2ca	mef2cb	mef2d	meis2b	mib1	myl2a	myl2b	nckap1	ndufa7	ndufb11	nf1a	nf1b	nfat5a	nfil3	ninj1	nipbla	nipblb	nkx2.5	nop56	npas4l	nuf2	nup37	nup43	nup54	nup62l	nxt2	pabpc1a	paf1	pak1	pard6a	pbx4	pdcd10a	pdcd10b	pdgfra	pdlim1	pdlim2	pdlim3a	pdlim4	pdlim5b	pdlim7	pkd2	pkn2a	pkp2	poc1b	popdc1	popdc2	popdc3	pou4f1	pou4f2	ppm1kb	ppp2r3a	prkci	prom2	psd2	ptpn11a	ptpn22	ptprt	racgap1	rad21a	raf1a	rap1aa	rap1b	rarab	rbpja	rbpjb	rit1	rpa1	rtf1	rttn	ruvbl1	ruvbl2	s1pr1	s1pr2	sap130a	scarna1	seraf	setd5	shha	shox2	sin3ab	slc2a12	smad6a	smyd2a	smyd2b	smyd3	smyd4	snai1b	snrpd1	sox17	sox9a	sox9b	stk24b	stk25a	stk25b	supt6h	surf6	syne1b	tab2	tafazzin	tal1	tbck	tbx1	tbx20	tbx5a	tbx5b	tcf7l1a	tcf7l1b	tdgf1	tek	tfpi2	tgfbr1a	tgfbr1b	tgfbr2b	tgfbr2l	thraa	thrab	tie1	tmem65	tnni1b	tnnt2a	ttn.2	ugdh	vclb	vezf1b	wasf2	wdr11	wdr62	wnt11	wnt11f2	wnt4	ywhag1	yy1a	zdhhc16a	zdhhc16b	zfpm1	zfpm2a	zfpm2b"
Wnt signaling pathway	GO:0016055	"adgra2	adnpa	amer1	amer2	amotl2a	amotl2b	ap2m1a	ap2m1b	apc	apc2	axin1	axin2	ccdc88c	chd8	csnk1da	csnk1db	csnk1g1	csnk1g2a	csnk1g2b	csnk2b	csrp1a	ctnnb1	cxxc4	cyld	cyldl	dact1	dact2	ddit3	dixdc1a	dixdc1b	draxina	draxinb	dvl1b	dvl2	dvl3a	dvl3b	fam53b	fbxw11a	fbxw11b	fermt2	fgf3	frzb	fzd1	fzd10	fzd4	fzd5	fzd6	gid8a	gid8b	hdac1	invs	klhl12	kremen1	lef1	lgr4	lmbr1l	lpxn	lrp6	lzts2a	lzts2b	med10	mesd	metap2b	ndp	ndrg2	nkd1	nkd2a	nkd2b	notum1a	nphp3	nxn	pkd2	prickle1a	prkaa1	prkaa2	pygo1	pygo2	reck	rhoab	rnf146	rock2a	ror1	ror2	rspo1	rspo2	rspo3	rspo4	sfrp1a	sfrp1b	sfrp2	sfrp2l	sfrp5	sp5l	strn	tax1bp3	tbxta	tcf7	tcf7l1a	tcf7l1b	tcf7l2	tet2	tet3	trabd2a	trabd2b	vangl2	vax2	wif1	wls	wnt1	wnt10a	wnt10b	wnt11	wnt11f2	wnt16	wnt2	wnt2ba	wnt2bb	wnt3	wnt3a	wnt4	wnt4b	wnt5a	wnt5b	wnt6a	wnt6b	wnt7aa	wnt7ab	wnt7ba	wnt7bb	wnt8a	wnt8b	wnt9a	wnt9b	wwox	zgc:162025	znrf3	zranb1a	zranb1b"
atrioventricular canal development	GO:0036302	"actc1a	adcy2a	dchs1b	flt4	foxn4	has2	id4	itpr1b	kctd10	med10	mmd	nppa	nppb	plcb2	rhoua	tbx2b	tbx5a	tmsb4x"
regulation of transcription by RNA polymerase II	GO:0006357	"actl6b	aebp2	ahr1b	ahr2	ahrra	ahrrb	alx4a	ankrd1a	ankrd1b	arid3a	arid3b	arid3c	arid4a	arid5a	arid5b	arid6	arnt2	arxa	arxb	ascl1a	atf1	atf2	atf3	atf4a	atf4b	atf5a	atf6	atf6b	atf7a	atf7b	atoh7	atxn7l3a	atxn7l3b	bach1a	bach2a	bach2b	barhl1a	barhl1b	barhl2	barx1	barx2	batf	batf2	batf3	bbx	bcl11aa	bcl11ab	bhlha9	bhlhe40	bhlhe41	blf	bmal1a	bmal2	bptf	brd1a	brd7	brd9	brpf1	brpf3a	brpf3b	bsx	cbfb	cc2d1b	ccnc	ccnh	ccnk	ccnl1a	ccnl1b	ccnq	ccnt1	ccnt2a	ccnt2b	cdc5l	cdkn2d	cdx1a	cdx1b	cdx4	cebp1	cebpa	cebpb	cebpd	cebpg	clocka	clockb	creb1a	creb1b	creb3l1	creb3l2	creb3l3a	creb5a	creb5b	crebrf	crema	crsp7	crx	csrnp1a	csrnp1b	csrnp2	ctbp2a	ctbp2l	ctcf	cux1a	cux1b	dachb	dachc	dachd	dbpa	dbpb	dbx1a	dbx1b	dlx1a	dlx2a	dlx2b	dlx3b	dlx4a	dlx4b	dlx5a	dlx6a	dmbx1a	dmbx1b	dmbx2	dmrt1	dmrt2a	dmrt2b	dmrt3a	dmrta2	dmtf1	drgx	drl	drll.1	drll.2	drll.3	e2f1	e2f2	e2f3	e2f4	e2f5	e2f6	e2f7	e2f8	ebf2	ebf3a	ebf3b	egr1	egr2a	egr2b	egr3	egr4	ehf	elf1	elf2a	elf2b	elf3	elk1	elk3	elk4	elp3	elp4	emx1	emx2	emx3	en1a	en2a	en2b	eny2	eomesa	eomesb	epas1b	epc1a	epc1b	epc2	erf	erfl1	erfl3	erg	esr1	esr2a	esr2b	esrrgb	ets2	etsrp	etv1	etv4	etv5a	etv5b	etv6	etv7	eve1	evx1	evx2	fev	fezf1	fezf2	figla	fli1	fli1rs	fosaa	fosab	fosb	fosl1a	fosl1b	fosl2	fosl2l	foxa	foxa1	foxa2	foxa3	foxb1a	foxb1b	foxc1a	foxc1b	foxd1	foxd2	foxd3	foxd5	foxd7	foxe3	foxf1	foxf2a	foxf2b	foxg1a	foxg1b	foxg1c	foxg1d	foxh1	foxi1	foxi2	foxi3a	foxi3b	foxj1a	foxj1b	foxj2	foxj3	foxk1	foxk2a	foxk2b	foxl1	foxl2a	foxl2b	foxl2l	foxl3	foxm1	foxn1	foxo1a	foxo1b	foxo3a	foxo3b	foxo4	foxo6a	foxo6b	foxp1a	foxp1b	foxp2	foxp3a	foxq1a	foxq1b	foxq2	fubp3	gabpa	gata1a	gata1b	gata2a	gata2b	gata3	gata4	gata5	gata6	gbx1	gbx2	gcm2	gfi1aa	gli1	gli2a	gli2b	gli3	glis2a	glis2b	glis3	gmeb2	grhl1	grhl2a	grhl2b	grhl3	gsc	gtf2h2	hand2	helt	her1	her11	her12	her13	her15.1	her3	her4.1	her4.2	her4.3	her4.4	her5	her6	her8a	her9	hes2.2	hes6	hey1	hey2	heyl	hhex	hic1	hic2	hif1aa	hif1ab	hif1al	hif1al2	hinfp	hivep2a	hivep3a	hivep3b	hlfa	hlfb	hmgb1a	hmgb1b	hmgb2a	hmgb2b	hmx1	hmx2	hmx3a	hmx3b	hmx4	hnf1a	hnf1ba	hnf1bb	hnrnpk	hnrpkl	homeza	homezb	hopx	hoxa10b	hoxa11a	hoxa11b	hoxa13a	hoxa13b	hoxa1a	hoxa2b	hoxa3a	hoxa5a	hoxa9a	hoxa9b	hoxb10a	hoxb13a	hoxb1a	hoxb1b	hoxb2a	hoxb3a	hoxb5a	hoxb5b	hoxb6a	hoxb6b	hoxb7a	hoxb8a	hoxb8b	hoxb9a	hoxc10a	hoxc11a	hoxc11b	hoxc13a	hoxc13b	hoxc1a	hoxc3a	hoxc5a	hoxc6a	hoxc6b	hoxc8a	hoxc9a	hoxd10a	hoxd11a	hoxd13a	hoxd3a	hoxd9a	ikzf2	ikzf4	ikzf5	im:7141269	im:7147486	irf10	irf1a	irf1b	irf2a	irf2bp1	irf2bp2a	irf2bp2b	irf2bpl	irf4a	irf4l	irf5	irf6	irf7	irf8	irf9	irx1a	irx1b	irx2a	irx3a	irx3b	irx4b	irx5b	irx6a	irx7	jade1	jade2	jade3	jdp2a	jdp2b	jun	kat6a	kat7b	kdm7aa	kdm7ab	khsrp	klf1	klf11a	klf11b	klf12b	klf13	klf15	klf17	klf2a	klf2b	klf3	klf4	klf5b	klf5l	klf6a	klf6b	klf7a	klf7b	klf8	klf9	kmt5aa	kmt5ab	lbx1a	lbx1b	lbx2	lef1	lhx1a	lhx1b	lhx2a	lhx2b	lhx3	lhx4	lhx5	lhx6a	lhx8a	lhx9	lin9	lmx1a	lmx1al	lmx1ba	lmx1bb	lyl1	mafa	mafaa	mafb	mafba	mafbb	maff	mafk	mapk14a	mapk14b	med1	med10	med11	med12	med13a	med13b	med14	med17	med18	med19a	med19b	med1l	med20	med21	med22	med23	med27	med29	med31	med4	med6	med7	med8	med9	men1	meox1	meox2a	meox2b	mespaa	mespab	mespba	mespbb	mgaa	mideasa	mideasb	mitfa	mitfb	mixl1	mkxa	mkxb	mlxip	mnat1	mntb	mrgbp	msc	msgn1	msx1a	msx1b	msx2a	msx2b	msx3	mtdhb	mxd1	mxd3	mxd4	mxi1	mxtx1	mxtx2	myca	mycb	mych	mycla	myclb	myf5	myf6	myod1	myt1la	nacc1b	nanog	nfe2	nfe2l1a	nfe2l1b	nfe2l2a	nfe2l2b	nfe2l3	nfyba	nfybb	nfyc	nhlh2	nkx1.2la	nkx1.2lb	nkx2.1	nkx2.2a	nkx2.2b	nkx2.3	nkx2.4a	nkx2.4b	nkx2.5	nkx2.7	nkx3-2	nkx3.3	nkx6.1	nkx6.2	nkx6.3	nobox	npas1	npas2	npas4a	npas4b	npas4l	nr1d2a	nr1h3	nr2c1	nr2f2	nr2f5	nr3c1	nr3c2	nr4a1	nr4a2a	nr4a2b	nr5a1a	nr5a1b	nr5a2	nr5a5	nr6a1a	nr6a1b	nrf1	nrip1a	nrip1b	nrl	nupr1b	onecut1	onecutl	otx1	otx2a	otx2b	otx5	ovol1a	ovol1b	pax10	pax1a	pax1b	pax2a	pax2b	pax3a	pax3b	pax4	pax6a	pax6b	pax7a	pax7b	pax8	pax9	pcbp2	pcgf5a	pcgf5b	pcgf6	pdx1	pgr	phf14	phf2	phf20a	phf20l1	phf3	phf8	phox2a	phox2ba	phox2bb	pias1a	pias1b	pias4a	pias4b	pitx1	pitx2	pitx3	plagl2	plagx	pnx	pou1f1	pou2f1a	pou3f1	pou3f2a	pou3f2b	pou3f3a	pou3f3b	pou4f1	pou4f2	pou4f3	pou4f4	pou5f3	pou6f1	pparg	ppp1r13l	prdm14	prdm1a	prdm2b	prkcbb	prop1	prox1a	prox2	prox3	prrx1a	psmd10	ptf1a	puraa	purab	purba	purbb	purg	rad21a	rai1	rb1	rbl1	rbl2	rbpjb	rbpjl	rcor1	rcor2	rcor3	rfx2	rfx3	rfx4	rfx6	rfx7a	rfx7b	rfxap	roraa	rorab	rorb	rorcb	rreb1a	runx1	runx2a	runx3	ruvbl1	ruvbl2	rx1	rx2	rx3	safb	sall1a	sall1b	sall3a	sall3b	sall4	satb1a	satb1b	scxb	sebox	shox2	si:cabz01021426.2	si:cabz01032454.3	si:cabz01054394.5	si:cabz01054394.6	si:cabz01054394.7	si:cabz01069013.3	si:cabz01071909.2	si:cabz01071911.3	si:ch1073-127d16.1	si:ch1073-224n8.1	si:ch1073-335m2.2	si:ch211-117k10.3	si:ch211-119o8.6	si:ch211-153b23.7	si:ch211-153j24.3	si:ch211-15d5.12	si:ch211-161m3.4	si:ch211-161m3.6	si:ch211-165g14.1	si:ch211-198a12.6	si:ch211-212k18.5	si:ch211-212k5.4	si:ch211-223a21.4	si:ch211-235i11.3	si:ch211-241e1.5	si:ch211-246m6.4	si:ch211-253b8.2	si:ch211-276c2.4	si:ch211-284e13.5	si:ch211-89o9.6	si:ch73-109d9.2	si:ch73-109d9.3	si:ch73-144d13.4	si:ch73-144d13.5	si:ch73-144d13.7	si:ch73-181d5.4	si:ch73-221f6.1	si:ch73-266f23.1	si:ch73-266f23.3	si:ch73-347e22.4	si:ch73-367f21.6	si:ch73-40a17.4	si:ch73-52f15.5	si:ch73-59f11.3	si:dkey-109j17.5	si:dkey-111k8.3	si:dkey-122c11.8	si:dkey-14d8.1	si:dkey-156n14.3	si:dkey-205h23.1	si:dkey-210j14.3	si:dkey-226l10.6	si:dkey-228b2.6	si:dkey-237m9.1	si:dkey-253d23.9	si:dkey-262g12.12	si:dkey-262g12.3	si:dkey-262g12.7	si:dkey-26i24.1	si:dkey-30k6.5	si:dkey-33c14.6	si:dkey-34m19.3	si:dkey-4c15.14	si:dkey-56e3.3	si:dkey-5n7.2	si:dkey-66i24.8	si:dkey-66i24.9	si:dkey-68o6.5	si:dkey-72l17.6	si:dkey-77f5.8	si:dkey-7l6.3	si:dkey-89b17.4	si:dkey-94l16.4	si:dkeyp-104f11.6	si:dkeyp-113d7.1	si:dkeyp-11e3.1	si:dkeyp-121d2.7	si:dkeyp-2e4.6	si:dkeyp-35e5.10	si:dkeyp-35e5.9	si:dkeyp-44b5.5	si:dkeyp-53d3.3	si:dkeyp-53d3.5	si:dkeyp-69b9.6	si:dkeyp-84f3.9	si:rp71-1g18.1	si:rp71-1h20.5	si:rp71-45k5.2	sim1a	sim1b	sim2	sinhcafl	six1a	six1b	six2a	six2b	six3a	six3b	six4a	six4b	six5	six6a	six6b	six7	six9	sltm	smad1	smad2	smad5	smad6b	smad7	smad9	smarcal1	smarcb1a	smarcb1b	smarcd1	smarcd2	smc3	sox3	sox6	sp1	sp100.1	sp100.3	sp2	sp3a	sp4	sp5a	sp5l	sp6	sp7	sp8a	sp8b	sp9	spen	spi1a	spi1b	spi2	spic	sra1	srebf1	srebf2	stat1a	stat1b	stat2	stat4	stat5a	stat5b	stat6	stox1	stox2a	stox2b	supt20	supt5h	tada1	tada2a	tada2b	tada3l	tal1	tal2	tbl1x	tbl1xr1a	tbl1xr1b	tbr1a	tbr1b	tbx1	tbx15	tbx16	tbx16l	tbx18	tbx20	tbx21	tbx22	tbx2b	tbx3a	tbx3b	tbx4	tbx5a	tbx5b	tbx6	tbxta	tbxtb	tcea2	tceanc2	tcf12	tcf15	tcf20	tcf21	tcf3a	tcf3b	tcf7	tcf7l1a	tcf7l1b	tead1a	tefa	tefb	tfam	tfap2b	tfap4	tfcp2	tfcp2l1	tfdp1a	tfdp1b	tfdp2	tfe3a	tfe3b	tfeb	tfec	thap1	thap11	tlx1	tlx2	tlx3b	tnip1	tnip2	tnni3k	tox	tox3	tox4a	tox4b	tp53	tp63	tp73	trps1	tsc22d1	tsc22d2	tsc22d3	tshz1	tshz3a	tshz3b	twist1a	twist1b	twist2	twist3	ubp1	usf1	usf1l	usf2	vax1	vax2	vent	vezf1a	vezf1b	vgll2a	vgll2b	vgll3	vox	vrtn	vsx2	wiza	wt1a	wu:fc30c06	wu:fe05a04	yeats2	yeats4	yy1a	zbed4l1	zbed4l2	zbtb10	zbtb11	zbtb12.1	zbtb12.2	zbtb16b	zbtb18	zbtb22a	zbtb22b	zbtb3	zbtb42	zbtb43	zbtb48	zbtb49	zbtb7a	zbtb8a	zbtb8b	zeb1a	zeb1b	zeb2a	zeb2b	zfhx3a	zfhx3b	zfhx4	zfpm1	zfpm2a	zfpm2b	zfx	zgc:101130	zgc:101562	zgc:110821	zgc:112083	zgc:112977	zgc:112998	zgc:113030	zgc:113090	zgc:113102	zgc:113119	zgc:113209	zgc:113294	zgc:113343	zgc:113348	zgc:113372	zgc:113377	zgc:113424	zgc:113443	zgc:136308	zgc:136929	zgc:152938	zgc:153115	zgc:153116	zgc:153292	zgc:158320	zgc:158376	zgc:162948	zgc:162999	zgc:163077	zgc:163143	zgc:165515	zgc:171220	zgc:171435	zgc:171506	zgc:171551	zgc:171599	zgc:171673	zgc:171727	zgc:171901	zgc:171929	zgc:172128	zgc:173517	zgc:173575	zgc:173693	zgc:173705	zgc:173714	zgc:173720	zgc:173726	zgc:173816	zgc:174263	zgc:174288	zgc:174310	zgc:174314	zgc:174315	zgc:174564	zgc:174623	zgc:174624	zgc:174690	zgc:174696	zgc:174703	zgc:174890	zgc:175107	zgc:193790	zgc:194336	zgc:65895	zgc:66443	zgc:66483	zgc:76872	zgc:77151	zhx2a	zhx3a	zhx3b	zic1	zic2a	zic2b	zic3	zic4	zic5	zic6	zmiz2	znf1001	znf1003	znf1005	znf1008	znf1010	znf1014	znf1015	znf1024	znf1025	znf1035	znf1040	znf1041	znf1043	znf1047	znf1053	znf1059	znf1063	znf1064	znf1067	znf1068	znf1069	znf1070	znf1072	znf1076	znf1077	znf1078	znf1079	znf1124	znf1146	znf1147	znf1155	znf1158	znf1161	znf1162	znf1173	znf1174	znf1186	znf1187	znf131	znf143b	znf148	znf16l	znf271	znf281a	znf281b	znf292a	znf292b	znf319b	znf362b	znf366	znf367	znf395a	znf395b	znf423	znf438	znf526	znf574	znf609a	znf609b	znf644a	znf644b	znf646	znf648	znf652	znf654	znf668	znf692	znf704	znf710a	znf710b	znf711	znf740b	znf865	znf971	znf983	znf989	znf990"
cardiac jelly development	GO:1905072	"ccm2	med10	nppa	nppb"
pigmentation	GO:0043473	"adrb2a	aldoaa	asip1	asip2b	atoh7	atp6v1h	bry	chd7	csf1ra	ctr9	drp	eif3ea	fam	gart	gja4	gja5b	hps5	hsd3b1	kcnj13	kita	lrmda	ltk	mac	med23	mitfa	mrd	obs	oca2	ocrl	paics	pdhb	pk	rtf1	slc24a5	slc45a2	sox10	sum	tar	tfap2a	tjp1a	ts	tspan36	tyr	tyrp1a	tyrp1b	unm_mh11	unm_tc327c	unm_tj218	unm_tm97c	zwa"
pteridine biosynthetic process	GO:0006728	"bri	edi	tar	yob	yoc"
heart contraction	GO:0060047	"acta2	adora2aa	alpk2	ankhd1	apex1	atp1a2a	bag3	bicd2	cbfb	ccm2	ccm2l	cmlc1	crip1	crip2	cryaba	cryabb	csrp3	desma	dhfr	dhrs9	dldh	dlst	dnd1	dsc2l	dspa	dspb	fbxo32	gja1b	gjb10	gnb5a	gper1	hand2	hat	hbegfb	hcn4	hel	hs3st1l1	ik	ilk	itga3b	jam	junba	kcnh6a	kcnk3a	kcnk3b	kcnma1b	krit1	lims1	lims2	lmna	lrrc10	lrrc39	mgat1b	mios	mybpc3	myh11a	myh6	myl7	myot	myzap	nkx2.5	ogdha	ogdhb	pip	plk	popdc1	prdm16	quh	rangrf	rbfox1	rbpms2a	rbpms2b	scfd1	sgcd	sgcg	sky	slc2a12	slc8a4a	slp	smyd1b	smyd2a	smyd2b	spen	sra1	str	strip1	surf1	taf1a	tan	tango2	tcap	tnnt2a	tpm4a	trim55a	ttn.2	unm_tk34b	unm_tw212e	vcla	vcp	viper	washc5	web"
heart morphogenesis	GO:0003007	"alpk2	cacna1c	cald1b	camk2b2	ccm2l	chd7	chsy1	cmlc1	csrp1a	dhfr	dsc2l	etsrp	fbn2b	fbxo7	fgf8a	fn1a	gata5	gata6	gnptab	hand2	hmgcrb	igf1ra	igf1rb	krit1	lmna	loa	mespaa	mespab	mespba	mespbb	mixl1	mmd	mmd2a	mybpc3	myh6	myl2b	mylk3	nipbla	nipblb	nkx2.5	nkx2.7	olp	pbx2	pbx4	pdcd10a	pdcd10b	pku300	ptpn21	rbpms2a	rbpms2b	rock2a	rock2b	s1pr2	scn12aa	scn5lab	sebox	setd7	smarcc1a	smarcd3b	smyd3	smyd4	sox32	sphk2	sug	tal1	tbx16	tbx5a	tbx5b	tbxta	tbxtb	tspy"
eye pigmentation	GO:0048069	"atp6v1h	fad	pk	pmela	sbl	slc24a5	sll	ts	tyr	vps18	wsh"
digestive tract development	GO:0048565	"ahctf1	ap1m1	ap1m2	apc	aqp8a.2	bmp4	cdx1a	cdx1b	cdx4	celf1	chd8	clmpa	cnot3a	dhx15	dnmt1	eed	epas1b	ezh2	fgfr2	fgfrl1a	flna	fscn1a	gata6	hdac1	hhex	klf5a	klf6a	mapk7	mb	mgaa	mpc1	mtch2	mtor	myh11a	ndr1	nipbla	nipblb	nol9	nr5a2	nup54	nup62l	pctp	polr3b	ppm1kb	rab11fip5a	rab11fip5b	raptor	rnpc3	rps6ka3a	ruvbl2	sdc2	selenoh	stf	stk11	tbx16	tbxta	tdgf1	ttc7a	unm_swuv11a	unm_swuv14a	unm_swuv14b	unm_swuv15a	unm_swuv15b	unm_swuv15c	unm_swuv15d	unm_swuv17a	unm_swuv18a	unm_swuv18b	unm_swuv18c	unm_swuv22a	unm_swuv23a	unm_swuv25a	unm_swuv26a	unm_swuv26b	unm_swuv28a	unm_swuv28b	unm_swuv28c	unm_swuv2a	unm_swuv31a	unm_swuv33a	unm_swuv33b	unm_swuv37a	unm_swuv3a	unm_swuv40a	unm_swuv40b	unm_swuv42a	unm_swuv43a	unm_swuv44a	unm_swuv6a	unm_swuv9a	unm_swuv9b	unm_swuv9c	unm_swuv9d	urb1"
otolith formation	GO:0032475	"cep290	emp	epcam	esrrgb	hek	hos	hsd	kei	men	npc1	npc2.1	otog	otop1	pks1	roo	sed	slc44a4	sp5a	sub	ton	wup	wwc1	znk"
protein localization to pericentriolar material	GO:1905793	odf2a
regulation of cilium assembly	GO:1902017	"abcc4	atp6ap1b	atp6v1f	cep290	cntrob	ezrb	grk5l	ift74	inpp5e	lamb1a	man1a2	mcm2	mcm7	odf2a	odf2b	rab11fip3	tulp1a	tulp1b	usp8"
response to yeast	GO:0001878	"atp6v0ca	ccny	cebpb	cyb5r2	cyp51	dgat1b	hip1	hspa5	kmo	limk1a	mcm4	mogat2	nap1l1	nsdhl	orc1	pank1a	ppp1r3c2b	ppp6c	psmd14	sc5d	slc15a2	src	traf3	xpo1b"
regulation of cyclin-dependent protein serine/threonine kinase activity	GO:0000079	"ccny	ccnyl1	cnppd1"
synapse assembly	GO:0007416	"cdh2	ctbp2a	dok7b	get3	gjd1a	gjd2a	gjd2b	kirrel3a	nbeaa	plxna1b	plxna2	plxna3	plxna4	plxnb1b	plxnb2a.1	plxnb2b	plxnb3	plxnd1	rapsn	sdcbp2	tjp1b	zdhhc2"
cell-cell adhesion	GO:0098609	"amotl1	arnt2	arvcfa	arvcfb	boc	cdh1	cdh10a	cdh11	cdh12a	cdh12b	cdh13	cdh15	cdh17	cdh19	cdh2	cdh23	cdh26.1	cdh26.2	cdh27	cdh28	cdh31	cdh4	cdh5	cdh6	cdh7a	cdh8	cdhr1a	cdhr5-rs	cdhr5a	cdhr5b	cdon	celsr1b	celsr2	cntn1a	cntn2	cntn3b	cntn4	crb2a	crb2b	ctnna1	ctnna2	ctnnb1	ctnnb2	ctnnd1	ctnnd2a	ctnnd2b	dcc	dchs1a	dchs1b	dchs2	dlg1a	dlg1b	dlg2	dlg4b	dsc2l	dsg2.1	dsg2l	dspa	dspb	epcam	esama	esamb	fat1a	fat1b	fat2	fat3a	fat4	fblim1	fn1a	icam3	igsf9a	itga11a	itga2.2	itga2b	itga3b	itga4	itga5	itga6a	itga6b	itga9	itgam.1	itgav	itgb1a	itgb1b	itgb1b.1	itgb1b.2	itgb5	itgb6	itgbl1	jam3a	jam3b	jupa	kirrel1a	kirrel1b	kirrel3a	kirrel3l	l1camb	lama5	lpp	lsamp	mpzl2b	nphs1	palld	pals1a	pcdh15a	pcdh15b	pcdh19	perp	pkp1b	pkp2	pkp3a	pkp3b	pkp4	plpp3	prtga	prtgb	rab5c	sc:d0202	scrib	si:busm1-71b9.3	si:ch211-186j3.6	si:ch211-66e2.3	si:ch73-208g10.1	si:ch73-74h11.1	si:dkey-22o22.2	si:dkey-30c15.12	srpx2	tjp3	tmem47	vcam1b	vezt	wnt11f2	zmp:0000000625	zmp:0000000650"
carbohydrate metabolic process	GO:0005975	"adpgk	adpgk2	agla	aglb	amy2a	amy2al1	amy2al2	b3gat2	b3gat3	b4galt1	b4galt1l	b4galt2	b4galt3	b4galt4	b4galt5	b4galt6	b4galt7	casd1	chia.1	chia.2	chia.3	chia.4	chia.6	chid1	chst1	chst2a	chst2b	chst3a	chst3b	chst6	chst7	cs	ctbs	edem1	edem2	edem3	fbp1a	fbp1b	fbp2	fggy	fuca1.1	fuca1.2	fuca2	gaa	gaa2	galm	ganaba	ganabb	ganc	gba2	gba3	gbe1a	gbe1b	gbgt1l1	gbgt1l2	gbgt1l3	gbgt1l4	gbgt1l5	gbgt1l6	gbgt1l8	gck	gk5	gla	glb1	glb1l	gnpda1	gnpda2	gpd1a	gpd1b	gpd1c	gpd1l	gusb	h6pd	hdac8	hexa	hexb	hexd	hk1	hk2	hkdc1	hyal1	hyal2a	hyal2b	hyal3	hyal4	hyal6	idua	kl	klb	lancl1	lancl2	lctla	lctlb	man1a1	man1a2	man1b1a	man1b1b	man2a1	man2a2	man2b1	man2b2	man2c1	manba	mogs	mpi	myorg	naga	ovgp1	parga	pargl	pgghg	pgls	pgm1	pgm2	pgm2l1	pgm3	pgm5	phka1a	phka1b	phka2	phkb	pygb	pygl	pygma	pygmb	renbp	rpe	shpk	si	si:ch211-117c19.1	si:ch211-226m16.2	si:ch211-236l14.4	si:ch211-282j22.3	si:ch73-62b13.1	si:dkey-199f5.8	si:dkey-202g17.3	si:dkey-224e22.2	si:dkey-72l14.3	siae	slc3a1	slc3a2a	slc3a2b	spam1	spata20	taldo1	treh	xylb	ydjc	zgc:113333	zgc:158423	zgc:172295"
N-acetylneuraminate catabolic process	GO:0019262	"amdhd2	gnpda1	gnpda2	npl	renbp"
glucosamine catabolic process	GO:0006043	"gnpda1	gnpda2"
N-acetylglucosamine catabolic process	GO:0006046	"amdhd2	gnpda1	gnpda2"
N-acetylglucosamine metabolic process	GO:0006044	"amdhd2	chst1	chst2a	chst2b	chst3a	chst3b	chst7	gnpda1	gnpda2	mgat3a	mgat3b	renbp	si:ch73-62b13.1"
glycolipid biosynthetic process	GO:0009247	"gal3st1a	gal3st1b	gal3st2	gal3st3	gal3st4	sccpdha.1	sccpdha.2	sccpdhb	st3gal4"
myelination	GO:0042552	"abhd12	adgrg6	chd7	cmtm8b	dync1h1	eif2b3	erbb2	erbb3b	exosc8	fyna	gal3st1a	gal3st1b	hycc1	lgi1a	lgi1b	lingo1b	mal2	mala.1	mala.2	malb	marveld1	mpz	npc2.1	olig2	otpa	otpb	pllp	plp1a	sec63	slc12a2l	tmem163a	tmem163b	tuba8l3	vps16	zgc:101772"
galactosylceramide biosynthetic process	GO:0006682	"gal3st1a	gal3st1b	ugt8"
nervous system development	GO:0007399	"a2ml	a2ml2	actl6b	acvr1bb	adarb1a	alk	ap1s1	apc	arel1	arhgdia	arhgdig	arhgef2a	arr3a	arr3b	arrb1	arrb2a	arrb2b	arrdc1a	arrdc2	arrdc3a	arrdc3b	ascc3	ascl1a	ascl1b	atg5	atoh1a	atoh1b	atoh1c	atoh7	atoh8	bhlha15	bhlhe22	bhlhe23	bicdl1	boc	brinp1	btbd6a	btbd6b	c3b.1	c3b.2	c4	cables1	cactin	camta1a	camta1b	ccnyl1	cdh2	cdon	chac1	chodl	cln8	cpamd8	cspg5a	cspg5b	cyb5d2	cyfip1	dip2ba	disc1	dla	dlb	dld	dlg1a	dlg1b	dlg2	dlg4b	dnaaf4	dpf2l	dpf3	dpysl2a	dscama	dscamb	dscaml1	ebf1a	ebf1b	ebf2	ebf3a	ebf3b	ect2	efna2a	efna5a	efna5b	efnb2a	efnb3b	elp3	ephb3a	exoc2	f13a1a.1	f13a1b	fev	fezf1	fezf2	fgf13a	fgf13b	fgf17	fgf8b	flna	flnb	flnbl	flnca	flncb	fmr1	fn1a	fn1b	foxn4	gap43	gbe1a	gbe1b	gfra1a	gfra1b	gfra2a	gfra3	gfra4a	gfra4b	gli2a	gper1	gria2a	hmx3a	igf2bp1	igf2bp2a	igf2bp2b	igf2bp3	impact	insm1a	insm1b	intu	irx1a	kcnj10a	kcnj11	kcnj11l	kcnj12a	kcnj12b	kcnj13	kcnj14	kcnj15	kcnj16a	kcnj19a	kcnj19b	kcnj1a.1	kcnj1a.2	kcnj1a.3	kcnj1a.4	kcnj1a.5	kcnj1a.6	kcnj1b	kcnj20	kcnj21	kcnj2a	kcnj2b	kcnj3a	kcnj3b	kcnj5	kcnj6	kcnj8	kdm1a	kdm7aa	kdm7ab	kidins220b	kifbp	l1cama	l1camb	ldb1a	ldb1b	ldb2b	lepa	lepr	lfng	lrp5	lrp6	ly86	lzic	m17	mdkb	med24	mertka	mkrn2	mycbp2	nav3	ndnf	ndrg2	neo1a	nes	neurod1	neurod2	neurod4	neurod6a	neurod6b	neurog1	neurog3	nfat5a	nfat5b	nfatc1	nfatc2a	nfatc2b	nfatc3a	nfatc3b	nfatc4	nfkb1	nfkb2	nme2a	npas4a	npc2.1	npc2.2	nr2f1a	nr2f1b	nr2f2	nr2f5	nr2f6a	nrg1	nrg2a	nrg2b	nrg3b	nrn1a	nrn1b	nrn1la	nrn1lb	nrp1a	nrp1b	nrp2a	nrp2b	nrsn1	nrsn1l	ntrk1	ntrk2a	ntrk2b	ntrk3a	ntrk3b	numb	numbl	nxpe3	olig1	olig2	olig3	olig4	otpb	pafah1b1a	pafah1b1b	pank2	pax2a	pax2b	pax3a	pax3b	pax7a	pax7b	pax8	pcdh19	pde6d	phactr4a	phactr4b	phf10	pkhd1l1.1	pkhd1l1.2	plppr1	pnx	poglut2	poglut3	pou3f1	ppp1r9a	ppp1r9ala	ppp1r9alb	ppp1r9ba	ppp1r9bb	ppt1	prkab1a	prkab1b	prkab2	ptena	ptenb	ptn	ptprfb	rapgef2b	rbfox1	rbfox1l	rbfox2	rbfox3a	rbfox3b	rbpjl	rela	relb	rfng	rtn4ip1	runx1	rxraa	rxrab	rxrba	rxrbb	rxrga	rxrgb	saga	sagb	sarm1	sema3aa	sema3ab	sema3d	sema5a	sema5ba	sema5bb	shha	si:ch211-130m23.2	si:ch211-157j23.2	si:ch211-157j23.5	si:ch211-196c10.13	si:ch211-212c13.10	si:ch211-212c13.8	si:dkey-105h11.2	si:dkey-105h12.2	si:dkey-172m14.1	si:dkey-22o12.2	si:dkey-285b23.3	si:dkey-46g23.2	si:dkey-46g23.5	sim1a	sim1b	smn1	smo	snrnp200	sox11a	sox11b	sox19a	spast	spg11	srgap2	stmn2a	stmn2b	suox	tcf12	tgfbr1a	tgfbr1b	tgfbr2b	tgfbr2l	tgm1	tgm1l1	tgm1l2	tgm1l3	tgm1l4	tgm1l5	tgm1l6	tgm2a	tgm2b	tgm2l	tgm5l	tgm8	tmem41b	tnr	trappc6b	trim2a	trim2b	trim3a	trim3b	trim45	trim71	txnipa	txnipb	tyro3	unc119a1	unc119b	unc119c	uncx4.1	usp20	usp33	vangl2	vwc2	vwc2l	wdpcp	wnt1	wu:fb82e04	zc4h2	zgc:110006	zgc:110353	zgc:110626	zgc:162707	zgc:165518	zgc:171426	zgc:171445	zgc:171446	znf16l	znf423	znf488"
blood vessel development	GO:0001568	"acvrl1	amot	amotl1	angpt1	angpt2b	aplnr2	aplnra	aplnrb	arhgef7b	bmper	bmpr2b	cpn1	crim1	cttnl	cxxc1b	cyp26a1	dll4	dzip1	efnb2a	efnb2b	eng	ephb2a	ephb4a	etsrp	fcsk	fer	flt1	foxc1a	foxc1b	foxh1	git1	gmds	has2	hey2	hsp70l	hsp90ab1	ilk	itga4	itgav	itgb1b	itgb8	kat7b	kdr	kdrl	kmt2d	krit1	lama1	lmo2	mcamb	mfap2	mib1	mtmr8	mts	nf1a	nf1b	notch1b	npas4a	npas4b	npas4l	pak2a	pak2b	pdcd10a	pdcd10b	ptena	ptenb	ptprb	rasa1a	rcbtb1	runx1	seraf	sox18	sox7	stab2	tal1	tbx20	tdgf1	tie1	tll1	tnnt2a	twsg1a	twsg1b	vegfaa	vegfc	vegfd"
synaptic vesicle maturation	GO:0016188	"zdhhc15a	zdhhc15b	zdhhc2	zdhhc20a	zdhhc20b"
protein targeting to membrane	GO:0006612	"exoc4	golga7ba	naca	nacad	nherf1a	si:ch211-276k2.1	vps37a	vps37ba	vps37bb	vps37c	vps37d	zdhhc1	zdhhc11	zdhhc12a	zdhhc12b	zdhhc14	zdhhc15a	zdhhc15b	zdhhc18a	zdhhc18b	zdhhc2	zdhhc20a	zdhhc20b	zdhhc21	zdhhc22	zdhhc23a	zdhhc23b	zdhhc24	zdhhc3a	zdhhc3b	zdhhc4	zdhhc6	zdhhc7	zdhhc9	zgc:77880"
JNK cascade	GO:0007254	"csrp1a	map3k12	map3k5	map3k7	mapk8a	mapk8b	mapk8ip1a	mapk8ip2	mapk9	ripk2	si:ch211-1i11.3	si:ch211-45c16.2	tgfb1b"
protein phosphorylation	GO:0006468	"aak1a	aak1b	aatka	aatkb	abl1	abl2	abr	acvr1ba	acvr1bb	acvr1l	acvr2aa	acvr2ab	acvr2ba	acvr2bb	acvrl1	adck2	adgrg1	akt1	akt2	akt2l	akt3a	akt3b	alk	alpk1	alpk2	alpk3b	ankk1	araf	aurka	aurkb	bcr	blk	bmp2k	bmpr1aa	bmpr1ab	bmpr1ba	bmpr1bb	bmpr2a	bmpr2b	braf	brsk1a	brsk1b	brsk2a	brsk2b	bsk146	btk	bub1	camk1a	camk1b	camk1da	camk1db	camk1ga	camk1gb	camk2a	camk2b1	camk2d1	camk2d2	camk2g1	camk2g2	camk4	camkk1a	camkk1b	camkva	camkvb	camkvl	caska	caskb	cdc42bpaa	cdc42bpab	cdc42bpb	cdc7	cdk1	cdk10	cdk11b	cdk12	cdk13	cdk14	cdk15	cdk16	cdk17	cdk18	cdk19	cdk2	cdk20	cdk21	cdk4	cdk5	cdk6	cdk7	cdk8	cdk9	cdkl1	cdkl5	chek1	chek2	chuk	cita	clk2a	clk2b	clk4a	clk4b	csf1ra	csf1rb	csk	csnk1a1	csnk1da	csnk1db	csnk1e	csnk1g1	csnk1g2a	csnk1g2b	csnk2a1	csnk2a2a	csnk2a2b	csnk2a4	dapk1	dapk2a	dapk2b	dapk3	dclk1a	dclk1b	dclk2a	ddr1	ddr2a	ddr2b	ddr2l	dstyk	dyrk1aa	dyrk1ab	dyrk1b	dyrk2	dyrk3	dyrk4	eef2k	egfra	eif2ak1	eif2ak2	eif2ak3	eif2ak4	ek1	epha2a	epha2b	epha3	epha4a	epha4b	epha4l	epha6	epha7	epha8	ephb2a	ephb2b	ephb3a	ephb3b	ephb4a	ephb4b	ephb6	erbb2	erbb3a	erbb3b	erbb4a	ern2	fer	fes	fgfr1a	fgfr1b	fgfr2	fgfr3	fgfr4	flt1	flt3	flt4	frk	fyna	fynb	gak	gc2	glyctk	grk1a	grk1b	grk3	grk4	grk5	grk5l	grk6	grk7a	grk7b	gsk3aa	gsk3ab	gsk3ba	gsk3bb	gucy2ca	gucy2cb	gucy2d	gucy2f	gucy2g	haspin	hccsa.2	hck	hipk1a	hipk1b	hipk2	hipk3a	hipk3b	hunk	igf1ra	igf1rb	ikbkb	ikbke	ilk	insra	insrb	irak1	irak3	irak4	itk	jak1	jak2a	jak2b	jak3	kalrna	kdr	kdrl	kita	kitb	ksr1a	ksr1b	lats1	lats2	lck	limk1a	limk1b	limk2	lmtk2	lmtk3	lrrk1	lrrk2	ltk	lyn	mak	map2k1	map2k2a	map2k2b	map2k4a	map2k4b	map2k5	map2k6	map2k7	map3k1	map3k10	map3k12	map3k14a	map3k15	map3k2	map3k20a	map3k21	map3k22	map3k3	map3k4	map3k5	map3k7	map3k8	map3k9	map4k1	map4k2	map4k3a	map4k3b	map4k4	map4k5	map4k6	mapk1	mapk10	mapk11	mapk12a	mapk12b	mapk13	mapk14a	mapk14b	mapk15	mapk3	mapk4	mapk6	mapk7	mapk8a	mapk8b	mapk9	mapkapk2a	mapkapk2b	mapkapk3	mapkapk5	mark1	mark2a	mark2b	mark3a	mark3b	mark4a	mark4b	mast1a	mast1b	mast2	mast3a	mast3b	mastl	matk	melk	mertka	met	mink1	mknk1	mknk2a	mknk2b	mos	mst1ra	mst1rb	musk	mylk2	mylk3	mylk4a	mylk4b	mylk5	mylka	mylkb	myo3a	myo3b	nek1	nek10	nek11	nek12	nek2	nek3	nek4	nek6	nek7	nek8	nim1ka	nim1kb	nlk1	nlk2	npr1a	npr1b	npr2	nrbp1	nrbp2a	nrbp2b	ntrk1	ntrk2a	ntrk2b	ntrk3a	ntrk3b	nuak1a	nuak1b	nuak2	obscna	oxsr1a	oxsr1b	pak1	pak2a	pak2b	pak4	pak5	pak6a	pak6b	pask	pbk	pdgfra	pdgfrb	pdik1l	pdpk1a	pdpk1b	peak1	phkg1a	phkg1b	phkg2	pik3r4	pim1	pim2	pim3	pimr106	pimr109	pimr110	pimr115	pimr117	pimr118	pimr119	pimr120	pimr124	pimr127	pimr128	pimr129	pimr130	pimr132	pimr133	pimr134	pimr135	pimr136	pimr138	pimr140	pimr141	pimr142	pimr144	pimr145	pimr146	pimr147	pimr148	pimr150	pimr151	pimr152	pimr153	pimr154	pimr155	pimr156	pimr157	pimr158	pimr159	pimr163	pimr166	pimr167	pimr172	pimr175	pimr187	pimr188	pimr190	pimr210	pimr211	pimr212	pimr213	pimr214	pimr46	pimr47	pimr48	pimr49	pimr50	pimr51	pimr52	pimr54	pimr55	pimr58	pimr62	pimr63	pimr64	pimr65	pimr66	pimr67	pimr88	pimr95	pink1	pkdcca	pkdccb	pkmyt1	pkn1a	pkn1b	pkn2a	pkn2b	pkn3	pkz	plk1	plk2a	plk2b	plk3	plk4	pnck	pomk	prkaa1	prkaa2	prkacaa	prkacab	prkacba	prkacbb	prkcaa	prkcab	prkcba	prkcbb	prkcda	prkcdb	prkcea	prkceb	prkcg	prkcha	prkchb	prkci	prkcq	prkcz	prkd1	prkd2	prkd3	prkd4	prkg1a	prkg1b	prkg1l	prkg2	prkg3	prkx	prpf4ba	prpf4bb	pskh1	ptk2aa	ptk2ab	ptk2ba	ptk2bb	ptk6a	ptk6b	ptk7b	pxk	raf1a	raf1b	ret	riok2	riok3	ripk1l	ripk2	ripk3	ripk4	rock1	rock2a	rock2b	ror1	ror2	ros1	rps6ka1	rps6ka2	rps6ka3a	rps6ka3b	rps6ka4	rps6ka5	rps6kal	rps6kb1a	rps6kb1b	rps6kc1	rps6kl1	rskra	rskrb	ryk	sbk1	sbk3	scyl1	scyl2	scyl3	sgk1	sgk2a	sgk2b	sgk3	si:ch211-151m7.3	si:ch211-171h4.3	si:ch211-195b13.1	si:ch211-198e20.10	si:ch211-1i11.3	si:ch211-217i17.1	si:ch211-220i18.4	si:ch211-27e6.1	si:ch211-285c6.2	si:ch211-285c6.3	si:ch211-45c16.2	si:ch211-57m13.9	si:ch211-63o20.7	si:ch73-122k23.1	si:ch73-206d17.1	si:ch73-340m8.2	si:ch73-383l1.1	si:ch73-40a2.1	si:ch73-60h1.1	si:dkey-112g5.3	si:dkey-181f22.4	si:dkey-192d15.2	si:dkey-240h12.4	si:dkey-265c15.7	si:dkey-265c15.9	si:dkey-33c12.16	si:dkey-33c12.5	si:dkey-37g12.1	si:dkey-58i8.5	si:dkey-8e10.3	si:dkey-91m11.5	si:dkey-93l1.6	si:zfos-2326c3.2	sik1	sik2a	sik2b	sik3	slka	slkb	snrka	snrkb	spega	spegb	src	srms	srpk1a	srpk1b	srpk2	srpk3	stk10	stk11	stk16	stk17a	stk17al	stk17b	stk24a	stk24b	stk25a	stk25b	stk26	stk3	stk31	stk33	stk35	stk35l	stk36	stk38a	stk38b	stk38l	stk39	stk40	strada	stradb	styk1a	styk1b	syk	taok1a	taok1b	taok2a	taok2b	taok3a	tbck	tbk1	tec	tek	tesk1a	tesk1b	tesk2	tgfbr1a	tgfbr1b	tgfbr2a	tgfbr2b	tgfbr2l	tie1	tlk1a	tlk1b	tlk2	tnika	tnikb	tnk1	tnk2a	tnk2b	tnni3k	tp53rk	trib1	trib2	trib3	trioa	triob	trpm6	trpm7	tssk6	ttbk1a	ttbk1b	ttbk2a	ttbk2b	ttk	tyk2	tyro3	uhmk1	ulk1a	ulk1b	ulk2	ulk3	ulk4	unm_sa1261	vrk1	vrk2	vrk3	wee1	wee2	wnk1a	wnk1b	wnk2	wnk3	wnk4a	wnk4b	yes1	yrk	zap70	zgc:113162	zgc:162952	zgc:171775	zgc:86598	zmp:0000000881"
convergent extension involved in gastrulation	GO:0060027	"adgra3	bbs1	bbs10	bbs12	bbs4	bcl2l16	cdh1	csk	csrp1a	def6a	desi2	diaph2	disc1	dnaaf1	dnaaf11	dsc2l	dsg2.1	fer	fyna	fynb	fzd2	fzd7a	fzd7b	gdf3	gpc4	invs	iqgap3	kdm6a	kmt2d	lats1	lats2	lpp	map2k4b	mapk9	marcksb	mcc	mcu	mkks	mmp14a	mmp14b	mxtx2	ofd1	pfn1	porcn	prickle1a	prmt1	ptenb	ptpn11a	ptpra	ptprea	ptpreb	rack1	rap1ab	rap1b	ror2	s1pr2	scrib	setdb2	swap70b	tab2	tdgf1	tdp2b	tmem216	tmem237a	tmem237b	tmem67	tnika	vangl2	wnt11f2	wnt5b	yes1"
rhythmic process	GO:0048511	"aanat1	aanat2	ahr1b	ahr2	atf4a	cdk5r1a	cdk5r1b	clocka	clockb	crebbpa	crebbpb	cry1a	cry1b	dnm1l	dtl	egr1	ep300a	ep300b	ezh2	hdac3	kat2b	kdm8	lgr4	mapk10	mapk8a	mapk8b	mapk9	mtnr1aa	mtnr1al	mtnr1ba	mtnr1bb	mybbp1a	mycbp2	nampt1	nampt2	ncoa2	nfil3	nocta	noctb	npas2	piwil2	pparg	ppargc1a	prkaa1	prkaa2	prmt5	roraa	siah2l	timeless	top1a	top1b	top2a	usp2a"
phosphorylation	GO:0016310	"aak1a	aak1b	aatka	aatkb	abl1	abl2	acvr1ba	acvr1bb	acvr1l	acvr2aa	acvr2ab	acvr2ba	acvr2bb	acvrl1	adck1	adck2	adck5	adgrg1	adka	adkb	adpgk	adpgk2	agk	ak1	ak2	ak3	ak4	ak5	ak5l	ak7a	ak7b	ak8	ak9	akt1	akt2	akt2l	akt3a	akt3b	aldh18a1	alk	alpk1	alpk2	alpk3b	ankk1	araf	atm	atr	aurka	aurkaip1	aurkb	baz1b	bckdk	blk	bmp2k	bmpr1aa	bmpr1ab	bmpr1ba	bmpr1bb	bmpr2a	bmpr2b	braf	brsk1a	brsk1b	brsk2a	brsk2b	bsk146	btk	bub1	bub1ba	bub1bb	camk1a	camk1b	camk1da	camk1db	camk1ga	camk1gb	camk2a	camk2b1	camk2d1	camk2d2	camk2g1	camk2g2	camk2n1a	camk4	camkk1a	camkk1b	camkva	camkvl	cdc42bpaa	cdc42bpab	cdc42bpb	cdc7	cdk1	cdk10	cdk11b	cdk12	cdk13	cdk14	cdk15	cdk16	cdk17	cdk18	cdk19	cdk2	cdk20	cdk21	cdk2ap2	cdk4	cdk5	cdk5r1a	cdk5r1b	cdk5r2a	cdk6	cdk7	cdk8	cdk9	cdkl1	cdkl5	cerk	cerkl	chek1	chek2	chka	chkb	chuk	cinp	cita	ckba	ckbb	ckma	ckmb	ckmt1	ckmt2a	ckmt2b	clk2a	clk2b	clk4a	clk4b	clp1	cmpk	cmpk2	cnksr1	cnksr2a	cnksr2b	cnksr3	coq8aa	coq8ab	coq8b	csf1ra	csf1rb	csk	csnk1a1	csnk1da	csnk1db	csnk1e	csnk1g1	csnk1g2a	csnk1g2b	csnk2a1	csnk2a2a	csnk2a2b	csnk2a4	csnk2b	dapk1	dapk2a	dapk2b	dapk3	dcakd	dck	dclk1a	dclk1b	dclk2a	dclk2b	ddr1	ddr2a	ddr2b	ddr2l	dgkaa	dgkab	dgkb	dgke	dgkh	dgki	dgkza	dgkzb	dguok	dolk	dstyk	dtymk	dusp6	dyrk1aa	dyrk1ab	dyrk1b	dyrk2	dyrk3	dyrk4	eef2k	egfra	eif2ak1	eif2ak2	eif2ak3	eif2ak4	ek1	epha2a	epha2b	epha3	epha4a	epha4b	epha4l	epha6	epha7	epha8	ephb2a	ephb2b	ephb3a	ephb3b	ephb4a	ephb4b	ephb6	eps8a	eps8b	eps8l1b	eps8l2	eps8l3a	erbb2	erbb3a	erbb3b	erbb4a	ern2	etnk1	etnk2	fam20b	fam20ca	fam20cb	fam20cl	fastk	fastkd1	fastkd2	fastkd3	fer	fes	fgfr1a	fgfr1b	fgfr2	fgfr3	fgfr4	fggy	flt1	flt3	flt4	fn3krp	frk	fyna	fynb	gak	galk1	galk2	gbp	gck	gcn1	git2b	gk5	glyctk	gne	grk1a	grk1b	grk3	grk4	grk5	grk5l	grk6	grk7a	grk7b	gsk3aa	gsk3ab	gsk3ba	gsk3bb	guk1a	guk1b	haspin	hccsa.2	hck	hgs	hipk1a	hipk1b	hipk2	hipk3a	hipk3b	hk1	hk2	hkdc1	hunk	hykk.1	hykk.2	ibtk	igf1ra	igf1rb	ikbip	ikbkb	ikbke	ikbkg	ilk	ilkap	im:7148385	insra	insrb	ip6k1	ip6k2a	ip6k2b	ipmka	ipmkb	ippk	irak1	irak3	irak4	itk	itpk1a	itpk1b	itpka	itpkb	itpkca	itpkcb	jak1	jak2a	jak2b	jak3	jakmip1	jakmip2	jakmip3	kalrna	kdr	kdrl	khk	kidins220a	kidins220b	kita	kitb	ksr1a	ksr1b	lats1	lats2	lck	limk1a	limk1b	limk2	lmtk2	lrguk	lrrk1	lrrk2	ltk	lyn	madd	magi1a	magi1b	magi2a	magi2b	magixa	mak	map2k1	map2k2a	map2k2b	map2k4a	map2k4b	map2k5	map2k6	map2k7	map3k1	map3k10	map3k12	map3k14a	map3k15	map3k2	map3k20a	map3k21	map3k22	map3k3	map3k4	map3k5	map3k7	map3k8	map3k9	map4k1	map4k2	map4k3a	map4k3b	map4k4	map4k5	map4k6	mapk1	mapk10	mapk11	mapk12a	mapk12b	mapk13	mapk14a	mapk14b	mapk15	mapk3	mapk4	mapk6	mapk7	mapk8a	mapk8b	mapk8ip1a	mapk8ip1b	mapk8ip2	mapk8ip3	mapk9	mapkapk2a	mapkapk2b	mapkapk3	mapkapk5	mapkbp1	marcksa	marcksb	mark1	mark2a	mark2b	mark3a	mark3b	mark4a	mark4b	mast1a	mast1b	mast2	mast3a	mast3b	mastl	matk	melk	mertka	met	mibp	mink1	mknk1	mknk2a	mknk2b	mnat1	mob1a	mob1ba	mob1bb	mob2a	mob2b	mob3a	mob3c	mob4	mos	mst1ra	mst1rb	mtor	musk	mvk	mylk2	mylk3	mylk4a	mylk4b	mylk5	mylka	mylkb	myo3a	myo3b	nadk2	nadka	nadkb	nagk	nek1	nek10	nek11	nek12	nek2	nek3	nek4	nek6	nek7	nek8	nell2b	nim1ka	nim1kb	nlk1	nlk2	nme2a	nme2b.1	nme2b.2	nme3	nme4	nme6	nme7	nmrk1	nmrk2	nol9	nr5a1b	ntrk1	ntrk2a	ntrk2b	ntrk3a	ntrk3b	nuak1a	nuak1b	nuak2	nucks1a	nucks1b	obscna	oxsr1a	oxsr1b	pacsin1a	pacsin2	pacsin3	pak1	pak2a	pak2b	pak4	pak5	pak6b	pank1a	pank1b	pank2	pank4	pask	pbk	pck1	pdgfra	pdgfrb	pdik1l	pdk1	pdk2a	pdk2b	pdk3a	pdk3b	pdk4	pdpk1a	pdpk1b	pdxka	pdxkb	peak1	pfkfb1	pfkfb2a	pfkfb2b	pfkfb3	pfkfb4a	pfkfb4b	pfkla	pfklb	pfkma	pfkmb	pfkpa	pfkpb	pgk1	phkg1a	phkg1b	phkg2	pi4k2a	pi4k2b	pi4kaa	pi4kb	pik3c2a	pik3c2b	pik3c2g	pik3c3	pik3ca	pik3cb	pik3cd	pik3cg	pik3r3b	pik3r4	pikfyve	pim1	pim2	pim3	pimr106	pimr109	pimr110	pimr115	pimr117	pimr118	pimr119	pimr120	pimr124	pimr127	pimr128	pimr129	pimr130	pimr132	pimr133	pimr134	pimr135	pimr136	pimr138	pimr140	pimr141	pimr142	pimr144	pimr145	pimr146	pimr147	pimr148	pimr150	pimr151	pimr152	pimr153	pimr154	pimr156	pimr157	pimr158	pimr159	pimr163	pimr166	pimr167	pimr172	pimr175	pimr187	pimr188	pimr190	pimr211	pimr212	pimr213	pimr214	pimr46	pimr47	pimr48	pimr49	pimr50	pimr51	pimr52	pimr54	pimr55	pimr58	pimr62	pimr63	pimr64	pimr65	pimr66	pimr67	pimr88	pimr95	pink1	pip4k2aa	pip4k2ab	pip4k2ca	pip4k2cb	pip5k1aa	pip5k1ab	pip5k1ba	pip5k1bb	pip5k1ca	pip5k1cb	pip5kl1	pkdcca	pkdccb	pklr	pkma	pkmb	pkmyt1	pkn1a	pkn1b	pkn2a	pkn2b	pkn3	pkz	plaua	plaub	plk1	plk2a	plk2b	plk3	plk4	pmvk	pnck	pomk	ppip5k1a	ppip5k1b	ppip5k2	ppm1e	prkaa1	prkaa2	prkab1a	prkab1b	prkab2	prkacaa	prkacab	prkacba	prkacbb	prkag1	prkag2a	prkag2b	prkag3b	prkar1aa	prkar2aa	prkcaa	prkcab	prkcba	prkcbb	prkcbp1l	prkcda	prkcdb	prkcea	prkceb	prkcg	prkcha	prkchb	prkci	prkcq	prkcsh	prkcz	prkd1	prkd2	prkd3	prkd4	prkdc	prkg1a	prkg1b	prkg1l	prkg2	prkg3	prkra	prkx	prpf4ba	prpf4bb	prps1a	prps1b	pskh1	psmb7	ptk2aa	ptk2ab	ptk2ba	ptk2bb	ptk6a	ptk6b	ptk7a	ptk7b	pxk	raf1a	raf1b	rbks	ret	rfk	riok1	riok2	riok3	ripk1l	ripk2	ripk3	ripk4	rock1	rock2a	rock2b	ror1	ror2	ros1	rps6ka1	rps6ka2	rps6ka3a	rps6ka3b	rps6ka4	rps6ka5	rps6kal	rps6kb1a	rps6kb1b	rps6kc1	rps6kl1	rskra	rskrb	ryk	sbk1	sbk3	scyl1	sephs1	sephs3	sgk1	sgk2a	sgk2b	sgk3	sh3kbp1	shpk	si:ch211-151m7.3	si:ch211-160b11.4	si:ch211-165d12.4	si:ch211-171h4.3	si:ch211-195b13.1	si:ch211-198e20.10	si:ch211-1i11.3	si:ch211-217i17.1	si:ch211-220i18.4	si:ch211-243j20.2	si:ch211-26b3.4	si:ch211-27e6.1	si:ch211-285c6.2	si:ch211-285c6.3	si:ch211-45c16.2	si:ch211-51c14.1	si:ch211-57m13.9	si:ch73-206d17.1	si:ch73-22a13.3	si:ch73-340m8.2	si:ch73-383l1.1	si:ch73-40a2.1	si:ch73-60h1.1	si:dkey-112g5.3	si:dkey-172j4.3	si:dkey-174m14.3	si:dkey-17m8.1	si:dkey-181f22.4	si:dkey-240h12.4	si:dkey-265c15.7	si:dkey-265c15.9	si:dkey-33c12.16	si:dkey-33c12.5	si:dkey-58i8.5	si:dkey-71d15.2	si:dkey-8e10.3	si:dkey-93l1.6	si:dkey-96f10.1	si:rp71-17i16.5	si:zfos-2326c3.2	sik1	sik2a	sik2b	sik3	skap1	skap2	skp1	skp2	slka	slkb	smg1	snrka	snrkb	spag9a	spag9b	spega	spegb	sphk2	src	srms	srpk1a	srpk1b	srpk2	srpk3	stk10	stk11	stk11ip	stk16	stk17a	stk17al	stk17b	stk19	stk24a	stk24b	stk25a	stk25b	stk26	stk3	stk31	stk33	stk35	stk35l	stk36	stk38a	stk38b	stk38l	stk39	stk40	strada	stradb	strap	styk1a	styk1b	syk	tab1	tab2	tab3	taok1a	taok1b	taok2a	taok2b	taok3a	taok3b	tbck	tbk1	tbkbp1	tec	tek	tesk1a	tesk1b	tesk2	tgfbr1a	tgfbr1b	tgfbr2a	tgfbr2b	tgfbr2l	thap12a	tie1	tk1	tk2	tkfc	tlk1a	tlk1b	tlk2	tnika	tnikb	tnk1	tnk2a	tnk2b	tnni3k	tollip	tp53rk	tpk1	trioa	triob	trpm6	trpm7	tssk6	ttbk1a	ttbk1b	ttbk2a	ttbk2b	ttk	tyk2	tyro3	tyrobp	uck1	uck2a	uck2b	uckl1a	uckl1b	uhmk1	ulk1a	ulk1b	ulk2	ulk3	ulk4	unm_sa1261	vegfaa	vrk1	vrk2	vrk3	wee1	wee2	wnk1a	wnk1b	wnk2	wnk3	wnk4a	wnk4b	wu:fi36a10	xylb	yes1	yrk	zap70	zgc:110540	zgc:136858	zgc:158263	zgc:158659	zgc:172076	zgc:172295	zgc:86598	zgc:86811	zmp:0000000881	zmynd8"
transmembrane transport	GO:0055085	"abca12	abca1a	abca1b	abca2	abca3b	abca4b	abca5	abca7	abcb10	abcb11a	abcb11b	abcb4	abcb5	abcb6a	abcb6b	abcb7	abcb8	abcb9	abcc1	abcc10	abcc12	abcc13	abcc2	abcc3	abcc4	abcc5	abcc6a	abcc6b.2	abcc8	abcc8b	abcc9	abcd1	abcd2	abcd3a	abcd3b	abcd4	abcg1	abcg2b	abcg4a	abcg4b	abcg5	abch1	aqp10a	aqp10b	aqp11	aqp12	aqp1a.1	aqp1a.2	aqp3a	aqp3b	aqp4	aqp7	aqp8a.1	aqp8a.2	aqp8b	aqp9a	aqp9b	atp13a1	atpv0e2	cacna1aa	cacna1ab	cacna1ba	cacna1bb	cacna1c	cacna1da	cacna1db	cacna1eb	cacna1fb	cacna1g	cacna1ha	cacna1ia	cacna1sa	cacna1sb	cax1	cax2	cftr	clcn1a	clcn1b	clcn2a	clcn2b	clcn2c	clcn3	clcn4	clcn5a	clcn5b	clcn6	clcn7	clcnk	cnga1a	cnga1b	cnga2a	cnga2b	cnga3a	cnga4	flvcr1	flvcr2a	flvcr2b	gpr155a	gpr155b	hcn2b	hcn3	hcn4	hcn4l	hvcn1	itpr1a	itpr1b	itpr2	itpr3	kcna1a	kcna1b	kcna2a	kcna2b	kcna4	kcna6a	kcnab1a	kcnab1b	kcnab2a	kcnab2b	kcnb1	kcnb2a	kcnb2b	kcnc1a	kcnc1b	kcnc2	kcnc3a	kcnc3b	kcnc4	kcnd1	kcnd2	kcnd3	kcnf1a	kcnf1b	kcng1	kcng2	kcng3	kcng4a	kcng4b	kcnh1a	kcnh1b	kcnh2a	kcnh2b	kcnh4a	kcnh4b	kcnh5a	kcnh5b	kcnh6a	kcnh7	kcnh8	kcnma1a	kcnma1b	kcnq1.1	kcnq1.2	kcnq2a	kcnq3	kcnq5a	kcnq5b	kcns3a	kcns3b	kcnv1	kcnv2a	kcnv2b	mfsd1	mfsd10	mfsd14a1	mfsd14a2	mfsd14ba	mfsd14bb	mfsd2aa	mfsd2ab	mfsd2b	mfsd3	mfsd4aa	mfsd4ab	mfsd4b	mfsd8	mfsd8l1	mfsd8l2	mfsd9	mipa	mipb	nalcn	oatx	oca2	ryr1a	ryr1b	ryr2a	ryr2b	ryr3	scn12aa	scn1laa	scn1lab	scn4aa	scn4ab	scn5lab	scn8aa	scn8ab	sfxn1	sfxn2	sfxn3	sfxn4	sfxn5a	sfxn5b	si:cabz01083442.1	si:ch211-221f10.2	si:ch73-193i2.2	si:ch73-334d15.4	si:ch73-352p4.8	si:dkey-106n21.1	si:dkey-119m7.4	si:dkey-150i13.2	si:dkey-162b23.4	si:dkey-166k12.1	si:dkey-246g23.4	si:dkey-251i10.1	si:dkey-43k4.5	si:dkey-5g14.1	si:dkey-71l1.1	si:dkeyp-120h9.1	si:rp71-39b20.4	slc12a1	slc12a10.1	slc12a10.2	slc12a10.3	slc12a2	slc12a2l	slc12a3	slc12a4	slc12a5a	slc12a5b	slc12a7a	slc12a7b	slc12a8	slc12a9	slc13a1	slc13a2	slc13a3	slc13a4	slc13a5a	slc13a5b	slc15a1a	slc15a1b	slc15a2	slc15a4	slc15a5	slc16a10	slc16a12a	slc16a12b	slc16a13	slc16a1a	slc16a1b	slc16a2	slc16a3a	slc16a3b	slc16a4	slc16a5a	slc16a5b	slc16a6a	slc16a6b	slc16a7	slc16a8	slc16a9a	slc16a9b	slc17a5	slc17a6a	slc17a6b	slc17a7a	slc17a7b	slc17a8	slc17a9a	slc17a9b	slc18a2	slc18a3a	slc18a3b	slc18b1	slc19a2	slc19a3a	slc22a13a	slc22a13b	slc22a15	slc22a16	slc22a18	slc22a2	slc22a21	slc22a23	slc22a3	slc22a31	slc22a4	slc22a5	slc22a6l	slc22a7a	slc22a7b.1	slc22a7b.2	slc22a7b.3	slc23a1	slc23a2	slc23a3	slc23a4	slc24a1	slc24a2	slc24a3	slc24a4a	slc24a4b	slc24a5	slc24a6a	slc25a10a	slc25a10b	slc25a12	slc25a14	slc25a16	slc25a17	slc25a18	slc25a19	slc25a1b	slc25a21	slc25a22a	slc25a22b	slc25a23a	slc25a23b	slc25a24	slc25a24l	slc25a25a	slc25a25b	slc25a29	slc25a32a	slc25a32b	slc25a33	slc25a36a	slc25a36b	slc25a37	slc25a38a	slc25a38b	slc25a39	slc25a4	slc25a40	slc25a42	slc25a43	slc25a44a	slc25a44b	slc25a47a	slc25a47b	slc25a48	slc25a5	slc25a55a	slc25a55b	slc25a6	slc26a1	slc26a10	slc26a11	slc26a2	slc26a3.1	slc26a3.2	slc26a4	slc26a5	slc26a6	slc26a6l1	slc26a6l2	slc2a10	slc2a11a	slc2a11b	slc2a11l	slc2a12	slc2a13b	slc2a15a	slc2a15b	slc2a1a	slc2a1b	slc2a2	slc2a3a	slc2a3b	slc2a6	slc2a8	slc2a9l1	slc2a9l2	slc30a10	slc30a1a	slc30a1b	slc30a2	slc30a4	slc30a5	slc30a6	slc30a7	slc30a8	slc30a9	slc35a3a	slc35a3b	slc35a4	slc35a5	slc35b1	slc35b2	slc35b3	slc35b4	slc35e1	slc35e3	slc35e4	slc35f1	slc35f2	slc35f2l	slc35f4	slc35f6	slc37a1	slc37a2	slc37a3	slc37a4a	slc39a1	slc39a10	slc39a11	slc39a13	slc39a14	slc39a3	slc39a4	slc39a5	slc39a6	slc39a7	slc39a8	slc39a9	slc43a1a	slc43a1b	slc43a2b	slc43a3a	slc43a3b	slc44a1a	slc44a1b	slc44a2	slc44a4	slc44a5a	slc44a5b	slc45a1	slc45a3	slc45a4b	slc46a1	slc46a3	slc47a1	slc47a2.1	slc47a2.2	slc47a3	slc47a4	slc47a5	slc49a3	slc49a4	slc4a1a	slc4a1b	slc4a2b	slc4a3	slc4a8	slc5a1	slc5a10	slc5a11	slc5a12	slc5a2	slc5a3a	slc5a3b	slc5a5	slc5a6a	slc5a6b	slc5a7a	slc5a8	slc5a8l	slc5a9	slc7a10a	slc7a10b	slc7a11	slc7a14a	slc7a14b	slc7a1a	slc7a2	slc7a3a	slc7a3b	slc7a4	slc7a5	slc7a6	slc7a7	slc7a8a	slc7a8b	slc7a9	slc8a1a	slc8a1b	slc8a2a	slc8a2b	slc8a3	slc8a4a	slc8a4b	slc8b1	slc9a1a	slc9a1b	slc9a2	slc9a3.1	slc9a3.2	slc9a5	slc9a6a	slc9a6b	slc9a7	slc9a8	slco1c1	slco1d1	slco1e1	slco1f1	slco1f2	slco1f3	slco1f4	slco2a1	slco2b1	slco3a1a	slco3a1b	slco4a1	spns1	spns2	spns3	sv2	sv2a	sv2ba	sv2bb	sv2ca	sv2cb	svopa	svopb	svopl	tap1	tap2a	tap2t	tmco3	tmem163b	tmem266	tomm40	tomm40l	tpcn1	tpcn2	tpcn3	tpte	trpa1a	trpa1b	trpc1	trpc2a	trpc2b	trpc3	trpc4a	trpc4b	trpc5a	trpc6a	trpc6b	trpc7a	trpc7b	trpm1a	trpm2	trpm3	trpm4a	trpm4b.1	trpm4b.2	trpm4b3	trpm5	trpm6	trpm7	trpn1	trpv1	trpv4	trpv6	ucp1	ucp2	ucp3	vdac1	vdac2	vdac3	wu:fb13g09	zgc:114041	zgc:153039	zgc:165507	zgc:174356	zgc:175280	zgc:56235	zgc:63569	zgc:77158	zmp:0000001267"
potassium ion transmembrane transport	GO:0071805	"abcb8	hcn1	hcn3	kcna1a	kcna1b	kcna2a	kcna2b	kcna4	kcna6a	kcnb1	kcnb2a	kcnb2b	kcnc1a	kcnc1b	kcnc2	kcnc3a	kcnc3b	kcnc4	kcnd1	kcnd2	kcnd3	kcnf1a	kcnf1b	kcng1	kcng2	kcng3	kcng4a	kcng4b	kcnh1a	kcnh1b	kcnh2a	kcnh2b	kcnh4a	kcnh4b	kcnh5a	kcnh5b	kcnh6a	kcnh7	kcnh8	kcnk10a	kcnk10b	kcnk12	kcnk13a	kcnk13b	kcnk15	kcnk17	kcnk18	kcnk1a	kcnk1b	kcnk2a	kcnk2b	kcnk3a	kcnk3b	kcnk4a	kcnk5a	kcnk5b	kcnk6	kcnk9	kcnma1a	kcnma1b	kcnn3	kcnn4	kcnq2a	kcnq5b	kcns3a	kcns3b	kcnt1a	kcnt1b	kcnt2a	kcnt2b	kcnv1	kcnv2a	kcnv2b	pkd2	si:ch211-261a10.5	si:ch73-334d15.4	si:dkey-43k4.5	si:rp71-39b20.4	slc9a1b	slc9a2	slc9a3.1	slc9a3.2	slc9a5	slc9a6b	slc9a7	slc9a8	tmco3	tmem175	tmem38a	tmem38b"
monoatomic ion transmembrane transport	GO:0034220	"abcc4	asic1a	asic1b	asic1c	asic2	asic4a	asic4b	atp6v1f	best1	cacna1aa	cacna1ab	cacna1ba	cacna1bb	cacna1c	cacna1da	cacna1db	cacna1eb	cacna1fb	cacna1g	cacna1ha	cacna1sa	cacna1sb	cacna2d1a	cacna2d2a	cacna2d2b	cacna2d3	cacna2d3a	cacna2d4b	cacnb1	cacnb2a	cacnb3a	cacng1a	cacng1b	cacng2a	cacng2b	cacng3b	cacng4a	cacng4b	cacng5a	cacng7a	cacng7b	cacng8a	cacng8b	calhm5.1	cftr	chrna1	chrna10a	chrna11	chrna2a	chrna2b	chrna3	chrna4b	chrna5	chrna6	chrna7a	chrna7b	chrna8	chrna9a	chrnb1	chrnb1l	chrnb2	chrnb3a	chrnb3b	chrnb4	chrnb5a	chrnb5b	chrnd	chrne	chrng	clcc1	clcn1a	clcn1b	clcn2a	clcn2b	clcn2c	clcnk	clic1	clic2	clic3	clic4	clic5a	clic5b	cnga1a	cnga1b	cnga2a	cnga2b	cnga3a	cnga4	cngb1a	cngb3.1	cybb	gabra1	gabra2a	gabra3	gabra4	gabra5	gabra6a	gabra6b	gabrb1	gabrb2a	gabrb2b	gabrb3	gabrb4	gabrd	gabrg1	gabrg2	gabrp	gabrr1	gabrr2a	gabrr2b	gabrr3a	gabrz	glra1	glra2	glra3	glra4a	glra4b	glrba	glrbb	gria1a	gria1b	gria2a	gria2b	gria3a	gria3b	gria4a	gria4b	grid1a	grid1b	grid2	grik1a	grik1b	grik2	grik3	grik4	grik5	grin1a	grin1b	grin2aa	grin2ab	grin2ba	grin2bb	grin2ca	grin2cb	grin2da	grin3a	grin3ba	grin3bb	hcn2b	hcn3	hcn4	hcn4l	htr3a	hvcn1	itpr1a	itpr1b	itpr2	itpr3	kcna1a	kcna1b	kcna2a	kcna2b	kcna4	kcna6a	kcna7	kcnab1a	kcnab1b	kcnab2a	kcnab2b	kcnb1	kcnb2a	kcnb2b	kcnc1a	kcnc1b	kcnc2	kcnc3a	kcnc3b	kcnc4	kcnd1	kcnd2	kcnd3	kcnf1a	kcnf1b	kcng1	kcng2	kcng3	kcng4a	kcng4b	kcnh1a	kcnh1b	kcnh2a	kcnh2b	kcnh4a	kcnh4b	kcnh5a	kcnh5b	kcnh6a	kcnh7	kcnh8	kcnj10a	kcnj11	kcnj11l	kcnj12a	kcnj12b	kcnj13	kcnj14	kcnj15	kcnj16a	kcnj19a	kcnj19b	kcnj1a.1	kcnj1a.2	kcnj1a.3	kcnj1a.4	kcnj1a.5	kcnj1a.6	kcnj1b	kcnj20	kcnj21	kcnj2a	kcnj2b	kcnj3a	kcnj3b	kcnj5	kcnj6	kcnj8	kcnk10a	kcnk10b	kcnk12	kcnk13a	kcnk13b	kcnk15	kcnk17	kcnk18	kcnk1a	kcnk1b	kcnk2a	kcnk2b	kcnk3a	kcnk3b	kcnk4a	kcnk5a	kcnk5b	kcnk6	kcnk9	kcnma1a	kcnma1b	kcnmb2a	kcnmb3	kcnn1a	kcnn1b	kcnn2	kcnn3	kcnn4	kcns3a	kcns3b	kcnt1a	kcnt1b	kcnt2a	kcnt2b	kcnv1	kcnv2a	kcnv2b	kctd10	kctd12.1	kctd12.2	kctd12b	kctd16a	kctd16b	kctd8	kctd9b	lrrc8aa	lrrc8ab	lrrc8da	lrrc8db	mcoln1a	mcoln1b	mcoln2	mcoln3a	mcoln3b	mcu	orai1b	otop1	p2rx1	p2rx2	p2rx3a	p2rx3b	p2rx4a	p2rx4b	p2rx5	p2rx7	p2rx8	pacc1	panx1b	panx2	panx3	piezo1	pkd2	pkd2l1	ryr1a	ryr1b	ryr2a	ryr2b	ryr3	s100p	sclt1	scn12aa	scn1ba	scn1bb	scn1laa	scn1lab	scn2b	scn3b	scn4aa	scn4ab	scn4ba	scn4bb	scn5lab	scn8aa	scn8ab	si:ch211-106h11.1	si:ch211-225p5.8	si:ch211-251b21.1	si:ch211-261a10.5	si:ch73-334d15.4	si:ch73-390b10.2	si:dkey-183j2.10	si:dkey-43k4.5	si:rp71-39b20.4	si:zfos-323e3.4	slc17a6a	slc17a6b	slc17a7a	slc17a7b	slc17a8	sting1	tmc1	tmc2a	tmco1	tmem120aa	tmem175	tmem38a	tmem38b	tmem63c	tpcn2	trpa1a	trpa1b	trpm1a	trpm1b	trpm2	trpm3	trpm4a	trpm4b.1	trpm4b.2	trpm4b3	trpm5	trpm6	trpm7	trpv1	trpv4	trpv6	ttyh1	ttyh2	ttyh2l	ttyh3a	ttyh3b	ucp1"
protein homooligomerization	GO:0051260	"atl1	atl2	atl3	jmjd6	kcna1a	kcna1b	kcna2a	kcna2b	kcna4	kcna6a	kcna7	kcnb1	kcnb2a	kcnb2b	kcnc1a	kcnc1b	kcnc2	kcnc3a	kcnc3b	kcnc4	kcnd1	kcnd2	kcnd3	kcnf1a	kcnf1b	kcng1	kcng2	kcng3	kcng4a	kcng4b	kcns3a	kcns3b	kcnv1	kcnv2a	kcnv2b	kctd1	kctd10	kctd12.1	kctd12.2	kctd12b	kctd13	kctd14	kctd15a	kctd15b	kctd16a	kctd16b	kctd17	kctd2	kctd3	kctd4	kctd5a	kctd6a	kctd6b	kctd7	kctd8	kctd9a	kctd9b	letm1	prmt8b	prnpb	prnprs3	rbmx	shkbp1	si:ch73-334d15.4	si:dkey-43k4.5	si:rp71-39b20.4	spast	sprn2	tnfaip1	zgc:158270"
potassium ion transport	GO:0006813	"abcb8	abcc8	abcc8b	abcc9	atp1a1a.1	atp1a1a.2	atp1a1a.3	atp1a1a.4	atp1a1a.5	atp1a1b	atp1a2a	atp1a3a	atp1a3b	atp1b1a	atp1b1b	atp1b2a	atp1b2b	atp1b3a	atp1b3b	atp1b4	hcn2b	hcn3	hcn4	hcn4l	kcna1a	kcna1b	kcna2a	kcna2b	kcna4	kcna6a	kcna7	kcnab1a	kcnab1b	kcnab2a	kcnab2b	kcnb1	kcnb2a	kcnb2b	kcnc1a	kcnc1b	kcnc2	kcnc3a	kcnc3b	kcnc4	kcnd1	kcnd2	kcnd3	kcnf1a	kcnf1b	kcng1	kcng2	kcng3	kcng4a	kcng4b	kcnh1a	kcnh1b	kcnh2a	kcnh2b	kcnh3	kcnh4a	kcnh4b	kcnh5a	kcnh5b	kcnh6a	kcnh7	kcnh8	kcnj10a	kcnj11	kcnj11l	kcnj12a	kcnj12b	kcnj13	kcnj14	kcnj15	kcnj16a	kcnj19a	kcnj19b	kcnj1a.1	kcnj1a.2	kcnj1a.3	kcnj1a.4	kcnj1a.5	kcnj1a.6	kcnj1b	kcnj20	kcnj21	kcnj2a	kcnj2b	kcnj3a	kcnj3b	kcnj5	kcnj6	kcnj8	kcnk15	kcnk18	kcnk1a	kcnk1b	kcnk3a	kcnk3b	kcnk5a	kcnk5b	kcnk6	kcnk9	kcnma1a	kcnma1b	kcnmb2a	kcnmb3	kcnn1a	kcnn1b	kcnn2	kcnn3	kcnn4	kcnq1.1	kcnq1.2	kcnq2a	kcnq3	kcnq5a	kcnq5b	kcns3a	kcns3b	kcnt1a	kcnt1b	kcnt2a	kcnt2b	kcnv1	kcnv2a	kcnv2b	letm1	pkd2	s100p	si:ch73-334d15.4	si:dkey-43k4.5	si:rp71-39b20.4	slc12a2	slc12a4	slc12a5a	slc12a5b	slc12a7a	slc12a7b	slc24a5	tmem175	tmem38a	tmem38b"
monoatomic ion transport	GO:0006811	"abcb8	abcc4	asic1a	asic1b	asic1c	asic2	asic4a	asic4b	atox1	atp1a1a.1	atp1a1a.2	atp1a1a.3	atp1a1a.4	atp1a1a.5	atp1a1b	atp1a2a	atp1a3a	atp1a3b	atp1b1a	atp1b1b	atp1b2a	atp1b2b	atp1b3a	atp1b3b	atp1b4	atp2a1	atp2a1l	atp2a2a	atp2a2b	atp2a3	atp2b1a	atp2b1b	atp2b2	atp2b3a	atp2b3b	atp2c1	atp5f1b	atp5f1c	atp5f1d	atp5f1e	atp5fa1	atp5l	atp5mc1	atp5mc3a	atp5mc3b	atp5mea	atp5meb	atp5mf	atp5pb	atp5pd	atp5pf	atp5po	atp6v0a1a	atp6v0a1b	atp6v0a2a	atp6v0a2b	atp6v0b	atp6v0ca	atp6v0cb	atp6v0d1	atp6v0e1	atp6v1aa	atp6v1ab	atp6v1b2	atp6v1ba	atp6v1c1a	atp6v1c1b	atp6v1c2	atp6v1d	atp6v1e1a	atp6v1e1b	atp6v1f	atp6v1g1	atp6v1h	atp7a	atp7b	atpv0e2	best1	cacna1aa	cacna1ab	cacna1ba	cacna1bb	cacna1c	cacna1da	cacna1db	cacna1eb	cacna1fb	cacna1g	cacna1ha	cacna1ia	cacna1sa	cacna1sb	cacna2d1a	cacna2d2a	cacna2d2b	cacna2d3	cacna2d3a	cacna2d4b	cacnb1	cacnb2a	cacnb3a	cacng1a	cacng1b	cacng2a	cacng2b	cacng3b	cacng4a	cacng4b	cacng5a	cacng7a	cacng7b	cacng8a	cacng8b	calhm1a	calhm2.1	calhm2.2	calhm3	calhm5.1	calhm6	cax1	cax2	cftr	chrna1	chrna10a	chrna11	chrna2a	chrna2b	chrna3	chrna4b	chrna5	chrna6	chrna7a	chrna7b	chrna8	chrna9a	chrnb1	chrnb1l	chrnb2	chrnb3a	chrnb3b	chrnb4	chrnb5a	chrnb5b	chrnd	chrne	chrng	clcc1	clcn1a	clcn1b	clcn2a	clcn2b	clcn2c	clcn3	clcn4	clcn5a	clcn5b	clcn6	clcn7	clcnk	clic1	clic2	clic3	clic4	clic5a	clic5b	cnga1a	cnga1b	cnga2a	cnga2b	cnga3a	cnga4	cngb1a	cngb3.1	cp	cybb	fxn	fxyd11	fxyd2	fxyd3	fxyd5	fxyd6	fxyd6l	fxyd7	gabra1	gabra2a	gabra3	gabra4	gabra5	gabra6a	gabra6b	gabrb1	gabrb2a	gabrb2b	gabrb3	gabrb4	gabrd	gabrg1	gabrg2	gabrp	gabrr1	gabrr2a	gabrr2b	gabrr3a	gabrz	glra1	glra2	glra3	glra4a	glra4b	glrba	glrbb	gria1a	gria1b	gria2a	gria2b	gria3a	gria3b	gria4a	gria4b	grid1a	grid1b	grid2	grik1a	grik1b	grik2	grik3	grik4	grik5	grin1a	grin1b	grin2aa	grin2ab	grin2ba	grin2bb	grin2ca	grin2cb	grin2da	grin3a	grin3ba	grin3bb	hcn2b	hcn3	hcn4	hcn4l	htr3a	hvcn1	itpr1a	itpr1b	itpr2	itpr3	kcna1a	kcna1b	kcna2a	kcna2b	kcna4	kcna6a	kcna7	kcnab1a	kcnab1b	kcnab2a	kcnab2b	kcnb1	kcnb2a	kcnb2b	kcnc1a	kcnc1b	kcnc2	kcnc3a	kcnc3b	kcnc4	kcnd1	kcnd2	kcnd3	kcne4	kcnel	kcnf1a	kcnf1b	kcng1	kcng2	kcng3	kcng4a	kcng4b	kcnh1a	kcnh1b	kcnh2a	kcnh2b	kcnh4a	kcnh4b	kcnh5a	kcnh5b	kcnh6a	kcnh7	kcnh8	kcnj10a	kcnj11	kcnj11l	kcnj12a	kcnj12b	kcnj13	kcnj14	kcnj15	kcnj16a	kcnj19a	kcnj19b	kcnj1a.1	kcnj1a.2	kcnj1a.3	kcnj1a.4	kcnj1a.5	kcnj1a.6	kcnj1b	kcnj20	kcnj21	kcnj2a	kcnj2b	kcnj3a	kcnj3b	kcnj5	kcnj6	kcnj8	kcnk10a	kcnk10b	kcnk12	kcnk13a	kcnk13b	kcnk15	kcnk17	kcnk18	kcnk1a	kcnk1b	kcnk2a	kcnk2b	kcnk3a	kcnk3b	kcnk4a	kcnk5a	kcnk5b	kcnk6	kcnk9	kcnma1a	kcnma1b	kcnmb2a	kcnmb3	kcnn1a	kcnn1b	kcnn2	kcnn3	kcnn4	kcnq1.1	kcnq1.2	kcnq2a	kcnq3	kcnq5a	kcnq5b	kcns3a	kcns3b	kcnt1a	kcnt1b	kcnt2a	kcnt2b	kcnv1	kcnv2a	kcnv2b	kctd10	kctd12.1	kctd12.2	kctd12b	kctd16a	kctd16b	kctd8	kctd9b	lasp1	letm1	lrrc8aa	lrrc8ab	lrrc8da	lrrc8db	mcoln1a	mcoln1b	mcoln2	mcoln3a	mcoln3b	mcu	meltf	mfsd4b	mfsd5	micu1	mrs2	mt-atp6	mt-atp8	nalcn	orai1b	otop1	p2rx1	p2rx2	p2rx3a	p2rx3b	p2rx4a	p2rx4b	p2rx5	p2rx7	p2rx8	pacc1	panx1b	panx2	panx3	piezo1	pkd2	pkd2l1	ryr1a	ryr1b	ryr2a	ryr2b	ryr3	s100p	saraf	scara5	sclt1	scn12aa	scn1ba	scn1bb	scn1laa	scn1lab	scn2b	scn3b	scn4aa	scn4ab	scn4ba	scn4bb	scn5lab	scn8aa	scn8ab	selenok	sfxn1	sfxn2	sfxn3	sfxn4	sfxn5a	sfxn5b	si:cabz01102082.1	si:ch211-106h11.1	si:ch211-225p5.8	si:ch211-251b21.1	si:ch211-261a10.5	si:ch73-173p19.2	si:ch73-193i2.2	si:ch73-334d15.4	si:ch73-390b10.2	si:dkey-183j2.10	si:dkey-21c1.4	si:dkey-28b4.8	si:dkey-43k4.5	si:dkeyp-122a9.1	si:dkeyp-122a9.2	si:rp71-39b20.4	si:zfos-323e3.4	slc10a7	slc11a2	slc12a1	slc12a10.1	slc12a10.2	slc12a10.3	slc12a2	slc12a2l	slc12a3	slc12a4	slc12a5a	slc12a5b	slc12a6	slc12a7a	slc12a7b	slc12a8	slc12a9	slc13a1	slc13a2	slc13a3	slc13a4	slc13a5a	slc13a5b	slc17a6a	slc17a6b	slc17a7a	slc17a7b	slc17a8	slc20a2	slc24a1	slc24a2	slc24a3	slc24a4a	slc24a4b	slc24a5	slc24a6a	slc25a28	slc25a37	slc26a1	slc30a5	slc30a6	slc30a7	slc30a8	slc30a9	slc31a1	slc31a2	slc38a11	slc38a2	slc38a6	slc38a7	slc39a1	slc39a10	slc39a13	slc39a14	slc39a4	slc39a7	slc39a9	slc40a1	slc41a1	slc41a2a	slc41a2b	slc41a3	slc4a10a	slc4a10b	slc4a11	slc4a1a	slc4a1b	slc4a2a	slc4a2b	slc4a3	slc4a4a	slc4a4b	slc4a5a	slc4a5b	slc4a7	slc4a8	slc5a12	slc5a5	slc5a6a	slc5a6b	slc5a7a	slc5a8	slc5a8l	slc5a9	slc6a8	slc8a1a	slc8a1b	slc8a2a	slc8a2b	slc8a3	slc8a4a	slc8a4b	slc8b1	slc9a1a	slc9a1b	slc9a2	slc9a3.1	slc9a3.2	slc9a5	slc9a6a	slc9a6b	slc9a7	slc9a8	slco1c1	slco1d1	slco1e1	slco1f1	slco1f2	slco1f3	slco1f4	slco2b1	slco3a1a	slco3a1b	slco4a1	smdt1b	steap2	steap3	steap4	stim1b	stim2a	stim2b	sting1	sxph	tcirg1a	tcirg1b	tcn2	tfa	tmc1	tmc2a	tmco1	tmco3	tmem120aa	tmem175	tmem266	tmem38a	tmem38b	tmem63c	tpcn1	tpcn2	tpcn3	tpte	trpa1a	trpa1b	trpc1	trpc2a	trpc2b	trpc3	trpc4a	trpc4b	trpc5a	trpc6a	trpc6b	trpc7a	trpc7b	trpm1a	trpm1b	trpm2	trpm3	trpm4a	trpm4b.1	trpm4b.2	trpm4b3	trpm5	trpm6	trpm7	trpn1	trpv1	trpv4	trpv6	ttyh1	ttyh2	ttyh2l	ttyh3a	ttyh3b	ucp1	vdac1	vdac2	vdac3	zgc:153039	zgc:56235"
action potential	GO:0001508	"gna14	gna14a	gna15.1	gna15.4	kcna1a	kcna1b	kcna2a	kcna2b	kcna4	kcna6a	kcnb1	kcnb2a	kcnc1a	kcnc1b	kcnc2	kcnc4	kcnd1	kcnd2	kcnd3	kcnf1a	kcng1	kcng2	kcng3	kcng4a	kcng4b	kcnq1.1	kcnq2a	kcns3a	kcns3b	kcnv2a	kcnv2b	si:dkey-43k4.5	si:rp71-39b20.4	tpcn3"
pancreas regeneration	GO:1990798	"adamts9	alms1	c2cd4a	camk1da	cdkal1	fhl1b	fitm2	gck	gckr	glis3	hnf1ba	hnf4a	ide	klhl42	notch2	pax4	pepd	srebf1	thada	wfs1b"
regulation of DNA-templated transcription	GO:0006355	"actr5	actr8	aebp1a	aebp1b	ago2	ahr1a	ahr1b	ahr2	ahrra	ahrrb	ajuba	alx1	alx3	alx4a	ar	arid2	arnt	arnt2	arxa	arxb	ascc1	ascc2	ash1l	asxl1	asxl2	atf1	atf2	atf3	atf4a	atf4b	atf5a	atf5b	atf6	atf6b	atf7a	atf7b	atf7ip	atf7ip2	atoh7	atp1b4	atxn1a	atxn1b	atxn1l	bach1a	bach1b	bach2a	bach2b	barhl1a	barhl1b	barhl2	barx1	barx2	batf	batf2	batf3	bcor	bhlhe40	bhlhe41	bmal1a	bmal1b	bmal2	bnc2	brca2	brd2a	brd3a	brd4	brdt	bsx	carm1	casz1	ccar1	ccar2	cdca7a	cdca7b	cdx1a	cdx1b	cdx4	cebp1	cebpa	cebpb	cebpd	cebpg	ches1	chico	ciita	cited1	cited2	cited4a	cited4b	clocka	clockb	cnot2	cnot3a	cnot3b	creb1a	creb1b	creb3l1	creb3l2	creb3l3a	creb3l3b	creb3l3l	creb3l4	creb5a	creb5b	crebbpa	crebbpb	crebl2	crebrf	crebzf	crema	cremb	crx	ctcf	ctr9	cux1a	cux2a	cux2b	dbpa	dbpb	dbx1a	dbx1b	dbx2	ddit3	dharma	dlx1a	dlx2a	dlx2b	dlx3b	dlx4a	dlx4b	dlx5a	dlx6a	dmbx1a	dmbx1b	dmbx2	dmrt1	dmrt2a	dmrt2b	dmrt3a	dmrt3b	dmrta2	dpf3	drgx	e2f1	e2f2	e2f3	e2f4	e2f5	e2f6	e2f7	e2f8	ebf1a	ebf1b	ebf2	ebf3a	ebf3b	ehf	elf1	elf2a	elf2b	elf3	elk1	elk3	elk4	emsy	emx1	emx2	emx3	en1a	en1b	en2a	en2b	eomesa	eomesb	ep300a	ep300b	epas1a	epas1b	erf	erfl1	erfl3	erg	esr1	esr2a	esr2b	esrra	esrrb	esrrd	esrrga	esrrgb	ets2	etsrp	etv1	etv4	etv5a	etv5b	etv6	etv7	eve1	evx1	evx2	ewsr1a	ewsr1b	fev	fli1	fli1rs	fosaa	fosab	fosb	fosl1a	fosl1b	fosl2	fosl2l	foxa	foxa1	foxa2	foxa3	foxb1a	foxb1b	foxc1a	foxc1b	foxd1	foxd2	foxd3	foxd5	foxd7	foxe1	foxe3	foxf1	foxf2a	foxf2b	foxg1a	foxg1b	foxg1c	foxg1d	foxh1	foxi1	foxi2	foxi3a	foxi3b	foxj1a	foxj1b	foxj2	foxj3	foxk1	foxk2a	foxk2b	foxl1	foxl2a	foxl2b	foxl2l	foxl3	foxm1	foxn1	foxn2a	foxn2b	foxn3	foxn4	foxo1a	foxo1b	foxo3a	foxo3b	foxo4	foxo6a	foxo6b	foxp1a	foxp1b	foxp2	foxp3a	foxp3b	foxp4	foxq1a	foxq1b	foxq2	foxr1	fubp1	fubp3	fus	gabpa	gata1a	gata1b	gata2a	gata2b	gata3	gata4	gata5	gata6	gatad1	gatad2ab	gatad2b	gbx1	gbx2	gcm2	gfi1ab	gli1	gli3	gon4lb	gpbp1l1	grid2ipa	gsc	gsx1	gsx2	gtf2h3	hbp1	hcfc1a	hcfc1b	hcfc2	helt	helz	her1	her12	her13	her2	her3	her4.1	her4.2	her4.3	her5	her6	her7	her8.2	her8a	her9	hes6	hesx1	hey1	hey2	heyl	hhex	hif1aa	hif1ab	hif1al	hif1al2	hira	hlfa	hlfb	hlx1	hmga1a	hmga1b	hmga2	hmx1	hmx2	hmx3a	hmx3b	hmx4	hnf4a	hnf4b	hnf4g	hoxa10b	hoxa11a	hoxa11b	hoxa13a	hoxa13b	hoxa1a	hoxa2b	hoxa3a	hoxa4a	hoxa5a	hoxa9a	hoxa9b	hoxb10a	hoxb13a	hoxb1a	hoxb1b	hoxb2a	hoxb3a	hoxb4a	hoxb5a	hoxb5b	hoxb6a	hoxb6b	hoxb7a	hoxb8a	hoxb8b	hoxb9a	hoxc10a	hoxc11a	hoxc11b	hoxc12a	hoxc12b	hoxc13a	hoxc13b	hoxc1a	hoxc3a	hoxc4a	hoxc5a	hoxc6a	hoxc6b	hoxc8a	hoxc9a	hoxd10a	hoxd11a	hoxd12a	hoxd13a	hoxd3a	hoxd4a	hoxd9a	hsf1	hsf2	hsf4	hsf5	ifih1	ing4	ing5a	ing5b	irf10	irf1a	irf1b	irf2a	irf2b	irf3	irf4a	irf4b	irf4l	irf5	irf6	irf7	irf8	irf9	irx1a	irx1b	irx2a	irx3a	irx3b	irx4a	irx4b	irx5a	irx5b	irx6a	irx7	isl1a	isl1b	isl2a	isl2b	itgb3bp	jdp2a	jdp2b	jun	junba	junbb	jund	june	kat2a	kat2b	kat5a	kat5b	kat6a	kat6b	kat7b	kat8	kdm1a	kdm5a	kdm5ba	kdm5bb	kdm5c	khsrp	kmt2a	kmt2cb	l3mbtl1b	l3mbtl2	l3mbtl3	l3mbtl4	lbh	lbx1a	lbx1b	lbx2	lhx1a	lhx1b	lhx2a	lhx2b	lhx3	lhx4	lhx5	lhx6a	lhx6b	lhx8a	lhx9	lin52	lin54	lmx1a	lmx1al	lmx1ba	lmx1bb	lrif1	lrrfip1a	lrrfip1b	lrrfip2	mafa	mafaa	mafb	mafba	mafbb	maff	mafga	mafgb	mafk	magl	mavs	mbtd1	med15	med31	meis1a	meis1b	meis2a	meis2b	meis3	meox1	meox2a	meox2b	mgaa	mitfa	mitfb	mkxa	mkxb	mlf1	mlf2	mllt1a	mllt1b	mllt3	mn1a	mn1b	mnx1	mnx2a	mnx2b	morf4l1	mrgbp	msx1a	msx1b	msx2a	msx2b	msx3	mta1	mta2	mta3	mterf2	mterf3	mterf4	myb	mybbp1a	mybl1	myca	mycb	mycbp	mych	mycla	myclb	mycn	myf5	myf6	mynn	myod1	myog	myrf	myt1a	myt1b	myt1la	myt1lb	nab1a	nab1b	nab2	nanog	ncoa1	ncoa2	ncoa3	nelfe	neurod1	neurod2	neurod4	neurod6a	nfat5a	nfat5b	nfatc1	nfatc2a	nfatc2b	nfatc3a	nfatc3b	nfatc4	nfe2	nfe2l1a	nfe2l1b	nfe2l2a	nfe2l2b	nfe2l3	nfia	nfic	nfil3	nfil3-2	nfil3-3	nfil3-4	nfil3-5	nfil3-6	nfixa	nfixb	nfkb1	nfkb2	nfxl1	nfya	nfyal	nfyba	nfybb	nkx1.2la	nkx1.2lb	nkx2.1	nkx2.2a	nkx2.2b	nkx2.3	nkx2.4a	nkx2.4b	nkx2.5	nkx2.7	nkx2.9	nkx3-1	nkx3-2	nkx3.3	nkx6.1	nkx6.2	nkx6.3	nod2	nono	notch1a	notch1b	notch2	notch3	noto	npas1	npas2	npas4l	nr1d1	nr1d2a	nr1d2b	nr1d4a	nr1d4b	nr1h3	nr1h4	nr1h5	nr1i2	nr2c1	nr2c2	nr2e1	nr2e3	nr2f1a	nr2f1b	nr2f2	nr2f5	nr2f6a	nr2f6b	nr3c1	nr3c2	nr4a1	nr4a2a	nr4a2b	nr4a3	nr5a1a	nr5a1b	nr5a2	nr5a5	nr6a1a	nr6a1b	nrl	nsd1a	nsd1b	nsd2	olig2	otpa	otpb	otx1	otx2a	otx2b	otx5	pax10	pax1a	pax1b	pax2a	pax2b	pax3a	pax3b	pax4	pax5	pax6a	pax6b	pax7a	pax7b	pax8	pax9	pbx1a	pbx1b	pbx2	pbx3a	pbx3b	pbx4	pde8a	pde8b	pdx1	perm1b	pgr	phf20a	phf20b	phox2a	phox2ba	phox2bb	pitx1	pitx2	pitx3	pknox1.1	pknox1.2	pknox2	plag1	pnx	pogza	pou1f1	pou2f1a	pou2f1b	pou2f2a	pou2f2b	pou2f3	pou3f1	pou3f2a	pou3f2b	pou3f3a	pou3f3b	pou4f1	pou4f2	pou4f3	pou4f4	pou5f3	pou6f1	pou6f2	pparaa	pparab	pparda	ppardb	pparg	ppp1r13l	prdm5	prdm8b	prkcbp1l	prmt1	prmt2	prmt3	prmt5	prmt6	prmt7	prmt8b	prmt9	prop1	prox1a	prox2	prox3	prrc2b	prrx1a	prrx1b	pspc1	ptf1a	raraa	rarab	rarga	rargb	rbb4l	rbbp4	rbpjb	rbpjl	rel	rela	relb	rerea	rereb	rfx1a	rfx1b	rfx2	rfx3	rfx4	rfx5	rfx6	rfx7a	rfx7b	rigi	ripk2	roraa	rorab	rorb	rorc	rorca	rorcb	rps6ka5	rsf1b.1	runx1	runx2a	runx2b	runx3	rx1	rx2	rx3	rxraa	rxrab	rxrba	rxrbb	rxrga	rxrgb	rybpa	rybpb	sap130a	sap130b	sap30bp	sap30l	sbno1	sbno2a	sbno2b	scmh1	scml2	scrt1a	scrt1b	scrt2	sebox	setbp1	setd2	setd7	sfmbt1	sfmbt2	sfpq	shox	shox2	si:cabz01071911.4	si:ch1073-456m8.1	si:ch211-13c6.2	si:ch211-145o7.3	si:ch211-153j24.3	si:ch211-161c3.6	si:ch211-207i20.2	si:ch211-241b2.4	si:ch211-261d7.6	si:ch211-79k12.2	si:ch73-221f6.3	si:ch73-52f15.5	si:dkey-172k15.3	si:dkey-172o19.2	si:dkey-18a10.3	si:dkey-253d23.2	si:dkey-43p13.5	si:dkey-57k17.1	si:dkey-79d12.4	si:dkeyp-11e3.1	si:dkeyp-2e4.5	si:dkeyp-72h1.1	si:dkeyp-85d8.5	si:rp71-45k5.2	sim1a	sim1b	sim2	sin3aa	sin3ab	sin3b	six1a	six1b	six2a	six2b	six4a	six4b	six5	six9	smad1	smad10a	smad10b	smad2	smad3a	smad3b	smad4a	smad4b	smad5	smad6a	smad6b	smad7	smad9	smarca2	smarca4a	snai1a	snai1b	snai2	snai3	sox14	sox19a	sox19b	sox1a	sox1b	sox2	sox21a	sox21b	sox3	sp5l	spi1a	spi1b	spi2	spic	spty2d1	st18	stat1a	stat1b	stat2	stat3	stat4	stat5a	stat5b	stat6	sub1a	sub1b	supt4h1	taf15	taf5l	tbr1a	tbr1b	tbrg1	tbx1	tbx15	tbx16	tbx16l	tbx18	tbx19	tbx1l	tbx20	tbx21	tbx22	tbx2a	tbx2b	tbx3a	tbx3b	tbx4	tbx5a	tbx5b	tbx6	tbxta	tbxtb	tead1a	tead1b	tead3a	tead3b	tefa	tefb	terf2ip	tfap2a	tfap2b	tfap2c	tfap2d	tfap2e	tfdp1a	tfdp1b	tfdp2	tfe3a	tfe3b	tfeb	tfec	tgif1	thap7	thraa	thrab	thrb	tle2a	tle2b	tle2c	tle3a	tle3b	tle5	tlx1	tlx2	tlx3b	tp53	tp63	tp73	trps1	trrap	uncx	uncx4.1	usp13	vax1	vax2	vdra	vdrb	vent	vgll2a	vgll2b	vgll3	vgll4a	vgll4b	vgll4l	vsx1	vsx2	wt1a	wt1b	wtip	wu:fc63a07	wwc1	wwc3	xbp1	yaf2	yeats2	yeats4	zbtb4	zbtb41	zfhx2	zfhx3a	zfhx3b	zfhx4	zfx	zgc:110688	zgc:113424	zgc:165514	zgc:173548	zgc:173607	zgc:173619	zgc:174275	zgc:174646	zgc:174650	zgc:174710	zgc:66448	zgc:66474	zglp1	zmp:0000000926	zmynd8	znf1112	znf1116	znf1117	znf1136	znf1137	znf1140	znf143a	znf217	znf219	znf341	znf362a	znf408	znf488	znf516	znf711	znf770"
endocrine pancreas development	GO:0031018	"adamts9	ankrd55	apc	ascl1b	c2cd4a	camk1da	cdkal1	dachb	fhl1b	fitm2	fscn1a	fzd2	gck	gckr	gli2a	hnf1a	hnf1ba	hnf4a	hoxc8a	ide	irx3a	isl1a	kcnip3b	kcnj11	klhl42	mnx1	ndr1	neurod1	nkx2.2a	nkx6.1	nkx6.2	notch2	nr5a1a	pax4	pdx1	pepd	rdh1	rfx3	rfx6	rgs4	septin15	shha	slc30a8	smo	sox4b	sox9b	srebf1	tdgf1	thada	tm4sf4	wfs1b	wnt5b	zfand3	zgc:153115"
type B pancreatic cell development	GO:0003323	"ankrd55	bhmt	c2cd4a	cdkal1	dachb	dhps	fitm2	gcga	gck	glis3	hnf1a	hnf1ba	hnf4a	ide	isl1a	kcnj11	lepr	slc30a8	srebf1	thada	wfs1b"
G protein-coupled receptor signaling pathway	GO:0007186	"ackr3a	ackr3b	ackr4a	ackr4b	adcyap1r1a	adcyap1r1b	adgra1a	adgra2	adgra3	adgrb1a	adgrb3	adgrd1	adgrd2	adgre10	adgre13	adgre14	adgre15	adgre5b.2	adgre5b.3	adgre9	adgrf11	adgrf3a	adgrf3b	adgrf8	adgrg1	adgrg11	adgrg2a	adgrg3	adgrg4a	adgrg6	adgrl1a	adgrl2a	adgrl3.1	adgrl4	adgrv1	adora1a	adora1b	adora2aa	adora2ab	adora2b	adora3a.1	adra1aa	adra1ab	adra1ba	adra1bb	adra1d	adra2a	adra2b	adra2c	adra2da	adra2db	adrb1	adrb2a	adrb2b	adrb3a	adrb3b	agtr1a	agtr1b	agtr2	aplnr2	aplnra	aplnrb	arhgef1	arhgef11	arhgef12a	avpr1aa	avpr1ab	avpr2ab	avpr2b.1	avpr2l	bdkrb1	bdkrb2	c3ar1	c5ar1	cabz01093075.1	calcr	calcrla	calcrlb	cart1	cart2	cart3	cart4	cartl	casr	cckar	cckbra	cckbrb	ccr10	ccr11.1	ccr12a	ccr12b.1	ccr12b.2	ccr2	ccr6a	ccr6b	ccr7	ccr8.1	ccr9a	ccr9b	celsr1a	celsr1b	celsr2	celsr3	chrm1a	chrm2a	chrm2b	chrm3a	chrm3b	chrm4a	chrm4b	chrm5a	chrm5b	cmklr1	cmklr1l1	cmklr2	cmklrl2	cnr1	cnr2	crhr1	cxcr2	cxcr3.1	cxcr3.2	cxcr3.3	cxcr4a	cxcr4b	cysltr1	cysltr2a	cysltr2b	cysltr3	deptor	drd1a	drd1b	drd2a	drd2b	drd2l	drd3	drd4-rs	drd4a	drd4b	drd5a	drd5b	drd6b	drd7	ednraa	ednrab	ednrba	ednrbb	exorh	f2r	f2r2.1	f2r2.2	f2rl1.1	f2rl1.2	f2rl2	fpr1	fshb	fshr	fzd1	fzd10	fzd5	fzd6	gabbr1a	gabbr1b	gabbr2	galr1a	galr1b	galr2a	galr2b	gcgra	gcgrb	ghrhr2	ghrhra	ghrhrb	ghrhrl	ghsra	ghsrb	gipr	gna11a	gna11b	gna12a	gna13a	gna13b	gna14	gna14a	gna15.1	gna15.2	gna15.4	gnai1	gnai2a	gnai2b	gnai3	gnaia	gnal	gnal2	gnao1a	gnao1b	gnaq	gnas	gnat1	gnat2	gnav1	gnaz	gnb1a	gnb1b	gnb3a	gnb3b	gnb4b	gng10	gng12a	gng12b	gng13a	gng13b	gng2	gng3	gng5	gng7	gng8	gngt1	gngt2a	gngt2b	gnrhr1	gnrhr2	gnrhr3	gnrhr4	gpbar1	gper1	gphb5	gpr101	gpr12	gpr132a	gpr132b	gpr142	gpr143	gpr146	gpr151	gpr156	gpr157	gpr158a	gpr158b	gpr161a	gpr161b	gpr17	gpr171	gpr173	gpr174	gpr176	gpr179	gpr18	gpr180	gpr182	gpr183a	gpr183b	gpr184	gpr185a	gpr185b	gpr19	gpr22a	gpr22b	gpr25	gpr26	gpr27	gpr3	gpr31	gpr34a	gpr34b	gpr34l	gpr35.1	gpr37a	gpr37b	gpr37l1a	gpr37l1b	gpr39	gpr4	gpr45	gpr52	gpr55a	gpr6	gpr61	gpr61l	gpr63	gpr68	gpr75	gpr78a	gpr78b	gpr83	gpr84	gpr85	gprc5ba	gprc5bb	gprc5c	gprc6a	grk3	grm1a	grm1b	grm2a	grm2b	grm3	grm4	grm5a	grm5b	grm6a	grm6b	grm7	grm8a	grm8b	grpr	hcar1-1	hcar1-2	hcar1-3	hcar1-4	hcar2	hcrtr2	hrh1	hrh2a	hrh2b	hrh3	htr1aa	htr1ab	htr1b	htr1d	htr1fa	htr1fb	htr2aa	htr2ab	htr2b	htr2cl1	htr2cl2	htr4	htr5aa	htr5ab	htr6	htr7a	htr7b	htr7c	kiss1	kiss1ra	kiss1rb	lgr4	lhb	lhcgr	lpar1	lpar2a	lpar2b	lpar3	lpar4	lpar5a	lpar5b	lpar6a	lpar6b	ltb4r	ltb4r2a	ltb4r2b	mc1r	mc2r	mc3r	mc4r	mc5ra	mc5rb	mchr1a	mchr1b	mchr2a	mchr2b	mtnr1aa	mtnr1ab	mtnr1al	mtnr1ba	mtnr1bb	mtnr1c	nmbr	nmur1a	nmur1b	nmur3	npb	npbwr2b	npffr1l1	npffr1l2	npffr1l3	npffr2a	npy1r	npy2r	npy2rl	npy4r	npy7r	npy8ar	npy8br	ntsr1	olfcb1	olfcd1	olfcd2	olfcd3	olfcg1	olfcg12	olfcg14	olfcg2	olfcg3	olfcg4	olfcg5	olfcg6	olfcg7	olfcg8	olfcg9	olfch1	olfcj1	olfck1	olfck2	olfck3	olfcn1	olfcq1	olfcq10	olfcq11	olfcq12	olfcq13	olfcq14	olfcq15	olfcq16	olfcq17	olfcq18	olfcq19	olfcq2	olfcq20	olfcq3	olfcq4	olfcq5	olfcq6	olfcq8	olfcq9	olfcr1	olfcs1	olfcs2	olfcu1	olfcv1	olfcv3	olfcw1	olfcx1	olfcx2	olfcx3	opn1lw1	opn1lw2	opn1mw1	opn1mw2	opn1mw3	opn1mw4	opn1sw1	opn1sw2	opn3	opn4.1	opn4a	opn4b	opn4xa	opn4xb	opn5	opn6a	opn6b	opn7a	opn7b	opn7c	opn7d	opn8a	opn8b	opn8c	opn9	oprd1a	oprd1b	oprk1	oprl1	oprm1	or109-6	or113-4	or137-8	or137-9	or15.37	or21.49	or30bt1	or30bt2	or30bt3	or30bt4	or30bt5	or30bu1	or30bu2	or30bv1	or30bw1	or30bx1	or30by1	or30by2	or30by3	or40a1	or41a1	or41a2	or41a3	or42a1	or42a2	or42a4	or42a5	or42a6	or42a7	or42a8	or42a9	or42b1	or42b2	or42c1	or42c2	or42c3	or42c4	or42c5	or42d1	or42d2	or42d3	or42e1	or42e2	or42e3	or55a1	or55a2	or55a3	or55a4	or55c1	or55d1	or55e1	or60a1	or61a1	or61b1	or61c1	or61c2	or61c3	or62a1	or62a2	or62a3	or62b1	or62b2	or62b3	or62b4	or62b5	or62c1	or62c2	or62c4	or62c5	or62c6	or63a2	or63b1	or63b2	or63h1	or64a1	or64b1	or64b2	or64b3	or64b4	or64c1	or64d1	or64e1	or64f1	or64g1	or64g2	or6at1	or70a1	or70a11	or70a12	or70a13	or70a14	or70a15	or70a16	or70a17	or70a2	or70a3	or70a4	or70a5	or70a7	or70a8	or70b1	or70c1	or71al2	or71aq1	or71aq2	or71ar1	or71as1	or71as2	or71at1	or80a1	or80a10	or80a11	or80a13	or80a2	or80a3	or80a4	or80a5	or80a6	or80a7	or80a8	or80a9	or90a1	or90b1	or90b2	or90d1	or90d2	or90d3	or90e2	or90g2	or90h1	or90h3	or90h4	or90j1	or91a1	or91a2	or91a3	or92a1	or92a2	or92a3	or92a4	or92a7	or93a1	or93a10p	or93a2	or93a8	or93a9	or94a1	or95a1	ora1	ora2	ora3.1	ora4	ora5	ora6	oxgr1a.1	oxgr1a.2	oxgr1a.3	oxtra	oxtrb	p2ry1	p2ry10	p2ry11	p2ry12	p2ry13	p2ry2.1	p2ry2.2	p2ry2.3	p2ry8	parapinopsina	parapinopsinb	parietopsin	pik3r6a	pik3r6b	plcb3	prex1	prex2	prlh	prlh2r	prlhr2a	prlhr2b	prokr1a	prokr1b	ptafr	ptger1a	ptger1b	ptger1c	ptger2a	ptger2b	ptger3	ptger4a	ptger4b	ptger4c	ptgfr	ptgir	pth1r	pth2ra	pth2rb	pth3r	ramp1	ramp2	rgra	rgrb	rgs11	rgs6	rgs7a	rgs7b	rgs7bpa	rgs7bpb	rgs9a	rgs9b	rho	rhol	ric8a	ric8b	rltgr	rrh	rxfp1	rxfp2a	rxfp2b	rxfp2l	rxfp3	rxfp3.2a	rxfp3.2b	rxfp3.3a1	rxfp3.3a2	rxfp3.3a3	rxfp3.3b	s1pr1	s1pr2	s1pr3a	s1pr4	s1pr5a	s1pr5b	sctr	si:cabz01093077.1	si:ch211-119o8.4	si:ch211-132e22.4	si:ch211-132p1.2	si:ch211-137j23.9	si:ch211-139n6.10	si:ch211-139n6.11	si:ch211-171h4.6	si:ch211-184m13.4	si:ch211-191i18.4	si:ch211-207g17.3	si:ch211-213o11.11	si:ch211-231m23.4	si:ch211-238p8.31	si:ch211-24o8.2	si:ch211-286b5.5	si:ch73-160i9.1	si:ch73-160i9.2	si:ch73-160i9.3	si:ch73-90p23.1	si:dkey-100n23.5	si:dkey-117a8.1	si:dkey-148a17.5	si:dkey-148a17.6	si:dkey-163m14.2	si:dkey-163m14.6	si:dkey-165a24.9	si:dkey-202l22.3	si:dkey-204f11.64	si:dkey-211g8.1	si:dkey-211g8.6	si:dkey-211g8.7	si:dkey-211g8.9	si:dkey-216e24.9	si:dkey-246e3.4	si:dkey-247m21.3	si:dkey-3k24.8	si:dkey-42l23.2	si:dkey-42l23.4	si:dkey-42l23.5	si:dkey-42l23.7	si:dkey-63b1.1	si:dkey-6n21.13	si:dkey-83h2.2	si:dkey-92k1.9	si:dkey-96n2.3	si:dkey-9i23.8	si:dkeyp-97e7.9	si:zfos-169g10.2	smo	sstr1a	sstr1b	sstr2a	sstr2b	sstr3	sstr5	taar10	taar10a	taar10b	taar10c	taar10d	taar11	taar12a	taar12b	taar12c	taar12e	taar12f	taar12g	taar12h	taar12i	taar12j	taar12m	taar13a	taar13b	taar13c	taar13d	taar13e	taar14a	taar14b	taar14d	taar14e	taar14f	taar14g	taar14h	taar14i	taar14j	taar14l	taar15	taar16c	taar16f	taar16g	taar19a	taar19b	taar19c	taar19d	taar19e	taar19g	taar19h	taar19j	taar19k	taar19m	taar19n	taar19o	taar19p	taar19q	taar19r	taar19s	taar19t	taar19u	taar1b	taar20b	taar20c	taar20c1	taar20f	taar20g	taar20h	taar20j	taar20l	taar20o	taar20q	taar20r	taar20t	taar20u	taar20v	taar20w	taar20x	tacr1a	tacr1b	tacr2	tacr3a	tacr3l	tafa5a	tafa5b	tas1r1	tas1r2.1	tas1r2.2	tas1r3	tas2r200.1	tas2r200.2	tas2r201.1	tas2r201.2	tas2r202	tas2r203	tas2r3	tbxa2r	tm4sf21b	tmem145	tmtops2a	tmtops2b	tmtops3a	tmtops3b	tmtopsa	tmtopsb	tpra1	trhr2	trhra	trhrb	tshr	uts2r3	uts2r4	uts2r5	valopa	valopb	vipr1a	vipr1b	vipr2	vmn2r1	xcr1a.1	xcr1b.1	xcr1b.3	zgc:109913	zgc:153137	zgc:162592	zgc:171579	zgc:194202	zgc:194312"
signal transduction	GO:0007165	"abr	ackr3a	ackr3b	ackr4a	ackr4b	adcyap1r1a	adcyap1r1b	adgra2	adgra3	adgrb1a	adgrb3	adgrf3b	adgrg1	adgrg3	adgrg6	adgrl1a	adgrl2a	adgrl3.1	adgrv1	adora1a	adora1b	adora2aa	adora2ab	adora2b	adora3a.1	adra1aa	adra1ab	adra1ba	adra1bb	adra1d	adra2a	adra2b	adra2c	adra2da	adra2db	adrb1	adrb2a	adrb2b	adrb3a	adrb3b	afdna	agtr1a	agtr1b	agtr2	akap12a	akap12b	akap9	ank1a	ank1b	ank2a	ank2b	ank3a	ank3b	ankdd1a	ankdd1b	ankfn1b	anxa1a	anxa1b	anxa1c	anxa1d	apbb1ip	apln	aplnr2	aplnra	aplnrb	araf	arap1a	arap2	arap3	arhgap1	arhgap10	arhgap11a	arhgap12a	arhgap12b	arhgap15	arhgap17a	arhgap17b	arhgap18	arhgap19	arhgap20	arhgap21a	arhgap21b	arhgap22b	arhgap23a	arhgap23b	arhgap24	arhgap25	arhgap27	arhgap27l	arhgap28	arhgap29a	arhgap29b	arhgap31	arhgap32a	arhgap32b	arhgap33	arhgap35a	arhgap35b	arhgap36	arhgap39	arhgap42a	arhgap44a	arhgap44b	arhgap45a	arhgap45b	arhgap46a	arhgap46b	arhgap4a	arhgap4b	arhgap5	arhgap9	arnt2	arr3a	arr3b	arrb1	arrb2a	arrb2b	avpr1aa	avpr1ab	avpr2ab	avpr2b.1	avpr2l	bcr	bdkrb1	bdkrb2	braf	c3ar1	c5ar1	ca16b	cabz01093075.1	calca	calcr	calcrla	calcrlb	camk1da	camk1db	camk1ga	camkva	camkvb	casr	cbl	cblb	cckar	cckbra	cckbrb	ccn1	ccn1l1	ccn1l2	ccn2a	ccn2b	ccn4a	ccn4b	ccn5	ccn6	ccr10	ccr11.1	ccr12a	ccr12b.1	ccr12b.2	ccr2	ccr7	ccr9a	ccr9b	cd27	cdc7	cdk2	cdk21	cdk4	cdk6	celsr1a	celsr1b	celsr2	celsr3	chn1	chn2	chrm1a	chrm2a	chrm2b	chrm3a	chrm3b	chrm4a	chrm4b	chrm5a	chrm5b	cmklr1	cmklr1l1	cmklr2	cmklrl2	cnr1	cnr2	cobll1a	cobll1b	commd4	commd6	commd8	cradd	crhr1	csnk1a1	csnk1da	csnk1db	csnk1e	csnk1g1	csnk1g2b	cxcr2	cxcr3.1	cxcr3.2	cxcr4a	cxcr4b	cxl34b.11	cysltr1	dapk1	depdc1a	depdc1b	dgkaa	dgkab	dgkb	dgke	dgkh	dgki	dgkza	dgkzb	diras1a	diras1b	dlc1	drd1a	drd1b	drd2a	drd2b	drd2l	drd3	drd4-rs	drd4a	drd4b	drd5a	drd5b	drd6b	drd7	dusp1	dusp10	dusp16	dusp2	dusp22a	dusp22b	dusp4	dusp5	dusp6	dusp7	dusp8a	ecm1a	ecm1b	edaradd	ednraa	ednrab	ednrba	ednrbb	exorh	f2r	f2r2.1	f2r2.2	f2rl2	fadd	fam13a	fam13b	fam83b	fam83c	fam83d	fam83e	fam83fa	fam83fb	fam83ga	fam83gb	fam83ha	fam83hb	fas	fnbp1a	fnbp1b	fnbp1l	fpr1	fshr	fzd1	fzd10	fzd5	fzd6	gab2	gabbr1a	gabbr1b	gabbr2	galr1a	galr1b	galr2a	galr2b	gcgra	gcgrb	ghrh	ghrhr2	ghrhra	ghrhrb	ghrhrl	ghsra	ghsrb	gipr	gkap1	gmip	gna11a	gna11b	gna12a	gna13a	gna13b	gna14	gna14a	gna15.1	gna15.2	gna15.4	gnai1	gnai2a	gnai2b	gnai3	gnaia	gnal	gnal2	gnao1a	gnao1b	gnaq	gnas	gnat1	gnat2	gnav1	gnaz	gnb1a	gnb1b	gnb2	gnb3a	gnb3b	gnb4a	gnb4b	gnb5a	gnb5b	gng10	gng12a	gng12b	gng13b	gng2	gng3	gng5	gng7	gng8	gngt1	gngt2a	gngt2b	gnrhr1	gnrhr3	gper1	gpr101	gpr12	gpr132a	gpr132b	gpr142	gpr146	gpr156	gpr157	gpr158a	gpr158b	gpr161a	gpr161b	gpr17	gpr173	gpr179	gpr182	gpr183a	gpr183b	gpr184	gpr185a	gpr185b	gpr19	gpr22a	gpr25	gpr3	gpr34a	gpr34l	gpr37a	gpr37b	gpr37l1a	gpr37l1b	gpr39	gpr4	gpr52	gpr6	gpr61	gpr61l	gpr83	gpr85	gprc5ba	gprc5bb	gprc5c	gprc6a	grap2a	grap2b	grapa	grapb	grb10a	grb10b	grb14	grb2a	grb2b	grb7	grk1a	grk1b	grk3	grk4	grk5	grk5l	grk6	grk7a	grk7b	grm1a	grm1b	grm2a	grm2b	grm3	grm4	grm5a	grm5b	grm6a	grm6b	grm7	grm8a	grm8b	grpr	hcar1-1	hcar1-2	hcar1-3	hcar1-4	hdr	hrasa	hrasb	hrh1	hrh2a	hrh2b	hrh3	hsh2d	htr1aa	htr1ab	htr1b	htr1d	htr1fa	htr1fb	htr2aa	htr2ab	htr2b	htr2cl1	htr2cl2	htr4	htr5aa	htr5ab	htr6	htr7a	htr7b	htr7c	il1rap	il1rapl1a	il1rapl1b	il1rapl2	il1rl1	il1rl2	ilkap	im:7139070	impa1	impa2	inpp5b	irak1	irak3	irak4	kras	lepa	lepb	lgr4	lhcgr	lmbr1l	lpar1	lpar2a	lpar2b	lpar3	lpar4	lpar6a	lpar6b	ltb4r	magi2a	magixa	map3k10	map3k20a	map3k21	map3k7	mc1r	mc2r	mc3r	mc4r	mc5ra	mc5rb	mchr1a	mchr1b	mchr2a	mchr2b	meak7	mob3a	mob3c	mos	mrasa	mrasb	mtnr1aa	mtnr1ab	mtnr1al	mtnr1ba	mtnr1bb	mtnr1c	myd88	mylk2	mylk3	mylk5	myo10	myo10l1	myo9aa	myo9ab	myo9b	myoc	ndrg1a	ndrg1b	ndrg2	nfkb2	ngfrb	nmbr	nmur1a	nmur1b	nmur3	npbwr2b	npffr1l1	npffr1l2	npffr1l3	npffr2a	npr3	npy1r	npy2r	npy2rl	npy4r	npy7r	npy8ar	npy8br	nradd	nras	ntsr1	ocrl	olfcb1	olfcd1	olfcd2	olfcd3	olfcg1	olfcg12	olfcg14	olfcg2	olfcg3	olfcg4	olfcg5	olfcg6	olfcg7	olfcg8	olfcg9	olfch1	olfcj1	olfck1	olfck2	olfck3	olfcn1	olfcq1	olfcq10	olfcq11	olfcq12	olfcq13	olfcq14	olfcq15	olfcq16	olfcq17	olfcq18	olfcq19	olfcq2	olfcq20	olfcq3	olfcq4	olfcq5	olfcq6	olfcq8	olfcq9	olfcr1	olfcs1	olfcs2	olfcu1	olfcv1	olfcv3	olfcw1	olfcx1	olfcx2	olfcx3	olfm1a	olfm1b	olfm2a	olfm2b	olfm3a	olfm4.2	olfml2a	olfml2ba	olfml3a	olfml3b	ompa	ompb	opn1lw1	opn1lw2	opn1mw1	opn1mw2	opn1mw3	opn1mw4	opn1sw1	opn1sw2	opn3	opn4.1	opn4a	opn4b	opn4xa	opn4xb	opn5	opn6a	opn6b	opn7a	opn7b	opn7c	opn7d	opn8a	opn8b	opn8c	opn9	oprd1a	oprd1b	oprk1	oprl1	oprm1	or109-6	or113-4	or15.37	or21.49	or30bt1	or30bt2	or30bt3	or30bt4	or30bt5	or30bu1	or30bu2	or30bv1	or30bw1	or30bx1	or30by1	or30by2	or30by3	or40a1	or41a1	or41a2	or41a3	or42a1	or42a2	or42a4	or42a5	or42a6	or42a7	or42a8	or42a9	or42b1	or42b2	or42c1	or42c2	or42c3	or42c4	or42c5	or42d1	or42d2	or42d3	or42e1	or42e2	or42e3	or55a1	or55a2	or55a3	or55a4	or55c1	or55d1	or55e1	or60a1	or61a1	or61b1	or61c1	or61c2	or61c3	or62a1	or62a2	or62a3	or62b1	or62b2	or62b3	or62b4	or62b5	or62c1	or62c2	or62c4	or62c5	or62c6	or63a2	or63b1	or63b2	or63h1	or64a1	or64b1	or64b2	or64b3	or64b4	or64c1	or64d1	or64e1	or64f1	or64g1	or64g2	or6at1	or70a1	or70a11	or70a12	or70a13	or70a14	or70a15	or70a16	or70a17	or70a2	or70a3	or70a4	or70a5	or70a7	or70a8	or70b1	or70c1	or71al2	or71aq1	or71aq2	or71ar1	or71as1	or71as2	or71at1	or80a1	or80a10	or80a11	or80a13	or80a2	or80a3	or80a4	or80a5	or80a6	or80a7	or80a8	or80a9	or91a3	or93a1	or93a10p	or93a2	ora1	ora2	ora3.1	ora4	ora6	ostf1	oxtra	oxtrb	p2ry1	p2ry11	p2ry13	p2ry2.1	p2ry2.2	p2ry2.3	p2ry8	paqr7b	paqr8	parapinopsina	parapinopsinb	parietopsin	pcnt	pde10a	pde11a	pde11al	pde1a	pde1ca	pde1cb	pde3a	pde3b	pde4a	pde4ba	pde4bb	pde4ca	pde4cb	pde4d	pde5aa	pde5ab	pde6a	pde6b	pde6c	pde7a	pde8a	pde8b	pde9aa	pde9ab	pde9ac	pdp1	pdp2	phkg1a	phkg2	pidd1	pigrl2.3	pik3r1	pik3r2	pik3r3b	pkn1a	pkn1b	pkn2a	pkn2b	pkn3	plcb1	plcb1l	plcb2	plcb3	plcb4a	plcb4b	plcd1a	plcd1b	plcd3a	plcd3b	plcd4a	plcd4b	plce1	plcg1	plcg2	plch1	plch2a	plch2b	plcl1	plcl5	plcxd3	plpp1a	plpp2a	plpp2b	plpp3	plppr1	plppr2a	plppr3a	plppr3b	plppr4a	plppr5a	ppap2d	ppm1e	ppm1f	ppm1g	ppm1h	ppm1j	ppm1la	ppm1lb	ppp1r12a	ppp1r12c	ppp1r1b	ppp1r1c	ppp2r5a	ppp2r5b	ppp2r5ca	ppp2r5cb	ppp2r5d	ppp2r5ea	ppp2r5eb	prkab1a	prkab1b	prkab2	prkacab	prkacba	prkg1b	prkx	prlh2r	prlhr2a	prlhr2b	prokr1a	prokr1b	ptafr	ptger1b	ptger2a	ptger4a	ptger4b	ptger4c	ptgfr	ptgir	pth1r	pth2	pth2ra	pth2rb	pth3r	ptpn5	ptpn9a	ptpn9b	ptpra	ptprfb	ptprga	ptprua	ptprub	rac2	racgap1	radil	radil2a	radil2b	raf1a	raf1b	ralaa	ralab	ralba	ralbb	ralbp1	ralgds	rangap1a	rangap1b	rap1aa	rap1ab	rap1b	rap2aa	rap2ab	rap2b	rap2c	rapgef2a	rapgef2b	rapgef6	raph1b	rasd1	rasd2a	rasip1	rassf1	rassf10a	rassf10b	rassf2a	rassf2b	rassf3	rassf4a	rassf5	rassf6	rassf7a	rassf7b	rassf8a	rassf8b	rgl1	rgl2	rgl3a	rgra	rgrb	rgs12a	rgs12b	rgs14a	rgs14b	rheb	rhebl1	rho	rhoaa	rhoab	rhobtb1	rhobtb4	rhoca	rhocb	rhof	rhogc	rhogd	rhoh	rhol	rhoq	rhpn2	rin2a	rin2b	rin3	ripk1l	rit1	rnd1a	rnd1b	rnd2	rnd3a	rnd3b	rps6kb1a	rps6kb1b	rras	rras2	rrh	rtkn2	rtkna	rtknb	rxfp1	rxfp2a	rxfp2b	rxfp2l	rxfp3.2b	rxfp3.3a1	rxfp3.3a2	rxfp3.3a3	rxfp3.3b	s1pr1	s1pr2	s1pr3a	s1pr4	s1pr5a	saga	sagb	sarm1	sav1	sctr	scube2	sema4d	sh2b1	sh2b3	sh3bp1	sh3bp2	si:cabz01093077.1	si:ch1073-416j23.1	si:ch211-106h11.3	si:ch211-112c15.8	si:ch211-114l13.12	si:ch211-132p1.2	si:ch211-139n6.10	si:ch211-139n6.11	si:ch211-15p9.2	si:ch211-184m13.4	si:ch211-18i17.2	si:ch211-195b15.8	si:ch211-207g17.3	si:ch211-213o11.11	si:ch211-231m23.4	si:ch211-238p8.31	si:ch211-247j9.1	si:ch211-264f5.2	si:ch211-286b5.5	si:dkey-148a17.5	si:dkey-148a17.6	si:dkey-163m14.2	si:dkey-163m14.6	si:dkey-165a24.9	si:dkey-172j4.3	si:dkey-181f22.4	si:dkey-202l22.3	si:dkey-204f11.64	si:dkey-211g8.6	si:dkey-211g8.7	si:dkey-211g8.9	si:dkey-216e24.9	si:dkey-219c10.4	si:dkey-237h12.3	si:dkey-23c22.9	si:dkey-240h12.4	si:dkey-246e3.4	si:dkey-247m21.3	si:dkey-33c9.6	si:dkey-3k24.8	si:dkey-63b1.1	si:dkey-6n21.13	si:dkey-83h2.2	si:dkey-91m11.5	si:dkey-96n2.3	si:dkey-9i23.8	si:dkeyp-23e4.3	si:dkeyp-68b7.12	si:dkeyp-97b10.3	si:zfos-169g10.2	si:zfos-588f8.1	sigirr	sla1a	smo	snx17	snx27a	snx27b	srgap1a	srgap1b	srgap2	srgap3	sstr1a	sstr1b	sstr2a	sstr2b	sstr3	sstr5	stam2	stard13a	stard13b	stard8	stat1a	stat1b	stat2	stat3	stat4	stat5a	stat5b	stat6	stk3	syde2	taar10	taar10a	taar10b	taar10c	taar10d	taar11	taar12a	taar12b	taar12c	taar12e	taar12f	taar12g	taar12h	taar12i	taar12j	taar13a	taar13b	taar13c	taar13d	taar13e	taar14a	taar14b	taar14d	taar14e	taar14f	taar14g	taar14h	taar14i	taar14j	taar14l	taar15	taar16f	taar16g	taar19a	taar19b	taar19c	taar19d	taar19e	taar19g	taar19h	taar19j	taar19k	taar19m	taar19n	taar19o	taar19p	taar19q	taar19r	taar19s	taar19t	taar19u	taar1b	taar20b	taar20c	taar20c1	taar20h	taar20j	taar20l	taar20o	taar20q	taar20r	taar20t	taar20u	taar20v	taar20w	taar20x	tacr1a	tacr1b	tacr2	tacr3a	tacr3l	tagapa	tagapb	tas1r1	tas1r2.1	tas1r2.2	tas1r3	tas2r200.1	tas2r200.2	tas2r201.1	tas2r201.2	tas2r202	tas2r203	tas2r3	tbxa2r	tcp11l1	tcp11l2	tenm1	tenm2a	tenm2b	tenm3	tenm4	thoc1	tiam1a	tiam1b	tiam2a	ticam1	tirap	tlr1	tlr18	tlr19.1	tlr2	tlr20.2	tlr20f	tlr21	tlr22	tlr3	tlr4al	tlr4ba	tlr4bb	tlr5a	tlr5b	tlr7	tlr8a	tlr8b	tlr9	tmtops2a	tmtops2b	tmtops3a	tmtops3b	tmtopsa	tmtopsb	tnfrsf1a	tnfrsf21	tnfrsfa	tnk2a	tnk2b	tom1	tp53bp2a	tp53bp2b	tradd	traf1	traf2a	traf2b	traf3	traf4a	traf4b	traf5	traf6	trhr2	trhra	trhrb	trip10a	trip10b	tshr	tspeara	tspearb	ttbk1b	ttbk2a	ttbk2b	unc5a	unc5b	unc5ca	unc5cb	unc5da	unc5db	uts2r3	uts2r4	uts2r5	valopa	valopb	vipr1a	vipr1b	vipr2	vmn2r1	vrk1	vrk2	vrk3	wnt11f2	wu:fc50b12	wu:fi36a10	wu:fj59g11	xcr1b.1	ywhaba	ywhabb	ywhabl	ywhae1	ywhae2	ywhag1	ywhag2	ywhah	ywhaqa	ywhaqb	ywhaz	zgc:153137	zgc:153345	zgc:153759	zgc:162592	zgc:171579	zgc:174906	zgc:55558	zmp:0000000936	zmp:0000001167"
cellular response to cocaine	GO:0071314	"tacr1a	tacr1b"
positive regulation of flagellated sperm motility	GO:1902093	"tacr1a	tacr1b	tacr2	tacr3a	tacr3l"
regulation of translation	GO:0006417	"ago1	ago2	ago3a	ago3b	ago4	alkbh5	b3gntl1	bzw1a	bzw1b	bzw2	casc3	cnot1	cnot10	cnot11	cnot6l	cnot7	cnot9	cpeb1a	cpeb1b	cpeb3	cpeb4a	cpeb4b	cyfip1	dap	dap1b	dazl	eif2a	eif2ak3	eif3ha	eif4a3	eif4e1b	eif4e3	eif4ea	eif4ebp1	eif4ebp2	eif4ebp3	eif4ebp3l	fmr1	fxr1	fxr2	gra	gtdc1	hbs1l	igf2bp1	igf2bp2a	igf2bp3	impact	kbtbd8	magoh	mettl18	mif4gda	mif4gdb	mknk1	msi1b	msi2b	nanos1	nanos2	nanos3	ncbp2	nck1b	nck2a	nck2b	ngdn	pabpc1a	piwil1	piwil2	ptcd3	pum3	pym1	qki2	qkia	rbm24a	rbm8a	rpl10	rps3	samd4a	serbp1a	serbp1b	tarbp2	tnrc6ba	tnrc6bb.1	tnrc6bb.2	tnrc6c1	tnrc6c2	zgc:103482	znf598"
thyroid hormone generation	GO:0006590	"cga	duox	klc2	tg"
response to wounding	GO:0009611	"cxcl8a	cxcl8b.1	duox	ecrg4a	ecrg4b	fgfr1op2	foxj1a	hbegfa	hcar1-4	lyn	nos2a	nos2b	nrp1a	nrp1b	pla2g4aa	rac2	sigmar1	sox11b"
hormone biosynthetic process	GO:0042446	"cyp17a1	cyp17a2	dio1	dio2	dio3a	dio3b	duox	tg"
response to oxidative stress	GO:0006979	"banf1	cat	duox	epx	gclc	gpx1a	gpx1b	gpx2	gpx3	gpx4a	gpx4b	gpx7	gpx8	gpx9	hmox1a	hmox2a	hmox2b	meak7	mpx	msrb2	msrb3	naprt	ndufa12	ndufa6	nfe2l2a	oxr1b	park7	prdx1	prdx2	prdx3	prdx4	prkn	ptgs1	ptgs2a	ptgs2b	serpini1	tpo	txnrd2.2	txnrd3"
leukocyte migration involved in inflammatory response	GO:0002523	"cxcl8a	cxcl8b.1	cxcr2	duox"
thyroid gland development	GO:0030878	"bcl2l1	duox	duox2	fgf8a	gata5	gbp1	glis3	hand2	hhex	jag1a	jag1b	kdrl	nkx2.4b	ntn1a	pax2a	slc16a2	tal1	vegfaa"
macrophage chemotaxis	GO:0048246	"csf1ra	cxcr3.2	cyba	duox	il1b	il1fma	lgals3b	mmp13a	p2rx7	rac2	trim33	wasb	wt1b	yrk"
neutrophil chemotaxis	GO:0030593	"aanat2	csf3b	cxcl20	cxcl8a	cxcl8b.1	cxcr2	ddx3xa	ddx3xb	duox	il1b	itgb2	lgals3b	lta4h	lyn	myd88	nsmaf	pik3cg	rac1a	rac2	s1pr4	saa	spint1a	srp54	tab1	tnfrsf1a	trim33	wasb"
defense response to fungus	GO:0050832	"duox	jagn1a	jagn1b	ncf1	rac2"
hydrogen peroxide biosynthetic process	GO:0050665	duox
retrograde vesicle-mediated transport, Golgi to endoplasmic reticulum	GO:0006890	"arcn1a	arcn1b	atp9b	bnip1a	bnip1b	cog4	cog7	copa	copb2	cope	copz1	copz2	ergic1	ergic2	ergic3	golph3a	golph3b	golph3l	kdelr2a	kdelr3	nbas	rab41	rab6bb	rer1	rint1	scfd1	sec22ba	sec22bb	si:ch211-225b10.3	stx18	tmem115	use1"
Golgi organization	GO:0007030	"arhgef28a	arl1	atp8b1	blzf1	clasp2	cog2	cog4	cog7	fam174b	golga2	golga5	golph3a	golph3b	golph3l	gorasp2	hace1	lurap1	lysmd3	myo18aa	myo18ab	nsfl1c	pi4k2a	pi4k2b	plekhm2	sec16b	si:ch211-255i20.3	si:ch211-276i12.4	surf4	surf4l	tango2	tmed10	tmed1a	tmed1b	tmed3	tmed4	tmed5	tmed6	tmed7	tmed9	trappc11	trip11	ubxn2a	vmp1	vps51"
Golgi to plasma membrane protein transport	GO:0043001	"arfrp1	blzf1	golph3a	golph3b	golph3l	nsfb	phaf1	rab34a	rab34b	sys1"
Golgi vesicle budding	GO:0048194	"golph3a	golph3b	golph3l"
apoptotic process	GO:0006915	"aifm1	aimp2	aktip	apaf1	api5	apip	atcayb	babam2	bada	badb	bag6	bag6l	baxa	baxb	bcl10	bcl2a	bcl2b	bcl2l1	bcl2l10	bcl2l12	bcl2l13	bcl2l16	bik	birc6	bmf1	bmf2	bnip2	bnipl	boka	bokb	casp10	casp2	casp20	casp21	casp3a	casp3b	casp6a	casp6b.1	casp6b.2	casp7	casp8l1	casp9	caspb	cd27	cdip1	chac1	ciapin1	cidea	cideb	cidec	clptm1l	cyfip2	dap3	daxx	ddit3	ddit4	dedd	dedd1	dffa	dffb	diabloa	diablob	dmrt2a	dnaaf10	ebag9	elmo1	elmo2	elmo3	ercc3	eva1a	fam32a	fas	fgfr2	fgfr3	gapdh	gdf6a	gper1	gramd4a	gramd4b	gulp1a	hdr	ift57	igfbp3	jade1	kank2	madd	mcl1a	mcl1b	mdm2	melk	mindy3	mrpl41	mtfp1	ngfra	ngfrb	notch2	nradd	opa1	pak5	parp1	pawr	pcsk9	pdcd10a	pdcd10b	pdcd2l	pdcl3	pea15	perp	phlda3	pidd1	pim2	pmaip1	ppiaa	ppiab	ppp1r13bb	prkcbb	prkcda	prkcdb	prune2	ptena	ptenb	ptmab	puf60b	pycard	rad21a	rad21b	relt	rffl	ripk2	ripk3	rnf152	rnf34a	rnf34b	rpl11	rps3	rybpa	rybpb	sav1	sgk1	sgms1a	sgms1b	sh3glb1a	sh3glb1b	si:ch211-112c15.8	si:dkey-23c22.9	six1a	six1b	slc5a11	stk3	stpg1	tax1bp1a	tax1bp1b	tchp	tfpt	tgfbr1a	tgfbr1b	tgfbr2a	tgfbr2b	tgfbr2l	them4	thoc1	thoc6	tigara	tigarb	timm50	tnfrsf1a	tnfrsf21	tnfrsfa	tp53	tp63	tp73	tradd	ube2z	vdac1	wwox	xkr8.3	ypel3	zgc:153759	zgc:153993	znf385b"
regulation of apoptotic process	GO:0042981	"adgrg1	agt	anp32a	anp32b	anp32e	apaf1	atf4a	atf4b	atf5a	atf5b	bag6l	baxa	baxb	bcl10	bcl2a	bcl2b	bcl2l1	bcl2l10	bcl2l13	bcl2l16	bida	bik	birc2	boka	bokb	brd2a	caiap	card11	card14	card9	casp10	casp2	casp20	casp22	casp8	casp9	cflara	cidea	cideb	cidec	cradd	dedd	dedd1	dffa	dlg5a	dlg5b.1	fadd	fbxo10	fbxo11a	gbp4	hip1	hip1rb	mcl1a	mcl1b	mettl3	nlrp1	nme2b.2	nod1	nod2	npm1a	npm1b	oxr1b	pea15	perp	pink1	pmaip1	ppp1r13ba	ppp1r13bb	prkn	prnprs3	psmd10	pycard	ripk2	sf3b1	si:ch211-108d22.2	si:ch211-195h23.3	si:ch211-212k18.15	si:ch211-66k16.27	si:dkey-10c21.1	si:dkey-118k5.3	si:dkey-181f22.4	si:dkey-29h14.10	slka	slkb	thoc1	tjp1b	tnfaip8l1	tnfaip8l2a	tnfaip8l2b	tnfaip8l3	tp53bp2a	tp53bp2b	traf1	traf2a	traf2b	traf3	traf4a	traf4b	traf5	traf6	trim69	usp36	usp42	wtap	zgc:153993	zgc:174906	zmp:0000000896"
cell differentiation	GO:0030154	"acvr1l	agrn	aimp2	angpt1	angpt2a	apela	arhgef2a	ascl1a	ascl1b	asz1	atoh1a	atoh1b	atoh1c	atoh7	atoh8	atraid	batf	bhlha15	bhlhe22	bhlhe23	bmp2a	bmp2b	bmp4	bmpr1aa	bmpr1ab	bmpr1ba	bmpr1bb	bsx	btbd6a	btbd6b	buc	caprin1a	caprin1b	caprin2	cav1	cav2	cav3	cav4a	cav4b	cavin4a	cdh2	cdx1a	cdx1b	cdx4	cep131	cfap157	chrdl2	clptm1	cnmd	crebl2	ctnna2	cyfip1	dab1a	dab1b	dab2	dazl	ddx3xa	ddx3xb	ddx4	dla	dlb	dlc	dld	dlx1a	dlx2a	dlx2b	dlx4a	dlx4b	dlx5a	dlx6a	dmrt1	dpysl2a	efna2a	efna5a	efna5b	efnb2a	efnb3b	ehf	elf1	elf2a	elf2b	elf3	elk3	elk4	erf	erfl1	erfl3	erg	ets2	etsrp	etv1	etv4	etv5a	etv5b	etv6	etv7	eya2	eya3	fev	fezf1	fezf2	fgf17	fgf1a	fgf1b	fgf3	fgf8b	fgfr3	fli1	flt4	foxa	foxa1	foxa2	foxa3	foxb1a	foxb1b	foxc1a	foxc1b	foxd1	foxd2	foxd3	foxd5	foxd7	foxe3	foxh1	foxi1	foxi2	foxi3a	foxi3b	foxl1	foxl2a	foxl2b	foxl2l	foxl3	foxq1a	foxq1b	foxq2	frzb	fsta	fstb	fstl1a	fstl1b	fstl3	fstl4	fstl5	fyna	fynb	fzd5	gabpa	gap43	gja1b	gper1	gsk3aa	gsk3ab	gsk3bb	hck	henmt1	hhex	hmx3a	hmx3b	hnf4b	hnf4g	hopx	hormad1	hs6st2	ift20	il6	ilk	impact	insm1a	insm1b	iqcg	isl1a	jak1	jak2a	jak2b	jak3	jarid2b	jmjd6	kdr	kdrl	kifbp	kita	l1cama	l1camb	larp7	lfng	lgr4	lgsn	lrrk2	lzic	m17	med24	mef2b	mef2cb	mef2d	meig1	mettl14	mettl3	mgp	mkrn2	mosmob	msgn1	mxra8b	myf5	myf6	myod1	myog	nanog	nanos3	ndrg2	neurod1	neurod2	neurod4	neurod6a	neurod6b	neurog1	neurog3	nhsl1b	nhsl3	nkx1.2la	nkx1.2lb	nkx2.1	nkx2.2a	nkx2.2b	nkx2.3	nkx2.4a	nkx2.4b	nkx2.5	nkx2.7	nkx3-2	nkx3.3	nkx6.1	nkx6.2	nkx6.3	nme2a	nog1	nog2	nog3	nog5	notch1a	notch1b	notch2	notch3	notchl	npas4a	npas4l	nr1d1	nr1d2b	nr1d4b	nr1h3	nr1h4	nr1i2	nr2c1	nr2c2	nr2e1	nr2f1a	nr2f1b	nr2f2	nr2f5	nr2f6a	nrg1	nrp1a	nrp1b	nrp2a	nrp2b	ntrk1	ntrk2a	ntrk2b	ntrk3a	ntrk3b	nudt21	nxn	olig1	olig2	olig3	olig4	otpb	pafah1b1a	pafah1b1b	paqr5a	paqr5b	paqr7b	pax2a	piwil1	piwil2	pld6	pnx	pou3f1	pou4f3	pparaa	pparab	pparda	ppardb	pparg	ppdpfa	ppdpfb	prmt7	prrc2a	prrc2c	psmb8a	ptf1a	ptk6b	ptpn11a	ptpn11b	ptpn6	ptprub	qki2	qkia	rapgef2a	rapgef2b	raraa	rarab	rarga	rargb	rb1	rbl1	rbl2	rbm24a	rbm46	rfng	rfx3	rfx6	ripor2	rnasel3	rnf114	rxraa	rxrab	rxrba	rxrbb	rxrga	rxrgb	sarm1	scrib	sebox	sema3aa	sema3ab	sema3d	sema5a	sema5ba	sema5bb	sfrp1a	sfrp1b	sfrp2	sfrp2l	sfrp5	si:ch1073-406l10.2	si:ch211-196c10.13	si:ch211-204c21.1	si:ch73-340m8.2	si:ch73-362m14.2	si:rp71-45k5.2	sim1a	sim1b	slit1b	slit2	slit3	smad1	smad2	smad3a	smad3b	smad5	smad6b	smad7	smad9	sox19a	sox32	sox7	spast	spi1a	spic	src	srd5a1	srd5a2a	srd5a2b	srms	strbp	suv39h1a	syt17	taf8	tal1	tapt1b	tcf12	tcf21	tdrd1	tdrd5	tdrd6	tdrd7a	tdrd7b	tdrd9	tenm3	tenm4	tesca	tescb	tgfbr1a	tgfbr1b	tgfbr2b	tgfbr2l	thoc5	thraa	thrb	thsd7aa	tmeff1b	tmeff2a	tmeff2b	topaz1	trip13	tssk6	tyk2	unc45b	uncx	uncx4.1	vangl2	vdra	vdrb	vegfaa	vegfab	vent	vipas39	vox	wnt1	yes1	yipf3	yrk	zar1	zar1l	zc4h2	zfpm1	zfpm2a	zfpm2b	zgc:110006	zgc:113424	zgc:195173	znf423	znf750"
RNA export from nucleus	GO:0006405	"nup153	nup155	nup188	nup62l	nup98	rae1	wu:fb30f12"
angiogenesis	GO:0001525	"ackr3a	ackr3b	adamts18	aggf1	alox5ap	amot	amotl2a	amotl2b	angpt1	angpt2a	angptl1a	angptl2b	apela	apln	aplnra	aplnrb	arhgef7b	birc5a	brcc3	c1galt1la	c1galt1lb	calcrla	calcrlb	cald1b	ccbe1	cd93	cdh5	cds1	cds2	cemip2	cep41	clec14a	ctsz	cttnl	cxcl8a	cxcr3.1	dab2	dcbld2	dla	dll4	drosha	dyrk1aa	efnb2a	eif4e2	eng	engl	erg	etsrp	fbxw7	fermt2	fgf1a	fgf1b	fli1	fli1rs	flt1	flt4	fmnl3	fzd6	gdf2	gipc1	git1	gna13b	gsk3ba	hdac3	hdac6	hdac9b	hexb	hoxd4a	hs6st2	hspg2	htatip2	igfbp2a	iqsec1a	iqsec1b	ism1	itga2b	itga5	itgav	itgb8	kdr	kdrl	kif11	klf2a	kremen1	krit1	lpar1	lpar2a	lpar2b	lpar4	lpar6a	lpar6b	mcamb	meis1b	meis3	mt2	mtbl	nfkb2	ninj1	notch1a	notch1b	nrp1a	nrp1b	nrp2a	nrp2b	nrxn3a	nrxn3b	ntn1a	nup153	pald1a	pappa2	pdcd10a	pdcd10b	pdcl3	pdgfaa	pdgfab	pdgfba	pdgfbb	pdgfrb	peak1	phkg1a	pik3c2a	pknox1.1	pknox1.2	plcg1	pld1a	plekhg5a	plekhg5b	plpp1b	ppih	ppp1cab	ppp1cc	ppp4ca	prok2	prokr1a	ptprb	rab11a	rab13	rab5c	rack1	radil2a	ralbb	ramp2	rasip1	rnasel1	rnasel2	rnasel3	rnasel4	rnasel5	rnf213a	robo4	rps29	rspo1	s1pr1	sars1	sat1b	scg2b	shc1	slc39a5	smarcal1	sox17	sox18	spry2	srpx2	tal1	tars1	tbx16	tbx20	tbx4	tek	thsd7aa	tie1	trpc1	tspan12	unc45a	uqcrb	uxt	vap	vegfaa	vegfab	vegfc	vegfd	vhl	wdr43	wnk1a	wnk1b	wnt2bb	wnt5b	yy1a"
protein import into nucleus	GO:0006606	"cse1l	fam53b	fam53c	heatr3	hikeshi	ipo11	ipo13a	ipo13b	ipo4	ipo7	ipo8	ipo9	kpna1	kpna2	kpna3	kpna4	kpna5	kpna6	kpna7	kpnb1	kpnb3	nup107	nup133	nup153	nup155	nup188	nup50	nup62l	nup85	nup88	nup93	nup98	nutf2	nutf2l	pttg1ipa	pttg1ipb	ran	rpain	sec13	snupn	tnpo1	tnpo2a	tnpo2b	tnpo3	tpra	tprb	wu:fb30f12"
notochord morphogenesis	GO:0048570	"b4galt1	bmpr2a	bmpr2b	ccdc57	cfap20	col27a1a	col27a1b	col8a1a	crim1	dstyk	emilin3a	emilin3b	fal	fbn2b	gon4lb	lamc1	loxl5b	ngs	npc1	npc2.1	ppp1r35	stat3	tdgf1	ttll11	uts2r3	vangl2"
head development	GO:0060322	"acadvl	ccdc32	cep290	chd5	chd8	cldn7a	clpb	cnbpa	col8a1a	ctdnep1b	dvl2	eftud2	gabarapb	hup	kctd13	rbm47	rrp7a	sonb	trabd2a	wdr11"
notochord development	GO:0030903	"bmp2b	bmp4	cavin1b	ccn2a	cdh7a	chg	col11a1a	col11a1b	col2a1a	col2a1b	col8a1a	copa	copb1	copb2	ctps1a	ctps1b	dharma	dkk1b	drb	egfl6	fas	faslg	fgf8a	flw	foxh1	fstl1a	fstl1b	git	gno	gpc4	hjv	hps5	hup	igf2a	igf2b	lama1	lama4	lamb1a	lamc1	loxl1	loxl5b	mgt	mib1	mik	ndr2	not	noto	pappa2	pkd2l1	plod2	pro	scarb2a	slc2a10	smyhc1	sno	sp5l	tbx2b	tbxta	tdgf1	vangl2	vwa8	wnt3a	wnt8a	znf219	zyg11"
extracellular matrix organization	GO:0030198	"abi3bpa	adamts1	adamts10	adamts12	adamts13	adamts15a	adamts15b	adamts16	adamts17	adamts18	adamts2a	adamts3	adamts6	adamts8a	adamts9	adamtsl2	adamtsl3	adamtsl5	ap1s1	atp1a1a.1	b3gat3	ccdc80	ccdc80l1	ccdc80l2	col10a1a	col11a1b	col1a1a	col1a1b	col1a2	col22a1	col27a1a	col27a1b	col28a1a	col28a1b	col28a2a	col2a1a	col2a1b	col4a4	col4a5	col5a2b	col5a3a	col8a1a	col8a1b	col8a2	col9a1b	col9a2	col9a3	ecm2	ext2	fbln1	fkrp	gpc4	hmcn2	itgae.1	mia	mmp11a	mmp13a	mmp14a	mmp14b	mmp15a	mmp16b	mmp17b	mmp2	mmp20b	mmp21	mmp23bb	mmp24	mmp25b	mmp28	mmp30	mmp9	ndnf	otol1a	otol1b	paplna	paplnb	postnb	reck	scara3	si:ch211-267e7.3	si:dkey-6n6.1	slc35b2	spint1a	spint1b	tgfbi	uxs1	vangl2	zgc:113232	zmp:0000000760"
notochord formation	GO:0014028	"col8a1a	dharma	foxh1	lamb1a	ndr2	noto	pacsin3	tbxta"
10-formyltetrahydrofolate catabolic process	GO:0009258	"aldh1l1	aldh1l2"
biosynthetic process	GO:0009058	"aadat	accs	alas1	alas2	aldh1l1	aldh1l2	apmap	coasy	eif2b3	eif2b5	fasn	fdft1	fpgs	gart	gcat	gkup	gmppaa	gmppab	gmppb	got1	got1l1	got2a	got2b	gpt	gpt2	gptl	kyat1	kyat3.1	kyat3.2	mri1	mtfmt	ndufaf6	nmnat1	nmnat1-rbp7a	nmnat2	nmnat3	olah	pbld	pbld2	pcyt1aa	pcyt1ab	pcyt1ba	pcyt1bb	pcyt2	pmt	prps1a	prps1b	si:ch211-217a12.1	sptlc1	sptlc2a	sptlc2b	sptlc3	tat	zgc:136439	zgc:194209"
one-carbon metabolic process	GO:0006730	"ahcy	ahcyl1	ahcyl2a	ahcyl2b	aldh1l1	aldh1l2	fpgs	gnmt	mat1a	mat2aa	mat2ab	mat2al	mat2b	mthfd1a	mthfd1b	mthfd1l	mthfd2	mthfd2l	shmt1	shmt2"
retina development in camera-type eye	GO:0060041	"apc	apcdd1l	atoh7	atp6ap1b	atp6v0b	atp6v0ca	atp6v0d1	atp6v1e1b	atp6v1f	atp6v1h	cacnb2a	cad	cadm1a	cadm1b	cadm2b	cadm4	ccna2	cdc42	cdh11	cdh2	cdhr1a	cdk5r1b	cfs	chaf1b	chd7	chsy1	clcc1	cnnm4b	cux2b	dcaf8	dctn1a	dmap1	dmbx1a	dmbx1b	dnase1l1l	egr1	emc3	exoc5	f8	fat1b	fen1	fgf19	fgf3	fgf8a	gdf6a	get1	gjb1b	hbegfa	icn2	ift172	ift46	inpp5e	irx1a	irx7	itga5	itga6b	itgb1a	kif3b	kirrel1a	lamb2	lamb4	lbhl	lmx1ba	lmx1bb	mab21l2	map1ab	mcm2	mcm3	mmp2	mmp28	myo6b	nav1b	ndr2	nfat5b	nfyc	nphp1	nphs1	nrf1	obscnb	olfm1a	paics	pals1a	pals2b	pax10	pax2a	pax4	pax6a	pax6b	pcare1	pcdh17	pde6a	pde6b	per1b	plk1	polr3f	pomgnt2	popdc1	prkci	prpf3	prpf31	prpf4	psmd2	ptch1	ptpra	ran	ranbp9	rbp4l	rbpja	rdh5	rfc4	rfc5	rp1l1a	rp1l1b	rp2	rpgrb	rx3	seraf	sf1	si:dkey-92j12.5	slc12a5b	slitrk2	smarca5	smo	snx19a	snx5	sox10	sox9b	sptbn5	synj1	sypb	tdgf1	tfap2a	timp2b	trappc11	tyms	vax1	vax2	vps28	wt1b	xirp1	znf513a"
microtubule cytoskeleton organization	GO:0000226	"atat1	aurka	aurkb	bccip	calml4a	camsap1b	ccsapb	cdc14aa	cdc14ab	cetn2	cetn3	cetn4	cgnb	clasp2	dchs1b	dync1li1	dync1li2	efcab11	eml2	eml3	fignl1	gapdh	haus6	kifbp	map10	map1aa	map1ab	map1b	map1sa	map1sb	map4l	map6a	map6b	map6d1	map7a	map7b	map7d1a	map7d1b	map7d2a	map7d2b	map7d3	mark4b	nusap1	pard3ab	ppp2r3c	prc1a	prc1b	racgap1	si:ch211-114n24.6	si:ch73-281i18.3	si:ch73-281i18.4	si:ch73-281i18.6	si:ch73-281i18.7	sik3	spast	spata7	tacc3	tbcd	tbce	tbcelb	ttc28	ttl	ttll11	ttll2	ttll4	ttll7	ttll9	tuba1a	tuba1b	tuba1c	tuba2	tuba4l	tuba5	tuba8l2	tuba8l3	tuba8l4	tuba8l5	tubb1	tubb2	tubb4b	tubb4bl	tubb5	tubb6	tubd1	tube1	tubgcp2	tubgcp3	tubgcp4	tubgcp5	txndc9	zgc:55461	zgc:65894	zgc:86764"
glial cell development	GO:0021782	"apcdd1l	cacnb2a	cadm1a	cadm1b	cadm2b	cadm4	cdhr1a	cux2b	dcaf8	egr1	f8	fat1b	gjb1b	icn2	itga5	itga6b	itgb1a	kirrel1a	kmt2a	lamb2	lamb4	leo1	map1ab	mmp2	mmp28	myo6b	nav1b	nfat5b	nphp1	nphs1	pals2b	pax2a	seraf	slitrk2	smo	snx19a	sox10	sptbn5	sypb	timp2b	tuba8l3	wt1b	xirp1"
axonogenesis	GO:0007409	"agrn	alcama	aldoaa	als2a	aplp1	aplp2	appa	appb	ascc1	cdk5	chchd10	chodl	cln3	cnr1	cntn2	col6a2	col6a4a	col6a4b	ctnna2	dagla	dpysl2b	dpysl3	dusp26	elavl4	elp3	exosc3	exosc8	gap43	gba2	hmgn1b	isl1a	isl1b	isl2a	isl2b	kif22	lama1	map1ab	map1b	map1sa	map1sb	mfn2	nexmifa	olfm1a	optn	phox2bb	pitpnaa	plppr4a	pnpla6	ppp1r12a	prdm14	rab3aa	rab3ab	rapgef1a	rbm7	rgs4	rtn4a	ryk	sema6ca	shtn1	si:ch211-159i8.4	slitrk2	slitrk3a	slitrk3b	slitrk4	slitrk5b	slitrk6	smn1	snx27a	snx27b	spast	spg11	sqstm1	srrm4	tardbpa	tardbpb	trim46a	trip4	uba1	vwa1	washc5	zdhhc17	zfyve26	zfyve27	zgc:100846"
regulation of microtubule depolymerization	GO:0031114	"map1ab	map1b	map1sa	map1sb"
dendrite development	GO:0016358	"dcc	map1ab	map1b	map1sa	map1sb	mcf2a	nbeaa	ntn1a	ntn1b	ntn2	ntn5	scarf1	smn1	ulk2"
epidermal growth factor receptor signaling pathway	GO:0007173	"abl1	abl2	areg	bcar3	btc	epgn	garem	hbegfa	iqgap1	ptk2ba	ptk2bb	socs5b	src"
positive regulation of cell population proliferation	GO:0008284	"areg	bmp4	btc	cnot7	cntfr	cops9	crlf1a	crlf1b	csf3r	epgn	erbb2	erbb3b	erbb4a	fgf10a	fgf10b	fgf16	fgf17	fgf18a	fgf18b	fgf19	fgf1a	fgf1b	fgf2	fgf20a	fgf20b	fgf21	fgf22	fgf23	fgf24	fgf3	fgf4	fgf5	fgf6a	fgf6b	fgf8a	fgf8b	fgfr1a	fgfr1b	fgfr2	fgfr3	garem	gata3	ghra	ghrb	ghrhrl	hbegfa	igf1	igf3	il11ra	il12rb2	il13ra2	il23r	il34	il6st	jak2a	jak2b	jak3	kitlga	kitlgb	lepr	lifra	lifrb	lrrc14b	meis1a	meis1b	meis3	mib1	myca	mycb	mych	naa35	pax6a	pdf	pdgfaa	pdgfab	pdgfba	pdgfbb	pdgfc	prlra	ptk2aa	ptk2ab	ptk2ba	ptk2bb	romo1	rtkn2	s100b	slc35f6	spdya	tcf7l1a	tcf7l1b	tipin"
positive regulation of mitotic nuclear division	GO:0045840	"areg	btc	epgn	pmaip1"
fatty acid transport	GO:0015908	"crabp1a	crabp1b	crabp2a	crabp2b	fabp10a	fabp10b	fabp1a	fabp1b.1	fabp1b.2	fabp3	fabp4a	fabp4b	fabp6	fabp7a	fabp7b	mfsd2aa	mfsd2ab	rbp1.1	rbp1.2	rbp2a	rbp2b	rbp5	rbp7a	rbp7b"
negative regulation of endopeptidase activity	GO:0010951	"pcsk1nl	serpinb1	serpinb14	serpinb1l1	serpinb1l2	serpinb1l4	serpind1	serpine1	serpine2	serpine3	serpinf1	serpinf2a	serpinf2b	serpinh1a	serpinh1b	serpinh2	serpini1	zgc:173729"
mechanosensory lateral line system development	GO:0048881	lman2la
endoplasmic reticulum to Golgi vesicle-mediated transport	GO:0006888	"arcn1a	arcn1b	bcap29	bcap31	bet1	copa	copb1	copb2	cope	copg2	ergic1	ergic2	ergic3	golt1a	golt1ba	golt1bb	gosr1	ier3ip1	klhl12	lman2	lman2la	lman2lb	mia3	mppe1	pef1	preb	rabggta	rabggtb	rint1	sar1ab	sar1b	scfd1	sec13	sec22a	sec22ba	sec22bb	sec22c	sec23a	sec23b	sec24a	sec24b	sec24c	sec24d	sec31a	sec31b	si:ch211-225b10.3	si:ch211-255i20.3	si:dkey-9k7.3	spast	steep1	stx5a	surf4	tbc1d20	tex261	tfg	tmed10	tmed1a	tmed1b	tmed3	tmed4	tmed5	tmed6	tmed7	tmed9	trappc2	trappc2l	trappc3	trappc4	trappc5	trappc6b	trappc6bl	trip11	uso1	yif1a	yif1b	yipf4	yipf5	yipf6	ykt6	zgc:123321	zgc:63863	zw10"
positive regulation of steroid biosynthetic process	GO:0010893	cga
mRNA export from nucleus	GO:0006406	"alyref	chtopb	ddx39aa	ddx39ab	ddx39b	eif4ea	eny2	mcm3ap	nup107	nup85	nup88	nxf1a	nxf1b	sem1	si:dkey-17o15.2	si:dkeyp-97b10.3	thoc1	thoc2	thoc3	thoc5	thoc6	thoc7	tprb"
GPI anchor biosynthetic process	GO:0006506	"dpm1	dpm2	dpm3	mppe1	pgap1	pgap2	pgap3	pgap4	piga	pigb	pigc	pigf	pigg	pigh	pigk	pigl	pigm	pign	pigo	pigp	pigq	pigs	pigu	pigv	pigw	pigx	slc30a5"
cell surface receptor protein tyrosine kinase signaling pathway	GO:0007169	"alk	angpt1	angptl1a	cass4	csf1ra	csf1rb	ddr1	ddr2a	ddr2b	ddr2l	dok1a	dok1b	dok4	dok6	efs	egfra	ek1	epha2a	epha2b	epha3	epha4a	epha4b	epha4l	epha6	epha7	epha8	ephb2a	ephb2b	ephb3a	ephb4a	ephb4b	ephb6	erbb2	erbb3a	erbb3b	erbb4a	fgfr1a	fgfr2	fgfr3	fgfr4	flt1	flt3	flt4	fyna	fynb	gfra1a	gfra1b	gfra2a	gfra3	gfra4a	gfra4b	gfral	hck	igf1ra	igf1rb	insra	insrb	kdr	kdrl	kita	kitb	lck	lcp2b	ltk	mertka	met	mst1ra	mst1rb	musk	nedd9	ngfa	ngfb	ntrk1	ntrk2a	ntrk2b	ntrk3a	ntrk3b	pdgfra	pdgfrb	ptk6b	ret	ror1	ror2	ros1	ryk	samd10a	samd10b	si:ch73-340m8.2	si:ch73-383l1.1	srms	tek	tyro3	yes1	yrk"
Ras protein signal transduction	GO:0007265	"brap	dok1a	dok1b	hrasa	hrasb	kras	mapkapk5	nras	ralaa	ralab	ralba	ralbb	ralgps1	ralgps2	rapgef5b	rapgefl1	rasgef1ba	rasgef1bb	rasgrf2b	rasgrp3	rassf1	rgl1	rit1	shtn1	sos1	sos2	usp8	zgc:55558"
primitive erythrocyte differentiation	GO:0060319	"actr2b	ash2l	cdan1	chd7	chrac1	cicb	dok2	epc2	gfi1aa	hdac9b	kat5a	kdm6bb	klf1	meis1b	numb	numbl	phf8	prdm12b	prdm15	smarca1	tet2	tspo"
intracellular signal transduction	GO:0035556	"abr	adcy1a	adcy1b	adcy2a	adcy2b	adcy3a	adcy5	adcy6a	adcy6b	adcy7	adcy8	adcy9	akt2	akt3b	arhgef1	arhgef11	arhgef3	arhgef38	arhgef3l	arhgef4	arhgef5	arhgef7a	arhgef7b	asb1	asb10	asb11	asb12a	asb13a.1	asb13a.2	asb13b	asb14a	asb14b	asb15a	asb15b	asb16	asb18	asb2a.1	asb2a.2	asb2b	asb3	asb5a	asb5b	asb6	asb7	asb8	bcr	btk	cab39	cab39l	cab39l1	camk4	cisha	cishb	dapk1	dapk2a	dapk2b	dapk3	dcdc2b	dclk1a	dclk2a	dclk2b	depdc1a	depdc1b	depdc5	depdc7a	depdc7b	deptor	dgkaa	dnmbp	dvl1b	dvl2	dvl3a	dvl3b	ect2	fbxo46	gc2	gpr155a	gtf2h4	gucy1a1	gucy1a2	gucy1b1	gucy1b2	gucy2ca	gucy2cb	gucy2d	gucy2f	gucy2g	irak1	irak3	itk	itsn1	itsn2a	jak1	jak2a	jak2b	jak3	kalrnb	kctd9a	lcp2b	lrrc28	lrrc39	lrrc40	lrrc58a	lrrc58b	lrrc59	lrrc69	lrrc8aa	lrrc8ab	lrrc8c	lrrc8da	lrrc8db	mak	map3k1	map3k2	map3k22	map3k3	map4k2	map4k3b	mapk1	mapk11	mapk12a	mapk12b	mapk13	mapk14a	mapk14b	mapk3	mapk4	mapk6	mapk7	mapkapk2a	mapkapk2b	mapkapk3	mark1	mark4b	mast2	mastl	mcf2a	mcf2l2	mcf2la	mcf2lb	meak7	mfhas1	mknk2a	mknk2b	myo9aa	myo9ab	myo9b	net1	neurl2	nim1ka	nim1kb	nlk1	nlk2	nod2	npr1a	npr1b	npr2	nrbp1	nrg1	nrg2b	nrg3b	oxsr1a	oxsr1b	pag1	pak2a	pak2b	pak4	pak6b	pask	pdpk1a	pdpk1b	pikfyve	pkn1b	pkn2a	pkn2b	pkn3	plcb1	plcb1l	plcb2	plcb3	plcb4a	plcb4b	plcd1a	plcd1b	plcd3a	plcd3b	plcd4a	plcd4b	plce1	plcg1	plcg2	plch1	plch2a	plch2b	plcl1	plcl5	pld1a	pld1b	pld2	plek	plek2	ppp1r1b	ppp1r1c	ppp1r2	prex1	prex2	prkcaa	prkcba	prkcbb	prkcda	prkcdb	prkcea	prkceb	prkcha	prkchb	prkci	prkd1	prkd3	prkd4	rab40b	rab40c	rapgef3	rapgef4a	rapgef4b	rapgef5b	rasa2	rasa3	rasa4	rasgrf1	rgs11	rgs6	rgs7a	rgs7b	rgs9a	rgs9b	rp1l1a	rp1l1b	rps6ka2	rps6ka3a	rps6ka3b	rps6ka4	rps6ka5	rps6kal	sgk1	sgk2a	sgk3	sh2b1	sh3bp5a	sh3bp5b	sh3bp5la	sh3bp5lb	shc1	shc2	shc3	shoc2	si:ch211-106h11.1	si:ch211-132f19.7	si:ch211-195b13.1	si:ch211-265o23.1	si:ch73-60h1.1	si:dkey-206f10.1	si:dkey-37g12.1	si:dkey-70p6.1	si:dkey-91m11.5	si:dkeyp-97e7.9	si:zfos-323e3.4	si:zfos-588f8.1	sik1	sik2a	sik2b	sik3	slka	slkb	smad2	socs1b	socs2	socs3a	socs3b	socs4	socs5a	socs5b	socs6a	socs6b	socs7	socs9	spsb4b	srpk1a	stk10	stk17a	stk17al	stk17b	stk24a	stk24b	stk26	stk3	stk38a	stk38l	syk	tec	tiam1a	tiam1b	tiam2a	tlk1a	tlk1b	tlk2	tyk2	vav2	vav3b	wnk1a	wnk4b	wnt11f2	wsb1	wsb2	zap70	zgc:171775"
DNA replication	GO:0006260	"blm	cdc45	cdc6	chaf1a	chtf8	ddx11	dna2	dscc1	dtl	fam111.2	fen1	gins1	gins2	gins3	gins4	kin	lig1	lig3	lrwd1	mcm10	mcm2	mcm3	mcm3l	mcm4	mcm5	mcm6	mcm6l	mcm7	mcm8	mcmbp	nfia	nfic	nfixa	nfixb	orc1	orc2	orc3	orc4	orc5	orc6	pcna	pola1	pola2	polb	pold1	pold2	pold3	pold4	pole	pole2	polg	poln	polq	prim1	prim2	rbb4l	rbbp4	recql	recql4	rfc1	rfc2	rfc3	rfc4	rfc5	rmi1	rpa1	rpa2	rpa3	rtel1	samhd1	sde2	slx4	ssbp1	ssrp1a	ssrp1b	sulf2b	supt16h	tatdn1	ticrr	top1a	top1mt	twnk	wrn	wrnip1	zgc:110269"
negative regulation of Notch signaling pathway	GO:0045746	"arrb1	bloc1s2	chac1	crb2a	dla	dlb	dlc	dld	dlk2	dll4	fbxw7	gpr183a	hif1an	mettl3	nedd4a	neurod1	nlk1	numbl	ptbp1a	si:ch211-194k22.8	tcima	uxt	ythdf2"
endothelial to hematopoietic transition	GO:0098508	"adora2b	arrb1	cxcl8a	f2r	gpr183a	ifng1	ifngr1	mecom	mettl3	nedd4a	runx1	tet2	tet3	ythdf2"
protein ubiquitination	GO:0016567	"anapc11	anapc16	anapc7	ankib1a	ankib1b	arih1	arih1l	arih2	asb1	asb10	asb11	asb12a	asb12b	asb13a.1	asb13a.2	asb13b	asb14a	asb14b	asb15a	asb15b	asb16	asb18	asb2a.1	asb2b	asb3	asb4	asb5a	asb5b	asb6	asb7	asb8	brap	btr09	btr20	btr22	btr26	btr31	btr32	cand1	cand2	cbl	cblb	cblc	cbll1	ccnf	cdc16	cdc23	cdc27	chfr	cisha	cishb	cnot4a	cnot4b	crbn	cul1a	cul1b	cul2	cul3a	cul3b	cul4a	cul4b	cul5a	cul5b	dcaf1	dcaf11	dcaf12	dcaf13	dcaf15	dcaf17	ddb1	ddb2	det1	dtex3lb.1	dtx1	dtx2	dtx3	dtx3la	dtx3lb.2	dtx3lb.3	dtx4a	dtx4b	e4f1	eipr1	enc2	fbxl14a	fbxl14b	fbxl15	fbxl5	fbxl7	fbxo25	fbxo31	fbxo32	fbxo43	fbxo45	fbxo48	fbxo5	fbxo9	fbxw11a	fbxw11b	fbxw5	fem1a	fem1c	ftr14	ftr78	ftr79	hace1	hectd1	hecw1b	hecw2a	hecw2b	herc2	herc3	herc4	huwe1	im:7152348	isg15	kctd10	kctd13	kctd6b	keap1a	keap1b	klhl13	klhl15	klhl17	klhl20	klhl21	klhl3	klhl36	klhl7	lnx2b	ltn1	marchf11	marchf2	marchf4a	marchf4b	marchf8	marchf9	mdm4	med8	mgrn1a	mgrn1b	mib1	mib2	mkrn1	mkrn2	msl2a	msl2b	mul1	mul2	mul3	mycbp2	mylipa	mylipb	nedd4a	nedd4l	neurl2	parp2	pcnp	pdzrn3a	pdzrn3b	pex2	ppil2	ppp1r11	prkn	prpf19	rab40b	rab40c	rbbp6	rbx1	rchy1	rfwd3	rlim	rnf103	rnf115a	rnf115b	rnf126	rnf14	rnf144aa	rnf144ab	rnf144b	rnf168	rnf169	rnf170	rnf181	rnf182	rnf183	rnf19a	rnf19b	rnf2	rnf20	rnf217	rnf25	rnf26	rnf40	rnf41	rnf44	rnf5	rnf7	rnf8	rnft1	rps27a	sh3rf1	sh3rf2	shrprbck1r	si:busm1-163l24.3	si:ch211-244b2.3	si:ch211-278j3.3	si:ch211-59o9.10	si:ch73-335l21.4	si:dkey-3h3.3	si:rp71-68n21.9	siah1	siah2l	skp1	smurf1	smurf2	socs1a	socs1b	socs2	socs3a	socs3b	socs4	socs5a	socs5b	socs6a	socs6b	socs7	socs9	spop	spopla	spoplb	spsb1	spsb3a	spsb4a	spsb4b	stub1	syvn1	tiparp	tmem129	tnfaip1	traf4b	traf6	traip	trim33	trim35-1	trim35-28	trim35-31	trim35-4	trim35-40	trim37	trip12	ttc3	tulp4a	uba1	uba52	uba6	uba7	ubac1	ubb	ubc	ube2z	ube4a	ube4b	ubox5	ubr1	ubr2	ubr3	uhrf1	uvssa	vcp	vcpip1	vhl	vhll	wdr32	wdsub1	zbtb16a	zgc:101783	zgc:158785	zgc:165481	zgc:173581	znf598	znrf3"
ubiquitin-dependent protein catabolic process	GO:0006511	"amfra	amfrb	anapc11	anapc2	ankib1a	ankib1b	arih1	arih1l	arih2	bag6l	bap1	cacul1	cdc34a	cdc34b	chfr	cops3	cul1a	cul1b	cul2	cul3a	cul3b	cul4a	cul4b	cul5a	cul5b	dtl	eloca	elocb	fbxo10	fbxo11a	hace1	hectd1	hecw2a	herc3	herc4	herpud1	itcha	itchb	keap1a	keap1b	klhl3	kremen1	mdm2	mkrn2	mylipa	mylipb	ndfip1	ndfip1l	ndfip2	nedd4a	nedd4l	nploc4	ppp1r11	prkn	psma1	psma2a	psma2b	psma3	psma4	psma5	psma6a	psma6b	psma6l	psma8	psmd11a	psmd11b	psmd13	psmd3	psmf1	rbbp6	rbx1	rc3h1a	rc3h2	rchy1	rlim	rnf114	rnf11a	rnf11b	rnf128a	rnf13	rnf14	rnf144aa	rnf144ab	rnf144b	rnf146	rnf150a	rnf150b	rnf166	rnf167	rnf168	rnf185	rnf19a	rnf19b	rnf213a	rnf213b	rnf217	rnf25	rnf26	rnf5	rnf7	rnf8	si:ch211-207l14.1	si:ch211-212k18.15	si:ch211-278j3.3	si:ch211-284e13.9	si:ch211-59o9.10	siah1	siah2l	skp1	smurf1	smurf2	syvn1	tollip	trip12	trpc4apa	trpc4apb	uba1	uba6	uba7	ube2d1a	ube2d1b	ube2d2	ube2d2l	ube2d3	ube2d4	ube2g2	ube2h	ube2l3a	ube2l3b	ube2r2	ube2s	ube3a	ube3b	ube3c	ube4a	ube4b	ubl7a	ubqln4	uchl1	uchl3	uchl5	ufd1l	uhrf1	usp38	wdr81	wwp2	znrf3"
N-glycan processing	GO:0006491	"engase	ganabb	hexa	man2a1	st8sia1	st8sia2	st8sia3	st8sia4	st8sia6	st8sia7.1"
lipid metabolic process	GO:0006629	"aacs	aadac	aasdh	abhd11	abhd12	abhd15a	abhd2a	abhd2b	abhd5a	acaca	acacb	acad11	acad8	acat1	acer1	acer2	acer3	aclya	aclyb	acox1	acsbg1	acsbg2	acsf2	acsf3	acsl1a	acsl1b	acsl2	acsl3a	acsl3b	acsl4a	acsl4b	acsl5	acsl6	acsm3	acss1	acss2	acss2l	acss3	agk	agmo	agpat2	agpat3	agpat4	agpat5	agpat9l	agps	aldh3a2a	aldh3a2b	alox12	alox5a	alox5b.1	alox5b.2	alox5b.3	angptl3	angptl4	aox6	apoa1a	apoa1b	apoba	apoc2	apoda.1	apoda.2	apodb	arv1	asah1a	asah1b	asah2	atg4a	b3gnt5a	b4galt3	b4galt5	bcat2	bdh2	bscl2	bscl2l	cbr4	cdipt	cds1	cds2	cept1a	cept1b	cers2a	cers2b	cers3a	cers3b	cers4a	cers4b	cers5	cers6	cetp	ch25h	ch25hl1.1	ch25hl1.2	ch25hl2	chpt1	cnep1r1	cpt1a2b	cpt1aa	cpt1ab	cpt1b	cpt2	crls1	crot	csf1ra	ctu1	cyb5r2	cyb5r3	cyp11a1.1	cyp11a1.2	cyp26a1	cyp26b1	cyp27c1	cyp39a1	cyp51	cyp7a1	cyp7a1b	cyp7b1	cyp8b1.1	cyp8b1.2	cyp8b1.3	dagla	daglb	decr2	degs1	degs2	dgat2	dgkaa	dgkab	dgkb	dgke	dgkh	dgki	dgkza	dgkzb	dhcr7	dpep1	ebp	ech1	echdc3	ehhadh	elovl1a	elovl1b	elovl2	elovl4a	elovl4b	elovl5	elovl6	elovl6l	elovl7a	elovl7b	elovl8a	elovl8b	enpp6	ephx5	erlin1	faah2a	faah2b	fads2	fads6	far1	fasn	fitm2	fmo5	ft1	ft2	fuca1.1	fuca1.2	fut9a	fut9b.1	fut9b.2	fut9b.3	fut9b.4	fut9b.5	fut9b.6	fut9d	galca	galcb	gba1	gba2	gde1	gdpd1	gdpd2	gdpd3a	gdpd3b	gdpd4a	gdpd4b	gdpd5a	gdpd5b	gla	gnpat	gnpat2	gpam	gpat2	gpat3	gpat4	gpcpd1	hacd1	hacd2	hacd3	hacd4	hadhaa	hadhab	hmgcll1	hmgcra	hmgcrb	hmgcs1	hpgd	hsd11b2	hsd17b12a	hsd17b12b	hsd17b3	hsd17b4	hsd17b8	hsd20b2	iah1	ilvbl	inpp5b	inppl1b	insig1	insig2	kdsr	lbr	lcat	lclat1	ldlra	lepa	lepb	lipca	lipea	lipeb	lipf	lipg	lipia	lipib	lpcat1	lpcat2	lpcat3	lpcat4	lpgat1	lpla	mboat7	mbtps1	mbtps2	meak7	mecr	msmo1	mtm1	mtmr1a	mtmr1b	mtmr2	mtmr3	mtmr4	mtmr6	mtmr7a	mtmr7b	mtmr8	mttp	mvda	mvk	naga	napepld	nceh1b.1	ndufab1a	ndufab1b	neu1	neu3.1	neu3.2	neu3.3	neu3.4	neu3.5	neu4	nfe2l1a	nfe2l1b	nkl.1	nkl.2	nkl.3	nkl.4	npc1	npc2.1	nr1h3	ocrl	olah	oma1	oxsm	pcca	pcsk9	pcyt1aa	pcyt1ab	pcyt1ba	pcyt1bb	pcyt2	pecr	pemt	pgs1	pi4k2a	pi4k2b	pi4kb	pik3c2a	pik3c2b	pik3c2g	pip4k2ca	pisd	pla1a	pla2g10	pla2g15	pla2g1b	pla2g4aa	pla2g4ab	pla2g4cl1	pla2g4f.1	pla2g4f.2	pla2g6	pla2g7	plaat1	plb1	plbd1a	plbd1b	plbd2	plcb1	plcb1l	plcb2	plcb3	plcb4a	plcb4b	plcd1a	plcd1b	plcd3a	plcd3b	plcd4a	plcd4b	plce1	plcg1	plcg2	plch1	plch2a	plch2b	plcl1	plcl5	plcxd1	plcxd2	plcxd3	pld1a	pld1b	pld2	pld6	plin1	plpp1a	plpp6	pm20d1.1	pm20d1.2	pmvk	pnpla1	pnpla2	pnpla3	pnpla4	pnpla6	pnpla7b	pnpla8	prdx6	prkaa1	prkaa2	prkab1a	prkab1b	prkag1	prkag2a	prkag2b	prkag3b	prxl2b	psap	ptdss1a	ptdss1b	ptdss2	ptena	ptenb	ptges	ptges3a	ptges3b	ptgesl	ptgis	ptgr1.1	ptgr1.2	ptgs1	ptgs2a	ptgs2b	ptpmt1	rab7a	rdh10b	retsat.2	rnf213a	samd8	sc5d	scap	scd	scdb	selenoi	serac1	serinc5	sftpbb	sgms1a	sgms1b	sgms2a	sgms2b	si:ch1073-145m9.1	si:ch1073-429i10.1	si:ch1073-440p11.2	si:ch211-210c8.6	si:ch211-256m1.8	si:ch73-55i23.1	si:dkey-152b24.6	si:dkey-152b24.7	si:dkey-172j4.3	si:dkey-239i20.2	si:dkey-266f7.9	si:dkey-66a8.7	si:dkey-97m3.1	slc27a1a	slc27a1b	slc27a2a	slc27a4	slc27a6	smpd1	smpd2a	smpd2b	smpd3	smpd4	smpd5	sptssa	sptssb	srd5a1	srd5a2a	srd5a2b	srd5a3	srebf2	st6galnac3	st6galnac4	st6galnac5a	st6galnac5b	st6galnac6	st8sia1	st8sia7.1	st8sia7.2	sult1st2	sult1st3	synj1	tafazzin	tamm41	tecra	tecrb	tecrl2a	tecrl2b	them4	tm7sf2	tmem269	tmem43	ugcg	zgc:101540	zgc:101699	zgc:112023	zgc:113054	zgc:152891	zgc:158482	zgc:165582	zgc:174938	zgc:56585	zgc:64065	zgc:92749"
protein glycosylation	GO:0006486	"alg1	alg11	alg2	alg3	b3galnt2	b3galt10.1	b3galt10.2	b3galt11	b3galt1a	b3galt2	b3galt6	b3galt8	b3gat1a	b3gat1b	b3gat2	b3gat3	b3gnt2a	b3gnt2b	b3gnt2l	b3gnt3.1	b3gnt3.2	b3gnt3.3	b3gnt3.4	b3gnt5a	b3gnt5b	b3gnt7	b3gnt7l	b3gnt9	b4galt2	b4galt3	b4galt4	b4galt5	b4galt6	b4galt7	b4gat1	c1galt1a	c1galt1b	c1galt1la	c1galt1lb	ctu1	dpm2	dpm3	ext1a	ext1b	ext1c	ext2	extl2	extl3	fktn	ft1	ft2	fut10	fut11	fut7	fut8a	fut8b	fut9a	fut9b.1	fut9b.2	fut9b.3	fut9b.4	fut9b.5	fut9b.6	fut9d	gcnt4a	gmppb	im:7160088	large1	large2	mgat1a	mgat1b	mgat4b	nus1	ogt.2	ostc	pomgnt1	pomgnt2	rpn1	si:ch1073-440p11.2	si:dkey-160o24.3	si:dkey-175m17.6	si:dkey-199f5.8	st3gal1	st3gal1l	st3gal1l2	st3gal1l3	st3gal2	st3gal3a	st3gal3b	st3gal4	st3gal5	st3gal7	st3gal8	st6gal1	st6gal2a	st6gal2b	st6galnac	st6galnac1.1	st6galnac1.2	st6galnac2	st6galnac3	st6galnac4	st6galnac5a	st6galnac5b	st6galnac6	st8sia1	st8sia2	st8sia3	st8sia4	st8sia5	st8sia6	st8sia7.1	st8sia7.2	stt3a	stt3b	uggt1	uggt2	zgc:162952	zgc:165582	zgc:194679"
oligosaccharide metabolic process	GO:0009311	"gla	mogs	naga	st6galnac3	st6galnac4	st6galnac5a	st6galnac5b	st8sia1	st8sia2	st8sia3	st8sia4	st8sia6	st8sia7.1"
sphingolipid metabolic process	GO:0006665	"acer1	arv1	asah1a	asah1b	asah2	b4galt5	cerkl	galca	galcb	gba1	kdsr	psap	samd8	sftpba	sftpbb	sgms1a	sgms1b	sgms2a	sgms2b	smpd2a	smpd2b	smpd3	smpd5	sptssa	sptssb	st8sia1	st8sia7.1	st8sia7.2	ugcg"
glycolytic process	GO:0006096	"adpgk	adpgk2	aldoaa	aldoab	aldob	aldoca	aldocb	bpgm	dhtkd1	eno1a	eno1b	eno2	eno3	eno4	gapdh	gapdhs	gck	gpia	gpib	hk1	hk2	hkdc1	insra	insrb	pfkla	pfklb	pfkma	pfkmb	pfkpa	pfkpb	pgam1a	pgam1b	pgam2	pgk1	pklr	pkma	pkmb	tpi1a	tpi1b"
positive regulation of transcription elongation by RNA polymerase II	GO:0032968	"brd4	cdc73	cdk12	cdk13	cdk9	ell	ell2	gtf2f1	leo1	si:ch211-13k12.2	supt5h	supt6h	zgc:154006"
transcription initiation at RNA polymerase II promoter	GO:0006367	"ercc3	gtf2a1	gtf2a1l	gtf2a2	gtf2e1	gtf2e2	gtf2f1	gtf2f2a	gtf2f2b	gtf2h5	polr2g	polr2i	si:dkey-219c3.2	taf10	taf11	taf2	taf4a	taf5	taf6	taf6l	taf7	taf8"
long-chain fatty acid import into cell	GO:0044539	"cd36	slc27a1a	slc27a1b	slc27a2a	slc27a4	slc27a6	spx	zgc:101540	zgc:158482"
long-chain fatty acid metabolic process	GO:0001676	"acsl1a	acsl1b	acsl3a	acsl3b	acsl4a	slc27a1a	slc27a1b	slc27a2a	slc27a4	slc27a6	zgc:101540	zgc:158482"
medium-chain fatty acid transport	GO:0001579	"mttp	slc27a1a	slc27a1b	slc27a4"
positive regulation of Rho protein signal transduction	GO:0035025	"abraa	abrab	f2rl1.1	f2rl1.2	si:dkey-29b11.3"
blood coagulation	GO:0007596	"enpp4	f10	f2	f2r	f2r2.1	f2r2.2	f2rl1.1	f2rl1.2	f2rl2	f3a	f3b	f5	f7	f7i	f7l	f8	f9a	f9b	f9bl	fanca	fga	fgb	fgg	fgl1	fgl1b	g6fl	gp1ba	gp1bb	habp2	itga2b	mylka	nfe2	p2ry12	plg	prkcaa	prkcbb	proca	pros1	proza	prozb	prrg1	prrg4	rad51c	serpina10a	serpina10b	serpind1	si:dkey-163m14.2	si:dkey-163m14.6	tfpi2	tfpia	thbd	vkorc1	vwf"
thrombin-activated receptor signaling pathway	GO:0070493	"f2r	f2r2.1	f2r2.2	f2rl1.1	f2rl1.2	f2rl2	si:dkey-163m14.2	si:dkey-163m14.6"
positive regulation of ERK1 and ERK2 cascade	GO:0070374	"adcyap1a	adcyap1b	alkal1	alkal2a	alkal2b	apela	arrb2a	bmp5	c5ar1	cd44a	cd74a	cd74b	cds1	cds2	crkl	dstyk	f2rl1.1	f2rl1.2	fgfr4	garem	gpr183a	pde8a	pdgfaa	pdgfab	pdgfba	pdgfbb	pdgfc"
regulation of negative chemotaxis	GO:0050923	f2rl1.1
neutral amino acid transport	GO:0015804	"slc38a2	slc43a1a	slc43a1b	slc43a2b	slc6a19a.1	slc6a19a.2	slc6a19b	slc7a5	slc7a6	slc7a8a"
sodium ion transmembrane transport	GO:0035725	"asic1a	asic1b	asic1c	asic2	asic4a	asic4b	hcn1	hcn3	scn1ba	scn1bb	scn1laa	scn1lab	scn3b	scn4aa	scn4ab	scn5lab	scn8aa	si:ch211-117c9.5	si:ch211-132b12.1	si:ch211-132b12.2	si:ch211-132b12.3	si:ch211-132b12.6	si:ch211-225b11.1	si:ch211-225p5.8	si:ch211-283g2.1	slc12a10.2	slc12a2	slc12a3	slc6a11a	slc6a14	slc6a15	slc6a16b	slc6a17	slc6a18	slc6a19a.1	slc6a19a.2	slc6a19b	slc6a1a	slc6a1b	slc6a2	slc6a22.1	slc6a22.2	slc6a3	slc6a4a	slc6a4b	slc6a5	slc6a6a	slc6a6b	slc6a7	slc6a9	slc8a1a	slc8a1b	slc8a4a	slc8a4b	tpcn2	tpcn3	zgc:158427"
regulation of cellular defense response	GO:0010185	"si:ch1073-376c22.1	si:ch211-215k15.4	si:ch73-359m17.2	zgc:171424"
regulation of complement activation, lectin pathway	GO:0001868	"si:ch1073-376c22.1	si:ch211-215k15.4	si:ch73-359m17.2	zgc:171424"
anatomical structure morphogenesis	GO:0009653	"aebp1a	aebp1b	afg2a	afg2b	afg3l1	afg3l2	allc	anapc10	ankrd11	armc5	atad1a	atad1b	atad2b	atad3	atad5a	atad5b	atoh8	bcs1l	btbd9	cdc42l	cdc6	chtf18	clpb	clpxa	clpxb	cntnap1	cntnap2a	cntnap2b	cntnap3	cntnap5a	cntnap5b	cntnap5l	cpxm1a	cpxm1b	cpxm2	dcbld1	ddr1	ddr2a	ddr2b	ddr2l	edil3a	edil3b	egr2a	egr2b	egr3	egr4	ek1	epha2a	epha2b	epha4a	epha4b	epha8	ephb3a	ephb4a	f5	f8	fbn2b	fbxo2	fbxo44.1	fbxo44.3	fbxo44.5	fbxo44.7	fbxo44.9	fbxo6.2	fbxo6.3	fezf1	fezf2	fign	fignl1	foxa	foxa1	foxa2	foxa3	foxb1a	foxb1b	foxc1a	foxc1b	foxd1	foxd2	foxd3	foxd5	foxd7	foxe3	foxh1	foxi1	foxi2	foxi3a	foxi3b	foxl1	foxl2a	foxl2b	foxl2l	foxl3	foxq1a	foxq1b	foxq2	fras1	frem1a	frem1b	frem2a	frem2b	frem3	furinb	glb1	glb1l	gusb	hectd1	hectd3	herc2	hspb11	katna1	katnal1	katnal2	klf10	klf11a	klf11b	klf12a	klf12b	klf13	klf15	klf17	klf3	klf4	klf5a	klf5b	klf5l	klf6b	klf7a	klf9	lonp1	lonp2	magl	manba	mfge8a	mfge8b	mkln1	mycbp2	myrf	nav2a	nav2b	nav3	nccrp1	ndufaf1	nfat5a	nfat5b	nfatc2a	nfatc2b	nfatc3a	nfatc3b	nfatc4	nfkb1	nprl3	nr2c2ap	nsfb	nvl	orc1	pcsk1	pcsk2	pcsk5a	pcsk5b	pcsk6	pcsk7	pex1	pex6	pithd1	pitx1	pitx2	pitx3	piwil1	plxnb2a.2	plxnb2a.3	pou5f3	psmc1a	psmc1b	psmc2	psmc4	psmc5	psmc6	rbpjl	rel	rela	relb	rfc1	rfc2	rfc4	rfc5	rs1a	rs1b	runx2a	runx2b	sema4bb	sema4f	si:ch1073-376c22.1	si:ch211-117k10.3	si:ch211-215k15.4	si:ch211-284e13.5	si:ch73-359m17.2	si:ch73-40a2.1	si:dkey-210j14.3	si:dkey-224e22.2	si:dkey-34d22.1	si:dkeyp-113d7.10	si:rp71-45k5.2	sid4	smad1	smad2	smad3a	smad3b	smad5	smad6b	smad7	smad9	sp1	sp2	sp3a	sp3b	sp6	sp8a	sp8b	spg7	sspo	stat1a	stat1b	stat2	stat5a	stat5b	stat6	suco	tbr1a	tbr1b	tbx1	tbx15	tbx16l	tbx1l	tbx20	tbx21	tbx2a	tbx3a	tbx5a	tp53	trip13	txnl1	vps4a	wrnip1	wt1a	wt1b	wu:fb44c10	wu:fc31d10	xndc1	xrcc1	yme1l1a	yme1l1b	zfpm1	zfpm2a	zfpm2b	zgc:110249	zgc:110821	zgc:113090	zgc:113135	zgc:113265	zgc:113372	zgc:113377	zgc:113424	zgc:136908	zgc:153115	zgc:153738	zgc:158517	zgc:165514	zgc:171424	zgc:171435	zgc:173615	zgc:174268	zgc:66443	znf1069	znf1076	znf1157	znf281a	znf281b	znf362a	znf362b	znf367	znf410	znf740a	zzef1"
biological_process	GO:0008150	"abcf2b	abhd10b	abhd14b	abhd18	abhd6b	abi3a	abi3bpb	acbd4	acbd7	actmap	afap1l1a	afap1l1b	ammecr1	and4	ankef1b	ankrd12	ankrd13b	ankrd16	ankrd22	ankrd29	ankrd31	ankrd45	ankrd50	ankrd52a	ankrd54	anks3	anks4b	apoc4	arglu1a	arglu1b	arl6ip6	armc7	asgr1a	aspscr1	atp5mj	atxn7l2a	atxn7l2b	baalca	baz1a	baz2a	bcl7a	bcl7ba	bcl7bb	bhik	bmerb1	bola3	borcs7	brox	bsdc1	btf3l4	btr06	c1qtnf4	c2cd2l	cabcoco1	camlg	card19	cavin2b	cbln1	cbln10	cbln2b	cbln4	cbln8	cbln9	cbwd	ccdc102a	ccdc106a	ccdc106b	ccdc12	ccdc120b	ccdc137	ccdc146	ccdc149a	ccdc149b	ccdc170	ccdc187	ccdc191	ccdc24	ccdc34	ccdc3b	ccdc43	ccdc51	ccdc62	ccdc6a	ccdc6b	ccdc77	ccdc82	ccdc85a	ccdc85al	ccdc87	ccdc9	ccdc92	cdcp1a	cdk2ap2	cdk5rap2	cdpf1	cdr2l	cenatac	cep112	cep170ab	cep44	cep97	ces2a	cfap100	cfap20dc	cfap300	cfap36	cfap58	cfap96	cfap97	cfh	cfhl1	cfhl2	chchd7	chtopa	chtopb	cimap1b	cimip2b	cinp	cisd1	ckap4	clasrp	cldn8.1	cldnd1a	cldnd1b	clec19a	cmc1	cmtm3	cmtm4	cmtm7	cmya5	cnfn	commd10	commd2	commd4	commd5	commd8	commd9	cracr2b	crispld1b	crp4	crp5	crp7	crybg1a	crygm2d4	csf1b	csmd1a	cstpp1	cuedc1a	cuedc1b	dbi	dcaf5	dennd2db	dexi	dgcr2	dgcr6	dipk1aa	dipk1c	dmac2l	dok1b	dok4	dok6	dpcd	drc12	drc3	dxo	eea1	eeig1b	eeig2a	efcab6	egfem1	elna	elnb	emc8	emc9	erich3	eva1bb	faf2	fam107b	fam110b	fam114a1	fam117ab	fam120a	fam131aa	fam131ab	fam131c	fam133b	fam136a	fam149b1	fam151b	fam167aa	fam167ab	fam168b	fam177a1	fam184aa	fam189a1	fam189a2	fam193a	fam199x	fam204a	fam210ab	fam210b	fam219aa	fam219b	fam222aa	fam234b	fam241a	fam43a	fam78aa	fam78ab	fam83gb	fam8a1b	fam98b	fbxo16	fbxo36b	fhad1	fhip2a	fhip2b	fibpa	filip1l	fndc3ba	frmd7	frs2b	fsaf1	fsip1	ftr65	ftr81	gatd3	gcnt4b.2	ggnbp2	ghdc	gid4	gigyf1a	gigyf2	gipc3	glg1b	glipr1b	glipr2l	glmnb	glod4	glod5	gnb1l	golim4b	gpalpp1	gpank1	gpatch11	gpatch4	gpr160	grwd1	gsg1l	gtf3ab	gtf3c4	gtse1	gucd1	gulp1b	hapstr1a	heatr6	hebp2	hepacama	hsd3b	hspbap1	ier5	ier5l	iffo1b	igsf3l	im:2602150	im:3713808	im:3815824	im:4467760	im:4729039	im:4729603	im:4787610	im:4789589	im:5080974	im:5159996	im:5377142	im:5412798	im:5546437	im:5601064	im:5602464	im:5628345	im:5628653	im:5632754	im:5816765	im:5911856	im:6791050	im:6791170	im:6801444	im:6805548	im:6891751	im:6892093	im:6892375	im:6894471	im:6894660	im:6895049	im:6896270	im:6897534	im:6899605	im:6901549	im:6901619	im:6901707	im:6901974	im:6903306	im:6903584	im:6906574	im:6908257	im:6908806	im:6909183	im:6909591	im:6909715	im:6910558	im:6911237	im:6911241	im:6911381	im:6911407	im:6911434	im:6911461	im:6911506	im:6911596	im:6911611	im:6911620	im:6911658	im:6911660	im:6911767	im:6911770	im:6911857	im:6911881	im:6911889	im:6911947	im:6911955	im:6912011	im:6912061	im:6912082	im:6912083	im:6912125	im:6912147	im:6912247	im:6912327	im:6912372	im:6912383	im:6912416	im:6912512	im:6912618	im:6912630	im:6912635	im:6912675	im:6912712	im:6912719	im:6997652	im:7052286	im:705546	im:7067589	im:7069961	im:7135967	im:7135969	im:7135980	im:7136028	im:7136039	im:7136088	im:7136112	im:7136150	im:7136185	im:7136234	im:7136237	im:7136258	im:7136296	im:7136304	im:7136316	im:7136329	im:7136398	im:7136452	im:7136455	im:7136486	im:7136505	im:7136527	im:7136559	im:7136562	im:7136565	im:7136577	im:7136610	im:7136611	im:7136625	im:7136642	im:7136647	im:7136705	im:7136750	im:7136826	im:7136896	im:7136971	im:7136977	im:7137030	im:7137066	im:7137094	im:7137116	im:7137176	im:7137180	im:7137232	im:7137289	im:7137339	im:7137379	im:7137402	im:7137497	im:7137559	im:7137563	im:7137564	im:7137622	im:7137633	im:7137635	im:7137662	im:7137665	im:7137750	im:7137766	im:7137824	im:7137855	im:7137876	im:7137884	im:7137928	im:7137946	im:7138016	im:7138020	im:7138054	im:7138073	im:7138185	im:7138270	im:7138324	im:7138325	im:7138374	im:7138388	im:7138400	im:7138430	im:7138446	im:7138491	im:7138493	im:7138527	im:7138529	im:7138535	im:7138576	im:7138577	im:7138643	im:7138653	im:7138693	im:7138694	im:7138714	im:7138717	im:7138733	im:7138742	im:7138809	im:7138811	im:7138850	im:7138857	im:7138882	im:7138888	im:7138919	im:7138932	im:7138933	im:7138982	im:7138985	im:7138989	im:7139033	im:7139070	im:7139082	im:7139142	im:7139147	im:7139157	im:7139171	im:7139202	im:7139240	im:7139264	im:7139285	im:7139397	im:7139425	im:7139520	im:7139535	im:7139550	im:7139565	im:7139613	im:7139644	im:7139653	im:7139743	im:7139745	im:7139800	im:7139890	im:7139905	im:7139910	im:7139913	im:7139938	im:7139946	im:7139949	im:7140000	im:7140001	im:7140009	im:7140047	im:7140050	im:7140055	im:7140095	im:7140096	im:7140117	im:7140202	im:7140323	im:7140346	im:7140347	im:7140423	im:7140529	im:7140550	im:7140566	im:7140628	im:7140652	im:7140684	im:7140695	im:7140768	im:7140810	im:7140827	im:7140990	im:7141034	im:7141073	im:7141120	im:7141130	im:7141159	im:7141170	im:7141176	im:7141212	im:7141234	im:7141235	im:7141268	im:7141280	im:7141291	im:7141313	im:7141344	im:7141374	im:7141407	im:7141573	im:7141599	im:7141636	im:7141661	im:7141747	im:7141803	im:7141867	im:7141876	im:7141899	im:7141911	im:7141962	im:7141979	im:7141999	im:7142016	im:7142023	im:7142052	im:7142102	im:7142157	im:7142180	im:7142244	im:7142250	im:7142271	im:7142297	im:7142435	im:7142467	im:7142471	im:7142500	im:7142525	im:7142644	im:7142667	im:7142701	im:7142727	im:7142796	im:7142802	im:7142834	im:7142863	im:7142864	im:7142874	im:7142877	im:7142923	im:7143037	im:7143173	im:7143216	im:7143247	im:7143253	im:7143292	im:7143346	im:7143434	im:7143487	im:7144081	im:7144129	im:7144198	im:7144206	im:7144219	im:7144229	im:7144236	im:7144260	im:7144261	im:7144269	im:7144283	im:7144297	im:7144351	im:7144374	im:7144432	im:7144447	im:7144531	im:7144534	im:7144578	im:7144580	im:7144602	im:7144620	im:7144687	im:7144688	im:7144689	im:7144773	im:7144813	im:7144816	im:7144835	im:7144838	im:7144850	im:7144880	im:7144892	im:7144895	im:7144930	im:7144989	im:7145019	im:7145044	im:7145046	im:7145058	im:7145063	im:7145069	im:7145103	im:7145111	im:7145115	im:7145231	im:7145248	im:7145289	im:7145328	im:7145347	im:7145375	im:7145408	im:7145411	im:7145414	im:7145416	im:7145474	im:7145497	im:7145502	im:7145520	im:7145523	im:7145526	im:7145733	im:7145767	im:7145774	im:7145799	im:7145820	im:7145846	im:7145850	im:7145865	im:7145874	im:7145949	im:7145953	im:7145975	im:7146137	im:7146140	im:7146192	im:7146215	im:7146246	im:7146308	im:7146417	im:7146436	im:7146467	im:7146620	im:7146708	im:7146717	im:7146724	im:7146765	im:7146796	im:7146822	im:7146844	im:7146852	im:7147002	im:7147008	im:7147070	im:7147172	im:7147178	im:7147192	im:7147207	im:7147325	im:7147376	im:7147406	im:7147407	im:7147422	im:7147555	im:7147630	im:7147634	im:7147667	im:7147685	im:7147696	im:7147751	im:7147808	im:7147827	im:7147841	im:7147876	im:7147916	im:7147977	im:7147990	im:7148143	im:7148182	im:7148223	im:7148329	im:7148352	im:7148363	im:7148385	im:7148405	im:7148428	im:7148482	im:7148532	im:7148721	im:7148745	im:7148767	im:7148882	im:7148891	im:7148895	im:7148949	im:7148996	im:7149006	im:7149028	im:7149055	im:7149144	im:7149159	im:7149171	im:7149208	im:7149212	im:7149282	im:7149285	im:7149306	im:7149312	im:7149320	im:7149347	im:7149385	im:7149393	im:7149483	im:7149561	im:7149592	im:7149845	im:7149884	im:7149921	im:7149939	im:7150023	im:7150190	im:7150194	im:7150220	im:7150253	im:7150256	im:7150265	im:7150319	im:7150352	im:7150393	im:7150401	im:7150531	im:7150575	im:7150586	im:7150652	im:7150660	im:7150699	im:7150721	im:7150772	im:7150783	im:7150798	im:7150819	im:7150829	im:7150836	im:7150871	im:7150872	im:7150880	im:7150909	im:7150947	im:7150973	im:7151033	im:7151038	im:7151087	im:7151123	im:7151135	im:7151197	im:7151201	im:7151228	im:7151244	im:7151270	im:7151289	im:7151296	im:7151349	im:7151359	im:7151441	im:7151460	im:7151473	im:7151491	im:7151561	im:7151614	im:7151629	im:7151640	im:7151641	im:7151712	im:7151735	im:7151757	im:7151792	im:7151811	im:7151827	im:7151847	im:7151910	im:7151925	im:7151947	im:7152047	im:7152092	im:7152120	im:7152121	im:7152125	im:7152258	im:7152285	im:7152297	im:7152348	im:7152399	im:7152557	im:7152564	im:7152565	im:7152569	im:7152580	im:7152592	im:7152616	im:7152659	im:7152662	im:7152664	im:7152688	im:7152743	im:7152745	im:7152781	im:7152855	im:7152873	im:7152883	im:7152898	im:7152937	im:7152993	im:7153029	im:7153049	im:7153072	im:7153077	im:7153101	im:7153121	im:7153128	im:7153168	im:7153199	im:7153242	im:7153281	im:7153315	im:7153380	im:7153388	im:7153393	im:7153413	im:7153475	im:7153480	im:7153498	im:7153550	im:7153626	im:7153653	im:7153677	im:7153709	im:7153740	im:7153824	im:7153863	im:7153902	im:7154008	im:7154101	im:7154102	im:7154105	im:7154127	im:7154140	im:7154187	im:7154264	im:7154308	im:7154364	im:7154426	im:7154450	im:7154464	im:7154491	im:7154525	im:7154539	im:7154612	im:7154686	im:7154736	im:7154813	im:7154819	im:7154852	im:7154883	im:7154934	im:7154964	im:7154979	im:7155004	im:7155026	im:7155126	im:7155186	im:7155206	im:7155485	im:7155498	im:7155506	im:7155584	im:7155599	im:7155606	im:7155666	im:7155668	im:7155685	im:7155703	im:7155857	im:7155863	im:7155904	im:7155955	im:7155962	im:7156043	im:7156128	im:7156217	im:7156246	im:7156351	im:7156390	im:7156469	im:7156524	im:7156563	im:7156564	im:7156572	im:7156665	im:7156696	im:7156715	im:7156725	im:7156727	im:7156744	im:7156753	im:7156792	im:7156802	im:7156958	im:7157334	im:7157749	im:7157816	im:7157825	im:7157844	im:7157854	im:7157867	im:7157892	im:7157920	im:7157997	im:7158008	im:7158100	im:7158134	im:7158176	im:7158240	im:7158320	im:7158321	im:7158329	im:7158335	im:7158358	im:7158410	im:7158467	im:7158469	im:7158479	im:7158499	im:7158514	im:7158532	im:7158535	im:7158540	im:7158804	im:7158976	im:7158978	im:7159004	im:7159022	im:7159036	im:7159068	im:7159100	im:7159118	im:7159143	im:7159184	im:7159197	im:7159229	im:7159260	im:7159271	im:7159291	im:7159318	im:7159387	im:7159451	im:7159495	im:7159538	im:7159607	im:7159639	im:7159667	im:7159684	im:7159868	im:7159881	im:7159928	im:7159935	im:7160065	im:7160081	im:7160088	im:7160147	im:7160157	im:7160198	im:7160215	im:7160219	im:7160231	im:7160270	im:7160289	im:7160328	im:7160334	im:7160358	im:7160415	im:7160421	im:7160426	im:7160493	im:7160566	im:7160636	im:7162296	im:7162727	im:7163280	im:7163374	im:7165230	im:7450916	inka1b	insyn1	ints15	ipcef1	iqck	itfg1	itih3b.1	itih3b.2	jac10	jac11	jac6	jac7	jac8	jac9	jmjd7	jph1b	jpt1a	jpt2	kaznb	kiaa0232	kiaa0513	kiaa0930	klhdc2	klhdc3	kntc1	kop	krcp	krt1-19e	krt15	krt18b	krt91	krt92	krt93	krt94	krt95	krt98	krt99	larp4b	lemd1	leng1	leng8	lgals1l1	lgals9l2	lgalsla	lhfpl2b	lim2.5	limd1b	lmcd1	lratd1	lratd2a	lratd2b	lrch3	lrig2	lrit1a	lrit1b	lrit3a	lrp2bp	lrp3	lrrc20	lrrc30a	lrrc3b	lrrc42	lrrc51	lrrc57	lrrcc1	lsm12a	lsm12b	lsm14b	luzp1	lxn	lyrm5b	lyrm7	lyrm9	lztr1	manea	mansc1	marchf11	marchf7	mbd5	mcama	mcoln3b	mcrip2	mdfi	mettl26	mfsd11	mfsd13a	mfsd6l	micos10	mitd1	mix23	mob1bb	mob2a	mob2b	morc3b	morn2	morn3	morn4	morn5	mospd1	mospd2	mpp2a	mpp2b	mpzl3	mrpl40	mrpl49	mrpl53	mrps22	mrps25	mrps26	mrps27	mrps28	ms4a17a.2	mt-rnr1	mt-rnr2	muc5.3	myg1	mzt2b	nagk	nenf	nfkbie	ngrn	niban2a	nicn1	nipsnap3a	nkapd1	nol12	nol4lb	nptx1l	nptxra	nptxrb	nrgnb	nt5dc2	nucb1	nudcd1	nufip2	nup210	nxph1	ociad1	odf2b	odf3l2a	ogfr1	ogfr2	olfm2b	olfm3a	pabir2	palm3	pals2a	pane1	paqr3b	parp12b	pbdc1	pcnx4	pdap1b	phtf1	phtf2	phyhipla	phyhiplb	pkdc	plekha1a	plekhs1.1	plekhs1.2	plekhs1.3	plp2a	pmp22b	pnhd	pno1	ponzr2	ponzr3	ponzr4	ppp1r21	praf2	prob1	prr12a	prr15la	prr15lb	prr18	prrg4	psmb9c	psme3ip1	psmg3	ptmaa	pwp1	pxmp2	r3hdm4	rab11fip5b	rabepk	rabgef1	rabgef1l	rbm20	rbm33a	rbm46	rcn1	rcp	rd3	retreg2	ribc2	ripor3	rlig1	rmdn1	ro60	rpap3	rpz4	rsph1	rsph10b	rsrc2	rsrp1	rtbdn	rtn1a	rtn2a	rtn2b	rundc3b	rusf1	samd10a	samsn1b	scaf4b	secisbp2l	serbp1a	sh2d4a	sh3bgr	sh3bgrl	sh3bgrl2	sh3d19	sh3d21	shisa2a	shisa3	shisa4	shisal1a	si:ch211-11n16.2	si:ch211-139n6.3	si:ch211-147a11.3	si:ch211-151m7.3	si:ch211-157b11.12	si:ch211-159e12.5	si:ch211-160d20.3	si:ch211-212k18.8	si:ch211-222e23.2	si:ch211-226h8.14	si:ch211-226h8.8	si:ch211-22i13.2	si:ch211-244b2.4	si:ch211-250c4.3	si:ch211-250g4.3	si:ch211-251f6.7	si:ch211-262h13.3	si:ch211-266c8.2	si:ch211-276k2.1	si:ch211-286c5.3	si:ch211-51e12.7	si:ch73-138n13.1	si:ch73-204p21.2	si:ch73-43g23.1	si:ch73-71c20.5	si:ch73-7i4.2	si:dkey-127k13.1	si:dkey-149i8.3	si:dkey-16j16.4	si:dkey-184p18.2	si:dkey-197c15.6	si:dkey-205h13.2	si:dkey-241l7.4	si:dkey-242k1.6	si:dkey-251i10.2	si:dkey-34o23.2	si:dkey-39a18.1	si:dkey-7i4.20	si:dkey-90l23.2	si:dkey-97l20.2	si:dkeyp-106c3.1	si:dkeyp-118a3.2	si:rp71-1c10.9	siae	skida1	slain1b	slc35f3a	slc35g2a	slx4ip	smim12	smim14	smim15	smim19	smim8	snn	sntb1	soul3	sowahcb	spaca9	spats2	spg21	spryd4	spryd7b	srpx	srrm2	sspn	ssuh2.3	ssuh2.4	st7	st7l	stard3nl	stip1	stoml3a	stoml3b	stpg2	strn	sumf1	sumf2	surf2	surf4	surf4l	susd2	susd6	syap1	syngr1a	syngr2a	syngr2b	syngr3a	syngr3b	szrd1	tafa4b	tasor2	tdrkh	tegt	tex264a	thap3	them4	thyn1	tlcd5b	tma16	tmbim1a	tmbim4	tmc6b	tmcc1b	tmco4	tmco6	tmem106ba	tmem106c	tmem110l	tmem128	tmem134	tmem135	tmem147	tmem151ba	tmem161b	tmem177	tmem178ba	tmem178bb	tmem179aa	tmem179ba	tmem182a	tmem183a	tmem185	tmem186	tmem19	tmem192	tmem205	tmem218	tmem222a	tmem229b	tmem230b	tmem243a	tmem243b	tmem248	tmem251	tmem254	tmem263	tmem267	tmem26b	tmem35	tmem37	tmem39b	tmem41ab	tmem42a	tmem43	tmem45a	tmem45b	tmem51a	tmem53	tmem54a	tmem60	tmem69	tmem9	tmem98	tmf1	tmpob	tnks1bp1	tp53i11a	tp53i11b	tpd52l2a	trabd	traf3ip2a	trappc12	trappc13	tril	trmo	tsnax	ttc1	ttc13	ttc14	ttc22	ttc27	ttc33	ttc38	ttc5	txlnbb	ubac2	ubald1b	ubald2	ubash3bb	ubxn4	ubxn7	viml	vps9d1	vstm2a	vstm4a	vwa5a	washc2c	wbp1	wbp1lb	wdr13	wdr27	wdr38	wdr54	wdr77	wdr83os	withdrawn:zgc:171818	withdrawn:zgc:173602	wwc3	xkrx	xxylt1	yipf4	yipf6	ypel1	zc2hc1a	zc3hc1	zgc:100829	zgc:101016	zgc:101566	zgc:101715	zgc:101716	zgc:101806	zgc:101851	zgc:103625	zgc:109753	zgc:110222	zgc:110410	zgc:110716	zgc:110843	zgc:111868	zgc:111983	zgc:111986	zgc:112052	zgc:112163	zgc:112255	zgc:112408	zgc:112416	zgc:112966	zgc:112980	zgc:112994	zgc:113208	zgc:113210	zgc:113229	zgc:113314	zgc:113364	zgc:113425	zgc:113426	zgc:113442	zgc:113691	zgc:114126	zgc:122991	zgc:122993	zgc:123010	zgc:123060	zgc:123238	zgc:123321	zgc:136225	zgc:136308	zgc:136410	zgc:136639os	zgc:136683	zgc:136864	zgc:136870	zgc:136930	zgc:152652	zgc:152658	zgc:152753	zgc:152774	zgc:152863	zgc:152936	zgc:152948	zgc:153018	zgc:153057	zgc:153142	zgc:153157	zgc:153166	zgc:153184	zgc:153317	zgc:153352	zgc:153383	zgc:153431	zgc:153499	zgc:153675	zgc:153813	zgc:153921	zgc:158258	zgc:158260	zgc:158345	zgc:158398	zgc:158403	zgc:158412	zgc:158417	zgc:158432	zgc:158463	zgc:158506	zgc:158766	zgc:158846	zgc:162060	zgc:162331	zgc:162611	zgc:162898	zgc:162931	zgc:162944	zgc:162999	zgc:165409	zgc:165604	zgc:171242	zgc:171426	zgc:171452	zgc:171474	zgc:171534	zgc:171572	zgc:171604	zgc:171717	zgc:171750	zgc:171776	zgc:171781	zgc:171844	zgc:171857	zgc:171859	zgc:171886	zgc:171977	zgc:172007	zgc:172014	zgc:172051	zgc:172053	zgc:172090	zgc:172091	zgc:172143	zgc:172150	zgc:172182	zgc:172218	zgc:172225	zgc:172253	zgc:172323	zgc:173480	zgc:173645	zgc:173693	zgc:173706	zgc:173713	zgc:173716	zgc:173719	zgc:173721	zgc:173770	zgc:173816	zgc:173837	zgc:173888	zgc:173990	zgc:174142	zgc:174222	zgc:174228	zgc:174288	zgc:174320	zgc:174358	zgc:174564	zgc:174623	zgc:174648	zgc:174680	zgc:174690	zgc:174702	zgc:174710	zgc:174719	zgc:174862	zgc:174904	zgc:174928	zgc:174931	zgc:174932	zgc:174935	zgc:174945	zgc:174972	zgc:175023	zgc:175136	zgc:193593	zgc:193711	zgc:193726	zgc:193742	zgc:193801	zgc:193807	zgc:193811	zgc:193812	zgc:194007	zgc:194101	zgc:194114	zgc:194166	zgc:194221	zgc:194252	zgc:194336	zgc:194398	zgc:194418	zgc:194443	zgc:194621	zgc:194629	zgc:194659	zgc:194839	zgc:194908	zgc:194930	zgc:195075	zgc:195245	zgc:55781	zgc:55943	zgc:56106	zgc:56556	zgc:63882	zgc:64189	zgc:65873	zgc:66433	zgc:66447	zgc:66479	zgc:77056	zgc:77058	zgc:77197	zgc:77739	zgc:77929	zgc:86738	zgc:91910	zgc:92140	zgc:92242	zgc:92380	zgc:92664	zgc:92818	zgc:92827	znf1032	znf628	znf706	znf800a	znrd2	zp2.1	zpax1	zpr1"
pseudouridine synthesis	GO:0001522	"dkc1	gar1	naf1	nop10	pus1	pus10	pus3	pus7	pus7l	pusl1	rpusd1	rpusd2	rpusd4	trub1	trub2"
box H/ACA snoRNP assembly	GO:0000493	"naf1	shq1"
ribosome biogenesis	GO:0042254	"airim	bms1	bop1	dcaf13	ddx31	ddx51	dkc1	dlx2a	ebna1bp2	eif6	emg1	eral1	fcf1	ftsj3	gar1	grwd1	gtpbp10	gtpbp4	heatr1	imp3	imp4	kri1	krr1	ltv1	mphosph10	mrto4	mtg2	naf1	nhp2	nip7	noc4l	nom1	nop10	nop14	nop2	nop53	nsa2	nvl	pak1ip1	pes	polr1c	polr1d	pwp2h	rbis	rcl1	riok1	rpf1	rpl7a	rplp0	rrp36	rrs1	rsl24d1	sbds	sdad1	sde2	snu13a	snu13b	tma16	tsr1	tsr3	urb2	utp23	utp25	wdr12	wdr43	wdr75	zgc:86811	znf593	znf622"
interstrand cross-link repair	GO:0036297	"dclre1a	dclre1b	dclre1c	ercc6l2	exo5	faap100	faap24	fan1	fanca	fancb	fancc	fancd2	fance	fancf	fancg	fancl	fancm	firrm	nucks1a	nucks1b	rad51ap1	rfwd3	vcp"
double-strand break repair via homologous recombination	GO:0000724	"ap5s1	brca2	ercc4	fan1	kat5a	mcm8	mcm9	mms22l	mre11a	nabp1a	nabp1b	nabp2	nbn	nsmce1	nsmce2	nucks1a	nucks1b	palb2	ppp4ca	ppp4cb	rad51	rad51ap1	rad51b	rad51d	rad52	rad54b	recql4	recql5	rmi1	rpa1	rpa2	rpa3	samhd1	sem1	sfr1	si:dkey-119f1.1	si:dkey-249d8.1	slx1b	smc5	swi5	swsap1	tonsl	ube2nb	wdr48a	wdr48b	wrn	xrcc2	zfyve26	zgc:162895	zgc:85936	zswim7"
system development	GO:0048731	"cd248b	cenpe	chrd	crb1	dhh	dla	dld	fat4	fbn1	fbn2a	fgf2	gdnfa	jag1a	jag1b	jag2a	kif13a	kif13ba	kif13bb	kif16ba	kif16bb	kif18a	kif19	kif1aa	kif1ab	kif1ca	kif20ba	kif20bb	kif21a	kif21b	kif23	kif25	kif26aa	kif26ab	kif26ba	kif26bb	kif28	kif2c	kif3b	kif3cb	kif4	kif5ab	kif7	kif9	kifc1	kifc3	matn4	megf6a	megf6b	myh11b	myh14	myh7ba	myh7bb	myha	myhb	myhc4	myhz1.1	myhz1.1l	myhz1.2	myhz1.3	myo10	myo15aa	myo15ab	myo15b	myo18aa	myo18ab	myo1b	myo1ca	myo1f	myo1g	myo1ha	myo1hb	myo3a	myo3b	myo5aa	myo5ab	myo5c	myo7ab	myo7bb	myo9aa	myo9b	nrtn	pros1	prox2	sema4f	si:ch211-221n20.8	si:ch211-257p13.3	si:ch73-281k2.5	si:dkey-26i13.8	si:zfos-588f8.1	smyhc3	stard9	svep1	zgc:56231"
animal organ development	GO:0048513	"adgre5b.3	adgrf8	adgrl4	ankar	ap2b1	apc2	armc1l	armc2	armc3	armc5	armc6	armc7	armc8	arvcfa	arvcfb	bmp1a	bmp1b	cd248a	cd248b	ctnnb1	ctnnb2	ctnnd1	ctnnd2a	ctnnd2b	cubn	eda	efemp1	efemp2a	efemp2b	egfem1	egfl7	fat1b	fat4	fbln1	fbln2	fbln5	fbn1	fbn2a	fgfr1a	fmr1	fxr1	fxr2	gas6	gh1	heatr3	heg1	hmcn1	hspbp1	jag1a	jag1b	jupb	kifap3a	kifap3b	kpna1	kpna2	kpna3	kpna5	kpna6	kpna7	kpnb1	ldlra	lrp13	lrp1aa	lrp1ab	lrp1bb	lrp2b	lrp4	lrp8	megf6a	megf8	nek10	nell2a	nell2b	nid1a	nid2b	nrg2b	nrg3b	pkp1b	pkp3a	pkp3b	pkp4	pros1	rap1gds1	rsph14	scube2	selenoh	shhb	si:ch211-161f7.2	si:ch211-221n20.8	si:ch73-173h19.3	si:ch73-281k2.5	si:dkey-163f14.6	si:dkey-191g9.5	si:dkey-21e13.3	si:dkey-234i14.3	smtlb	sobpa	sobpb	spag6	spry1	spry2	spry4	susd1	thbd	tlx1	tlx2	tlx3b	tmco6	umodl1	uso1	vldlr	wnt1	wnt10a	wnt11f2	wnt2ba	wnt4b	wnt5b	wnt6a	wnt6b	wnt7aa	wnt7ab	wnt7ba	wnt8a	wnt9b	zer1	zgc:66455"
fibrinolysis	GO:0042730	"cpb2	fga	plg	pros1"
hemostasis	GO:0007599	"enpp4	f10	f2r	f2r2.1	f2r2.2	f3a	f3b	f5	fga	fgb	fgg	gp1bb	plg	pros1	si:dkey-163m14.2	si:dkey-163m14.6	tfpi2	tfpia	thbd	vwf"
erythrocyte differentiation	GO:0030218	"abcb10	abcc5	alas2	arhgef12a	arhgef12b	atp5if1a	atp5if1b	bty	casp21	casp3a	casp3b	cdc73	cdin1	csnk2b	elavl1a	epb41b	fam210b	fgf21	flvcr1	gata1a	gfi1aa	gfi1b	hemgn	ism1	jak2a	klf17	lmo2	lpar3	ncoa4	pdcd2	rbpms	rpl11	rpl27	rpl35	rpl35a	rplp1	rps15a	rps19	rps27.1	rps29	rps3	sfxn4	slc25a38a	slc25a38b	slc4a1a	snx3	sparc	stat5a	tal1	tbx16	tet2	tfr1a	trim33	ufl1	vap	vhl"
myeloid cell differentiation	GO:0030099	"akap10	brf1a	cebp1	cebpa	csf3a	csf3b	csf3r	ddx18	etsrp	fgf21	gata1a	gata4	gata5	gata6	gfi1b	ikzf1	kdm6bb	kif1b	klf17	ncoa2	ncor2	npas4l	runx1	satb1b	spi1b	tal1	tet2	tle3b	tmem88a	trim2a	waslb"
regulation of gene expression	GO:0010468	"adnp2a	adnp2b	adnpa	aff1	aff2	aff3	aff4	ahrra	ahrrb	ankra2	atraid	bmal1b	brms1la	c1d	cavin4a	cavin4b	cdk2	cdk21	cdk4	cdk6	cdx4	chd7	clocka	coq7	crip1	cry1b	ctcf	dnmt3aa	dnmt3ab	dnmt3bb.1	ern2	foxh1	fubp1	gata5	gfi1b	hmg20a	hmg20b	hnrnpaba	hnrnpabb	hnrnpd	hnrnpdl	ihha	ihhb	jarid2a	jarid2b	kdm4aa	kdm4ab	kdm4b	kdm4c	kdm6a	kdm6ba	kdm6bb	lbhl	lhx1a	lhx2b	magoh	nanog	nipbla	nipblb	nkap	nod2	nr1d1	pax6a	pax6b	pou5f3	prdm12b	prdm13	prdm4	prdm9	rbm8a	rigi	roraa	setd2	shha	shhb	sox32	tardbpb	tcf19l	tet2	tet3	tob1a	tob1b	tshz1	tshz2	tshz3a	tshz3b	uncx4.1	upf1	usp16	wnt3	wnt3a	wwtr1	yap1	ybx1	zbtb4	zgc:173577"
definitive hemopoiesis	GO:0060216	"adtrp1	angptl1a	angptl2b	apoc2	bif1.1	camk4	cbl	ccn2a	cebpa	cpsf1	csf3r	ddx46	dhx15	dkc1	dnmt1	eaf1	gar1	gata2b	gfi1b	gpr183a	haus3	hdac6	hoxd4a	hsp70l	iqcg	itgb2	kri1	lpla	ltv1	mbd3b	mbd6	meis1b	metap2b	mib1	myb	mycb	myef2	naca	nol9	npas4l	pbx1a	rpl22l1	rps24	runx1	sae1	scml4	sf3b1	smarcc1a	smarcd1	smchd1	smyd5	sox32	sumo1	sumo2b	sumo3a	tal1	tfec	topbp1	tp53	ube2ia	ube2ib	znf574"
chromatin remodeling	GO:0006338	"actl6b	arid1aa	arid1ab	arid1b	baz1a	baz1b	brd2a	brd3a	brd4	brdt	carm1	cecr2	cfdp1	chd1l	chd3	chd4a	chd4b	chd5	chd7	chd8	chrac1	dmap1	dpf3	ezh1	ezh2	hcfc1a	hcfc1b	hcfc2	hdgfl2	hira	ino80	ino80b	ino80c	ino80e	jarid2a	jarid2b	kat2a	kat2b	kdm4aa	kdm4ab	kdm4b	kdm4c	kdm5a	kdm5ba	kdm5bb	kdm5c	kdm7aa	kdm7ab	msl1a	mysm1	nanog	npm1a	npm2a	npm2b	npm3	pbrm1	pbrm1l	pcgf1	phf2	phf8	pou5f3	prmt1	prmt2	prmt3	prmt6	prmt7	prmt8b	prmt9	rbb4l	rbbp4	ruvbl1	ruvbl2	satb1a	satb1b	satb2	setd4	smarca1	smarca4a	smarca5	smarcb1a	smarcb1b	sox19b	tada2a	tada2b	waca	yeats2	yeats4	zgc:158376	zgc:162255	znhit1"
small GTPase-mediated signal transduction	GO:0007264	"arhgap1	arhgap15	arhgap27l	arhgap31	arhgap32a	arhgdia	bcar3	ccdc88c	cdc42	cdc42l	cdc42l2	chm	dock1	dock10	dock11	dock2	dock3	dock4	dock4b	dock5	dock7	dock8	dock9b	gdi1	gdi2	plce1	rabif	rac1a	rac1b	rac1l	rac2	rac3a	rac3b	ralbp1	ralgds	ralgps1	ralgps2	rapgef1a	rapgef1b	rapgef2a	rapgef2b	rapgef3	rapgef4a	rapgef5a	rapgef6	rapgefl1	rasgef1ba	rasgef1bb	rasgrf1	rasgrf2a	rasgrf2b	rasgrp2	rasgrp3	rasgrp4	rgl1	rgl2	rgl3a	rheb	rhebl1	rhoaa	rhoab	rhoac	rhobtb1	rhobtb2a	rhobtb2b	rhobtb4	rhoca	rhocb	rhof	rhoga	rhogb	rhogc	rhogd	rhoh	rhoj	rhoq	rhot1a	rhot1b	rhot2	rhoua	rhoub	rhov	rnd1a	rnd1b	rnd2	rnd3a	rnd3b	sh2d3a	sh2d3ca	sh2d3cb	si:ch1073-13h15.3	si:ch211-133l11.10	sos1	sos2	tiam1a	tiam1b	tiam2a	zgc:112334	zgc:153713	zmp:0000001200"
RNA processing	GO:0006396	"adad1	adad2	adar	adarb1a	adarb1b	adarb2	adat1	cherp	clp1	crnkl1	cstf3	dicer1	dkc1	drosha	exosc1	exosc10	exosc8	exosc9	isg20	isg20l2	larp6a	larp6b	larp7	lsm4	mrm1	mrm3a	mrm3b	mrpl44	nol9	nop2	nrde2	pdcd11	pop4	pop7	prpf39	prpf6	rbm8a	rcl1	rexo4	rpp21	rtca	rtcb	sart3	sf3a1	sfswap	si:ch211-114c17.1	snrpd1	snrpd3	snrpd3l	srsf3a	ssb	sugp1	tarbp1	trmt2a	trmt2b	trnt1	trub1	trub2	u2surp	utp6	wbp11	xab2	zcchc8	zgc:163098	zranb2"
phosphatidylinositol metabolic process	GO:0046488	"pikfyve	pip4k2aa	pip4k2ab	pip4k2ca	pip4k2cb	pip5k1aa	pip5k1ab	pip5k1ba	pip5k1bb	pip5k1ca	pip5k1cb	pip5kl1	plcb3	plcg1"
miRNA-mediated gene silencing by inhibition of translation	GO:0035278	"ago2	ago3a	ago3b	ago4"
regulation of stem cell proliferation	GO:0072091	"ago3a	ago3b	tgif1"
regulatory ncRNA-mediated gene silencing	GO:0031047	"ago1	ago2	ago3a	ago3b	ago4	asz1	cnot1	cnot10	cnot11	cnot6a	cnot6b	cnot6l	cnot7	cnot9	dicer1	eri1	exd1	henmt1	lin28aa	lin28ab	lin28b	mov10b.1	mov10b.2	ncbp2	piwil1	piwil2	prkra	snd1	srrt	tarbp2	tdrd1	tdrd9"
integrin-mediated signaling pathway	GO:0007229	"abl1	adam17a	adam28	adam8a	adam9a	cdc42	cfap77	cib1	fermt1	fermt2	fermt3a	fermt3b	fyb1b	ilk	ilkap	itfg2	itga1	itga10	itga11a	itga11b	itga2.2	itga2b	itga3a	itga3b	itga4	itga5	itga6a	itga6b	itga6l	itga7	itga8	itga9	itgae.1	itgae.2	itgam.1	itgam.2	itgav	itgb1a	itgb1b	itgb1b.1	itgb1b.2	itgb1bp1	itgb2	itgb3a	itgb3b	itgb4	itgb5	itgb6	itgb7	itgb8	itgbl1	mibp2	sema7a	si:ch211-188c16.1	si:ch73-40i7.2	yrk	zmp:0000001082	zyx"
cell adhesion	GO:0007155	"acana	acanb	afdna	alcama	alcamb	amigo1	amigo3	arvcfa	arvcfb	bcan	bcar1	bckdhbl	cass4	ccn1	ccn1l1	ccn1l2	ccn2a	ccn2b	ccn4a	ccn4b	ccn5	ccn6	cd34	cd36	cd44a	cd44b	cd99l2	cdh1	cdh10a	cdh11	cdh12a	cdh12b	cdh13	cdh15	cdh17	cdh19	cdh2	cdh23	cdh26.1	cdh26.2	cdh27	cdh28	cdh31	cdh4	cdh5	cdh6	cdh7a	cdh8	cdhr1a	cdhr2	cdhr5-rs	cdhr5a	cdhr5b	celsr1a	celsr1b	celsr2	celsr3	chl1a	chl1b	cldn1	cldn10a	cldn10b	cldn10d	cldn11a	cldn11b	cldn15a	cldn15b	cldn15la	cldn15lb	cldn18	cldn2	cldn23.1	cldn23.2	cldn23l	cldn26	cldn29	cldn30	cldn33b	cldn3c	cldn3d	cldn5a	cldn5b	cldn7a	cldn7b	cldn8.1	cldn8.2	cldn8.3	cldnb	cldnd	cldne	cldnf	cldng	cldni	cldnk	clstn1	clstn2a	clstn3	cntn1a	cntn2	cntn3a.1	cntn5	col28a1a	col28a1b	col28a2a	col28a2b	col6a4a	col7a1	comp	cthrc1a	ctnna1	ctnna2	ctnnal1	ctnnb1	ctnnb2	ctnnd1	ctnnd2a	ctnnd2b	cxadr	dcc	dchs1a	dchs1b	dchs2	dsc2l	dsg2.1	dsg2l	efnb2a	efs	egfl6	f11r.1	f11r.2	fat1a	fat1b	fat2	fat3a	fat4	fbn2b	fer	fermt2	fermt3a	fermt3b	flot2a	flot2b	fn1a	fn1b	frem1a	frem1b	frem2a	frem2b	frem3	gpnmb	hapln1a	hapln1b	hapln2	hapln3	hapln4	hpse	icam3	ift70	igsf9ba	inppl1a	inppl1b	itga1	itga10	itga11a	itga11b	itga2.2	itga2b	itga3a	itga3b	itga4	itga5	itga6a	itga6b	itga6l	itga7	itga8	itga9	itgae.2	itgam.1	itgam.2	itgav	itgb1a	itgb1b	itgb1b.1	itgb1b.2	itgb2	itgb3a	itgb3b	itgb4	itgb5	itgb6	itgb7	itgb8	jam3a	jam3b	jupa	jupb	kitlga	kitlgb	l1cama	l1camb	lama1	lama2	lama3	lama4	lama5	lamb4	lamc1	lgals3bp.1	lgals3bp.3	lmln	loc103909937	lyve1a	mag	megf10	mxra8a	mxra8b	ncam1a	ncam1b	ncam2	ncam3	ncana	ncanb	nectin3b	nedd9	nfasca	nfascb	nid1a	nid2a	nid2b	ninj1	ninj2	nlgn1	nlgn2a	nlgn2b	nlgn3a	nlgn3b	nlgn4xa	nlgn4xb	npnta	nrcama	nrxn1a	nrxn1b	nrxn3a	nrxn3b	pard3ab	parvaa	parvab	parvb	parvg	pcdh10a	pcdh10b	pcdh11	pcdh12	pcdh15a	pcdh15b	pcdh17	pcdh18a	pcdh18b	pcdh19	pcdh1a	pcdh1a3	pcdh1a4	pcdh1a6	pcdh1b	pcdh1g1	pcdh1g11	pcdh1g18	pcdh1g2	pcdh1g22	pcdh1g26	pcdh1g29	pcdh1g3	pcdh1g30	pcdh1g31	pcdh1g32	pcdh1g9	pcdh1gb2	pcdh1gb9	pcdh1gc5	pcdh1gc6	pcdh20l	pcdh2aa1	pcdh2aa15	pcdh2aa3	pcdh2ab1	pcdh2ab10	pcdh2ab12	pcdh2ab2	pcdh2ab3	pcdh2ab5	pcdh2ab6	pcdh2ab7	pcdh2ab8	pcdh2ab9	pcdh2ac	pcdh2g1	pcdh2g10	pcdh2g12	pcdh2g13	pcdh2g16	pcdh2g17	pcdh2g2	pcdh2g28	pcdh2g29	pcdh2g3	pcdh2g5	pcdh2g6	pcdh2g7	pcdh2g8	pcdh2g9	pcdh7a	pcdh7b	pcdh8	pcdha8l	perp	pkn2b	pkp1b	pkp2	pkp3a	pkp3b	pkp4	pku300	podxl	popdc1	postnb	prkx	ptk7b	ptprfa	ptprfb	ptprub	radil	radil2a	ret	ripor2	rpsa	s100b	sc:d0202	scn1bb	sdc4	sele	selp	si:busm1-71b9.3	si:ch211-106h11.3	si:ch211-186j3.6	si:ch211-199f5.1	si:ch211-215c18.3	si:ch211-241e1.3	si:ch211-286o17.1	si:ch211-66e2.3	si:ch211-66e2.5	si:ch211-74m13.1	si:ch211-79k12.1	si:ch73-208g10.1	si:ch73-233f7.1	si:ch73-233f7.3	si:ch73-74h11.1	si:dkey-22o22.2	si:dkey-238d18.5	si:dkey-24p1.7	si:dkey-30c15.12	spon1a	spon1b	spon2a	spon2b	spp1	src	sspo	stab1	stab2	susd5	svep1	tbx2b	tenm3	tgfbi	thbs1a	thbs1b	thbs2a	thbs2b	thbs3a	thbs3b	thbs4a	thbs4b	thy1	tln1	tln2a	tln2b	tnfaip6	tyro3	vcam1a	vcam1b	vcana	vcanb	vcla	vclb	wwtr1	yap1	zgc:123181	zgc:152904	zgc:174863	zmp:0000000625	zmp:0000000650	zmp:0000001082"
Rab protein signal transduction	GO:0032482	"rab12	rab15	rab21	rab30	rab33a	rab33ba	rab39ba	rab39bb	rab42a	rab4a	rab4b	rab9a	rab9b	zgc:101559"
retrograde transport, endosome to Golgi	GO:0042147	"ankfy1	arl1	bet1l	evi5a	golt1a	golt1ba	golt1bb	heatr5a	heatr5b	pheta2	plekha3	plekhj1	rab41	rab6bb	rab9a	rab9b	rgp1	si:dkey-246g23.2	snx5	snx6	snx8a	snx8b	stx10	stx6	tbc1d10c	tbc1d17	tbc1d23	tbc1d5	vps26a	vps26b	vps26bl	vps29	vps35	vps50	vps51	vps52	vps53	vps54	vti1a	vti1b	wash1	zgc:162698"
adenylate cyclase-inhibiting adrenergic receptor signaling pathway	GO:0071881	"adra1aa	adra1ab	adra1ba	adra1bb	adra1d	adra2a	adra2b	adra2c	adra2da	adra2db	adrb1	adrb2a	adrb2b	adrb3a	adrb3b	drd1a	drd1b	drd2a	drd2b	drd2l	drd3	drd4-rs	drd4a	drd4b	drd5a	drd5b	drd6b	drd7	htr1aa	htr1ab	htr1b	htr4	taar12m"
platelet activation	GO:0030168	"adra2c	adra2db	bambia	f2	fga	fgb	fgg	lrrc32	p2ry1"
regulation of vasoconstriction	GO:0019229	"adra2c	adra2db	agtr1a	agtr1b	edn1	edn2	edn3b	htr1aa	si:ch211-202p1.5"
regulation of smooth muscle contraction	GO:0006940	"adra2c	adra2db	chrm2a	chrm3a	chrm3b	nmu"
neuron differentiation	GO:0030182	"acsl3a	acsl3b	acsl4a	alcama	anos1a	anos1b	ascl1a	ascl1b	atp2b2	birc5a	birc5b	casp21	casp3a	casp3b	cdk5	crx	ctdsp2	draxina	dtx1	emx1	emx2	emx3	en1a	en2a	en2b	epas1b	erbb2	fgf8a	foxg1a	gli1	gsx1	her2	her8a	id1	id2a	id2b	id3	id4	insm1a	insm1b	irx1a	irx1b	irx2a	irx3a	irx3b	irx4b	irx5b	irx6a	irx7	lhx1a	lhx1b	lhx2a	lhx2b	lhx3	lhx4	lhx5	lhx6a	lhx8a	lhx9	lmx1a	lmx1al	lmx1ba	lmx1bb	med12	met	mib1	nr2e3	olig2	otpa	otpb	pbx4	rtn1a	rtn1b	rtn4b	runx1	runx2a	runx3	shha	shhb	slbp	slc16a2	smarca4a	smo	sox11a	sox11b	sox12	sox14	sox19a	sox19b	sox1a	sox1b	sox2	sox21a	sox21b	sox3	sox4a	sox4b	tfap2a	vax1	vax2	wnt1	wnt10a	wnt10b	wnt11f2	wnt16	wnt2	wnt2ba	wnt2bb	wnt3	wnt3a	wnt4	wnt4b	wnt5a	wnt5b	wnt6b	wnt7aa	wnt7ab	wnt7ba	wnt7bb	wnt8a	wnt8b	wnt9a	wnt9b"
spindle attachment to meiosis I kinetochore	GO:0051455	si:ch211-161h7.4
kinetochore assembly	GO:0051382	"cenph	cenpk	cenpt	cenpw	cenpx	dlgap5	mis12	si:ch211-161h7.4"
attachment of mitotic spindle microtubules to kinetochore	GO:0051315	"mad1l1	ndc80	nuf2	seh1l	si:ch211-161h7.4	ska1	ska2	ska3"
embryonic viscerocranium morphogenesis	GO:0048703	"alcama	aldh1a2	aldh1l1	auts2a	bcl9	bmp2b	caspa	chd5	cnbpa	crispld2	cxcr4a	dcaf7	dhrs9	dlx1a	dlx2a	dlx3b	dlx4b	dlx5a	ece1	edaradd	edn1	ednrab	egr1	eif3ea	fgf20b	fn1a	foxe1	foxi1	fras1	fscn1a	fsta	furina	gfpt1	gnptab	grhl3	hand2	hcfc1b	hmgcrb	hmgcs1	hspg2	htt	itga5	itga8	kat6a	kdm6a	kmt2d	lbh	loxl3b	lrp5	mecom	med12	med14	meis1b	meis2a	mgt	mkxa	mmachc	msx1b	nbas	nipbla	nipblb	nkx2.5	nkx3-2	nog3	nr1h3	nr3c1	pak1	phf8	pitx2	pkn2a	plcb3	polr1a	polr1c	polr1d	ponzr1	prdm16	prdm1a	prdm5	pthlhb	ptpn11a	ptpn11b	pygo1	pygo2	rad21a	rit1	rtn4b	runx3	s1pr2	sar1b	sec24d	shha	shhb	smarca4a	smc1al	smo	smoc2	sphk2	spns2	tbx1	tinagl1	tln1	tmem165	vgll2a	wdr43	wls	wnt11	wnt3a	wnt4	wnt5b	zic2a	zic2b"
hemopoiesis	GO:0030097	"ak3	arhgef3	bmper	cbfb	cdx1a	cdx4	cebpa	ciapin1	cnr2	cobll1b	cxcl12b	cxxc1b	ddx18	dlst	emilin1a	epoa	epor	fbxo5	fgf1a	glrx5	gna13b	hbba1	hspa9	idh1	ifng1	ifngr1	il7r	irf7	irf8	jak2a	jmjd1cb	kalrna	kalrnb	klf17	kmt2a	kras	lck	lmo2	marchf2	max	meis1b	meis3	melk	meox1	mfn2	mgst1.1	mib1	min	myb	nampt1	ncor2	npm1a	npm1b	parn	pdia5	pdzk1ip1	pim2	psmd13	ptena	ptenb	ptn	pttg1ipb	rcor1	rnf145b	rpl11	rpl19	rps7	rtkn2	runx1	runx2a	runx3	selp	selplg	sirt2	smarcal1	smox	snx5	spry4	stat1b	sufu	supt5h	taf3	tal1	tbpl2	tert	tet2	tet3	tfec	usb1	vegfaa	vhl	waslb	zfpm1	znf148"
positive regulation of transcription by RNA polymerase II	GO:0045944	"abhd14b	abrab	actr2a	actr2b	ahr2	aire	akirin1	akirin2	alx1	ar	ascl1a	ascl1b	asxl2	atf4a	atoh1a	atoh1b	atoh1c	atoh7	atoh8	bcl11ba	bcl9	bcl9l	bhlha15	bhlhe22	bhlhe23	calcoco1a	calcoco1b	ccnc	ccnk	ccnt2a	ccnt2b	cdk7	cdk9	chchd2	chuk	clocka	cnbpa	crtc2	ctnnb1	ctnnb2	dlx1a	e2f7	e2f8	egr1	etsrp	fgf1a	foxh1	foxn4	gabpb1	gabpb2a	gabpb2b	gal	gata1a	gata2a	gata2b	gata3	gata4	gata5	gata6	gdnfa	gli1	glis2a	glis2b	gper1	gsx1	hells	hipk2	hnf4b	hnf4g	hnrnpua	hnrnpub	hoxa4a	hoxb1b	hoxb4a	hoxc4a	hoxd4a	igf2a	igf2b	ikbkb	isl1a	isl1b	isl2a	isl2b	jak2a	jun	junba	junbb	jund	june	jupa	kansl3	kat2a	kat2b	ldb1a	ldb1b	ldb2b	lmo1	lmo2	lmo3	lpin1a	maml1	maml3	max	mcrs1	med1	med12	med13a	med13b	med19a	med19b	med1l	med25	mef2aa	mef2ab	mef2b	mef2ca	mef2cb	mef2d	meis1a	meis1b	meis3	meox1	meox2a	meox2b	mical2b	mixl1	mkrn2	mrtfab	mrtfba	mrtfbb	mtf1	myb	mybl2a	mybl2b	mycb	myocd	myod1	myog	mysm1	ncoa1	ncoa2	ncoa6	neurod1	neurod2	neurod4	neurod6a	neurod6b	neurog1	neurog3	nfat5a	nfatc1	nfatc2a	nfatc2b	nfatc2ip	nfatc3a	nfatc4	npas4a	npm1a	nr1d1	nr1d2b	nr1d4b	nr1h3	nr1h4	nr1i2	nr2c2	nr2e3	nr5a1a	olig1	olig2	olig3	olig4	pax6a	pax6b	paxbp1	pbx4	plac8.1	plac8.2	pparaa	pparab	pparda	ppardb	pparg	pprc1	prdm10	ptmaa	ptmab	purbb	raraa	rarab	rarga	rargb	rbmx	rel	rest	rfx6	rfxank	rnf10	rnf4	rtraf	runx1	runx2a	runx2b	rx1	rx2	rx3	rxraa	rxrab	rxrba	rxrbb	rxrga	rxrgb	setd3	setd4	si:ch211-196c10.13	si:ch211-214e3.5	si:ch211-222l21.1	si:dkey-154p10.3	si:dkey-29b11.3	si:dkeyp-84f3.5	sirt2	smad2	smad3a	smad3b	smarca1	smarca4a	smarca5	smarcad1a	smarcad1b	sox11a	sox11b	sox12	sox14	sox17	sox18	sox19a	sox19b	sox1a	sox1b	sox2	sox21a	sox21b	sox3	sox32	sox4a	sox4b	sox7	spag8	spx	srebf2	srfa	srfb	ss18	ssbp2b	ssbp3a	ssbp3b	ssbp4	stat5a	taf3	tbx5a	tcea1	tcf21	tead3a	tead3b	tet1	tet2	tet3	tfap2c	tfap2d	tfap2e	thraa	thrap3a	thrap3b	thrb	top2a	top2b	tp53	usf3	vdra	vdrb	wwtr1	yap1	zfp64	zfp91	zfpm2a	zfpm2b	zgc:110158	zmp:0000001236	zmp:0000001268	znf142	znf296	znf451	znf507	znf513a	znf513b	znf750"
venous blood vessel development	GO:0060841	"aggf1	dll4	ephx2	flt1	flt4	meis1b	mios	nr2f1b	nr2f2	spry2	tspan18a	vegfaa"
positive regulation of angiogenesis	GO:0045766	"apela	aplnra	aplnrb	basp1	birc5a	birc5b	elavl1a	elmo1	fgf1a	gata2a	kdr	kdrl	meis1b	mep1a.2	mtdha	mtdhb	mydgf	oxtra	sirt1	tek	utp15	vegfaa"
endothelial cell development	GO:0001885	"ilk	lama4	lclat1	meis1b	mib1	npas4l	pou3f2b	slc2a1a	sox32	tll1	ubiad1"
vasculature development	GO:0001944	"acvr1l	acvrl1	adgra2	agap2	angpt2b	ap1g1	ap1g2	appa	appb	bmpr2a	cd44a	cdh5	cul2	cyp26a1	cyp26c1	dab2	dlk2	eif3ha	enox1	enpp2	etsrp	f3b	fam43b	fkbpl	flt4	foxc1a	foxc1b	frzb	ftr82	glrx2	gspt1l	gtpbp1l	hdac9b	iqsec1a	iqsec1b	itga5	itgb8	lgals2a	lgals2b	mcamb	meis1b	myca	ndufb11	nostrin	notch2	nr2f1a	nr2f1b	nrp1a	ntn1a	ntn4	padi2	pank2	pbx1a	pdcd10a	pdcd10b	phactr1	ppfia3	rab11a	rab4a	rasip1	reck	s1pr1	s1pr2	sars1	scrib	sirt1	spns2	stn1	sulf1	tars1	tcf21	tie1	tnfrsf1b	tnnt2a	vegfaa	wwtr1	yap1"
G1/S transition of mitotic cell cycle	GO:0000082	"ccna1	ccna2	ccnb1	ccnb2	ccnb3	ccnd1	ccnd2a	ccnd3	ccndx	ccne1	ccne2	ccnf	ccng2	ccni	ccni2	ccnjl	ccnp	cdk2	cdk21	cdk4	cdk6	cdkn1ba	cdkn1bb	cxcr4a	gpr132b	lats1	lats2	meis1b	phf8	ppp6c	spdya	usp37"
heart looping	GO:0001947	"acvr1l	adap2	alcama	apc	apex1	apobec2a	atoh8	atp1a2a	atp2a2a	atp6v0d1	bbs1	bbs4	bbs5	bbs7	bmp4	bmp7a	bmpr1aa	bmpr2a	bmpr2b	bnip3lb	cacna1c	cald1b	ccdc103	ccdc40	cemip2	cenpf	cep104	cep162	chd7	chrd	cobl	cxxc5a	dand5	dharma	dhfr	dhrs9	dnaaf1	dnaaf11	dub	dzip1	ep300a	ep300b	fabp3	foxh1	foxj1a	foxj1b	foxn4	furina	fzd2	gata4	gdf3	glis2b	gpr22a	grk5l	gsk3ab	gsk3ba	hace1	hand2	has2	invs	kctd10	llgl1	lmo7b	lrrc10	meis1b	meis2b	mgaa	mical2b	mkks	ncl	ndr2	ndrg4	nek8	nkx2.5	nkx2.7	noto	ntn1a	pak1	pdlim7	pkd2	pkp2	popdc1	popdc2	ppp2r3a	prickle1a	prrx1a	rad21a	rangrf	rbm24a	rbm24b	rp2	sap30l	scn12aa	scn5lab	setdb2	shha	skia	skib	slc8a4a	smad5	smarca4a	smo	smyd4	snx10a	spaw	tafazzin	tbx1	tbx16	tbx20	tbx2b	tbx5a	tbx5b	tbxta	tmsb4x	tnnt2a	trib3	ttc8	ube2ia	ube2ib	unm_tj2a	unm_tm243b	unm_tn20b	unm_tw29b	vdra	vdrb	wnt11	wnt11f2	wtip	zfpm1"
neutrophil differentiation	GO:0030223	"ada2b	alas1	brf1a	cebpa	cfap251	csf3a	csf3b	csf3r	etsrp	gata1a	hax1	irf2bp2a	jagn1a	jagn1b	meis1b	ncor1	ncor2	pbx1a	runx1	satb1b	smarcd2	spi1b	srp19	srpra	usb1	zbtb11"
macrophage differentiation	GO:0030225	"csf1rb	csf3a	csf3b	csf3r	flt3	gata1a	irf8	kif1b	meis1b	ncor2	spi1b	wasla	xpr1b"
angioblast cell migration	GO:0035476	"arfgef2	isl2a	meis1b	nr2f1b	plxnd1"
embryonic pattern specification	GO:0009880	"amotl2a	cdx1a	cdx1b	cdx4	dharma	dla	fgf3	fgf8a	kat6a	lhx1a	mafba	meis1a	meis1b	meis3	mib1	mixl1	pax2a	pou5f3	ripply1	ripply2	ripply3	rpgrip1l	smad1	smad2	smad5	smo	tbpl2	tcf7l1b	wnt3a	wnt8b"
artery morphogenesis	GO:0048844	"acvrl1	calcrla	gipc1	hey2	kdrl	meis1b	myo6a	plcg1	ptprja	ptprjb.1	sema3aa	tal1	vegfaa"
brain development	GO:0007420	"aatkb	acvr1l	adcyap1a	adcyap1b	aldoaa	amigo1	amigo3	angpt1	ap1m1	ap1m2	ap1m3	apoda.1	apoda.2	apodb	arnt2	ascl1b	asphd1	atl	atp1a1a.1	atxn1a	atxn1b	atxn1l	bag6l	bcl11aa	bcl11ab	bdnf	bicdl1	bsx	btbd9	capn1a	ccsapb	cdh2	cdipt	cdk5r1a	cdk5r1b	cdk5r2a	cdk5r2b	cdkl5	chd8	clp1	cmklr1	cnnm2a	cnnm2b	cntn1a	cntn2	cntn3b	cntn4	cops6	coro1a	crb2a	cxcr4a	cxcr4b	ddc	ddx3xb	ddx46	disc1	dmbx1a	doc2a	dyrk1aa	eif3ha	eif3hb	emx1	emx2	emx3	etf1b	exosc3	exosc5	exosc8	fgf19	fgf8a	fll	fmr1	foxa3	foxb1b	foxl1	gabarapa	gas2l3	gdpd3a	git1	git2a	git2b	gli1	gli2a	gnrh2	gnrh3	golga2	gper1	grhl2a	grhl2b	gsc	gsx1	hcfc1a	hdac1	hdc	hecw2a	her12	her15.1	hirip3	hoxb5a	hoxb5b	ier3ip1	ino80e	jun	katnb1	kctd13	kctd15a	kctd15b	kdm6a	kdm6al	kif14	kif22	kirrel3l	kmt2d	l1camb	lama1	lamb1a	lamc1	lgi1a	lhx2b	macroh2a2	map2k5	mapk3	marcksa	marcksb	maza	mdkb	med14	meis1a	meis1b	meis3	mib1	mvp	nes	nipbla	nipblb	nrg1	ocrl	ogg1	pagr1	pals1a	pax10	pax4	pax6a	pax6b	pbx1a	pbx2	pbx4	pcsk7	peli1b	phf8	phox2a	pomgnt2	pou3f1	pou3f2a	pou3f2b	pou3f3a	pou3f3b	pou4f2	pou4f3	pou5f3	ppm1kb	ppp4ca	prkci	psen1	psen2	psmb1	psmd12	psmd3	pycr1b	qdprb.1	rab18b	rab3gap1	ralgapa1	rel	robo2	rpl10	rpl36	rps15a	rps4x	rtn1a	rtn1b	rtn4a	rtn4b	sart1	scgn	scinla	sema4d	sez6l2	sfpq	shha	si:ch73-160i9.2	si:dkeyp-92c9.2	sim2	six3a	six3b	slc16a2	slc18a2	slc2a2	slc2a3a	socs3b	sox11a	sox11b	sox12	sox14	sox19a	sox19b	sox1a	sox1b	sox2	sox21a	sox21b	sox3	sox4a	sox4b	tal2	taok2a	tasp1	tbc1d23	tbcd	tbx2b	tcf4	thnsl2	tlcd3ba	tmx2a	tmx2b	toe1	trim69	tsc22d3	tubgcp2	tun	uba2	vax1	vax2	veph1	xpo1a	yap1	ypel3	ywhag1	yy1a	zic1	znf143a	znf143b	znf703	zon	zranb1a	zranb1b"
embryonic retina morphogenesis in camera-type eye	GO:0060059	"atp6v0ca	atp6v0e1	cdh2	cdk5	cdk5r1b	cdk5r2a	crb2a	egr1	epb41l5	fgf24	fgf3	fgf8a	foxc1a	foxc1b	foxg1a	gdf6a	irx7	lhx1a	meis1b	pals1a	pbx2	pbx4	pde6c	reep6	sfrp1a	sfrp5	smarca4a	zic1	zic2a"
primitive hemopoiesis	GO:0060215	"bmi1a	cebpa	clocka	csrnp1a	dhx8	drll.3	eaf1	enpp2	foxo3b	gata1a	gata2a	gfi1aa	hdac9b	hoxd4a	jak2a	kat5a	kat8	lpar1	meis1b	mta3	ncoa2	ndr1	nop10	npas4l	ptpn9a	rigi	rps24	scube1	smad3a	smarca1	smyd5	sox17	tal1	tmem88a	trim2a	trim33	unm_m547	unm_m594"
animal organ morphogenesis	GO:0009887	"akap12b	alms1	ap1m2	asxl2	cxcl12a	cxcr4b	disp1	etfa	fgf8a	foxf1	foxf2a	foxf2b	gcm2	lama1	lama2	lama3	lamb1a	lamb1b	lamb2l	lamb4	lamc1	lamc3	meis1a	meis1b	meis3	ndr2	nek8	ntn1a	ntn1b	ntn2	ntn4	ntn5	pbx1a	pbx4	ptf1a	quo	si:dkey-202e22.2	si:dkey-220k22.1	tbx5a"
dorsal aorta development	GO:0035907	"amotl2a	amotl2b	dlc	dll4	meis1b	notch1a	notch1b	notch3	pard3ab	pth1r	pthlha	vegfaa"
eye development	GO:0001654	"actn2b	atoh7	axin1	bbs9	bicdl1	cactin	cep290	col15a1b	coro1a	crx	cryaa	cyp1b1	dmbx1a	eya3	fabp4a	foxe3	fzd5	her15.1	hif1al	impdh1a	lama1	lamb1a	lamc1	lhx5	mab21l2	mapk3	maza	mbnl2	meis1a	meis1b	meis3	mfrp	mvp	myb	pax6b	pbx1a	pbx4	pcdh15b	pcsk7	pde6d	plxna2	rab18a	rab18b	rbm24a	rnf152	rx3	sart1	scinla	sco2	sfrp1a	sfrp5	sil1	six3a	six3b	six6a	six6b	six7	slc7a14a	smoc1	tatdn1	tlcd3ba	tmx3a	trnt1	tyms	vps39	wdr55	wnt8a	wnt8b	zdhhc16a"
blood vessel lumenization	GO:0072554	"cdh5	egfra	krit1	marcksl1a	marcksl1b	meis1b	msna	pard3ab	ppp2r2aa	ppp2r2ab	ptprbl	rasa3	sh3gl3b	sh3kbp1	sytl2a	sytl2b"
protein stabilization	GO:0050821	"atf7ip	bag1	bag3	bag4	bag5	bag6l	cdc37	cdc37l1	dnlz	gapdh	glmp	hsp90aa1.1	hsp90aa1.2	hsp90ab1	hypk	meis1b	mfsd1	otud3	park7	szl	usp13"
smooth muscle contraction	GO:0006939	"bdkrb2	htr1d	htr2b	htr7a	htr7b	htr7c	rock2a	rock2b	si:dkey-63b1.1	tpcn2"
chemical synaptic transmission	GO:0007268	"apba1a	apba1b	cacnb2a	cacnb2b	cacnb4a	cacnb4b	cep89	chrm2a	chrm3a	chrm3b	chrm4a	chrm4b	chrm5a	chrm5b	chrna10a	chrna11	chrna7a	chrnb1	chrnb1l	chrnb2	chrnb4	chrnb5a	chrnb5b	chrnd	chrne	chrng	dlg1a	dlg1b	dlg2	dlg3	dlg4b	drd4b	exoc4	grin1b	grm1a	grm1b	grm5a	grm5b	hdc	hrh1	hrh2a	hrh2b	htr1aa	htr1ab	htr1b	htr1d	htr1fa	htr1fb	htr2ab	htr2b	htr2cl1	htr4	htr5aa	htr5ab	htr7a	htr7b	htr7c	kcnq3	nlgn3a	nlgn3b	nrxn2a	or137-8	or90b1	or90b2	or90e2	or90h3	or90h4	or93a1	parietopsin	pdyn	penka	penkb	pmch	pmchl	pnocb	rapsn	si:ch73-40i7.5	si:dkey-247m21.3	slc12a4	slc12a7a	slc17a6b	slc18a3a	slc18a3b	sncb	sncga	spg11	sv2a	sv2ba	sv2bb	sv2ca	synj1	syt3	syt9a	syt9b	taar12m	unc13a	unc13bb	unc13c"
vasoconstriction	GO:0042310	"agt	bdkrb2	edn1	edn2	edn3b	ednraa	ednrab	ednrba	ednrbb	htr1b	htr1d	htr2b	htr7a	htr7b	htr7c	si:ch211-202p1.5	si:dkey-63b1.1"
circadian rhythm	GO:0007623	"aanat1	aanat2	bdnf	bmal1a	bmal2	clocka	clockb	cry1a	ezh2	fbxl3a	htr7a	htr7b	htr7c	impdh2	lypc	mitfa	nfil3	nfil3-2	nfil3-3	nfil3-4	nfil3-5	nfil3-6	nocta	noctb	npas2	nr0b2a	per1b"
negative regulation of peptidase activity	GO:0010466	"a2ml	a2ml2	appa	appb	c3b.1	c3b.2	c4	cast	cpamd8	itih2	itih3a.1	itih3a.2	itih5	itih6	kazald3	lxn	nrg2a	pi15a	pi15b	reck	serpina10a	serpina10b	serpina7	serpine3	si:ch211-186e20.7	si:ch211-195b11.3	si:ch211-212c13.10	si:ch211-212c13.8	si:dkey-105h12.2	si:dkey-46g23.2	si:dkey-46g23.5	spink2.1	spink2.10	spink2.11	spink2.2	spink2.3	spink2.4	spink2.5	spink2.7	spink2.8	spink2.9	spink4	tfpi2	tfpia	timp2a	timp2b	timp4.1	timp4.2	timp4.3	wfikkn1	zgc:113828	zgc:165518	zgc:171426	zgc:171445	zgc:171446	zgc:174259	zgc:174260"
positive regulation of DNA-templated transcription	GO:0045893	"ahr2	alx1	ankrd49	arnt	arnt2	ascl1a	atxn7l3a	atxn7l3b	bmal1a	cdx1b	chd8	churc1	clocka	cnbpa	crebl2	cxxc1a	cxxc1b	dnajc2	dyrk1aa	dyrk1ab	edrf1	egr1	eny2	eomesa	eomesb	etv4	foxk1	foxk2a	foxk2b	foxn4	gata4	gata5	gata6	gpbp1l1	hmbox1a	hmbox1b	hnf1a	hnf1ba	hnf1bb	hoxb1b	ilf2	ing1	ing2	irak4	irf10	irf3	irf4b	irf4l	irf5	irf6	irf7	irf8	irf9	kat2a	kat5a	kat5b	kat8	kdm8	kiss1rb	klf17	kmt2a	kmt2bb	lbh	lhx1a	mad2l2	maff	mafga	mafgb	mafk	magl	med12	med16	med30	meis3	mgaa	mllt11	mllt1a	msantd1	mxtx1	nfe2l2a	nfia	nfic	nfixa	nfixb	nkx2.2a	npas4a	nr3c1	nup85	otx5	pbx4	phf8	pithd1	pitx3	pou5f3	prdm10	ptf1a	rela	rfx6	runx2b	runx3	rxrga	rybpa	rybpb	setd3	setd7	sfr1	si:ch1073-303d10.1	si:ch211-260e23.9	si:ch211-59o9.10	smad5	smarcc1a	smarcc1b	smarcc2	sox32	tbr1a	tbr1b	tbx1	tbx15	tbx16	tbx16l	tbx18	tbx19	tbx1l	tbx20	tbx21	tbx22	tbx2a	tbx2b	tbx3a	tbx3b	tbx4	tbx5a	tbx5b	tbx6	tbxta	tbxtb	tefa	tfe3b	tfeb	thraa	tp53	tp53inp1	traf6	trip4	trpv6	unga	usp16	waca	wbp2	wbp2nl	wnt11f2	wnt4	yaf2	zgc:114119	zgc:91944	znf143b	znf318	znf711"
skeletal muscle fiber development	GO:0048741	"acta1a	acta1b	actn2b	adss1	ambra1a	ambra1b	b4galt7	cavin4b	ccdc78	chrna1	col6a1	dag1	dmd	dmrt2a	dok7b	gdf6a	ik	inpp5ka	inpp5kb	klhl40a	klhl40b	klhl41a	klhl41b	lgals2a	lmod3	mtm1	mtmr12	mybpc1	myf5	myhz2	myo18aa	myo18ab	myod1	myorg	nfixa	nphs1	pbx2	pbx4	plod2	pygma	pygmb	rbfox1l	rbfox2	ripor2	ryr1a	ryr1b	ryr3	scube3	selenon	shha	sil1	six1a	six1b	six9	smo	smpx	smyd1a	smyd1b	smyhc1	spast	spry4	tango2	tars2	tcap	tm4sf5	zgc:112052"
skeletal muscle tissue development	GO:0007519	"atp1a2a	bag3	cdkn1a	col15a1a	col6a1	cryaba	cryabb	ctcf	dag1	desma	disp1	dmd	dnajb6a	dnajb6b	fer1l6	fhl1a	fut8a	fxr1	gfpt1	gmppb	golga2	hmgcra	hspg2	itga6a	itga7	kif5ba	kif5bb	lamc1	ldb3a	lmna	msc	mstnb	mtm1	myf5	myf6	myl1	mylpfa	mylpfb	myod1	myog	myot	nfixa	ngly1	ninj1	pleca	plecb	popdc1	popdc2	popdc3	ppargc1a	pxna	qkia	rbm24a	rbm24b	slc8a4a	smad4a	smyd2a	sox6	stac3	synpo2la	synpo2lb	tardbpa	tardbpb	tcf21	tln1	ttn.1	ttn.2	unc45b"
positive regulation of mRNA splicing, via spliceosome	GO:0048026	"celf3a	celf4	cirbpa	dhx37	rbmx	tra2a	tra2b"
inflammatory response	GO:0006954	"adam8a	adam8b	agtr1a	agtr1b	agtr2	caiap	caspb	cd44a	chadla	cmklrl2	csf1ra	cxcl20	cxcl8a	cxcl8b.1	cxcr3.1	fpr1	gbp4	ggt5a	hk1	il17a/f1	il17a/f3	il17d	il1b	il1fma	il1rap	loxl3a	loxl3b	lta4h	macir	mapkapk2a	mapkapk2b	mecp2	mfhas1	mpx	mst1	myd88	ninj1	nlrp1	nos2a	nos2b	npc2.1	nr4a1	nrros	park7	ptger1a	ptger1b	ptger1c	ptger2a	ptger2b	ptger3	ptger4a	ptger4b	ptger4c	ptgfr	ptgir	pycard	rel	sgk1	si:ch1073-406l10.2	si:ch211-112c15.8	si:ch211-195h23.3	si:ch211-66k16.27	si:ch73-160i9.3	si:dkey-10c21.1	si:dkey-117a8.1	si:dkey-211g8.1	si:dkey-42l23.4	si:dkey-42l23.7	tbxa2r	tlr1	tlr18	tlr19.1	tlr2	tlr20.2	tlr20f	tlr21	tlr22	tlr3	tlr4al	tlr4ba	tlr4bb	tlr5a	tlr5b	tlr7	tlr8a	tlr8b	tlr9	tnfa	tnfrsf1a	tollip	tusc2a	tusc2b	uhrf1	zgc:153935	zgc:195173"
regulation of mitochondrial membrane potential	GO:0051881	"pid1	tusc2a	tusc2b"
notochord cell development	GO:0060035	"cav3	lama1	mgt	mib1	ngs"
intermediate filament organization	GO:0045109	"agfg1b	bfsp2	desma	desmb	gfap	inaa	inab	krt4	krt5	krt8	neff1	ngs	prph	si:dkey-222f2.1	vim	viml	vimr1	vimr2	zgc:158846	zgc:172323"
mRNA destabilization	GO:0061157	"alkbh5	fxr1	mettl14	mettl16	mettl3	rbm24a	ythdf1	ythdf2	ythdf3"
spermatogenesis	GO:0007283	"alkbh5	amh	ankle2	ar	asz1	bag6l	bmpr2a	brca2	buc	cdk21	cfap157	cyp11a1.2	dazl	dnaaf1	fkbp6	fshb	fshr	hormad1	hsf5	ift20	iftap	insl3	katnal1	larp7	lgr4	lhb	lhcgr	m1ap	mea1	mei4	meig1	mettl14	mettl3	mlh1	piwil1	piwil2	pld6	rbm46	rnf114	sass6	si:ch211-225h24.2	smc1b	spata6	spata6l	spmap2	strbp	tdrd1	tdrd15	tdrd5	tdrd6	tdrd7a	tdrd7b	tdrd9	tert	topaz1	tp53	trip13	tssk6	ttll3	vipas39	vrk1	ythdc2	zgc:194246"
mRNA processing	GO:0006397	"alkbh5	aqr	arb2a	arl6ip4	bcas2	bud31	casc3	cdc5l	cdk12	celf1	celf2	celf3a	celf3b	celf4	clp1	cmtr1	cmtr2	cnot6l	cpeb1b	cpsf2	cpsf3	cpsf4	cpsf6	cript	cwc15	cwc22	cwc25	dbr1	dcps	ddx1	ddx23	ddx46	dhx16	dhx8	eftud2	eif4a3	elavl4	ern2	esrp1	esrp2	fam50a	fip1l1a	fip1l1b	fmr1	gemin2	gpatch1	gpkow	hnrnpk	hnrnpl	hnrnpl2	hnrpkl	htatsf1	jmjd6	khdc4	khdrbs1a	khdrbs1b	khdrbs2	larp7	lgals3a	lsm1	lsm3	lsm4	lsm5	lsm6	lsm8	luc7l3	magoh	mettl3	ncbp2	ncbp3	nudt21	pabpc1a	pabpc1b	pan2	pan3	papola	papolg	pcif1	pnn	ppil1	ppwd1	pqbp1	prkrip1	prpf18	prpf19	prpf3	prpf31	prpf38a	prpf38b	prpf39	prpf8	ptbp1a	ptbp1b	ptbp2a	ptbp2b	ptbp3	ptcd2	puf60a	puf60b	pus7l	qki2	qkia	rbfox1	rbfox1l	rbfox2	rbfox3a	rbfox3b	rbm17	rbm22	rbm24a	rbm24b	rbm25b	rbm38	rbm39a	rbm39b	rbm47	rbm48	rbm5	rbm8a	rbmx	rngtt	rnmt	rnpc3	rnps1	rpusd4	sart1	sart3	scnm1	sde2	sf1	sf3a1	sf3a2	sf3a3	sf3b1	sf3b3	sf3b5	slu7	smn1	smndc1	smu1a	smu1b	smx5	snapc3	snrnp27	snrpa	snrpa1	snrpd1	snrpd2	snrpd3	snrpd3l	snrpe	snrpf	snrpg	snu13a	snu13b	snw1	srek1ip1	srrm1	srrm2	srrm4	srrt	srsf1a	srsf1b	ssu72	strap	syf2	sympk	tardbpa	tardbpb	tdrd3	tent2	tfip11	thoc1	thoc2	thoc5	thoc6	thoc7	tnpo3	tssc4	tut1	txnl4a	txnl4b	u2af2a	u2af2b	usp39	virma	wbp11	wtap	xab2	xrn2	ybx1	yju2	zcrb1	zmat5	znf326"
regulation of mRNA processing	GO:0050684	"alkbh5	ptcd2	safb	sfpq	sltm	srpk1a"
response to hypoxia	GO:0001666	"ajuba	alas2	alkbh5	apln	arnt2	atf6	atp5meb	btr01	camk2g2	cct4	cox4i1	crtc3	dap3	ddit3	ddit4	eif2ak3	epas1b	ern1	foxo3b	foxo4	fundc1	g0s2	gpr109al	hbaa1	hbba1	hif1ab	hif1al	hmox1a	hsp90b1	hspa5	igfbp1a	irs2a	ldha	lipf	loxl2a	loxl2b	mb	mmp14a	mmp2	ncam2	ndufa9a	ngb	npc1	nrp1a	nrp1b	pgfb	pgk1	plekhn1	ppiab	psen1	rest	sdcbp2	smyd3	tet1	tph1a	tph1b	vegfaa	vegfba	vegfc	vegfd	wtip	xgb"
regulation of mRNA export from nucleus	GO:0010793	alkbh5
membraneless organelle assembly	GO:0140694	"alkbh5	fxr1"
ribosomal small subunit export from nucleus	GO:0000056	"ltv1	npm1a	nup88	xpo1a	xpo1b"
ribosomal large subunit export from nucleus	GO:0000055	"nmd3	npm1a	nup88	sdad1	xpo1a	xpo1b"
nucleocytoplasmic transport	GO:0006913	"aaas	anp32a	nup155	nup160	nup35	nup58	nup88	nup98	nutf2	nutf2l	nxt2	ran	ranbp1"
protein transport	GO:0015031	"akirin2	aktip	amn	ap1b1	ap1g1	ap1g2	ap1m1	ap1m2	ap1m3	ap1s1	ap1s2	ap1s3a	ap1s3b	ap2a1	ap2b1	ap2m1a	ap2m1b	ap2s1	ap3b1a	ap3d1	ap3m1	ap3m2	ap3s1	ap3s2	ap4b1	ap4e1	ap4m1	ap4s1	ap5b1	ap5m1	arcn1a	arcn1b	arf1	arf2a	arf2b	arf3a	arf3b	arf4a	arf4b	arf5	arfgef1	arfgef2	arl3b	arl8a	arl8ba	arl8bb	arrb1	arrdc2	arrdc3a	arrdc3b	atg3	atg4a	atg4b	atg4c	atg4da	atg4db	atg7	bbs7	bcap29	bcap31	bet1	bet1l	cadpsa	cadpsb	ccdc22	cd63	cep41	chchd4a	chchd4b	chmp1a	chmp1b	chmp2a	chmp2ba	chmp2bb	chmp3	chmp4ba	chmp4bb	chmp5b	chmp6b	chmp7	chp1	chp2	cog1	cog2	cog3	cog4	cog6	cog7	cog8	copa	copb1	copb2	cope	copg2	copz1	copz2	cplane2	cracr2aa	cse1l	dennd10	dnajc19	eny2	exoc2	exoc4	exoc7	exoc8	fhip1b	gdi1	gdi2	gga1	gga3a	gga3b	gle1	golga2	gosr1	gosr2	hikeshi	hook1	ier3ip1	ift56	ist1	jagn1a	jagn1b	kdelr2a	kdelr2b	kdelr3	kpna1	kpna2	kpna3	kpna4	kpna5	kpna6	kpna7	ktn1	lin7a	lin7b	lin7c	lsg1	macir	mon2	mtx1a	mtx1b	mtx3	mvb12a	mvb12ba	mvb12bb	myo1d	naca	napaa	napab	napba	napbb	napga	napgb	nbas	ndc1	nmd3	nsfa	nsfb	nup107	nup133	nup155	nup188	nup35	nup42	nup50	nup58	nup62l	nup85	nup88	nup93	nup98	nutf2	nutf2l	nxt2	pam16	pex1	pex10	pex13	pex14	pex2	pex5	pgap1	phax	plekha8	plekhf2	preb	rab11fip1a	rab11fip5a	rab11fip5b	rab13	rab18b	rab21	rab25b	rab3aa	rab3ab	rab3c	rab3da	rab44	rab4a	rab4b	rab8a	rabep1	rabep2	rabif	ramp1	ramp2	ran	rangrf	rhbdf1a	rilp	rilpl1	rilpl2	rp2	rrbp1a	rrbp1b	rufy1	sar1aa	sar1ab	sar1b	scamp1	scamp2	scamp2l	scamp3	scamp4	scamp5a	scamp5b	scfd1	sdad1	sec13	sec16a	sec22ba	sec22bb	sec23a	sec23b	sec24a	sec24b	sec24c	sec24d	sec31a	sec61a1a	sec61a1b	sec61b	sec61g	sec62	sec63	seh1l	selenbp1	sft2d1	sft2d2a	sft2d2b	sft2d3	si:ch211-130m23.2	si:dkey-181m9.8	si:dkey-28n18.9	si:dkey-71l1.1	slc15a1a	slc15a1b	slc15a2	slc15a4	slc15a5	slc7a6os	snf8	snx10a	snx10b	snx17	snx18a	snx18b	snx1a	snx1b	snx2	snx20	snx21	snx27a	snx27b	snx30	snx33	snx4	snx5	snx6	snx7	snx8a	snx9a	snx9b	spire1a	spire1b	spire2	stam	stam2	stx18	stxbp1a	stxbp1b	stxbp2	stxbp3	stxbp5l	surf4	surf4l	sys1	timm10	timm10b	timm13	timm17a	timm17b	timm21	timm22	timm23a	timm23b	timm44	timm50	timm8a	timm8b	timm9	tmed1a	tmed1b	tmed2	tmed3	tmed5	tmed7	tom1	tom1l2	tomm20a	tomm20b	tomm22	tomm40	tomm40l	tomm5	tomm7	tram1	tram2	tsg101a	tsg101b	txnipa	txnipb	ubap1	uevld	unc119a1	unc119a2	unc119b	unc119c	use1	vipas39	vps11	vps16	vps18	vps25	vps26a	vps26b	vps26bl	vps28	vps29	vps33a	vps33b	vps35	vps35l	vps36	vps37a	vps37ba	vps37bb	vps37c	vps37d	vps41	vps45	vps51	vps52	vps54	vta1	vti1a	vti1b	wash1	washc5	xpo1a	xpo1b	xpo4	xpo6	yif1a	yif1b	yipf5	ykt6	zgc:110353	zgc:110626	zgc:112334	zgc:113278	zgc:114123	zgc:123278	zgc:162858	zgc:77650"
mRNA transport	GO:0051028	"casc3	eif4a3	eif4ea	eif4eb	eny2	fmr1	fxr1	fxr2	gle1	igf2bp1	igf2bp2a	igf2bp3	lrmp	magoh	ncbp2	ncbp3	ndc1	nup107	nup133	nup155	nup188	nup35	nup42	nup50	nup58	nup85	nup88	nup93	nup98	nutf2	nutf2l	nxf1a	nxf1b	nxt2	qki2	qkia	rbm8a	sec13	seh1l	slbp2	thoc1	thoc5	thoc6	thoc7	upf3a"
neuron projection morphogenesis	GO:0048812	"cad	chd7	dbnla	dbnlb	dnm1a	fars2	fmr1	gas7a	inab	mgat1b	mnx1	nckap1	nckap1l	ngfa	ngfb	nup50	nyap2a	nyap2b	pacsin1a	pacsin1b	pcdh18b	ppp1r12a	ppp1r12c	sgk1	shtn1	shtn2	shtn3	si:ch211-195b13.1	si:dkey-40c11.2	slc6a7	srgap2	taok1a	taok3a	trappc9	ved	wfs1a	wfs1b"
postsynaptic actin cytoskeleton organization	GO:0098974	"dbnla	dbnlb	si:dkey-40c11.2"
positive regulation of dendritic spine morphogenesis	GO:0061003	"caprin2	dbnla	dbnlb	si:dkey-40c11.2"
positive regulation of axon extension	GO:0045773	"cdkl5	cntn2	dbnla	dbnlb	l1cama	l1camb	nsmfb	shtn1	si:dkey-40c11.2	slit1a	spast"
regulation of actin filament polymerization	GO:0030833	"abitram	arhgap28	arpc3	arpc5a	arpc5b	arpc5la	arpc5lb	cotl1	cyfip1	cyfip2	dbnla	dbnlb	fam49a	fam49al	fam49ba	fam49bb	hax1	hcls1	pfn1	pfn2a	pfn2b	si:dkey-40c11.2	wasa	wasb"
deadenylation-independent decapping of nuclear-transcribed mRNA	GO:0031087	"dcp1a	dcp1b	edc3	edc4"
P-body assembly	GO:0033962	"ddx6	ddx61	edc3	lsm14ab	lsm3	lsm4	patl1	patl2"
melanocyte differentiation	GO:0030318	"csf1ra	dicer1	ece2b	edn3b	erbb3b	foxd3	gfpt1	gja5b	hdac1	kcnj13	kita	kitlga	leo1	lrmda	ltk	mib1	mib2	mitfa	mitfb	oca2	pmela	psen1	psen2	rnf41	sf3b1	slc24a5	slc45a2	sox10	sox5	sox9b	tfap2a	tfap2e	trpm7	tyr	tyrp1a	tyrp1b	uvrag	vps11"
protein O-linked glycosylation	GO:0006493	"b3galnt2	b3galt10.1	b3galt11	b3galt1a	b3galt2	b3galt6	b3gnt2b	b3gnt2l	b3gnt3.2	b3gnt3.3	b3gnt3.4	b3gnt5a	b3gnt5b	b3gnt7	b3gnt7l	galnt1	galnt11	galnt16	galnt17	galnt18b	galnt6	galnt7	galnt9	galntl6	ogt.1	poc1bl	poglut1	pomgnt2	pomk	pomt1	pomt2	si:dkey-160o24.3	si:dkey-175m17.6	st6galnac2	zgc:194679"
regulation of actin cytoskeleton organization	GO:0032956	"arap3	arhgap17a	arhgef11	arhgef15b	arhgef19	baiap2a	baiap2b	dnm2b	efna5b	ek1	gna12a	gna13a	gna13b	mlst8	naa20	ngef	rac1a	rac1b	rac2	rac3a	rac3b	rhoab	rhoac	rhobtb1	rhobtb4	rhoca	rhocb	rhof	rhoga	rhogb	rhogc	rhogd	rnd1a	rnd1b	rnd2	rnd3a	rnd3b	rock2a	rock2b	sh3bp1	si:ch73-15b2.5	si:dkey-11p23.7	siglec15l	zgc:158689"
actin filament organization	GO:0007015	"arhgef2b	bcl2l16	brk1	cap1	cap2	cd2ap	cdc42	cdc42l	cdc42l2	cfl1	cnn1a	cnn1b	cnn3a	cnn3b	coro1a	coro1b	coro1ca	dlg1a	dlg1b	elmo1	eys	fscn1a	fscn1b	fscn2a	fscn2b	hip1	hip1rb	kptn	lmod1a	lmod1b	lmod2a	lmod2b	lmod3	marcksa	marcksb	marcksl1a	marcksl1b	mcu	mxtx2	myo1ca	myo1cb	myo1ea	myo1f	myo1g	myo5c	myo6a	pacsin1b	ppp1r9ala	ppp1r9ba	ppp1r9bb	rac1a	rac1b	rac2	rac3a	rac3b	rhoaa	rhoab	rhobtb1	rhobtb4	rhoca	rhocb	rhof	rhoga	rhogb	rhogc	rhogd	rhoh	rhoj	rhoq	rhoua	rhoub	rhov	rnd1a	rnd1b	rnd2	rnd3a	rnd3b	shroom1	shroom3	shroom4	syne2b	tagln2	tagln3a	tmod2	tmod4	tmsb	tmsb1	tmsb2	tmsb4x	tpm1	tpm2	tpm3	tpm4a	tpm4b	tpma	ttc8	vangl2	wasa	wasb	wasla	waslb	xirp1	xirp2a	xirp2b"
cell migration	GO:0016477	"amotl2a	apc	aplnra	aplnrb	arpc5a	arpc5b	arpc5la	carmil2	carmil3	cass4	cd151l	cd248a	cd248b	cd2ap	cdh1	cdh10a	cdh11	cdh12a	cdh15	cdh17	cdh2	cdh23	cdh26.1	cdh27	cdh4	cdh5	cdh6	celf1	coro1a	coro1b	crk	crkl	ctnna1	ctnna2	cxcr4b	dock1	dock5	efs	ek1	eng	ephb3a	fermt2	fmnl1a	fmnl2b	fmnl3	fscn1a	fscn1b	fscn2a	fscn2b	fzd2	gpc1a	gpc1b	gpc2	gpc3	gpc4	gpc5a	gpc5b	gpc6a	gpc6b	hcls1	itgav	itgb1a	itgb1b	itgb1b.1	itgb1b.2	itgb3a	itgb3b	itgb5	itgb6	itgbl1	jam3a	jam3b	kdr	kdrl	lama3	lamb1a	lamb1b	lamb2l	lamb4	mertka	met	mmp14a	mmp14b	nck1b	nck2a	nck2b	nckap1	nckap1l	nde1	ndel1a	ndel1b	nedd9	nr6a1a	nr6a1b	ntn4	pak2a	pak2b	pik3c2b	pik3ca	pik3cb	pik3cd	podxl	rhbdf1a	rhoab	rhoac	rhoca	rhocb	rhof	scrib	sdc2	sdc4	sema3aa	si:dkey-202e22.2	si:dkey-220k22.1	svep1	tgfbr3	tyro3	usp33	usp45	wnt11f2	wwc1	wwc3	zgc:158659	zranb1b"
execution phase of apoptosis	GO:0097194	"aifm3	bbc3	casp21	casp3a	casp3b	casp7"
positive regulation of neuron apoptotic process	GO:0043525	"baxa	baxb	casp10	casp2	casp20	casp21	casp3a	casp3b	casp6a	casp7	casp8l1	casp9	caspa	caspb	caspbl	gsk3aa	gsk3ab	gsk3bb	mcl1a	mcl1b	tp53"
keratinocyte differentiation	GO:0030216	"capn12	casp21	casp3a	casp3b	tgm1l1	tgm1l4"
cerebellum development	GO:0021549	"bmi1a	bmi1b	brf1b	ca8	ccdc32	cep290	cep55l	chmp1a	clpb	fgf8a	gbx1	gbx2	hgfa	hgfb	klf8	lhx1a	met	nop56	otud4	otx2a	otx2b	pax2a	pcare1	rnf216	rp1l1a	tars2	wdr73	znhit3"
cell projection organization	GO:0030030	"arl6	atp6v0d1	b9d1	b9d2	bbs7	catip	ccdc103	ccdc32	ccdc61	cdh23	cep131	cep162	cep19	cep20	cep290	cep41	cep43	cep89	cfap126	cfap206	cfap263	cfap53	cfl1	cibar1	cluap1	cplane2	dnaaf3	dnaaf3l	dnmbp	dync2h1	dync2li1	dzip1	entr1	fam161a	foxj1a	foxj1b	gpr22a	gsna	gsnb	hyls1	ift122	ift20	ift70	ift81	intu	kif17	kif3b	macir	mks1	ofd1	poc1a	poc1b	ptpdc1a	rfx2	rp1l1a	rp1l1b	rsph9	sdccag8	si:ch211-185a18.2	snap29	snx10a	tapt1b	tbc1d31	tctn1	tctn2	tmem107	tmem138	tmem17	tmem216	tmem231	tmem237a	tmem237b	traf3ip1	trappc14	ttc17	ttll6	tubd1	ubxn10	unc119b	wdpcp	wdr35	zgc:112294"
axoneme assembly	GO:0035082	"ccdc40	cep41	cfap206	dnaaf1	dzip1	gas8	ift56	jhy	pierce1	pierce2	rp1l1a	rp1l1b	rsph4a	rsph9	spag16	stk36	tbc1d32	ttll3	ttll6"
visual perception	GO:0007601	"adgrv1	arl6	arr3a	arr3b	atp5if1a	cnga1b	crx	cryaa	cryba1a	cryba1b	cryba1l1	cryba1l2	cryba2a	cryba2b	cryba4	crybb1	crybb1l1	crybb1l2	crybb1l3	crybb2	crybb3	crybgx	crygm1	crygm2a	crygm2b	crygm2c	crygm2d1	crygm2d10	crygm2d11	crygm2d12	crygm2d13	crygm2d14	crygm2d15	crygm2d16	crygm2d17	crygm2d18	crygm2d2	crygm2d20	crygm2d21	crygm2d3	crygm2d5	crygm2d6	crygm2d7	crygm2d8	crygm2d9	crygm2f	crygm3	crygm4	crygm5	crygm6	crygm7	crygmx	crygmxl1	crygmxl2	crygn1	crygn2	crygs1	crygs2	crygs3	crygs4	exorh	eys	gc2	gnat1	gpr179	gprc5c	grk1a	grk7a	grk7b	guca1ab.1	guca1ab.2	guca1b	guca1g	gucy2d	gucy2f	impg1b	impg2b	irx5a	kera	myo3a	myo3b	nphp3	nr2f5	nxnl2	nyx	opn1lw1	opn1lw2	opn1mw1	opn1mw2	opn1mw3	opn1mw4	opn1sw1	opn1sw2	opn3	opn4.1	opn4a	opn4b	opn4xa	opn4xb	opn7a	opn7b	opn7c	opn7d	panx1a	parapinopsina	parapinopsinb	pcdh19	pdca	pdcb	pdcl	pde6c	pde6d	pde6ga	pde6gb	pde6ha	pde6hb	per1b	prph2a	prph2b	prph2la	prph2lb	rb1	rgra	rgrb	rgs9b	rho	rhol	rom1a	rom1b	rp1l1a	rp1l1b	rpe65a	rrh	si:dkey-57a22.15	slc17a6b	tenm3	tmtops2a	tmtops2b	tmtops3a	tmtops3b	tmtopsa	tmtopsb	unc119a1	unc119a2	ush2a	valopa	valopb	vit	vsx1	vsx2	zgc:153846"
convergent extension	GO:0060026	"amotl2a	appa	appb	bbs1	bbs10	bbs4	blf	cops6	ctnnb1	ctnnb2	ctsba	daam1b	def6a	dnm2a	dvl2	ephb2a	ephb4a	fibpb	gna13a	gna13b	gpc4	greb1	hipk2	ier2a	ift80	kdm6a	kmt2d	lbx1b	lzts2a	marchf5	mcamb	mkks	mmp14a	mmp14b	nphp3	nup62l	ofd1	pak1	pcare1	pigp	ppp1caa	ptk7b	rap1aa	rap1b	rp1l1a	ryk	s1pr2	smad4a	swap70b	ttc8	usp4	vangl2	wnt11f2	wnt3a	wnt5b"
photoreceptor cell development	GO:0042461	"atxn3	cdc42	cdhr1a	cerkl	exoc5	irx4a	kif3b	pcare1	rp1l1a	rp1l1b	rp2	stra6l	tbx2b"
photoreceptor cell outer segment organization	GO:0035845	"ahi1	arl13b	bbs1	bbs4	cc2d2a	chd7	exoc5	eys	gucy2f	ift56	ift74	kif17	kif3a	kif3b	kif7	lca5	ninl	pard3ab	pitpnb	prkci	prkcz	prom1b	rab8a	rp1l1a	rp2	rpgrip1	si:ch211-185a18.2	stra6l	tmem216	vangl2"
nucleobase-containing compound metabolic process	GO:0006139	"ak1	ak2	ak3	ak4	ak5	ak5l	ak7a	ak7b	ak8	ak9	brip1	cmpk	dck	ddx11	dguok	ercc2	exd1	exd2	exd3	exosc10	pnp4a	pnp4b	pnp5a	pnp5b	pnp6	rtel1	si:ch1073-390k14.1	si:ch211-201h21.5	si:dkey-4e7.3	srbd1	supt6h	wrn	xrn2	zgc:110540"
mitochondrial electron transport, NADH to ubiquinone	GO:0006120	"mt-co1	mt-nd1	mt-nd2	mt-nd3	mt-nd4	mt-nd5	mt-nd6	ndufa10	ndufa7	ndufa8	ndufaf1	ndufb6	ndufb8	ndufb9	ndufc2	ndufs2	ndufs6	ndufs8a	ndufv1	ndufv2	prkn"
immune response	GO:0006955	"ackr3b	asgr1a	asgrl1	b2m	c3a.3	c6.1	c6.2	c7a	c7b	c8a	c8b	c9	cabz01093075.1	ccl19a.1	ccl19a.2	ccl19b	ccl20a.3	ccl20a.4	ccl20b	ccl20l	ccl25a	ccl25b	ccl27a	ccl27b	ccl32b.3	ccl33.2	ccl33.3	ccl34a.3	ccl34a.4	ccl34b.1	ccl34b.4	ccl34b.8	ccl34b.9	ccl35.1	ccl35.2	ccl36.1	ccl38.1	ccl38.6	ccl38a.3	ccl38a.4	ccl38a.5	ccl39.1	ccl39.2	ccl39.3	ccl39.6	ccl44	ccr10	ccr12a	ccr2	ccr6a	ccr6b	ccr7	ccr8.1	ccr9a	cd209	cd27	cd276	cd36	cd40lg	cd74a	cd74b	cfb	cfp	chadla	cldc1	cmklr1	csf3a	csf3b	cts12	ctsh	ctsl.1	cxcl11.1	cxcl11.3	cxcl11.4	cxcl11.5	cxcl11.6	cxcl11.7	cxcl11.8	cxcl12a	cxcl12b	cxcl14	cxcl18a.1	cxcl18b	cxcl19	cxcl20	cxcl32b.1	cxcl8a	cxcl8b.1	cxcl8b.3	cxcr2	cxcr3.1	cxcr3.2	cxcr4a	cxcr4b	cxl34b.11	eda	enpp2	enpp2l	fas	faslg	gpa33a	hepacama	hhla2b.2	ifi44a1	ifi44c1	ifi44c2	ifi44e	ifi44f1	ifng1	ifng1r	igldcp	il10	il11a	il15	il15l	il1b	il1fma	il21	il22	il6	illr1	illr2	illr4	irak1bp1	lta	ly86	map3k7	marchf1	marchf8	mhc1laa	mhc1lca	mhc1lda	mhc1lga	mhc1lia	mhc1lja	mhc1lla	mhc1uba	mhc1uma	mhc1zba	mhc1zca	mhc1zda	mhc1zea	mhc1zfa	mhc2bl	mhc2d4b	mhc2d8.35a1	mhc2d8.35b2	mhc2d8.37a1	mhc2d8.37a2	mhc2d8.37b2	mhc2d8.45b1	mhc2d8.46a	mhc2daa	mhc2dab	mhc2dbb	mhc2dga	mhc2dgb	mhc2dhb	mstna	mstnb	nfil3	nrros	pecam1a	pglyrp2	pglyrp5	pglyrp6	prf1.2	prf1.7	prf1.9	prg4a	prg4b	ptx3a	ptx3b	rxfp3.3a1	rxfp3.3a2	rxfp3.3a3	rxfp3.3b	si:busm1-194e12.8	si:cabz01036022.1	si:cabz01074946.1	si:ch1073-220m6.1	si:ch211-125e6.13	si:ch211-132g1.4	si:ch211-158d24.4	si:ch73-111e15.1	si:ch73-122g19.1	si:ch73-160i9.2	si:ch73-343l4.8	si:dkey-15j16.6	si:dkey-192g7.3	si:dkey-208m12.2	si:dkey-220k22.3	si:dkey-222p3.1	si:dkey-22i16.9	si:dkey-23c22.9	si:dkey-52p2.5	si:dkey-90m5.4	si:dkey-9i23.4	si:dkey-9i23.5	si:dkeyp-77h1.4	si:zfos-741a10.3	tlr1	tlr18	tlr19.1	tlr2	tlr20.2	tlr20f	tlr21	tlr22	tlr3	tlr4al	tlr4ba	tlr4bb	tlr5a	tlr5b	tnfa	tnfb	tnfsf10	tnfsf10l	tnfsf10l3	tnfsf10l4	tnfsf11	tnfsf12	tnfsf13	tnfsf13b	tnfsf14	tnfsf18	vtna	vtnb	xcl32a.1	zgc:110239	zgc:112965	zgc:123107	zgc:123297	zgc:153759	zgc:153911	zgc:153913	zgc:154125	zgc:162154	zgc:172120	zgc:174904	zgc:194627	zmp:0000001127	zmp:0000001138	zmp:0000001139"
positive regulation of canonical NF-kappaB signal transduction	GO:0043123	"adgrg1	brd4	card14	cd40lg	chuk	edar	faslg	gapdh	ikbkb	ikbkg	irak1	irak1bp1	irak3	irak4	lta	lurap1	map3k7	mtdha	mtdhb	mul2	myd88	nod2	prkcbb	ripk1l	ripk2	ror1	s100b	sharpin	shrprbck1r	si:ch211-158d24.4	si:dkey-204l11.1	tab2	tab3	terf2ip	ticam1	tifa	tnfa	tnfb	tnfrsf19	tnfsf10	tnfsf10l	tnfsf10l3	tnfsf10l4	tnfsf11	tnfsf14	tnip2	tradd	traf2a	traf2b	traf3ip2l	trim62.1	ube2nb"
cell adhesion involved in sprouting angiogenesis	GO:0120078	"cdh5	esama"
homophilic cell adhesion via plasma membrane adhesion molecules	GO:0007156	"bsg	cadm1b	cdh1	cdh10a	cdh11	cdh12a	cdh12b	cdh13	cdh15	cdh17	cdh19	cdh2	cdh23	cdh26.1	cdh26.2	cdh27	cdh28	cdh31	cdh4	cdh5	cdh6	cdh7a	cdh8	cdhr1a	cdhr2	cdhr5-rs	cdhr5a	cdhr5b	celsr1a	celsr1b	celsr2	celsr3	clstn1	clstn2a	clstn2b	clstn3	cntn3a.1	crb2a	crb2b	dchs1a	dchs1b	dchs2	dsc2l	dscamb	dsg2.1	dsg2l	emb	esama	fat1a	fat1b	fat2	fat3a	fat4	frem2b	loc103909937	mipb	nectin1b	nectin3b	nectin4a	nectin4b	nexn	nptnb	pcdh10a	pcdh10b	pcdh11	pcdh12	pcdh15a	pcdh15b	pcdh17	pcdh18a	pcdh18b	pcdh19	pcdh1a	pcdh1a3	pcdh1a4	pcdh1a6	pcdh1b	pcdh1g1	pcdh1g11	pcdh1g18	pcdh1g2	pcdh1g22	pcdh1g26	pcdh1g29	pcdh1g3	pcdh1g30	pcdh1g31	pcdh1g32	pcdh1g9	pcdh1gb2	pcdh1gb9	pcdh1gc5	pcdh1gc6	pcdh20l	pcdh2aa1	pcdh2aa15	pcdh2aa3	pcdh2ab1	pcdh2ab10	pcdh2ab12	pcdh2ab2	pcdh2ab3	pcdh2ab5	pcdh2ab6	pcdh2ab7	pcdh2ab8	pcdh2ab9	pcdh2ac	pcdh2g1	pcdh2g10	pcdh2g12	pcdh2g13	pcdh2g16	pcdh2g17	pcdh2g2	pcdh2g28	pcdh2g29	pcdh2g3	pcdh2g5	pcdh2g6	pcdh2g7	pcdh2g8	pcdh2g9	pcdh7a	pcdh7b	pcdh8	pcdha8l	prnpb	prnprs3	ret	robo2	robo4	si:busm1-71b9.3	si:ch211-149e23.4	si:ch211-186j3.6	si:ch211-199f5.1	si:ch211-222f23.6	si:ch73-22o12.1	si:ch73-233f7.1	si:ch73-233f7.3	si:ch73-74h11.1	si:dkey-22o22.2	si:dkey-30c15.12	tenm3	tenm4	zgc:123181	zmp:0000000625"
platelet aggregation	GO:0070527	"dcbld2	esama	fermt3b	fga	fgb	fgg	itgb3a	itgb3b"
autophagy	GO:0006914	"acbd5a	acbd5b	ambra1a	ambra1b	atg10	atg101	atg12	atg13	atg2a	atg2b	atg3	atg4a	atg4b	atg4c	atg4da	atg4db	atg5	atg7	atg9a	atg9b	bcas3	becn1	cisd2	clec16a	dnajc16	dnajc16l	epg5	eva1a	fbxo32	fnbp1l	fundc1	gabarapa	gabarapb	gabarapl2	gpr137ba	hspa8	hspb7	map1lc3a	map1lc3b	map1lc3c	map1lc3cl	mcoln1a	mcoln1b	nipsnap1	nipsnap2	nod2	nr1d1	nrbf2a	nrbf2b	park7	phf23a	phf23b	plekhm1	prkaa1	prkaa2	prkn	rb1cc1	rimoc1	rnf185	rptor	rubcn	sec16a	sec16b	si:ch211-153b23.5	smcr8a	smcr8b	snx14	spns1	tgfbrap1	tigara	tigarb	tmem150b	tmem208	tmem39a	tmem41b	tnfa	tollip	tp53	ulk1a	ulk3	usp13	vamp8	vcp	vmp1	vps11	vps41	wdr24	wdr45	wdr45b	wipi1	wipi2	zgc:100846	zgc:92606"
pexophagy	GO:0000425	"acbd5a	acbd5b	pex2	rb1cc1"
fatty acid metabolic process	GO:0006631	"aacs	aasdh	acaca	acacb	acad11	acat1	acbd4	acbd5a	acbd7	acot11a	acot11b	acot14	acot17	acot18	acot19	acot20	acox1	acox3	acoxl	acsbg1	acsbg2	acsf2	acsf3	acsl1a	acsl1b	acsl2	acsl3a	acsl3b	acsl4a	acsl4b	acsl5	acsl6	aldh3a2a	aldh3a2b	alkbh7	asah1a	asah1b	cbr4	cpt1a2b	cpt1aa	cpt1ab	cpt1b	cpt2	crot	cryl1	dbi	decr2	ech1	echdc3	ehhadh	elovl1a	elovl1b	elovl2	elovl4a	elovl4b	elovl5	elovl6	elovl6l	elovl7a	elovl7b	elovl8a	elovl8b	fads2	fads6	fasn	hacd1	hacd2	hacd3	hacd4	hadh	hadhaa	hadhab	hpgd	hsd17b10	hsd17b8	ilvbl	mecr	ndufab1a	ndufab1b	olah	oxsm	peds1	pm20d1.1	pm20d1.2	pparaa	pparab	pparda	ppardb	pparg	prkag1	prkag2a	prkag2b	prkag3b	prxl2b	ptges	ptges3a	ptges3b	ptgesl	ptgis	ptgr1.1	ptgr1.2	ptgs1	ptgs2a	ptgs2b	scd	scdb	si:ch211-212o1.2	si:ch211-256m1.8	slc7a3a	tecra	tecrb	zgc:113054	zgc:56585	zgc:92749"
ERAD pathway	GO:0036503	"aup1	bag6	bag6l	calr	calr3a	calr3b	canx	clgn	derl1	derl2	derl3	dnajb9a	dnajb9b	ecpas	erlec1	faf1	faf2	fbxo2	fbxo44.1	fbxo44.3	fbxo44.5	fbxo44.7	fbxo6.3	foxred2	hsp90b1	hspa5	jkamp	man1a1	man1a2	man1b1a	man1b1b	nccrp1	os9	psmc6	rnf103	rnf121	rnf139	rnf145a	rnf145b	rnf175	rnf185	sel1l	si:ch211-274f20.2	syvn1	tmub1	tmub2	ube2g2	ube2j1	ube2j2	ube4a	ube4b	ubxn10	ubxn4	ubxn8	ufd1l	vcp	yod1	zmp:0000000662"
actomyosin structure organization	GO:0031032	"cdc42bpab	cnn1a	cnn1b	cnn2	cnn3a	cnn3b	epb41b	epb41l3b	epb41l4a	epb41l5	frmd5a	frmd5b	limch1a	rac3b	rock2a"
hyaluronan metabolic process	GO:0030212	"itih2	itih3a.1	itih3a.2	itih5	itih6"
cilium assembly	GO:0060271	"adsl	agbl5	ak5	alkbh3	arl13b	arl3a	arl3b	arl3l1	arl3l2	arl6	armc9	atp6v0d1	atr	b9d1	b9d2	bbip1	bbs1	bbs2	bbs4	bbs5	bbs7	bbs9	catip	cc2d1a	ccdc103	ccdc28b	ccdc40	cdc14aa	cdc14ab	cdc14b	cdc42	cdh2	cdk20	cenpf	cenpj	cep104	cep120	cep131	cep162	cep19	cep20	cep41	cep70	cep83	cep89	cetn4	cfap161	cfap184	cfap20	cfap221	cfap263	cfap298	cfap53	cfap70	cfl1	chmp4ba	chmp4bb	cibar1	cldn3c	cldn7b	clic5b	clrn1	cluap1	cnga2a	cntrob	cobl	cp110	cplane2	crb2b	cxcr4a	daw1	disc1	dld	dnaaf1	dnaaf11	dnaaf4	dnmbp	dnmt3bb.1	dub	dusp23a	dusp23b	dync2h1	dynlt5	dzip1	dzip1l	ehd1a	ehd1b	ehd2a	ehd2b	ehd3	elmo1	enpp2	exoc5	ezrb	fam149b1	fgf4	fgf8a	fgfr2	fibpb	flncb	foxj1a	foxj1b	fsd1	fto	fzd2	gmnn	gsna	gsnb	hoatz	hs3st1l2	hs3st3l	ier2a	ift122	ift172	ift20	ift27	ift46	ift52	ift56	ift57	ift70	ift74	ift80	ift81	ift88	inpp5b	inpp5e	intu	iqcb1	iqub	itga8	jazf1b	kif3a	kif3b	lect2.1	lpar3	macir	magi3b	mak	mbd3b	mcamb	mcrs1	mkks	mks1	mustn1a	myb	nek1	notch1a	nphp3	nudc	nudcd2	ocrl	odad4	orc1	orc4	orc6	oscp1a	pacsin1b	pacsin2	pam	parvaa	parvab	pax2a	pcdh15a	pcm1	pheta1	pheta2	pi4kb	pibf1	pkd2	plk4	poc1a	poc1b	prickle2b	ptpdc1a	ptpdc1b	rab35b	rab8a	rabep1	rer1	rfx2	rilp	rilpl1	rilpl2	rnf31	rpe	rpgrb	rsph4a	rsph9	sav1	sclt1	septin15	septin2	septin6	shy	si:ch211-185a18.2	si:ch211-71m22.1	si:dkey-165a24.9	si:dkey-224e22.2	si:dkey-26i13.8	sirt2	slc12a8	snx10a	snx10b	tbc1d31	tbc1d32	tctn1	tctn2	tead1a	tead3a	tekt1	tekt2	tekt3	tekt4	tmem138	tmem17	tmem216	tmem231	tmem237a	tmem237b	tmem67	togaram1	traf3ip1	trappc14	tsc1a	ttbk2a	ttbk2b	ttc36	ttc39c	ttc4	ttc8	ttc9c	tubb4b	txndc15	ubxn10	unc119b	vangl2	vgll4b	vgll4l	wdr11	wdr19	wdr35	wtip	wwtr1	yap1	yif1b	zgc:112294	zgc:77752	znf703"
regulation of Wnt signaling pathway	GO:0030111	"cemip2	eaf1	eaf2	gskip	id4	lbx1b	lrp5	lypd6	mdfi	mdfic	mdfic2	sfrp5	sybu	tmem237a	tmem237b"
neuromuscular junction development	GO:0007528	"ache	als2a	ascc1	dok7b	gfpt1	mecp2	mfn2	mtm1	nrxn2a	pdzrn3b	ppfibp1a	ppfibp1b	ppfibp2a	ppfibp2b	slc25a1a	slc25a1b	smn1	tardbpa	tardbpb	trip4	zc4h2"
vesicle organization	GO:0016050	"als2a	sar1ab	sar1b	snx10a	snx10b	sort1a	sort1b"
endosomal transport	GO:0016197	"als2a	ap5b1	ap5s1	bloc1s1	bloc1s2	caly	coro1ca	eps15	lamtor1	nsg2	rab7a	si:ch211-11k18.4	si:dkey-98f17.5	snx18a	snx18b	snx33	snx9a	srl	vps16	vps4a	wash1	washc4	zfyve16	zfyve9a"
synaptic transmission, glutamatergic	GO:0035249	"als2a	cnih2	gria1a	gria1b	gria2b	gria3b	gria4a	gria4b	grid1b	grid2	grik5	grin2ab	grin2bb	grin2ca	grin2cb	grin2da	napaa	napab	napba	napbb	si:ch211-251b21.1	si:dkey-183j2.10	slc17a6a	slc17a6b	slc17a7a	slc17a8"
termination of RNA polymerase II transcription	GO:0006369	"pcf11	setx	ssu72"
positive regulation of cell migration involved in sprouting angiogenesis	GO:0090050	"cdc42	egfl6	mt2	nrp1a	nrp1b	srpx2	syk	zap70"
immune system process	GO:0002376	"alcama	arhgef2a	b2m	bpifcl	btk	c1qbp	c1s.2	c6.1	c6.2	c7a	c7b	c8a	c8b	c9	cactin	caiap	caspb	cd81a	cd8a	cfb	cfbl	chadla	cnpy3	colec11	csf1ra	cxcr3.2	cybc1	cyld	cyldl	dhx58	ecsit	gbp1	gbp2	gbp4	gpr183a	gpr183b	hk1	ifi30a	ifi30b	ifih1	ighv2-1	ilrun	inpp5d	inppl1a	inppl1b	irak4	irf10	irf1a	irf1b	irf2a	irf4a	irf5	irf6	irf7	irf8	irf9	itk	jagn1a	jagn1b	masp1	masp2	mhc2d8.35a1	mhc2d8.37a1	mhc2d8.37a2	mhc2d8.46a	mhc2daa	mhc2dga	mpeg1.1	mpeg1.2	mpeg1.3	msrb1a	msrb1b	myd88	n4bp1	nlrp1	nod1	nod2	orai1a	orai1b	parp1	pqbp1	prkcbb	psmb12	psmb6	psmb8a	psmb9a	pycard	rigi	ripk2	rnasel3	rnf185	rnf213a	rsad2	samhd1	sarm1	serinc5	sh2d1aa	sh2d1ab	si:busm1-194e12.8	si:ch1073-280e3.1	si:ch211-108d22.2	si:ch211-195h23.3	si:ch211-209n20.1	si:ch73-264p11.1	si:dkey-118k5.3	slc15a2	sting1	stmp1	syk	tec	themis	tifa	tlr1	tlr18	tlr19.1	tlr2	tlr20.2	tlr20f	tlr21	tlr22	tlr3	tlr4al	tlr4ba	tlr4bb	tlr5a	tlr5b	tlr7	tlr8a	tlr8b	tlr9	tnfaip8l2a	tnfaip8l2b	tollip	zap70	zgc:123107	zgc:65811"
lymphangiogenesis	GO:0001946	"adamts14	adamts3	arap3	cad	ccbe1	cpt1aa	cxcl12a	cxcr4a	dll4	e2f7	e2f8	elmo1	etsrp	flt4	gipc1	grb2b	hhex	iqsec1a	iqsec1b	itga9	kdrl	lpar1	lyve1a	mafba	mcamb	nfatc1	notch1b	notch2	nr2f2	pkd1a	pkd1b	pkd2	prox1a	prox3	psen1	sox18	sox32	syk	vcam1a	vcam1b	vegfc	vegfd	wnt5b	zap70"
ribosomal large subunit biogenesis	GO:0042273	"airim	ebna1bp2	gtpbp4	heatr3	mrto4	nip7	noc2l	nop16	npm1a	pak1ip1	rpl14	rpl26	rpl35a	rrs1	rsl24d1	sdad1	tma16	wdr74	znf622"
ribosome assembly	GO:0042255	nip7
pectoral fin development	GO:0033339	"aldh1a2	aldh7a1	ap1g1	arl6	bbs1	bbs7	bhlha9	chsy1	col1a1a	cul4a	cyp26c1	dlx5a	dlx6a	ep300a	ep300b	ext2	extl3	fgf16	fgf24	fgfr1a	fgfr1b	fgfr2	foxc1a	ham	hen	hnrnpul1	hnrnpul1l	kctd10	krm	lef1	lof	met	osr1	osr2	pax1b	pdlim7	pek	pi4k2b	rarab	rnf2	rspo2	rspo3	shha	shox	sox9a	sto	tbx5a	tbx5b	tcf7	zmat2"
iridophore differentiation	GO:0050935	"alkal1	alkal2a	alkal2b	chm	ednrba	foxd3	gbx2	ltk	med12	mpv17	oca2	snp	sox10	sox5	sox9b	tfap2a	tyr"
microtubule-based movement	GO:0007018	"cenpe	dnah1	dnah10	dnah12	dnah2	dnah3	dnah5	dnah5l	dnah6	dnah7	dnah9	dnah9l	dync1h1	dync1i1a	dync1i1b	dync1i2a	dync1i2b	dync1li1	dync1li2	dync2h1	dynlrb1	dynlrb2	dynlt1b	dynlt2b	dynlt3	dynlt5	kif11	kif13a	kif13ba	kif13bb	kif14	kif15	kif16ba	kif16bb	kif17	kif18a	kif19	kif1aa	kif1ab	kif1b	kif1ca	kif20a	kif20ba	kif20bb	kif21a	kif21b	kif22	kif23	kif25	kif26aa	kif26ab	kif26ba	kif26bb	kif28	kif2a	kif2c	kif3a	kif3b	kif3cb	kif4	kif5aa	kif5ab	kif5ba	kif5bb	kif5c	kif6	kif7	kif9	kifap3a	kifap3b	kifc1	kifc3	klc1b	klc2	klc3	ktn1	rpgrb	si:ch211-257p13.3	si:dkey-26i13.8	stard9	zgc:56231"
erythrocyte maturation	GO:0043249	"adnp2a	adnp2b	adnpa	adnpb	bdh2	clb	dsm	eif1axb	epoa	epob	fech	klf3	klf6a	klf9	maea	nemp1	paw	ptpn9a	rpl18	rps14	slc25a37	sti	tert	tp53"
neuropeptide signaling pathway	GO:0007218	"adcyap1a	adcyap1b	agrp	asip2b	cmklr2	cysltr1	gal	gall	galr1a	galr1b	galr2a	galr2b	gpr83	grp	hcrt	hcrtr2	kiss1ra	kiss1rb	ltb4r	ltb4r2b	mchr1a	mchr1b	mchr2b	nicol1	nmba	nmbb	nmur3	npb	npbwr2a	npbwr2b	npffl	npffr1l1	npffr1l2	nppa	nppb	npvf	npy	npy2r	npy4r	npy7r	npy8ar	ntsr1	oprd1a	oprd1b	oprm1	pdyn	penka	penkb	pnoca	pnocb	pomca	pomcb	pth2	pth4	pyya	pyyb	rxfp3	rxfp3.2b	scg5	si:dkey-148a17.5	si:dkey-42l23.2	si:zfos-169g10.2	sstr1a	sstr1b	sstr2a	sstr2b	sstr3	sstr5	tac1	uts2r3	uts2r5	zgc:194202"
pelvic fin development	GO:0033340	"dll4	rspo2	sub	tbx4"
dorsal fin development	GO:0033337	"rspo2	sub"
feeding behavior	GO:0007631	"agrp	edar	hcrt	hcrtr2	npy	prlh	pyya	pyyb	tesmin"
developmental growth	GO:0048589	"agrp	chd3	cnot1	dio2	dpep2	htt	insra	insrb	mrap2a	nipblb	notch3	pcgf1	plk4	smarcal1	smc1a	stat5a	taf1"
adult feeding behavior	GO:0008343	"agrp	asip2b	cart1	cart2	cart3	cart4	cartl	si:ch211-191i18.4"
regulation of growth	GO:0040008	"agrp	ddx52	gap43	mc4r	mrap2a	socs6a	socs6b"
hormone-mediated signaling pathway	GO:0009755	"agrp	asip1	asip2b	crhbp	fshr	ghsra	ghsrb	lhcgr	nr1d1	nr1d2b	nr1d4b	nr5a1a	nr5a1b	nr5a2	nr5a5	ostn	pparaa	pparab	pparda	ppardb	pparg	rxfp1	rxfp2a	rxfp2b	rxfp2l	trh	tshr	ucn3l"
positive regulation of feeding behavior	GO:2000253	"agrp	asip2b	cfap20	cnr1	npy"
protein N-linked glycosylation	GO:0006487	"alg10	alg11	alg12	alg3	alg5	alg6	alg8	alk	b4galt1l	dad1	dolpp1	dpagt1	fut8a	gfpt1	gfpt2	krtcap2	mgat1a	mgat1b	mgat2	mgat3a	mgat3b	mgat4b	mgat5	mogs	pmm2	rpn2	si:ch73-91k6.2	tmem165	tmem258	trappc11	zgc:101663	zgc:154054"
otolith development	GO:0048840	"arhgef11	atoh1b	atp1a1a.1	atp1b2b	atp2b1a	b4galt5	cdh11	chd7	cldn7b	dlx3b	era	eya1	fgf3	hmx3a	hnf1ba	myo6a	oc90	otog	otol1a	otomp	pcsk7	ptpn11a	rgs18	rhoab	s1pr2	slc44a4	sox10	spok	tecta	tectb	tgfb1a	ttc8	vangl2	wnt5b"
ear morphogenesis	GO:0042471	"ant	bxe	eps	era	eso	eya1	gsdmeb	hph	spok	tbx1	veph1"
muscle cell development	GO:0055001	"actn2b	actn3a	actn3b	actn4	akap12b	apc	axin1	b3galnt2	b4gat1	capzb	col6a2	col6a4b	crppa	dag1	dmd	dmrt2b	dnm2b	dyrk3	emilin3a	emilin3b	fkrp	fktn	fxr1	gas8	gmppb	gne	gpc4	grk3	lbx2	lef1	mbnl2	meox1	myh7ba	neb	pomgnt2	scube1	scube2	scube3	selenon	tcap	tgfbi	unc45b"
neuron migration	GO:0001764	"abi1b	abi2b	ackr3b	astn1	cdh1	cdh2	cntn2	ctnnd2b	cxcl12a	cxcl12b	cxcr4b	dcc	disc1	hdac1	hgfa	hgfb	lama1	met	olig2	pbx4	pomgnt2	prickle1a	prickle1b	reln	rest	scrib	sdccag8	sh3rf1	supt5h	trim46a	vangl2"
protein O-linked mannosylation	GO:0035269	"b4gat1	crppa	dpm1	fkrp	large1	large2	pomgnt2	pomt1	pomt2	rxylt1	tmtc1	tmtc2a	tmtc3	tmtc4"
translation	GO:0006412	"aars1	aars2	aarsd1	brf1a	calcoco1b	cars1	cars2	ctif	dars2	denr	dhx29	ears2	eef1a1a	eef1a1l1	eef1a1l2	eef1a1l3	eef1a2	eef1b2	eef1da	eef1db	eef1e1	eef1g	eef2a.1	eef2a.2	eef2b	eef2k	eef2l2	eefsec	efl1	eif1	eif1axa	eif1axb	eif1b	eif2a	eif2ak1	eif2ak3	eif2b1	eif2b2	eif2b3	eif2b4	eif2b5	eif2d	eif2s1a	eif2s1b	eif2s2	eif2s3	eif3ba	eif3c	eif3d	eif3ea	eif3eb	eif3f	eif3g	eif3ha	eif3hb	eif3i	eif3ja	eif3jb	eif3k	eif3m	eif3s10	eif3s6ip	eif4a1a	eif4a1b	eif4a2	eif4ba	eif4bb	eif4e1c	eif4e2	eif4e2rs1	eif4e3	eif4ea	eif4eb	eif4ebp1	eif4ebp2	eif4ebp3	eif4enif1	eif4g1a	eif4g2a	eif4g2b	eif4g3a	eif4g3b	eif4h	eif5	eif5a	eif5a2	eif5b	eif6	ell	ell2	eloal	elocb	elof1	eprs1	etf1a	etf1b	fars2	farsa	farsb	faua	faub	fibina	gars1	gatb	gatc	gfm1	gfm2	gspt1	gspt1l	guf1	hars	hbs1l	iars1	iars2	lars1b	lars2	mars1	mars2	mettl17	mrpl10	mrpl11	mrpl12	mrpl13	mrpl14	mrpl15	mrpl16	mrpl17	mrpl18	mrpl19	mrpl2	mrpl20	mrpl22	mrpl23	mrpl24	mrpl27	mrpl3	mrpl30	mrpl32	mrpl33	mrpl34	mrpl35	mrpl36	mrpl37	mrpl4	mrpl41	mrpl47	mrpl49	mrpl51	mrpl52	mrpl9	mrps10	mrps11	mrps12	mrps14	mrps15	mrps16	mrps17	mrps18a	mrps18b	mrps18c	mrps2	mrps21	mrps23	mrps30	mrps5	mrps6	mrps7	mrps9	mrrf	mtfmt	mtif2	mtif3	mtrfr	nelfa	nelfb	nelfcd	nelfe	pabpc1a	pars2	pdf	qars1	qrsl1	rars1	rars2	rpl10	rpl10a	rpl11	rpl12	rpl13	rpl13a	rpl14	rpl15	rpl17	rpl18	rpl18a	rpl19	rpl21	rpl22	rpl22l1	rpl23	rpl23a	rpl26	rpl27	rpl27a	rpl28	rpl29	rpl3	rpl31	rpl32	rpl34	rpl35	rpl35a	rpl36	rpl36a	rpl37	rpl38	rpl39	rpl4	rpl5a	rpl5b	rpl6	rpl8	rpl9	rpp30	rps11	rps11b	rps12	rps13	rps14	rps15	rps15a	rps16	rps17	rps18	rps19	rps2	rps20	rps21	rps23	rps24	rps26	rps26l	rps27.1	rps27.2	rps27a	rps27l	rps28	rps29	rps3	rps3a	rps4x	rps5	rps6	rps7	rps8a	rps8b	rps9	rpsa	rrn3	sars1	sepsecs	supt5h	supt6h	tars1	tars2	tars3	tcea1	tcea2	tcea3	tefm	trnau1apa	trnau1apb	tsfm	tufm	uba52	vars1	vars2	wars1	wars2	wu:fb16f03	yars1	yars2	zar1	zar1l	zgc:114188	zgc:171480	zgc:171772"
ventricular system development	GO:0021591	"apo	arnt2	atp1a1a.1	atp1a3a	atp1a3b	beb	cdh2	cenpf	chl1a	crb2a	cud	dhd	dicer1	egl	end	ent	esa	faa	flb	fn1a	ful	gali	gas2l3	glc	guw	hub	itr	kcnb1	kcng4b	kep	kuk	lnf	lot	maj	med12	med14	nel	nherf1a	paf	pals1a	prkci	ptw	sart1	sat	sfpq	solr	spm	spw	spz	thraa	tnnt2a	twn	uhi	unm_m383	unm_m488	unm_m513	unm_m514	unm_m569	unm_m590	unm_m613	unm_m685	vik	viper	voy	yur	zez	zon"
central nervous system maturation	GO:0021626	"apo	beb	cud	dgn	dhd	egl	end	ent	faa	flb	gali	gon	gor	guw	hub	itr	kep	lot	maj	nel	ori	paf	ptw	sat	solr	spm	spw	spz	uhi	unm_m383	unm_m488	unm_m513	unm_m514	unm_m569	unm_m590	unm_m613	unm_m685	vik	voy	yur	zez"
regulation of bone mineralization	GO:0030500	"abcc6a	ankhb	bmp2k	bncs	ecm1b	enpp1	fgf23	foxc1a	foxl1	galnt2	lrp5	ncoa3	phospho1	pth4	tmem38b	twist1b	wnt16"
regulation of lamellipodium assembly	GO:0010591	"twf1a	twf1b	twf2a	twf2b"
sequestering of actin monomers	GO:0042989	"pfn4	tmsb	tmsb1	tmsb4x	twf1a	twf1b	twf2a	twf2b"
actin filament depolymerization	GO:0030042	"cfl1	cfl1l	cfl2	mical1	mical2b	mical3a	mical3b	twf1a	twf1b	twf2a	twf2b	wdr1"
barbed-end actin filament capping	GO:0051016	"add2	add3a	add3b	avil	capga	capgb	capza1a	capza1b	capzb	flii	gsnb	scin	scinla	scinlb	twf1a	twf1b	twf2a	twf2b	vil1"
negative regulation of actin filament polymerization	GO:0030837	"kank1b	kank2	kank3	kank4	si:ch211-203d1.3	ssh1b	ssh2a	ssh2b	twf1a	twf1b	twf2a	twf2b	wu:fc93h12"
positive regulation of neuron projection development	GO:0010976	"ddr1	ddr2a	ddr2l	ntrk1	ntrk2b	ntrk3a	ryk	tenm3	tenm4	twf1a	twf1b	twf2a	twf2b"
mitotic spindle organization	GO:0007052	"aurka	aurkb	bccip	cenph	cep126	clasp2	dctn2	dlgap5	dync1i2a	efhc1	kif4	lrmp	ndc80	nuf2	plk1	plk2b	plk3	ptpa	sass6	stil	tacc1	tacc2	tacc3	tubg1	zgc:112102"
regulation of phosphatidylinositol 3-kinase/protein kinase B signal transduction	GO:0051896	"acsl4a	cep55l	lims1	lims2	ptena	ptenb	socs1a"
dopaminergic neuron differentiation	GO:0071542	"anos1a	arnt2	bdnf	cdnf	fbxo7	id3	klhdc1	manf	nr4a2a	nr4a2b	olig2	otpa	park7	per1b	pink1	rem2	sim1a	sncb	sncgb	zdhhc15b"
larval locomotory behavior	GO:0008345	"col6a1	fbxo32	fbxo7	gabra1	kcnj10a	pogza	psd2	psmd3	ryr1b	sap130a	sap130b	scn8aa	setd5	slc1a2b	sncb	sncgb	thnsl2	ugp2a	ugp2b"
vesicle-mediated transport	GO:0016192	"ap1b1	ap1g1	ap1g2	ap1m1	ap1m2	ap1m3	ap1s1	ap1s2	ap1s3a	ap1s3b	ap2a1	ap2b1	ap2m1a	ap2m1b	ap2s1	ap3b1a	ap3d1	ap3m1	ap3m2	ap3s1	ap3s2	ap4b1	ap4e1	ap4m1	ap4s1	arcn1a	arcn1b	arf1	arf2a	arf2b	arf3a	arf3b	arf4a	arf4b	arf5	arf6a	arl1	arl11	arl14	arl4aa	arl4ab	arl4d	arl5a	arl5c	arl6	arl8	bcap29	bcap31	bet1	bnip1a	bnip1b	cacfd1	ccz1	chm	clta	cltb	cltca	cltcb	cltcl1	cnih1	cnih2	cnih3	cnih4	copa	copb1	copb2	cope	copg2	copz1	copz2	cracr2ab	ergic1	ergic2	ergic3	fuz	gapvd1	gbf1	gdi1	gdi2	gga1	gga3a	gga3b	golt1a	golt1ba	golt1bb	gosr1	gosr2	hps1	hps4	ift27	intu	jagn1a	jagn1b	kdelr2a	kdelr3	klhl12	kxd1	mapk8ip3	mon1a	mon1ba	mon1bb	mppe1	napaa	napab	napba	napbb	napga	necap1	necap2	nsfa	nsfb	popdc1	rab2a	rab30	rab32a	rab32b	rab36	rab38a	rab38b	rab38c	rab39ba	rab39bb	rab42a	rab42b	rab4a	rab4b	rab6a	rabgef1	rabgef1l	rasef2	rin1a	rin1b	rin2a	rin2b	rin3	rinl	rtn3	sar1aa	sar1ab	sar1b	scfd1	scfd2	sec16a	sec16b	sec22ba	sec22bb	sec23a	sec23b	sec31a	sec31b	sft2d1	sft2d2a	sft2d2b	sft2d3	si:ch211-225b10.3	si:ch211-266g18.9	si:ch73-234b20.5	si:dkey-34d22.2	spag9a	spire1a	spire1b	spire2	stx10	stx11a	stx11b.1	stx11b.2	stx12	stx12l	stx16	stx17	stx18	stx19	stx1a	stx1b	stx2a	stx2b	stx3a	stx3b	stx4	stx5a	stx5al	stx6	stx7l	stxbp1a	stxbp1b	stxbp2	stxbp3	sybl1	syt11a	syt11b	syt12	syt1a	syt1b	syt2a	syt3	syt4	syt5a	syt5b	syt7b	syt9a	syt9b	tbc1d20	tbc1d8b	tgfbrap1	trappc1	trappc11	trappc2	trappc2l	trappc3	trappc4	trappc5	trim23	tsnare1	tvp23b	use1	uso1	vamp1a	vamp1b	vamp2	vamp3	vamp4	vamp5	vamp8	vps11	vps18	vps33a	vps33b	vps39	vps41	vps45	vps8	vps9d1	vti1a	vti1b	yif1a	yipf1	yipf2	yipf5	ykt6	zfpl1	zfyve27	zgc:112148	zgc:112334	zgc:114123	zgc:162171	zgc:162858	zgc:63863	zgc:77650"
regulation of synaptic vesicle priming	GO:0010807	"napaa	napab	napba	napbb"
SNARE complex disassembly	GO:0035494	"napaa	napab	napba	napbb	nsfa	nsfb"
intracellular protein transport	GO:0006886	"ap1b1	ap1g1	ap1g2	ap1m1	ap1m2	ap1m3	ap1s1	ap1s2	ap1s3a	ap1s3b	ap2a1	ap2b1	ap2m1a	ap2m1b	ap2s1	ap3b1a	ap3d1	ap3m1	ap3m2	ap3s1	ap3s2	ap4b1	ap4e1	ap4m1	ap4s1	appbp2	arf1	arf2a	arf3a	arf3b	arf4a	arf4b	arf5	arf6a	arfrp1	arl1	arl11	arl14	arl4aa	arl4ab	arl4ca	arl4cb	arl4d	arl5a	arl5c	arl6	arl8	aspscr1	bcap29	bcap31	cd74a	cd74b	cfap45	chm	clta	cltb	cltca	cltcb	cltcl1	cog3	cog7	copa	copb1	copb2	copg2	copz1	copz2	cse1l	dnajc27	doc2b	exoc6	exoc6b	fam91a1	gga1	gga3a	gga3b	ift22	ipo11	ipo13a	ipo13b	ipo4	ipo7	ipo8	ipo9	kpnb1	mlpha	mlphb	myripa	myripb	napaa	napab	napba	napbb	napga	napgb	pick1	rab14	rab14l	rab18a	rab18b	rab1aa	rab1ab	rab1ba	rab1bb	rab20	rab21	rab22a	rab23	rab24	rab32a	rab38c	rab3aa	rab3ab	rab3c	rab3da	rab41	rab43	rab5aa	rab5ab	rab5b	rab5c	rab6bb	rabl3	ramp1	ramp2	ric1	rims1b	rims2a	rims2b	rph3aa	rph3ab	sar1aa	sar1ab	sar1b	scfd1	scfd2	sec23a	sec23b	sec24a	sec24b	sec24c	sec24d	sec61b	sec61g	selenos	si:ch211-255i20.3	si:ch211-266g18.6	si:ch211-266g18.9	si:dkey-9k7.3	snapin	snx10a	snx10b	snx11	snx17	snx1b	snx2	snx27a	snx27b	snx33	snx6	snx8a	snx8b	snx9a	snx9b	srpra	stx10	stx11a	stx11b.1	stx11b.2	stx12	stx12l	stx16	stx17	stx18	stx1a	stx1b	stx2a	stx2b	stx3a	stx3b	stx4	stx5a	stx6	stx7l	stx8	stxbp1a	stxbp1b	stxbp2	sytl1	sytl2a	sytl2b	sytl3	sytl4	sytl5	tbc1d13	tgfbrap1	tmed10	tmed1a	tmed1b	tmed3	tmed4	tmed5	tmed6	tmed7	tmed9	tnpo1	tnpo2a	tnpo2b	tomm20a	tomm20b	tomm22	trim23	tsnare1	unc93b1	uso1	vipas39	vps11	vps16	vps18	vps26a	vps26b	vps26bl	vps26c	vps29	vps33a	vps33b	vps35	vps39	vps41	vps45	vps8	vti1a	vti1b	wdr11	wls	xpo1a	xpo1b	xpo6	xpo7	zgc:162171	zgc:162858	zgc:171927	zgc:77650"
phospholipid biosynthetic process	GO:0008654	"abhd5a	agpat2	agpat9l	cdipt	cds1	cds2	cept1a	cept1b	chpt1	crls1	fitm1l	fitm2	gpam	gpat3	lclat1	lpcat1	lpcat2	lpcat3	mboat7	pcyt1aa	pcyt1ab	pcyt1ba	pcyt1bb	pcyt2	pemt	pgs1	pisd	ptdss1a	ptdss1b	ptdss2	ptpmt1	selenoi	serac1	serinc5	si:ch1073-145m9.1	tamm41	tmem269"
phospholipid metabolic process	GO:0006644	"cln8	gde1	lpcat1	lpcat2	lpcat4	oc90	pla2g10	pla2g12a	pla2g12b	pla2g1b	pla2g3	plpp1a	plpp2a	plpp2b	plpp3	plpp4	plpp5	plppr1	plppr2a	plppr2b	plppr3a	plppr3b	plppr4a	plppr5a	plppr5b	ppap2d	proca1	tafazzin"
chordate embryonic development	GO:0043009	"abcc6a	agbl5	agtpbp1	ambra1a	ambra1b	apela	apoa2	ascl1b	atp13a2	atp5if1b	atxn7	auts2a	bcl2l16	c3a.1	ca8	camk1db	ccn2a	chd2	chd7	ctnna1	cul2	dhx34	dio2	dio3a	dio3b	dlx2a	dlx2b	dlx3b	dlx4a	dlx5a	dnm2a	dnm2b	eef2b	exosc3	fabp3	fcho2	foxo3b	fto	gart	gas7a	gata1a	ghrl	gne	grk3	hip1	ids	igf1ra	igf1rb	insra	insrb	kcnh1a	kcnh1b	kcnj10b	lin28ab	lin28b	mapk3	mbnl2	mcl1a	mcl1b	mcm5	mcu	mob1a	mpi	mtm1	mtmr14	myb	nat8	nbas	ncoa2	ndufaf7	npc1	nr3c1	ocrl	opa1	orc1	paics	pappab	pcsk7	pdcd10a	pdcd10b	pitpnaa	prmt8b	prpf4	pxna	rab18a	rab18b	rbm22	rnf170	rny1	rpl10a	rpl11	rpl24	rpl28	rpl35	rpl35a	rpl36a	rpl38	rpl5a	rpl6	rplp0	rplp2l	rps14	rps15	rps15a	rps19	rps29	rps3	rps3a	rps4x	rps7	rps8a	sdccag8	slc16a2	slc41a1	smg5	smg6	smg7	smtnl	stra6	sumo1	sumo2b	sumo3a	susd4	tab2	tiprl	tp53bp2a	tp53bp2b	ttpa	upf1	upf2	vcp	ybx1"
endocytosis	GO:0006897	"ap1b1	ap2a1	ap2m1a	ap2m1b	ap3m1	ap3m2	atp9b	bin3	cdc42	cdc42l	cdc42l2	cdh23	clint1a	csnk1da	csnk1db	csnk1e	csnk1g1	csnk1g2b	dnm1a	dnm1b	dnm1l	dnm2a	dnm2b	dnm3a	eea1	ehd1a	ehd1b	ehd2a	ehd2b	ehd3	epn1a	epn1b	epn2	epn3a	eps15	fcho1	fcho2	fnbp1a	fnbp1b	fnbp1l	gapvd1	ghra	heatr5a	heatr5b	hip1	hip1rb	itsn1	itsn2b	ldlra	ldlrb	lmbr1l	lrp13	lrp1aa	lrp1ab	lrp1bb	lrp2a	lrp2b	lrp4	lrp5	lrp6	lrp8	ly75	marchf2	mib1	mrc1a	mrc1b	myo1ca	myo1cb	myo1ea	myo1f	myo1g	myo5c	myo6a	myo7aa	necap1	necap2	nme2a	ocrl	opa1	pacsin1b	pcdh15a	pip5k1ab	pla2r1	ppt1	rab20	rab22a	rab5aa	rab5ab	rab5b	rab5c	rabep1	rabep2	rhoj	rhoq	rhoua	rhoub	rhov	scara5	sh3bp4a	sh3gl3a	si:ch211-11k18.4	si:dkey-258f14.3	si:dkey-32e23.4	si:dkey-88l16.3	si:dkey-98f17.5	snx18a	snx18b	snx33	snx9a	snx9b	sorl1	sort1a	sort1b	srl	ston2	tfr1a	tfr1b	tomt	trip10a	unc119a1	unc119a2	usp20	usp33	vldlr	zgc:100846"
convergent extension involved in axis elongation	GO:0060028	"akap12b	ap2a1	bbs1	creb1a	cthrc1a	dcn	dvl2	dvl3a	eaf1	eaf2	fcho1	fcho2	glis2b	gpc4	hdac1	klhl12	mpzl1l	nphp4	pigp	ppp1cb	ppp1cbl	ppp1r12a	ptpn11a	rpl22	rpl22l1	ryk	smad2	swap70b	tax1bp3	tbx16	tbxta	tmem67	tpbg1b	vangl2	wnt11f2	wnt5b	zeb2a	zeb2b"
clathrin-dependent endocytosis	GO:0072583	"ap2a1	ap2m1a	ap2m1b	ap2s1	clta	cltb	fcho1	fcho2	gas7a	gtf2a1l	inpp5f	picalma	picalmb	si:ch211-200p22.4	snap91a	snap91b	ston2	wu:fj42b12"
clathrin coat assembly	GO:0048268	"caly	fcho1	fcho2	gas7a	hip1	hip1rb	nsg2	picalma	picalmb	si:ch211-200p22.4	snap91a	snap91b	wu:fj42b12"
synaptic vesicle endocytosis	GO:0048488	"fcho2	gtf2a1l	kiaa1109	nlgn3a	nlgn3b	sncb	sncga	ston2"
membrane invagination	GO:0010324	fcho2
protein localization to plasma membrane	GO:0072659	"atp6ap1b	efr3bb	ehd1a	ehd1b	ehd2a	ehd2b	ehd3	fcho2	flot1a	flot1b	flot2a	flot2b	hycc1	hycc2	mrap2a	mrap2b	nherf1a	nherf1b	nherf4b	pacs1a	pals1a	pals1b	pdzk1	pkp2	prkci	prph2a	prph2b	prph2la	prph2lb	rab13	ramp1	ramp2	rnf121	rom1a	rom1b	si:ch211-188c16.1	si:dkey-228d14.5	tesca	tescb	tmem150aa	tmem150ab	tspan33a	zdhhc23a	zdhhc23b	zdhhc3a	zdhhc3b	zdhhc7	zfyve27"
intracellular calcium ion homeostasis	GO:0006874	"atp13a1	atp13a2	atp2a1	atp2a1l	atp2a2a	atp2a2b	atp2a3	atp2c1	atp6v1aa	cax1	cax2	cherp	dhrs7ca	dhrs7cb	edn1	edn2	edn3b	gprc6a	homer1b	pth1a	pth1b	pth1r	rgn	ryr1a	ryr1b	ryr2a	ryr2b	ryr3	si:ch211-202p1.5	si:dkey-28b4.8	slc24a4b	slc24a6a	slc8a1a	stc1	stc1l	stc2a	stc2b	stim1b	stim2a	stim2b	tmem203	tnnt2a	wwox"
superoxide metabolic process	GO:0006801	"ccs	cyb5r4	sh3pxd2aa	si:dkey-16m19.1	sod1	sod2	sod3a	sod3b"
cellular response to light stimulus	GO:0071482	"exorh	ift88	opn1lw1	opn1lw2	opn1mw1	opn1mw2	opn1mw3	opn1mw4	opn1sw1	opn1sw2	opn3	opn4.1	opn4a	opn4b	opn4xa	opn4xb	opn5	opn6a	opn6b	opn7a	opn7b	opn7c	opn7d	opn8a	opn8b	opn8c	opn9	parapinopsina	parapinopsinb	rgra	rgrb	rho	rhol	rrh	si:dkey-9i23.8	tefa	tefb	tmtops2a	tmtops2b	tmtops3a	tmtops3b	tmtopsa	tmtopsb	valopa	valopb"
cranial skeletal system development	GO:1904888	"adamts2a	ahr2	alx3	b4galt7	bap1	bptf	cep55l	cfdp1	chd7	cops6	cyld	cyld2	dicer1	edn1	eif3f	esrp1	esrp2	eya3	frk	gdf11	gpatch3	her6	her9	irf6	itpr1b	jag1b	josd1	josd2	kctd13	kmt2d	kng1	ltbp1	mapk3	masp1	mosmoa	mosmob	mvp	myo1ha	myo1hb	mysm1	myt1a	ndst1a	nek1	nolc1	nr2f1b	nr2f2	nr2f5	panx3	pax1a	pax1b	pheta1	pheta2	polr1c	polr1d	prrx1a	prrx1b	psmd12	psmd7	rspo2	rspo3	sez6l2	si:dkey-243i1.1	si:dkey-88l16.3	sox10	specc1lb	sumf1	taok2a	taok2b	tapt1b	tfap2a	tnfaip3	uchl3	uchl5	usp15	usp18	usp20	usp21	usp24	usp25	usp36	usp37	usp39	usp44	usp48	usp5	usp7	vcpip1	zfp36l2	zyg11"
establishment of protein localization	GO:0045184	"cep55l	wdpcp"
mitotic cytokinesis	GO:0000281	"anln	arl3b	aurkb	cep55l	chmp4ba	ect2	efhc1	fbxo5	jtb	kif23	lzts2a	lzts2b	map9	nusap1	racgap1	rhoca	rhocb	rock2a	rtknb	snap25a	snx33	snx9a	snx9b	spast	unc119a1	unc119c	zfyve26"
inositol trisphosphate metabolic process	GO:0032957	"itpk1a	itpk1b"
negative regulation of canonical Wnt signaling pathway	GO:0090090	"amer1	amer2	apc	axin1	axin2	ccr7	chd8	csnk1a1	dab2	dact1	dact3a	dkk1b	dkk2	dkk3a	dkk3b	draxina	foxo3b	frmd8	fzd5	gpc3	gsk3aa	gsk3ab	gsk3bb	kremen1	lmbr1l	lzts2a	lzts2b	nanog	nkd1	nkd2a	nkd2b	notum1a	notum2	nphp4	nradd	otud5a	otud5b	ptk7a	ptpro	si:ch211-204c21.1	sox17	stk3	tcf7l1a	tle2a	tle3a	tle3b	tmem170b	tmem88a	tmem88b	tpbg	tpbg1a	tpbg1b	vangl2	wif1	wnt11f2	wnt8a	znrf3"
skeletal system development	GO:0001501	"acana	acvr2aa	acvr2ba	apc	bcan	bmp1a	casr	cog4	col1a1a	col1a1b	col1a2	col27a1a	col27a1b	col2a1a	col2a1b	ext2	fgf3	hapln1a	hapln1b	hapln2	hapln3	igfbp3	itga5	itpr3	meox1	mmp14a	mmp14b	mmp16b	myadml2l	myhz2	ncanb	pax1a	pax1b	pkdcca	plod2	ptk7a	rdh1	rspo2	slc35b2	stat3	tfap2a	trpm7	tshr	uts2r3	vcanb	wnt5b	wwtr1	xpr1b"
segmentation	GO:0035282	ptk7a
cerebrospinal fluid circulation	GO:0090660	"ccdc103	ccdc57	cfap298	dnaaf11	foxj1a	ift88	odad3	ptk7a	tmem218	traf3ip1"
Wnt signaling pathway, planar cell polarity pathway	GO:0060071	"adgra3	ptk7a	rock2a	vangl2"
proton transmembrane transport	GO:1902600	"atp1a1a.1	atp1a1a.2	atp1a1a.3	atp1a1a.4	atp1a1a.5	atp1a1b	atp1a2a	atp1a3a	atp1a3b	atp5f1b	atp5f1c	atp5f1e	atp5fa1	atp5l	atp5mc1	atp5mc3a	atp5mc3b	atp5mea	atp5meb	atp5mf	atp5pb	atp5pd	atp5pf	atp5po	atp6v0a1a	atp6v0a1b	atp6v0a2a	atp6v0a2b	atp6v0b	atp6v0ca	atp6v0cb	atp6v0d1	atp6v0e1	atp6v1aa	atp6v1ab	atp6v1b2	atp6v1ba	atp6v1c1a	atp6v1c1b	atp6v1c2	atp6v1e1a	atp6v1e1b	atp6v1f	atp6v1g1	atp6v1h	atpv0e2	hcnl1	hvcn1	mt-atp6	mt-atp8	nnt	nnt2	otop1	otop2	si:ch73-173p19.2	si:dkey-162b23.4	si:dkey-21c1.4	slc36a1	slc9a1a	slc9a1b	slc9a2	slc9a3.1	slc9a3.2	slc9a5	slc9a6a	slc9a6b	slc9a7	slc9a8	tcirg1a	tcirg1b	tmco3	tmem175"
cellular response to xenobiotic stimulus	GO:0071466	"adh8a	ahr2	ahrra	ahrrb	apobb.1	atp6v0a1b	ca2	casp3a	cpb1	cyb5a	cyp1a	eef2b	grhl3	gstp1.2	hapstr1b	hipk3a	hmox1a	im:7150988	keap1a	keap1b	krt1-11b	nfe2l2a	nqo1	nt5c2l1	smpd2a	sort1b	sult6b1	tcnbb	tgfbi	tiparp	ufd1l	unm_it275	zgc:77439"
heterochromatin formation	GO:0031507	"bap1	cbx1a	cbx1b	cbx3a	cbx3b	cbx5	dicer1	eed	ezh1	ezh2	h2ax	h2ax1	h2az2a	h2az2b	hdac1	hdac8	hells	hist1h2a1	hist1h2a10	hist1h2a11	hist1h2a2	hist1h2a3	hist1h2a5	hist1h2a6	lmna	lmnb1	lmnb2	lmnl3	macroh2a1	macroh2a2	nsd1a	nsd1b	pole3	si:ch1073-153i20.5	si:ch211-113a14.19	sirt1	smarca1	smarca2	smarca4a	smarca5	smarcad1a	smarcad1b	spty2d1	uhrf1"
transcription by RNA polymerase I	GO:0006360	"gtf2h1	pho	polr1g	polr2f	polr2l	spty2d1	taf1a	taf1b	taf1c	ubtf	ubtfl"
nucleosome assembly	GO:0006334	"atad2b	chaf1a	chaf1b	h1-0	h1-10	h1l1	h1m	histh1l1	histh1l2	histh1l3	hp1bp3	kat6a	kat6b	macroh2a1	macroh2a2	naa60	nap1l1	nap1l4a	nap1l4b	sart3	seta	setb	shprh	si:ch211-113a14.12	si:ch211-113a14.18	si:ch211-113a14.24	si:ch73-368j24.11	si:ch73-368j24.12	si:dkey-108k21.10	si:dkey-108k21.21	si:dkey-23a13.17	si:dkey-23a13.9	si:dkey-261m9.12	spty2d1	tspy	zgc:110216	zgc:110425	zgc:153405	zgc:153409	zgc:154164	zgc:163061	zgc:165555"
vitamin K metabolic process	GO:0042373	"vkorc1	vkorc1l1"
protein targeting to mitochondrion	GO:0006626	"gdap1	mffa	mffb	tomm34	tomm5"
positive regulation of protein targeting to membrane	GO:0090314	"mffa	mffb	mief1"
positive regulation of mitochondrial fission	GO:0090141	"mffa	mffb	mief1	pgam5	pink1"
mitochondrial fission	GO:0000266	"dnm1l	fis1	gdap1	mffa	mffb	mtfp1	mtfr1	mtfr1l	mtfr2	mul2	opa1	si:dkey-32e23.4	slc25a46"
neuron projection development	GO:0031175	"adcyap1a	adcyap1b	appb	atxn10	bicdl1	ca16b	camsap1a	camsap1b	camsap2a	camsap3	cdh23	cdnf	doc2a	dtnbp1a	dtnbp1b	elf3	gdap1	gdnfa	gpm6aa	gpm6ab	gprin3a	gprin3b	manf	map4l	ncdn	ppp1r9ala	ppp1r9ba	ppp1r9bb	prickle1a	prokr1b	ptprga	ptprua	ptprub	rab13	rb1	ret	si:dkey-191g9.7	slc25a46	stmn1a	stmn1b	stmn2a	stmn2b	stmn3	stmn4	stmn4l	tcf12	tncb	vapal"
regulation of microtubule polymerization or depolymerization	GO:0031110	"clasp1a	clasp2	gas2l1	mapre1a	mapre2	ska1	ska2	ska3	stmn1a	stmn1b	stmn2a	stmn2b	stmn3	stmn4	stmn4l	stmnd1"
microtubule depolymerization	GO:0007019	"katnb1	kif18a	stmn1a	stmn1b	stmn2a	stmn2b	stmn3	stmn4	stmn4l"
axon guidance	GO:0007411	"anos1a	arhgef25b	arnt2	atl1	boc	bsg	ccdc80l1	ccl39.2	cdh2	cdk5r1a	cdk5r1b	cdk5r2a	cdk5r2b	cntn1a	cntn2	cntn3a.1	cntn3b	cntn4	col2a1a	cxcl12a	cxcl12b	cxcr4b	cyfip1	cyfip2	dag1	dcc	dpysl3	draxina	draxinb	dscamb	efna1a	efna1b	efna2a	efna3a	efna3b	efna5b	efnb1	efnb2a	efnb2b	efnb3a	efnb3b	emb	epha4l	epha6	epha7	ephb2b	ephb3a	gli2a	hdc	isl2a	kalrnb	kif5aa	kif5c	l1camb	lama1	lama2	lama3	lamb1a	lamb1b	lamb2l	lamb4	lamc1	lamc3	lhx2b	lrrc15	met	mst1ra	mst1rb	musk	mycbp2	ncam1b	nexn	nipa1	nova1	npr1a	nptnb	nrp1a	nrp1b	nrp2a	nrp2b	ntn4	pbx4	pcdh17	plxna1a	plxna1b	plxna2	plxna3	plxna4	plxnb1a	plxnb1b	plxnb2a.1	plxnb2b	plxnb3	plxnc1	plxnd1	ptpro	robo1	robo2	robo3	robo4	rtn4a	rtn4r	rtn4rl1b	sema3b	sema3bl	sema3d	sema3e	sema3fb	sema4ba	sema4bb	sema4c	sema4d	sema4e	sema4gb	sema5a	sema5ba	sema5bb	sema6a	sema6ba	sema6ca	sema6cb	sema7a	shha	si:dkey-202e22.2	si:dkey-220k22.1	si:dkey-49n23.1	si:dkeyp-92c9.2	sim1a	slit1a	slit1b	slit2	slit3	smo	spast	tenm4	tncb	tnr	trioa	unc5cb	unc5da	unc5db	usp33	vasna	vaspa	vaspb"
neurofilament bundle assembly	GO:0033693	"neff2	neflb	nefma	nefmb"
respiratory electron transport chain	GO:0022904	"etfdh	gba1	lyrm5a	lyrm5b	mt-co1	mt-co3	mt-cyb	ndufa5	pm20d1.1	pm20d1.2	sdhb	smpd1"
maturation of SSU-rRNA from tricistronic rRNA transcript (SSU-rRNA, 5.8S rRNA, LSU-rRNA)	GO:0000462	"bms1	dcaf13	heatr1	ngdn	nol10	pwp2h	rps16	rps8a	rps8b	rrp36	slx9	tsr1	tsr2	utp25	utp3	utp6	wdr43	wdr46"
positive regulation of macromolecule metabolic process	GO:0010604	"hmga1a	hmga1b	hmga2	si:ch211-161c3.6"
midbrain development	GO:0030901	"bid	cdh2	chd8	csrnp1b	dla	dlb	dmbx1a	dmbx1b	en2a	en2b	fgf22	fgf3	fgf8a	fgfr2	foxb1a	fsta	katnb1	kdm7aa	kdm7ab	med12	nlk2	otx2a	otx2b	pax2a	pbx2	pbx4	snx27a	taf1	taok2b	tcf7l1a	tcf7l1b	wdr73	zic2a	zic5"
brain morphogenesis	GO:0048854	"atl	atp1a1a.1	crppa	ctnna2	cyp26a1	dharma	foxh1	lama1	lamb1a	lamc1	lgi1b	mgaa	ndr2	pafah1b1a	pafah1b1b	pcdh19	pgap3	prnprs3	rars2	sbd	sbno2a	shank3a	slbp	syngap1b	tango2	tdgf1	tgif1	tsen54	win"
protein localization to cell surface	GO:0034394	"gga1	gga3a	gga3b	mlc1	mrap	mrap2a	pigk	pigu	ric3b	unc50"
Golgi to plasma membrane transport	GO:0006893	"exoc2	exoc4	exoc5	exoc8	gga1	gga3a	gga3b	llgl2	stxbp5l"
potassium ion import across plasma membrane	GO:1990573	"atp1a1a.1	atp1a1a.2	atp1a1a.3	atp1a1a.4	atp1a1a.5	atp1a1b	atp1a2a	atp1a3a	atp1a3b	atp1b1a	atp1b1b	atp1b2b	atp1b3a	atp1b3b	kcnh3	kcnj10a	kcnj11	kcnj11l	kcnj12a	kcnj12b	kcnj13	kcnj14	kcnj19a	kcnj19b	kcnj1a.1	kcnj1a.2	kcnj1a.3	kcnj1a.4	kcnj1a.5	kcnj1a.6	kcnj1b	kcnj21	kcnj2a	kcnj2b	kcnj3a	kcnj3b	kcnj5	kcnj8	slc12a10.2	slc12a2	slc12a3	slc12a4	slc12a7a"
regulation of monoatomic ion transmembrane transport	GO:0034765	"kcnj10a	kcnj11	kcnj11l	kcnj12a	kcnj12b	kcnj13	kcnj14	kcnj19a	kcnj19b	kcnj1a.1	kcnj1a.2	kcnj1a.3	kcnj1a.4	kcnj1a.5	kcnj1a.6	kcnj1b	kcnj21	kcnj2a	kcnj2b	kcnj3a	kcnj3b	kcnj5	kcnj8	stc1l	wwp2"
lipid transport	GO:0006869	"abca3b	abca4b	abca5	acot11a	acot11b	afp4	apoa1a	apoa1b	apoa4a	apoa4b.1	apoa4b.2	apoa4b.3	apoba	apobb.1	apobb.2	apoc1	apoc2	apoda.1	apoda.2	apodb	apoea	apoeb	apol	apol1	apold1a	apold1b	arv1	atg9a	atg9b	atp9b	cd36	cert1a	cert1b	cetp	clptm1l	cptp	dlc1	esyt1a	esyt1b	esyt2a	esyt2b	esyt3	gltpa	gltpb	ldlra	mfsd2aa	mfsd2ab	mfsd2b	mttp	naxe	npc1	npc2.1	osbp	osbp2a	osbp2b	osbpl10b	osbpl11	osbpl1a	osbpl2a	osbpl2b	osbpl3a	osbpl3b	osbpl5	osbpl6	osbpl7	osbpl9	pctp	pdzd8	relch	scp2a	si:cabz01007807.1	si:ch211-217i17.1	si:ch211-285c6.2	si:ch211-285c6.3	si:ch73-122k23.1	si:dkey-192d15.2	si:dkeyp-106c3.1	si:dkeyp-23e4.3	sigmar1	slc10a2	slc51a	spns1	spns2	spns3	star	star2	stard10	stard13a	stard13b	stard14	stard15	stard3	stard4	stard5	stard7	stard8	stard9	tex2	tex2l	tmem41b	tnfaip8l3	vmp1	vps13a	vps13c	vps13d	vps51	vtg1	vtg2	vtg3	vtg4	vtg5	vtg6	vtg7	vtg8	yjefn3"
endoplasmic reticulum-plasma membrane tethering	GO:0061817	"esyt1a	esyt1b	esyt2a	esyt2b	esyt3	vapb"
positive regulation of inflammatory response	GO:0050729	"caspa	caspb	caspbl	fem1a	ninj1	setd4"
phospholipid transport	GO:0015914	"atp10a	atp10b	atp10d	atp11a	atp11b	atp11c	atp8a2	atp8b1	atp8b2	atp8b3	atp8b4	atp8b5a	atp8b5b	atp9b	osbpl5	pitpnaa	pitpnab	pitpnb	pitpnbl	pitpnc1a	pitpnc1b	pitpnm3	plrdgb	pltp	prelid1a	prelid1b	prelid3a	prelid3b"
hindbrain development	GO:0030902	"acvr2aa	acvr2ba	bco1	brd2a	cdh2	cyp26a1	cyp26b1	cyp26c1	dhd	faa	fgf3	fgf8a	gbx2	hnf1ba	hoxb1b	irx1b	irx7	lmx1ba	meis3	mib1	ncor1	neflb	otx2a	otx2b	pax2a	pax6a	pax6b	pbx4	pknox1.1	pou5f3	prdm13	ptf1a	rfng	rnf152	shha	smo	snx14	sp5l	tcf7l1b	tfap2a	wnt1	wnt8a	zic1	zic2a	zic2b	zic4	znf503	znf703	znfl1	znfl1b	znfl1c	znfl1g	znfl1h	znfl1i	znfl1j	znfl1k	znfl1l"
lipid oxidation	GO:0034440	"alox12	alox5a	alox5b.1	alox5b.2	alox5b.3	zgc:152891"
inflammatory response to wounding	GO:0090594	"alox5a	cdk9	gucy1a1	irg1l	mmp9	myd88	nos2b	ntrk1	pla2g4aa	tlr2	utp25"
lipoxygenase pathway	GO:0019372	"alox12	alox5a	alox5b.2	alox5b.3	zgc:152891"
arachidonate metabolic process	GO:0019369	"alox12	alox5a	alox5b.2	alox5b.3	dagla	daglb	zgc:152891"
glycogen biosynthetic process	GO:0005978	"agla	akt1	gbe1a	gbe1b	gyg1a	gyg1b	gyg2	gys1	gys2	phkg1a	phkg1b	phkg2	ppp1r3ca	ppp1r3cb	ugp2a	ugp2b"
UDP-alpha-D-glucose metabolic process	GO:0006011	"ugp2a	ugp2b"
CTP salvage	GO:0044211	"si:ch211-243j20.2	uck1	uck2a	uck2b	uckl1a	uckl1b"
UMP salvage	GO:0044206	"si:ch211-243j20.2	uck1	uck2a	uck2b	uckl1a	uckl1b	upp1	upp2"
ephrin receptor signaling pathway	GO:0048013	"anks1b	chn1	efna1a	efna1b	efna2a	efna3a	efna3b	efna4	efna5a	efna5b	efnb1	efnb2a	efnb2b	efnb3a	efnb3b	ek1	epha4l	epha6	epha7	ephb2a	ephb2b	ephb3a	ephb4a	ephb4b	nck1b	nck2a	nck2b	rasa1a	si:dkey-16j16.4"
protein O-GlcNAcylation via threonine	GO:0097370	eogt
cellular component organization	GO:0016043	"daam1a	daam1b	daam2	diaph2	fmnl1a	fmnl1b	fmnl2a	fmnl2b	fmnl3"
actin cytoskeleton organization	GO:0030036	"actn2b	actn3a	actn3b	actn4	amot	amotl2a	amotl2b	capza1a	capza1b	capzb	daam1a	daam1b	daam2	diaph2	diaph3	fhl3a	fhl3b	flna	flnb	flnbl	flnca	flncb	fmn2a	fmn2b	fmnl1a	fmnl1b	fmnl2a	fmnl2b	fmnl3	iqsec1b	klf6a	limk1a	limk1b	limk2	nanog	pacsin2	pard3ab	parvaa	parvab	parvb	parvg	pdlim1	pdlim2	pdlim3a	pdlim4	pdlim5b	pdlim7	pfn1	pfn2a	pfn2b	phactr3a	phactr4a	phactr4b	plek	plek2	rock1	rock2a	rock2b	si:ch73-362m14.4	si:dkey-238i5.2	si:dkeyp-23e4.3	specc1	specc1la	sptan1	sptbn2	ssh2a	ssh2b	stard13b	stard8	tagln2	tesk1a	tesk1b	tesk2	thsd7aa	wasf1	wasf2	wasf3a	wasf3b	wasla	xirp1	xirp2a	xirp2b	zgc:109889"
amino acid transport	GO:0006865	"sfxn4	si:ch211-117c9.5	si:ch211-132b12.1	si:ch211-132b12.2	si:ch211-132b12.3	si:ch211-132b12.6	si:dkey-202g17.3	slc38a11	slc38a2	slc38a6	slc38a7	slc38a9	slc3a1	slc3a2a	slc3a2b	slc6a11a	slc6a16b	slc6a18	slc6a1a	slc6a1b	slc6a2	slc6a22.1	slc6a22.2	slc6a3	slc6a4a	slc6a4b	slc6a6a	slc6a6b	slc7a14a	slc7a14b	slc7a1a	slc7a2	slc7a3a	slc7a3b	slc7a4	slc7a5	slc7a6	slc7a8a	slc7a8b	zgc:158423	zgc:158427	zgc:175280"
calcium import into the mitochondrion	GO:0036444	"bcl2l16	mcu	mcur1	micu1	micu2	micu3b	smdt1b	vdac2"
mitochondrial calcium ion homeostasis	GO:0051560	"anxa6	letm1	mcu	micu1	micu2	micu3b	pdzd8	smdt1b"
mitochondrial calcium ion transmembrane transport	GO:0006851	"letm1	letm2	mcu	micu1	micu2	micu3a	micu3b"
regulation of ARF protein signal transduction	GO:0032012	"arfgap1	arfgef1	arfgef2	arfgef3	cyth1a	cyth1b	cyth2	cyth3a	cyth3b	cyth4a	cyth4b	fbxo8	gbf1	git1	git2a	git2b	iqsec1a	iqsec1b	iqsec2b	iqsec3a	iqsec3b	psd2	psd3l	psda"
negative regulation of cell migration	GO:0030336	"arhgap4a	arhgap4b	arpin	churc1	fignl2	llgl2	miip	rap2aa	rap2ab	rap2b	rap2c	s1pr2	sinhcaf	srgap1b	srgap2	srgap3	stk24a	stk24b	stk26"
vacuolar acidification	GO:0007035	"atp6v0a2b	atp6v0d1	atp6v1b2	atp6v1ba	dmxl2	tcirg1a	tcirg1b"
negative regulation of gene expression, epigenetic	GO:0045814	"bmi1a	bmi1b	ezh2	mtf2	ppm1da	ppm1db	smyd5	tasor2	tasora	tasorb"
protein localization to heterochromatin	GO:0097355	tasorb
magnesium ion homeostasis	GO:0010960	"arl15b	cnnm2a	cnnm2b	cnnm4a	slc41a1	trpm7"
Mo-molybdopterin cofactor biosynthetic process	GO:0006777	"gphna	gphnb	mocos	mocs1	mocs2	mocs3"
regulation of dendrite morphogenesis	GO:0048814	"hecw2a	kctd12.1	kctd12.2	lzts1	ulk2"
Notch signaling pathway	GO:0007219	"adam10a	adam17a	adam17b	aph1b	bap1	chac1	dab2	dbl	dla	dlb	dlc	dld	dll4	dtex3lb.1	dtx1	dtx2	dtx3	dtx3la	dtx3lb.2	dtx3lb.3	dtx4a	dtx4b	epas1a	epas1b	fsd1	gmds	her12	her15.1	her4.1	her6	hey1	hey2	heyl	hif1aa	hif1ab	ift88	itgb1b	jag1a	jag1b	jag2a	jag2b	kif3a	lfng	maml1	maml3	mib1	mib2	ncstn	nle1	notch1a	notch1b	notch2	notch3	notchl	nrarpa	nrarpb	nup214	otud7b	pkd2	plvapb	pofut1	psen1	psen2	psenen	rbpja	rbpjb	rfng	rras	si:busm1-163l24.3	si:dkey-3h3.3	snx5	susd5	tet2	tet3	uchl3	wnt16	zgc:114200	zmp:0000001236"
hematopoietic stem cell differentiation	GO:0060218	"adtrp1	ak2	ap2a1	batf	bif1.1	cnr2	csf3a	csf3b	cxcl8a	dlc	dld	efna1b	epas1a	epas1b	fev	fosab	gata2b	hal	hdac1	hif1aa	hif1ab	il6	jag1a	jag2b	lrsam1	meox1	metap2b	mettl22	mib1	myca	ncor2	nop14	nos1	notch1a	notch1b	npas4l	pdcd2	pdgfrb	plcg1	prdm16	rap1b	rps29	rspo1	sf3a3	sf3b1	snrnp70	tal1	tbx16	tgfb1a	tgfb1b	tgfb3	tgfbr2b	tnnt2a	ufl1	vhl	wdr43	wnt16	wnt9a"
negative regulation of cytokine production	GO:0001818	"lgr4	n4bp1	ppp1r11"
defense response to Gram-positive bacterium	GO:0050830	"cd59a	h2ax1	hamp	hist1h2a1	hsp90b1	lygl1	lygl2	myd88	pax9	ppp1r11	rnasel1	rnasel2	rnasel3	rnasel4	si:dkey-108k21.15	zgc:153631	zgc:153759	zgc:158862	zgc:162941"
prenylated protein catabolic process	GO:0030327	pcyox1
prenylcysteine catabolic process	GO:0030328	pcyox1
regulation of neural retina development	GO:0061074	"atoh8	ccnd1	dio1	dio2	dio3b	dmbx1a	dmbx1b	tulp1a	tulp1b	uba2	ube3d	vps16	vsx2"
regulation of cell cycle	GO:0051726	"atoh7	bap1	birc2	birc5a	bop1	brinp1	brinp2	brinp3a.1	brinp3a.2	brinp3b	cables1	cables2a	cables2b	ccndbp1	cdk10	cdk7	cdkn1a	cdkn1ba	cdkn1bb	cdkn1ca	cdkn1cb	cdkn1d	cops5	csnk2a1	csnk2a4	ddit3	dmbx1a	dmbx1b	dot1l	dtl	fbxo5	gadd45aa	gadd45ab	gadd45ba	gadd45bb	gadd45ga	gadd45gb.1	gas1a	gas1b	hsp90ab1	irx1a	irx1b	jun	junba	junbb	jund	june	kif11	lin9	mdka	mdm2	mdm4	nf1a	pclaf	pes	phactr4a	phactr4b	rab11fip4a	rb1	rbl1	rbl2	reck	rgcc	rpl13	rpl23a	rpl35	rpl36	rpl36a	rpl7	rps15a	rps18	rps29	rps7	rps8a	sema3d	si:ch1073-459b3.2	si:dkey-27i16.2	sirt2	sona	ssrp1a	tfdp1a	tfdp1b	tfdp2	traf7	tsc1a	tsc1b	txlng	usp16	wdr12	xiap"
regulation of neurogenesis	GO:0050767	"adnpa	adnpb	ascl1a	ascl1b	bhlhe40	bhlhe41	btbd6a	cxcr5	dicer1	dmbx1a	dmbx1b	elavl3	fxr1	gli1	gli2a	gli3	helt	her1	her11	her12	her13	her15.1	her3	her4.1	her4.2	her4.3	her4.4	her5	her6	her8a	her9	hes2.2	hes6	hey1	hey2	heyl	pnx	ythdf2	zbtb16a	zic5"
regulation of mitotic cell cycle	GO:0007346	"asah2	atoh7	cdc26	cdk10	cdk5rap3	cdkn1a	cdkn1d	cenpw	cks1b	cks2	cyld	dlgap5	dmbx1a	dmbx1b	etv5b	fbxo5	ints13	pim1	pim2	pim3	pimr109	pimr110	pimr117	pimr118	pimr119	pimr120	pimr128	pimr133	pimr136	pimr141	pimr147	pimr152	pimr154	pimr155	pimr157	pimr158	pimr166	pimr212	pimr49	pimr52	rcc1	si:ch211-198e20.10	si:dkey-112g5.3	si:dkey-58i8.5	trpm7	ywhae1	ywhae2	zgc:86839"
proteasome-mediated ubiquitin-dependent protein catabolic process	GO:0043161	"afg2b	appbp2	armc8	asb1	asb11	asb2a.1	asb2b	atxn3	cop1	crbn	dcaf11	ddb1	dtl	ercc8	fbxo45	fem1a	fem1b	fem1c	gan	gid8a	gid8b	hectd3	itcha	itchb	ivns1abpa	ivns1abpb	kbtbd12	kbtbd2	kbtbd3	kbtbd7	kbtbd8	kctd10	kctd13	kctd2	kctd5a	keap1a	keap1b	klhl10b.2	klhl11	klhl12	klhl17	klhl18	klhl2	klhl20	klhl21	klhl22	klhl24a	klhl3	klhl30	klhl38a	klhl38b	klhl4	klhl40a	klhl40b	klhl41a	klhl41b	klhl5	klhl6	klhl7	klhl8	maea	nsfl1c	pcnp	plaa	psma1	psma2a	psma2b	psma3	psma4	psma5	psma6a	psma6b	psma6l	psma8	psmb10	psmb11b	psmb12	psmb13a	psmb2	psmb3	psmb4	psmb5	psmb6	psmb8a	psmb9a	psmc1a	psmc1b	psmc2	psmc3	psmc4	psmc5	psmc6	psmd1	psmd14	psmd2	psmd4a	psmd4b	psmd6	psmd7	psmd8	psmf1	rad23aa	rad23ab	rad23b	rffl	rhobtb3	rmnd5b	rnf139	rnf145a	rnf145b	rnf4	sharpin	shrprbck1r	si:ch211-256e16.3	si:dkey-23n7.10	si:dkey-260j18.2	siah1	siah2l	smurf1	smurf2	spop	spopla	spoplb	spsb1	spsb3a	spsb4a	spsb4b	syvn1	tnfaip1	trim2a	trim2b	trim3a	trim3b	trim71	trip12	ube2a	ube2al	ube2b	ube2g1a	ube2g1b	ube2wa	ube2wb	ube3d	ubxn11	ubxn2a	ubxn7	usp14	usp25	usp28	vcp	wdr26b	wwp2	zfand2a	zgc:136908	zgc:171740	zgc:66427	zmp:0000000619	zmp:0000000662	znrf1	znrf2a	znrf2b"
neurogenesis	GO:0022008	"adnpb	adsl	ap4s1	birc5a	birc5b	bmp2b	btbd2a	btbd2b	btbd3a	btbd6a	btbd6b	cdk10	chac1	cmklr1	cxcr4a	cxcr4b	daglb	dla	dner	dnmt3bb.2	dtx1	egfra	ehmt2	erbb2	erbb3b	erbb4a	fbl	fgf10a	fgf10b	fgf11a	fgf11b	fgf13a	fgf13b	fgf14	fgf16	fgf17	fgf18a	fgf18b	fgf19	fgf1a	fgf1b	fgf2	fgf20a	fgf20b	fgf21	fgf22	fgf23	fgf24	fgf3	fgf4	fgf5	fgf6a	fgf6b	fgf7	fgf8a	fgf8b	il4r.1	kif11	kmt2a	lef1	loxa	lpar1	mib1	nav1a	nav1b	nav2a	nav2b	nav3	nr6a1a	nr6a1b	p2rx3a	pcsk9	plxnb2a.2	plxnb2a.3	pmm2	prdm12b	psen2	rbpja	rbpjb	sema4bb	si:ch73-160i9.2	tpp1	trak2"
post-translational protein modification	GO:0043687	"aurkb	baz1b	cdk10	prkcbb	stt3a	stt3b	tpst1"
negative regulation of neuron apoptotic process	GO:0043524	"cdk10	cdk5	cln3	cntf	cpeb4a	crlf1a	crlf1b	faim2a	faim2b	foxb1a	gdnfa	glra4a	gper1	grinaa	grinab	kdm5c	m17	neflb	ngfa	ngfb	ogg1	psenen	tmbim1a	tmbim1b	yju2"
axonemal dynein complex assembly	GO:0070286	"ccdc103	ccdc39	ccdc40	ccdc65	daw1	dnaaf10	dnaaf11	dnaaf2	dnaaf3	dnaaf3l	dnaaf6	dnai4	drc1	odad3	pih1d1	pih1d2	ruvbl1	ruvbl2	spag1a"
C-terminal protein methylation	GO:0006481	icmt
methylation	GO:0032259	"alkbh8	amt	antkmt	armt1	as3mt	ash2l	asmt	asmt2	asmtl	atpsckmt	bcdin3d	bhmt	bud23	camkmt	carm1	carm1l	carnmt1	cmtr1	cmtr2	comta	comtb	comtd1	coq3	coq5	cskmt	dimt1l	dmap1	dnmt1	dnmt3aa	dnmt3ab	dnmt3ba	dnmt3bb.1	dnmt3bb.2	dnmt3bb.3	dot1l	dph5	dph7	ece2a	eef1akmt1	eef1akmt2	eef2kmt	emg1	etfbkmt	ezh1	ezh2	fbl	ftsj1	ftsj3	gamt	gnmt	hemk1	henmt1	hnmt	icmt	kdm1a	kmt2a	kmt2ba	kmt2bb	kmt2ca	kmt2d	kmt5aa	kmt5ab	kmt5b	kmt5c	lcmt1	lcmt2	mecom	mepcea	mepceb	mettl1	mettl13	mettl15	mettl16	mettl17	mettl18	mettl21a	mettl21e	mettl22	mettl23	mettl24	mettl25	mettl2a	mettl3	mettl4	mettl5	mettl6	mettl8	mettl9	mgmt	mrm1	mrm2	mrm3a	mrm3b	mtr	n6amt1	ndufaf5	ndufaf7	nop2	nsun2	nsun3	nsun4	nsun5	nsun6	ntmt1	ntmt2	pcif1	pcmt	pcmtl	pemt	pmt	prdm10	prdm12b	prdm13	prdm14	prdm15	prdm16	prdm1a	prdm1b	prdm1c	prdm2b	prdm4	prdm5	prdm8b	prdm9	prmt1	prmt2	prmt3	prmt5	prmt6	prmt7	prmt8b	prmt9	rnmt	rrp8	samtor	setd1a	setd1ba	setd1bb	setd2	setd3	setd4	setd6	setd7	setdb1a	setdb1b	setdb2	setmar	shmt1	shmt2	si:ch211-93g23.2	si:dkey-190g11.3	smyd1b	smyd2a	smyd2b	smyd4	smyd5	spout1	suv39h1a	suv39h1b	tarbp1	tfb1m	tfb2m	thumpd2	thumpd3	tmt1a.1	tmt1a.2	tmt1a.3	tomt	tpmt.1	tpmt.2	trdmt1	trmt1	trmt10a	trmt10b	trmt10c	trmt11	trmt112	trmt13	trmt1l	trmt2a	trmt2b	trmt44	trmt5	trmt61a	trmt61b	trmt9b	tyms	tyw3	vcpkmt	zcchc4	zgc:113054	zgc:162396	zgc:162780	zgc:172121	zgc:64002	znf408	znf488"
COPII-coated vesicle cargo loading	GO:0090110	"sec23a	sec24b	sec24c	sec24d	sec31a	si:dkey-9k7.3"
glomerular basement membrane development	GO:0032836	"anln	col10a1b	col4a3	col4a4	coq8b	kank2	kirrel1b	kirrel3l	myh9a	p4htmb	plce1	sulf1"
podocyte development	GO:0072015	"aldh1a2	anln	apol1	brca2	ccnc	clvs2	coq8b	crb2b	dnm2b	foxc1a	gla	glcci1a	hand2	inf2	iqgap2	kank2	kirrel1b	kirrel3l	kmo	lmx1bb	mpped2	myh9a	nostrin	osr1	prkceb	shroom3	slc43a1a	srgap2	thsd7aa	tyro3	wnt2ba"
actomyosin contractile ring assembly	GO:0000915	"anln	rtknb"
glomerular filtration	GO:0003094	"anln	apol1	cd2ap	col4a3	col4a4	crb2b	ctnnb1	ctns	dachd	dnm2b	farp1	glcci1a	inf2	iqgap2	kif21a	lrp2a	myh9a	myo1ea	myo1eb	nphs1	nphs2	ocrl	prkceb	tbc1d8b	thsd7aa	tmem234	tmem63c	tyro3"
asymmetric cell division	GO:0008356	anln
septin ring organization	GO:0031106	"anln	rtknb"
regulation of vascular permeability	GO:0043114	"adgrl2a	foxc1a	foxc1b	hrh1	itga4	itgb1b	notch3	pawr	pitx2	plvapa	plvapb	src"
positive regulation of cellular extravasation	GO:0002693	"adam8a	adam8b	plvapa	plvapb"
leukotriene biosynthetic process	GO:0019370	"alox5ap	lta4h	ltc4s	mgst2"
leukotriene metabolic process	GO:0006691	"alox5ap	ltc4s	mgst2	mgst3a	mgst3b"
negative regulation of Golgi to plasma membrane protein transport	GO:0042997	lypla1
mitochondrion organization	GO:0007005	"adck1	adgrg6	agtpbp1	atad3	cep89	chchd10	chchd2	cluha	dlst	dnaja3b	etfa	gatd3l	letm1	letm2	lonp1	mfn1a	mief1	mief2	msto1	mtx1a	mtx1b	mtx2	mtx3	opa1	phb2a	phb2b	pink1	ptcd2	rhot1a	rhot1b	rhot2	si:ch211-11k18.4	si:dkey-98f17.5	stoml2	supv3l1	tmem11	yme1l1a	yme1l1b	zgc:152986"
pronephros development	GO:0048793	"acp1	aldh1a2	anks6	bbs9	bmp4	brca2	camk2g1	ccdc40	cdh17	cdh6	cdx1a	cdx4	cep290	cfap298	cldn3c	cldn7b	clic5b	crb2b	crk	crkl	cxxc5a	daam1a	dbl	dcdc2b	dis3l2	dnaaf1	dnaaf11	epoa	epor	etv4	etv5b	exoc5	fat1a	gli2a	greb1l	grk4	hdgfl3	ift172	ift46	ift81	igf2b	iqcb1	irx3b	jag2b	kif3b	mecom	mib1	nek8	nog3	notch3	nphp1	nphp3	nphp4	osr1	osr2	pard6gb	pax2a	pde1a	pdx1	pkd1a	pkd2	prkcsh	ptger2a	ptger4a	ptgs1	ptgs2a	rp2	sec61a1b	shha	shy	sim1a	six2a	slc41a1	slc7a9	sos2	tbx16	tbx2a	tbx2b	tmsb4x	tnnt2a	traf3ip1	tsc1a	unm_tf206	unm_tz214a	vegfaa	vhl	wnt5a	wt1a	wt1b"
intraciliary transport	GO:0042073	"daw1	dync2h1	dync2i1	dync2i2	dync2li1	hspb11	ift122	ift172	ift20	ift27	ift46	ift52	ift56	ift57	ift70	ift74	ift81	ift88	mak	traf3ip1"
regulation of TOR signaling	GO:0032006	"fam83d	fbxo9	fbxw7	ift172	ift57	ift81	itfg2	lamtor3	mtor	naa35	tmem127	tsc1a"
DNA-templated transcription initiation	GO:0006352	"brf1a	brf1b	brf2	crcp	gtf2b	polr1f	polr2d	polr2g	polr3h	si:dkey-219c3.2	taf1	taf10	taf12	taf4a	taf4b	taf9	tbp	tbpl1	tbpl2"
morphogenesis of a branching epithelium	GO:0061138	btbd7
inner mitochondrial membrane organization	GO:0007007	"chchd3b	chchd6a	cibar1	ghitm	letm1	tafazzin	tmem11"
regulation of neurotransmitter secretion	GO:0046928	"caskb	cplx4a	hcrt	mctp2a	trpm7"
protein localization	GO:0008104	"akap10	atp6ap1b	bbs7	caskb	celsr2	clrn1	cplane2	exoc8	glrbb	gpc4	heatr5a	heatr5b	ift80	ist1	lama5	lamtor2	lamtor3	nbeaa	nbeal1	nbeal2	odr4	pard3ab	septin10	septin12	septin2	septin3	septin4a	septin5a	septin7a	septin7b	septin8a	septin8b	septin9a	septin9b	si:ch211-282j17.12	si:ch211-282j17.13	si:ch73-170d6.2	si:dkey-171c9.3	si:dkey-187j14.4	si:dkey-88n24.11	stk11ip	wnt11f2	ywhaba	ywhabb	ywhabl	ywhae1	ywhae2	ywhag1	ywhag2	ywhah	ywhaqa	ywhaqb	ywhaz	zgc:162239	zgc:172065	zgc:66473"
DNA damage response	GO:0006974	"abraxas1	actr8	adprs	alkbh1	alkbh7	apex1	apex2	aptx	armt1	ascc3	atm	atr	atrx	babam1	babam2	batf	baz1b	bccip	brat1	brca2	ccnd1	cdk9	cenps	cenpx	cep164	cep290	cep63	cgasa	chaf1a	chchd6a	chd1l	chek1	chek2	ciao2a	clocka	clockb	cpdp	csnk2a1	csnk2a2a	csnk2a2b	cul4a	cul4b	dclre1a	dclre1b	dclre1c	ddb1	ddb2	ddx11	dna2	dtl	eme1	emsy	ercc1	ercc3	ercc5	ercc6	etaa1a	exo1	faap24	fan1	fancf	fancg	fen1	fh	gadd45aa	gadd45ab	gtf2h2	gtf2h3	gtf2h4	gtf2h5	h2ax	hdac1	hdgfl2	hmces	hpf1	huwe1	ikbkg	inip	ino80	ino80db	ints3	ints7	jmy	kat5a	kat5b	kin	lig1	lig3	lig4	macrod1	mad2l2	mastl	mcm10	mettl3	mgmt	mlh1	mlh3	mms19	mms22l	mpg	mre11a	mrnip	msh2	msh3	msh6	mus81	mutyh	nabp1a	nbn	neil3	nek12	nek4	nhej1	nsmce1	nsmce4a	nthl1	oard1	ogg1	parp1	parp2	parp3	parpbp	paxip1	pclaf	pidd1	pif1	plk3	pmaip1	pms1	pms2	polb	pole3	polh	polk	poll	ppp4r3b	primpol	prkdc	prmt6	prpf19	psme4a	psme4b	rad17	rad18	rad21a	rad21b	rad23aa	rad23ab	rad23b	rad51	rad51d	rad52	rbbp8	rbm24a	rev1	rev3l	rfwd3	rnf168	rnf169	rnf8	rps3	rrm2b	rtel1	ruvbl1	ruvbl2	samhd1	sfr1	shprh	si:ch211-141o9.10	slf1	slf2	slx1b	smarcad1a	smarcad1b	smc2	smek1	spata18	sprtn	ssrp1a	ssrp1b	supt16h	susd6	swi5	tdg.1	tdg.2	tdp1	tdp2b	ticrr	tipin	tonsl	topbp1	tp53	tp53bp1	trip12	txndc12	uba1	uba6	uba7	ube2na	ube2nb	ube2t	ube2wa	ube2wb	ufl1	uimc1	unga	ungb	usp16	uvssa	vcp	vrk1	vrk2	vrk3	waca	wdr48b	wrnip1	xpa	xpc	xrcc4	xrcc5	xrcc6	yars1	zdhhc16a	zdhhc16b	zgc:110269	zgc:152863	zswim7"
SMAD protein signal transduction	GO:0060395	"bmpr1aa	mgaa	smad1	smad2	smad3a	smad3b	smad5	smad6b	smad7	smad9	zmynd11"
mesoderm development	GO:0007498	"clocka	eif4g2a	eif4g2b	fgf17	fgf8a	fgfr1a	fgfr1b	lft1	lft2	msgn1	myf5	ndr1	pou5f3	rela	smad3a	sox32	sp5l	tbx16	tbxta	tdgf1	tncb	wnt3a	wnt8a	zmiz2"
transforming growth factor beta receptor signaling pathway	GO:0007179	"acvr1l	bambia	bambib	dynlrb1	eaf1	eaf2	eng	itgb5	ltbp3	mstnb	pxna	si:dkey-90m5.4	smad1	smad2	smad3a	smad3b	smad5	smad9	tgfb1a	tgfb1b	tgfb2	tgfb3	tgfb5	tgfbr1a	tgfbr1b	tgfbr3	tp53	wfikkn1	zgc:153913	zyx"
nodal signaling pathway	GO:0038092	"gdf3	ndr1	net1	prex1	rab5ab	seraf	smad2	smad3a	tdgf1"
activin receptor signaling pathway	GO:0032924	"acvr1bb	acvr2ab	acvr2ba	acvr2bb	smad2	smad3a	smad3b	tgfbr1a	tgfbr1b	tgfbr2b	tgfbr2l"
photoperiodism	GO:0009648	"aanat2	bmal1a	bmal1b	bmal2	clocka	clockb	npas2	opn1lw1	per1a	per2	per3"
response to light stimulus	GO:0009416	"aanat1	aanat2	bmal1a	bmal2	clocka	clockb	cry1a	cry2	cry3a	cry5	exorh	gal	gnat1	hdc	lhx2b	lsm7	npas2	opn1lw1	per1b	per2	prok2	prokr1b	rlbp1a	rlbp1b	slc45a2	wee1"
regulation of vasculature development	GO:1901342	"bmal1a	cdh5	etsrp	hars	lrp1aa	lrp1ab	mettl3	myca	sars1	vegfaa"
negative regulation of DNA-templated transcription	GO:0045892	"alx1	bap1	bend5	bhlhe40	bhlhe41	bmal1a	cbfa2t2	cbfa2t3	cbx4	cbx7a	ccdc85b	chd8	ciarta	cipca	cipcb	cnbpa	cry1a	cry1b	cry2	cry3a	cry3b	daxx	dmap1	dmbx1a	e2f7	e2f8	fezf2	foxd3	foxl1	gclc	her1	her2	her3	hes6	hey2	hif1ab	hinfp	hmx1	id1	id2a	id2b	id3	id4	insm1a	kctd15a	kctd15b	kdm8	l3mbtl1b	l3mbtl2	l3mbtl3	lhx1a	lhx9	lrrc14b	mdfi	mdfic	mdfic2	men1	mideasa	mideasb	mkxa	nab1a	nab1b	nab2	nanog	nelfb	nelfcd	nfil3	osr1	pdcd4a	pdcd4b	phc1	phc2a	phc2b	pnx	pphln1	prdm5	prmt6	rcor1	rcor2	rcor3	rest	riox1	ripply1	runx1t1	ruvbl2	rxrba	rxrbb	samd1a	samd7	sap18	setdb2	si:ch211-132b12.7	si:dkey-28a3.2	sirt1	smad1	smad9	stc1l	tbx20	thraa	tp63	vgll4a	vgll4b	vgll4l	vsx1	zc3h4	zeb1a	zeb2a	zfta	zgc:112083	zgpat	zic2a	znf318	znf503	znf703"
cellular response to glucocorticoid stimulus	GO:0071385	"anxa1a	anxa1b	anxa1c	anxa1d	sstr1b	sstr2a	sstr2b	sstr5"
phagocytosis	GO:0006909	"anxa11a	anxa11b	anxa1a	anxa1b	anxa1c	anxa1d	elmo1	elmo2	elmo3	gulp1a	jmjd6	marco	megf10	mertka	ncf2	ncf4	rab28	tyro3	zgc:123238"
anterograde axonal transport	GO:0008089	"arl8a	arl8ba	arl8bb	dtnbp1a	kif3a	mgarpa	mgarpb	spast"
intracellular transport	GO:0046907	"aftpha	aftphb	bbs2	bbs4	bbs5	bbs7	bloc1s6	enah	kif3a	mkks	nup50	ranbp1	ranbp2	ranbp3a	ranbp3b	spire1a	spire2	tmem167a	ttc8	vps41	zgc:114123"
cilium organization	GO:0044782	"armc2	catip	cby1	ccdc32	cep78	cfap126	epcam	grk4	hs3st3l	ift74	ift88	iqcg	kif3a	kifap3a	kifap3b	lect2.1	magi3b	mns1	mustn1a	nudcd2	ocrl	pi4kb	rttn	si:ch211-71m22.1	si:dkey-165a24.9	si:dkey-224e22.2	si:dkey-26i13.8	ttc17	vangl2	wdpcp	wdr31"
photoreceptor cell maintenance	GO:0045494	"bbs12	bbs2	cdc42	cep290	cluap1	crb2b	dctn2	dram2b	emc3	exoc5	eys	her9	ift122	ift172	ift57	ift74	ift88	kif3a	lca5	napbb	nr2e3	nrf1	nxnl1	nxnl2	pafah1b1b	pde6c	pdx1	pomt2	rlbp1a	rp2	shha	spata7	stra6l	syne2a	ush2a	usp45"
sphingosine biosynthetic process	GO:0046512	"acer1	acer2	acer3	agk	asah2	sptlc1	sptlc2a	sptlc2b	sptlc3"
ceramide metabolic process	GO:0006672	"acer1	acer2	acer3	asah2	cerk	ormdl1	ormdl2	ormdl3	zgc:158263"
ceramide catabolic process	GO:0046514	"acer1	acer2	asah2	cel.1"
cell division	GO:0051301	"abraxas2	actr8	anapc10	anapc11	anapc13	anapc15	anapc2	anapc4	anapc5	anapc7	ankle2	arhgef2a	arl3b	arl8ba	arpp19a	arpp19b	aspm	atxn10	babam1	babam2	becn1	bod1	bod1l1	bora	brcc3	bub3	ccar1	ccna1	ccna2	ccnb1	ccnb2	ccnd1	ccnd2a	ccnd2b	ccnd3	ccne1	ccne2	ccnf	ccni	ccnk	ccsapb	cdc123	cdc14aa	cdc14ab	cdc14b	cdc16	cdc20	cdc23	cdc25b	cdc25d	cdc26	cdc27	cdc37	cdc40	cdc42	cdc42l	cdc42l2	cdc45	cdc5l	cdc6	cdc7	cdc73	cdca3	cdca4	cdca5	cdca7a	cdca7b	cdca8	cdk1	cdk11b	cdk20	cep63	chfr	cks1b	cks2	clasp2	dhx8	dis3l2	dsn1	dynlt3	e4f1	ensaa	ensab	entr1	ercc6l	fam83d	fbxo5	fign	fsd1	fzr1a	gnai1	golga2	haus1	haus3	haus6	incenp	katna1	katnb1	klhl21	klhl22	kmt5aa	knl1	lzts2a	lzts2b	mad2l2	maea	mapre1a	mapre1b	mapre2	mapre3a	mapre3b	mastl	mau2	mcmbp	mis18a	ncapd2	ncapd3	ncapg	ncapg2	ncaph	ndc80	nde1	nek8	nudc	nuf2	nusap1	oip5	pafah1b1a	pafah1b1b	pard6a	pard6b	pard6ga	pard6gb	pds5a	pelo	pkn2b	plk1	ppp1caa	ppp1cab	ppp1cb	ppp1cbl	ppp1cc	ppp2r2d	pttg1	rab11fip3	rab11fip4a	rab11fip4b	rad21a	rad21b	rae1	rbbp8	rcc1	rcc2	reep3b	rps3	sde2	seh1l	septin2	setdb2	sgo1	sgo2	si:ch211-244o22.2	si:ch211-269e2.1	si:dkey-12j5.1	si:dkey-25o16.4	si:dkey-6i22.5	ska1	ska2	ska3	smc3	sparta	spast	spc24	spc25	spdl1	specc1la	specc1lb	stag1a	stag1b	stag2a	stag2b	tipin	ttc19	ttk	ube2ia	ube2ib	ube2s	usp16	usp37	usp44	vrk1	zgc:63587	zgc:77398	zgc:86839	zw10	zwilch"
mRNA splicing, via spliceosome	GO:0000398	"aqr	bcas2	bud13	bud31	cactin	casc3	cdc40	cdc5l	cfap410	crnkl1	cwc15	cwc22	cwc25	cwf19l1	cwf19l2	dbr1	ddx23	ddx39aa	ddx39ab	ddx39b	ddx41	ddx46	dhx38	dhx8	eftud2	eif4a3	gcfc2	gpkow	hnrnpa0l	hnrnpa1b	htatsf1	ik	lsm3	lsm4	lsm5	lsm6	lsm7	lsm8	marveld3	mettl14	mfap1	ncbp2	nova1	nova2	paxbp1	phf5a	plrg1	ppil1	prpf19	prpf3	prpf31	prpf38a	prpf38b	prpf4	prpf40a	prpf6	prpf8	rbm10	rbm41	rbmx	rbmx2	rnpc3	rnps1	rsrc1	sart1	sart3	sf1	sf3a3	sf3b2	sf3b3	sf3b4	sf3b5	slu7	smn1	smu1a	smu1b	smx5	snip1	snrnp25	snrnp35	snrnp70	snrpa	snrpa1	snrpb	snrpb2	snrpc	snrpe	snrpf	snrpg	snu13a	snu13b	snw1	srrm4	srsf10b	srsf5b	syf2	txnl4a	txnl4b	u2af1	wbp4	wdr83	xab2	yju2	yju2b	ythdc1	zcrb1	zgc:103692	zgc:66388	zmat2	zrsr2"
adenylate cyclase-activating G protein-coupled receptor signaling pathway	GO:0007189	"adcy1a	adcy1b	adcy2b	adcy3a	adcy5	adcy6a	adcy8	adcyap1a	adcyap1b	adgrb1a	adgre10	adgre5b.2	adgrf11	adgrg1	adgrg11	adgrg4a	adgrg6	adgrl1a	adgrl4	adm2a	adma	admb	adora2aa	adora2ab	adora2b	calcr	calcrla	calcrlb	cnr1	cnr2	crhr1	drd1b	drd5a	fshr	gcgra	gcgrb	ghrh	ghrhrl	gna13a	gna13b	gpr12	gpr157	gpr161b	gpr185a	gpr185b	gpr26	gpr3	gpr6	gpr78a	gpr78b	lhcgr	lpar1	lpar2a	lpar2b	lpar3	mc1r	mc2r	mc3r	mc4r	mc5ra	mc5rb	prkar1aa	prkar1ab	prkar1b	prkar2aa	prkar2ab	ptger1a	ptger1b	ptger1c	ptger2a	ptger2b	ptger3	ptger4a	ptger4b	ptger4c	ptgfr	ptgir	pth1r	pth2	pth2ra	pth4	pthlha	pthlhb	rxfp1	rxfp2a	rxfp2b	rxfp2l	s1pr1	s1pr2	s1pr3a	s1pr4	s1pr5a	s1pr5b	si:ch211-132f19.7	si:dkey-100n23.5	si:dkey-206f10.1	si:dkey-30c15.2	tbxa2r	tmem116	tshr	ucn3l	vip"
regulation of protein phosphorylation	GO:0001932	"adcy5	prkar1aa	prkar1ab	prkar1b	prkar2aa	prkar2ab	prkg1b"
regulation of nervous system development	GO:0051960	"foxo3a	gbx1	gbx2"
regulation of neuron apoptotic process	GO:0043523	"arf6a	arf6b	birc5a	birc5b	clu	egln1a	egln1b	egln2	epas1b	foxo3a	hm13	msx1b	park7	phf8	scrt2	sppl3	tamalin"
negative regulation of hippo signaling	GO:0035331	"adgrl2a	ajuba	slmapa	wtip"
cytoskeleton organization	GO:0007010	"ablim1a	ablim1b	ablim2	ablim3	ajuba	avil	cap1	cap2	dmtn	fermt2	fgd	fgd4a	fitm2	fmnl1a	fmnl1b	fmnl2a	fmnl2b	fmnl3	gan	grip2a	llgl2	mast2	mical2b	mical3a	mical3b	naa25	pacsin1a	pacsin1b	pacsin2	pak5	prmt7	ranbp10	ranbp9	si:ch211-51c14.1	strip1	svila	svilc	svild	vil1	vill	wtip	zgc:91999	zranb1b"
regulation of cell morphogenesis	GO:0022604	"camsap1b	fitm2	fmnl1a	fmnl1b	fmnl2a	fmnl2b	fmnl3	git2a	strip1	wtip	zranb1b"
determination of heart left/right asymmetry	GO:0061371	"acvr1l	adcy2a	apela	apln	aplnra	aplnrb	atp1a2a	atp2a2b	bbs4	bmp4	bmpr1aa	bmpr1ab	carmil3	catip	cc2d1a	ccsapb	cep290	cfap20	cfl1	chrd	cldn5a	cyp11a1.1	dand5	daw1	dnaaf1	dnah5l	dnah6	dnah9	dnai1.1	dnmt3ba	dnmt3bb.1	dnmt3bb.2	dzip1	enc3	enpp2	fgfr2	flna	foxc1a	foxc1b	furina	gmnn	gpr22a	hspb12	hspb7	itpr1b	kmt2d	lft1	lpar3	man1a2	mbd3a	mbd3b	mespaa	mespab	mespba	mespbb	mmp21	nek8	noto	nphp4	nudc	odad2	odad3	odad4	ofd1	pkd2	plcb2	rab23	rargb	rbp7a	rp2	septin6	slc22a2	smyd4	sox17	spaw	tbxta	tead1a	tead3a	tram1	ttc12	ttc17	ttc36	ttc39c	ttc4	ttc9c	ubxn10	vgll4b	vgll4l	wtip	wwtr1	yap1"
neural crest cell development	GO:0014032	"adarb1a	arl6ip1	bmp5	cax1	ctr9	cygb1	dhrs9	dicer1	dla	dlx2a	eif3ba	erbb3b	esf1	fgf3	foxd3	foxi1	gria2a	hmgcrb	kbtbd8	klhl12	leo1	med12	mych	myf5	olfm2a	paf1	pef1	polr1a	pparda	prdm1a	rgs2	rtf1	sema3d	sf3b1	smarca4a	sox10	sox8a	sox8b	tapt1b	tbx1	tfap2a	tfap2c	thraa	vgll2a	vwa1	wtip	zic2a	zic2b"
visceral serous pericardium development	GO:0061032	"sox9b	wt1a	wtip"
determination of left/right asymmetry in lateral mesoderm	GO:0003140	"acvr1l	atp6ap1b	atr	dand5	dharma	dld	fgfr2	furina	gpr22a	ikzf5	lamb1a	lft1	ncln	ndr1	nomo	noto	nphp4	rab23	rargb	rbpja	rbpjb	septin6	spaw	tbxta	wtip"
establishment of mitotic spindle orientation	GO:0000132	"antxr2a	gpsm1b	gpsm2	gpsm2l	hoxb1b	ift88	nde1	ndel1a	ndel1b	odad3	pafah1b1a	pafah1b1b	prickle1a	prkci	scrib	spdl1	sptlc1	vangl2	wnt11f2	wtip	wu:fb44b02"
cloaca development	GO:0035844	"bmp4	gldc	invs	nog3	nphp4	pard6gb	slc12a3	slc20a1a	tbx20	vangl2	wnt3	wtip"
regulation of cardiac muscle contraction by calcium ion signaling	GO:0010882	"atp2a2a	atp2a2b	desma	erp44	pkd2	si:dkey-28b4.8	tmem161b	wtip"
negative regulation of BMP signaling pathway	GO:0030514	"atl1	bambia	ccn6	chrd	chrdl2	gpr155a	gpr155b	igfbp3	ldb2a	lemd3	nog1	nog2	nog3	nog5	nup62l	pnpla6	rargb	scube2	si:dkey-283b1.7	skia	skib	skilb	skor1a	skor1b	slc33a1	smad6a	smurf1	smurf2	sost	sostdc1a	sostdc1b	sparta	szl	tmem53	vwc2	vwc2l	zgc:113531	zmynd11"
negative regulation of Wnt signaling pathway	GO:0030178	"amer1	ankrd6b	apc	apc2	apcdd1l	axin1	btk	ccdc136b	ccn6	cdk5rap3	chd8	ctnnbip1	dkk1a	dkk1b	dkk2	dkk3a	dkk3b	foxo3b	frmd8	gpx4b	grb10a	irf2bpl	jupa	mylipb	nkd1	nkd2a	nkd2b	notum1a	notum1b	notum2	nxn	prr7	rack1	rspo3	sost	sostdc1a	sostdc1b	tcf7l1a	tollip	tpbg1b	trabd2a	trabd2b	zgc:162025"
fructose 6-phosphate metabolic process	GO:0006002	"fbp1a	fbp1b	gfpt1	gfpt2	pfkla	pfklb	pfkma	pfkmb	pfkpa	pfkpb"
canonical glycolysis	GO:0061621	"pfkla	pfklb	pfkma"
fructose 1,6-bisphosphate metabolic process	GO:0030388	"aldoaa	aldoab	aldob	aldoca	aldocb	fbp1a	fbp1b	pfkla	pfklb	pfkma"
social behavior	GO:0035176	"arid1b	brsk2a	brsk2b	dhx30	disc1	ednraa	mao	nde1	npas4a	otpa	oxtra	oxtrb	vrk2"
swimming behavior	GO:0036269	"abcd1	abhd12	adgrg1	arid1b	asah1b	atm	atoh7	brsk2a	brsk2b	ca10a	ca10b	ca6	ca8	cacna1ab	cald1a	cald1b	cdkl5	cln5	csf1ra	ctns	cyp20a1	dagla	dbx2	depdc5	dio3b	disc1	dmd	dmrt3a	dnmt3aa	dnmt3ab	fars2	foxp2	gars1	gba1	gch1	gdpd5a	gnb5a	gpx3	grna	hcn2b	hdac10	hdac6	irf2bpl	kif2a	klc2	klhl41a	klhl41b	lars1b	lsm7	mao	mgat1b	micall2b	myo9aa	myo9ab	nde1	nexmifa	ngly1	nop56	nos2b	nrap	nrcama	nup50	nus1	otofb	oxt	panx1b	park7	pink1	pnpo	psen1	pth2	rbfox1	reep1	samhd1	sash1a	scd	scdb	scn1lab	shank3a	sigmar1	sin3b	sirt2	slc18a2	slc26a2	spg11	surf1	sv2a	syngap1b	tango2	tcap	tfg	uba5	vapb	vps11	vps16	wfs1a	wfs1b	zc4h2	zgc:100846"
mitochondrial cytochrome c oxidase assembly	GO:0033617	"coa3a	coa3b	coa4	coa5	cox16	cox17	cox19	cox20	pet100	sco1	sco2	smim20	surf1	tmem223	uqcc6"
regulation of kainate selective glutamate receptor activity	GO:2000312	"klhl24a	klhl24b"
transcription by RNA polymerase III	GO:0006383	"brf1a	brf1b	gtf3c2	gtf3c3	gtf3c6	polr1d	polr3d	polr3f	polr3g	polr3gla	polr3glb	tbp	zgc:171971"
phenylalanyl-tRNA aminoacylation	GO:0006432	"fars2	farsa	farsb	lrrc47"
tRNA aminoacylation	GO:0043039	"aars1	aars2	aarsd1	ears2	eprs1	fars2	farsa	qars1	tars1	tars3	yars2"
thigmotaxis	GO:0001966	"aldoaa	ankfn1a	ankfn1b	ascc1	atp1a2a	b4galt7	bmerb1	brsk2a	brsk2b	cacna1ab	chd7	clpb	col6a1	depdc5	dok7b	fars2	gabra3	glra4a	golga2	kif22	mgat1b	nop56	nup50	reep1	rnf121	sap130a	sap130b	serpini1	sgsh	slc18a2	smyd1a	spg11	trip4	trnt1	usp48	zgc:100846"
locomotion	GO:0040011	"chd2	gne	kcnj10a	neb	slc16a2	wdr1"
outer dynein arm assembly	GO:0036158	"clxn	daw1	dnaaf11	dnaaf4	dnai1.2	dnai2a	dnal1	lrrc61	odad1	odad3	odad4	pierce1	pierce2	zmynd10"
protein polyubiquitination	GO:0000209	"ambra1a	ambra1b	amfra	cdc34a	cdc34b	daw1	dda1	dtl	ercc8	fbxo22	fbxw9	hectd2	herc56.3	herc56.4	marchf1	marchf5l	marchf8	mkrn1	mkrn2	mkrn4	peli1a	peli1b	peli2	peli3	rc3h1a	rc3h2	rnf114	rnf152	rnf166	rnf180a	rnf180b	rnf41	shprh	si:dkey-12e7.1	toporsa	toporsb	traf7	trim2a	trim2b	trim3a	trim3b	trim71	trip12	ube2a	ube2al	ube2b	ube2d1b	ube2d2	ube2e3	ube2g1a	ube2g1b	ube2g2	ube2h	ube2j1	ube2j2	ube2ka	ube2kb	ube2l3a	ube2l3b	ube2na	ube2q2	ube2ql1	ube2r2	ube2s	ube2t	ube2wa	ube2wb	ube3a	ube3b	ube3c	ube3d	ube4a	ubox5	wsb1	wsb2"
cilium-dependent cell motility	GO:0060285	"ccdc39	ccdc65	daw1	dnaaf2	drc1	efhc1	rfx3"
regulation of cilium movement	GO:0003352	"ccdc65	cfap298	daw1	drc1"
determination of left/right symmetry	GO:0007368	"acvr1l	ahi1	aldh1a2	apela	aplnra	arhgef11	arl6	atp1a1a.1	atp1a2a	axin1	bbs1	bbs2	bbs4	bbs7	bmp2b	bmp4	bmp7a	bmpr2a	bmpr2b	ccdc103	ccdc32	ccdc39	ccdc40	celf1	cep20	cfap298	cfap53	chd7	chrd	cldn5a	cnpy1	cxcr4b	dand5	daw1	dharma	dld	dmrt2a	dmrt2b	dnaaf1	dnaaf11	dnaaf4	dnah10	dnah7	dnmt1	dnmt3bb.1	dub	dzip1	enpp2	exoc5	fgf4	fgf8a	fibpb	foxc1a	foxc1b	foxh1	foxj1a	foxj1b	fzd2	galnt11	gpr161b	gpr22a	grk5l	hhex	ier2a	ift57	ift70	ift88	ikzf5	ippk	itgb1b	jazf1b	kif7	lft1	lpar3	mcamb	megf8	mib1	mkks	mmp21	ndr2	nme3	nog3	notch1a	noto	nphp3	nudcd2	numb	numbl	odad3	pacrg	pierce1	pkd1l1	pkd2	rab35b	rbpja	rbpjb	rfx2	rnf115a	septin6	seraf	sesn1	setdb2	sgcd	shha	shy	slc8a4a	smad5	smarcd3b	sox1a	sox32	spaw	ssx2ipa	stk36	tbx16	tbxta	tctn2	tdgf1	tdp2b	trib3	tsc1a	ugdh	unm_hu202	unm_hu304	unm_tj2a	unm_tm243b	unm_tn20b	unm_tw29b	wdr18	zic3	znf703"
otolith morphogenesis	GO:0032474	"cod	daw1	dcdc2b	hnf1ba	jag1b	kcng4b	lmx1bb	lrp5	mko	odad4	otogl	peb	pno	roo	slc26a2	smo	sp5l	sparc	stm	ter	ttc36	ttc39c	ttc4	ttc9c"
vascular endothelial growth factor receptor signaling pathway	GO:0048010	"flt1	flt4	gng2	kdr	mapkapk2a	mapkapk2b	nrp1a	nrp1b	pgfb	rspo1	vegfaa	vegfba	vegfc	vegfd"
DNA integration	GO:0015074	"clasp1b	cuzd1.1	ftr06	gng2	il1rapl1a	loc100150025	lrfn4b	nek6	si:ch73-217n20.1	zgc:113265	zgc:113436"
sprouting angiogenesis	GO:0002040	"abca1a	abcg1	adgra2	akr1a1a	ano6	apela	apln	aplnra	aplnrb	arhgef9b	bmpr2a	bmpr2b	camsap2b	ccbe1	cd93	cdc42	cdh5	clec14a	cpn1	cxcl12b	cxcr4a	cxxc5a	dll4	e2f7	e2f8	eif3i	etsrp	f3a	fbxw11a	fbxw11b	flt1	flt4	fmnl3	foxf1	gas6	gipc1	gipc2	gmfg	gng2	hapln1b	hars	hhex	hlx1	hmga2	hspa12b	igf2a	igf2b	igfbp2b	igfbp7	insra	insrb	jmjd6	kctd10	kdrl	ldb2a	lgals2a	lgals2b	lmln	loxl2a	loxl2b	mib1	mttp	narfl	nlgn1	nostrin	nrarpa	nrarpb	nrp1a	nrp1b	nrxn1a	nus1	pgfb	pkma	pkmb	plk2b	plxna1b	plxnb2a.1	plxnd1	psme3	rasip1	rbpja	rbpjb	rcan1a	reck	rnf213a	rnf213b	rspo3	rtn4a	s1pr1	scube1	scube2	sdc2	sdf4	sema3e	slc2a1a	slc2a1b	tgfbr3	thsd7aa	tinagl1	tnfrsf19	tnfrsf21	trim33l	twist1a	twist1b	vegfaa	vegfab	vegfba	vegfc	vegfd	wars2	yjefn3"
negative regulation of small GTPase mediated signal transduction	GO:0051058	"arhgap17a	arhgap22b	arhgap29b	sh3bp1"
regulation of Rac protein signal transduction	GO:0035020	"arhgap17a	kbtbd7	sh3bp1"
positive regulation of GTPase activity	GO:0043547	"abr	adap2	arap1a	arap3	arhgap17a	arhgap17b	arhgap44a	arhgap44b	asap1a	asap1b	asap2a	asap2b	asap3	bcr	chn1	chn2	ect2	myo9aa	rab3gap1	ralgapa1	ralgapa2	rap1gds1	rgs8	sh3bp1	si:dkey-191g9.5	si:dkey-21e13.3	si:dkey-33c9.6	si:dkey-91m11.5	srgap2	tbc1d20	tsc2	unm_sa1614	zgc:63863	zgc:92360"
central nervous system development	GO:0007417	"acana	adgra2	agrn	ap1g1	ap1g2	aplp1	aplp2	appa	appb	bcan	capga	capgb	ccnk	cenpw	chd3	chd7	chuk	cntn2	cyp26a1	cyp26b1	cyp26c1	draxina	dscamb	ecrg4a	ecrg4b	emx1	emx2	emx3	fam50a	gba2	glis2a	glis2b	glra1	glra4a	glrx2	gsnb	gsx1	gtdc1	hapln1a	hapln1b	hapln2	hapln3	hdac8	hsbp1b	irx1a	lzic	marcksa	marcksb	marcksl1a	marcksl1b	mib1	mnx1	mob1a	msi1b	msi2b	mtf1	ncanb	nipblb	nono	npc1	npc2.1	ntrk3a	pcsk9	pogza	ppm1g	prnpb	psmd3	ptpro	reln	rnf2	rtn4b	sar1b	scin	scinla	scinlb	shha	shhb	slc16a2	slc7a6os	smarca4a	smc1a	smo	sox3	sox6	tdgf1	tfpi2	tmem260	tp63	tpp1	ttpa	vax1	vax2	vcanb	ved	wnt11f2	wnt8a	zeb1a	zeb1b	zeb2a	zeb2b	zic1	zic2a	zic2b	zic3	zic4	zic5	zic6"
actin filament severing	GO:0051014	"avil	capga	capgb	cfl1	cfl1l	cfl2	flii	gsnb	scin	scinla	scinlb	srgap2	vil1"
actin polymerization or depolymerization	GO:0008154	"avil	capga	capgb	evla	evlb	flii	gsnb	scin	scinla	scinlb	vaspa	vaspb	vil1"
cell projection assembly	GO:0030031	"capga	capgb	cyfip2	gsnb	llgl1	llgl2	nckap1	nckap1l	parvg	prkci	rac1a	rac1b	rac3a	rac3b	ranbp2	scin	scinla	scinlb"
regulation of transport	GO:0051049	"ica1	stim1b	stim2a	stim2b"
store-operated calcium entry	GO:0002115	"orai1a	orai1b	stim1b	stim2a	stim2b"
calcium ion transport	GO:0006816	"anxa6	atp2a1	atp2a1l	atp2a2a	atp2a2b	atp2a3	atp2b1a	atp2b1b	atp2b2	atp2b3a	atp2b3b	atp2c1	cacna1aa	cacna1ab	cacna1ba	cacna1bb	cacna1c	cacna1da	cacna1db	cacna1eb	cacna1fb	cacna1g	cacna1ha	cacna1sa	cacna1sb	cacna2d1a	cacna2d2a	cacna2d2b	cacna2d3	cacna2d3a	cacna2d4b	cacnb1	cacnb2a	cacnb2b	cacnb4a	cacnb4b	cacng1a	cacng1b	cacng2a	cacng2b	cacng3b	cacng4a	cacng4b	cacng5a	cacng5b	cacng7a	cacng7b	cacng8a	cacng8b	cax1	cax2	itpr1a	itpr1b	itpr2	itpr3	letm1	mcu	micu1	orai1b	p2rx4a	pkd2	pkd2l1	ramp1	ramp2	ryr1a	ryr1b	ryr2a	ryr2b	ryr3	saraf	selenok	si:dkey-28b4.8	slc24a1	slc24a2	slc24a3	slc24a4a	slc24a4b	slc24a5	slc24a6a	slc8a1a	slc8a1b	slc8a2	slc8a2a	slc8a2b	slc8a3	slc8a4a	slc8a4b	slc8b1	smdt1b	stim1b	stim2a	stim2b	tmco1	tpcn2	trpm2	trpm6	trpm7	trpv6"
establishment or maintenance of epithelial cell apical/basal polarity	GO:0045197	"atp1b1a	crb1	crb2a	crb2b	dlg1a	dlg1b	dlg2	epb41l5	jag2b	pals1a	pals1b	pard3ab	scrib"
establishment or maintenance of polarity of embryonic epithelium	GO:0016332	"pals1a	pals1b	prkci"
generation of neurons	GO:0048699	"cdh2	erbb4a	gli1	gli3	mib1	neurog1	notch1a	nrg1	pals1a	pals1b	prkci	prkcz	ptf1a	tcf7l1a	tcf7l1b	zfyve9a"
morphogenesis of an epithelial sheet	GO:0002011	"pals1a	pals1b"
calcium-mediated signaling	GO:0019722	"ackr3b	bcl2l10	cabz01093075.1	ccr10	ccr12a	ccr2	ccr6a	ccr6b	ccr7	ccr8.1	ccr9a	cmklr1	cxcr2	cxcr3.1	cxcr3.2	cxcr4a	cxcr4b	mcu	ncalda	ncaldb	ppp1r9ala	ppp1r9ba	ppp1r9bb	rcan1a	rcan1b	rcan2	rcan3	rxfp3.3a1	rxfp3.3a2	rxfp3.3a3	rxfp3.3b	si:ch73-160i9.2	tpcn2"
cell chemotaxis	GO:0060326	"ackr3b	cabz01093075.1	ccr10	ccr12a	ccr2	ccr6a	ccr6b	ccr7	ccr8.1	ccr9a	cmklr1	cxcr3.1	cxcr3.2	cxcr4a	cxcr4b	cxl34b.11	dock4	dock4b	rac1a	rac1b	rac3a	rac3b	rhoga	rhogb	rxfp3.3a1	rxfp3.3a2	rxfp3.3a3	rxfp3.3b	si:ch73-160i9.2"
positive regulation of cytosolic calcium ion concentration	GO:0007204	"ackr3b	adra1aa	adra1ab	adra1ba	adra1bb	adra1d	agtr1a	agtr1b	cabz01093075.1	calcr	ccr10	ccr12a	ccr2	ccr6a	ccr6b	ccr7	ccr8.1	ccr9a	cmklr1	cmklrl2	cxcr2	cxcr3.1	cxcr3.2	cxcr4a	cxcr4b	fpr1	galr1a	kiss1	ptger1a	ptger1b	ptger1c	ptger2a	ptger2b	ptger3	ptger4a	ptger4b	ptger4c	ptgfr	ptgir	rxfp3.3a1	rxfp3.3a2	rxfp3.3a3	rxfp3.3b	si:ch73-160i9.2	si:ch73-160i9.3	si:dkey-117a8.1	si:dkey-211g8.1	si:dkey-42l23.4	si:dkey-42l23.7	tbxa2r"
skeletal muscle contraction	GO:0003009	"ryr1a	ryr1b	si:dkeyp-68b7.10	stac3	tcap	tnnc1a	tnnc1b	tnnc2.1	tnnc2.2	tnni1b	tnni1c	tnni1d	tnni2a.1	tnni2a.2	tnni2a.3	tnni2b.1	tnni2b.2	tnni4a	tnni4b.1	tnni4b.2	tnni4b.3"
cardiac muscle contraction	GO:0060048	"bin1b	icam3	myh7	myl2a	myl2b	septin15	smyhc1	smyhc2	smyhc3	tcap	tnnc1a	tnnc1b	tnni1b	tnni1c	tnni1d	tnni2a.1	tnni2a.2	tnni2a.3	tnni2b.1	tnni2b.2	tnni4a	tnni4b.1	tnni4b.2	tnni4b.3	tnnt2a	tnnt2c	tnnt2d	tpm1	tpm4a	tpma"
U4 snRNA 3'-end processing	GO:0034475	"exosc2	exosc3	exosc4	exosc6	exosc7	exosc8	exosc9"
U1 snRNA 3'-end processing	GO:0034473	"exosc7	exosc8	exosc9"
exonucleolytic trimming to generate mature 3'-end of 5.8S rRNA from tricistronic rRNA transcript (SSU-rRNA, 5.8S rRNA, LSU-rRNA)	GO:0000467	"eri1	exosc10	exosc2	exosc3	exosc7	exosc8	exosc9	gnl3"
nuclear polyadenylation-dependent rRNA catabolic process	GO:0071035	"exosc10	exosc2	exosc3	exosc7	exosc8	exosc9"
rRNA catabolic process	GO:0016075	"dis3	dis3l	exosc4	exosc6	exosc7	exosc8	exosc9	rnaset2	xrn1"
nuclear mRNA surveillance	GO:0071028	"exosc4	exosc6	exosc7	exosc8	exosc9"
TRAMP-dependent tRNA surveillance pathway	GO:0071038	"exosc10	exosc2	exosc3	exosc7	exosc8	exosc9"
U5 snRNA 3'-end processing	GO:0034476	"exosc7	exosc8	exosc9"
formation of cytoplasmic translation initiation complex	GO:0001732	"eif3ba	eif3c	eif3d	eif3ea	eif3eb	eif3f	eif3g	eif3ha	eif3hb	eif3i	eif3ja	eif3jb	eif3k	eif3m	eif3s10	eif3s6ip	eif5"
translational initiation	GO:0006413	"abce1	brf1a	ctif	denr	dhx29	eif1	eif1ad	eif1axa	eif1axb	eif1b	eif2a	eif2ak1	eif2ak3	eif2b1	eif2b2	eif2b3	eif2b4	eif2b5	eif2d	eif2s1a	eif2s1b	eif2s2	eif2s3	eif3ba	eif3c	eif3d	eif3ea	eif3eb	eif3f	eif3g	eif3ha	eif3hb	eif3i	eif3ja	eif3jb	eif3k	eif3m	eif3s10	eif3s6ip	eif4a1a	eif4a1b	eif4a2	eif4ba	eif4bb	eif4e1b	eif4e1c	eif4e2	eif4e2rs1	eif4e3	eif4ea	eif4eb	eif4ebp1	eif4ebp2	eif4ebp3	eif4enif1	eif4g1a	eif4g2a	eif4g2b	eif4g3a	eif4g3b	eif4h	eif5	eif5a	eif5a2	eif5b	eif6	fibina	mtif2	mtif3	rrn3	wu:fb16f03"
regulation of translational initiation	GO:0006446	"bzw1a	bzw1b	bzw2	ctif	eif2ak2	eif2ak3	eif3k	impact	mif4gda	mif4gdb	paip1	pkz"
fatty acid biosynthetic process	GO:0006633	"acaca	acacb	aclya	aclyb	acsm3	cbr4	elovl1a	elovl1b	elovl2	elovl4a	elovl4b	elovl5	elovl6	elovl6l	elovl7a	elovl7b	elovl8a	elovl8b	fads2	fads6	fasn	fasn2	hacd1	hacd2	hacd3	hacd4	hsd17b12a	hsd17b12b	hsd17b8	lipca	lipg	lpla	mcat	mecr	mlycd	ndufab1a	ndufab1b	olah	oxsm	pks1	prkag1	prkag2a	prkag2b	prkag3b	prxl2b	ptges	ptges3a	ptges3b	ptgesl	ptgis	ptgs1	ptgs2a	ptgs2b	scd	scdb	tecra	tecrb	zgc:92749"
regulation of mitochondrial DNA metabolic process	GO:1901858	"mpv17	tfam"
transcription initiation at mitochondrial promoter	GO:0006391	"tfam	tfb2m"
regulation of female gonad development	GO:2000194	"igf3	nobox	tfam"
central nervous system projection neuron axonogenesis	GO:0021952	"coro1a	dcc	emx3	kctd13	kif22	kifbp	mapk3	mycbp2	ntn1a	ntn1b	ppp4ca	rab33a	rab33ba	robo2	slit2	slit3	tlcd3ba	zgc:100846"
dorsal/ventral pattern formation	GO:0009953	"acsl4a	acvr1ba	acvr1l	acvr2aa	admp	ahcyl1	aida	alg13	ankrd6b	ap2a1	axin1	axin2	bambia	bmp1a	bmp2b	bmp4	bmp7a	bmper	bmpr1aa	bmpr1ab	bmpr1ba	bmpr1bb	caprin2	cav1	ccl19a.1	ccn6	ccr7	chrd	chrdl2	cops6	crm	ctnnb1	ctnnb2	ctsba	ddit4	dnaaf11	dusp6	edn1	eve1	fbxl15	fcho1	fgf24	fgf3	fgf8a	fgf8b	fgfr1a	foxh1	fsta	fstl1b	fzd8b	gdf6a	gli2a	gli2b	gsc	gsk3ab	hdac1	hdac3	her6	her9	hhex	hwa	igf1	igfals	il17rd	jag1b	kmt5aa	lft1	lhx1a	lzts2a	max	msx1b	ndr1	ndr2	nog1	nog2	nog3	nog5	nup54	nup62l	otud4	pkd2	pnhd	pou5f3	ppp4ca	ppp4cb	ptbp1a	rbm14a	runx2b	scinla	shha	skia	skib	smad1	smad5	smad9	snai1a	sox11b	sox19b	sox21a	spry2	stk36	szl	tdgf1	tll1	tob1a	tsc22d3	twist1b	usp15	usp25	usp5	ved	vent	vox	wnt3a	wnt8a	zbtb4	zeb2a	zeb2b	zic2a	zmat2	zmiz2"
determination of ventral identity	GO:0048264	"acvr1l	acvrl1	admp	aida	ankrd6b	bmp1a	bmp2b	bmp4	bmp7a	chrd	gdf6a	ift46	max	mgaa	ppp4ca	ppp4cb	robo3	smad4a	smad5	tll1	twsg1b"
proteolysis involved in protein catabolic process	GO:0051603	"clpxb	cts12	ctsba	ctsc	ctsf	ctsh	ctsk	ctsl.1	ctslb	ctsll	ctso	ctss2.1	ctsz	ide	lgmn	psma1	psma2a	psma2b	psma3	psma4	psma5	psma6a	psma6b	psma6l	psma8	psmb1	psmb10	psmb11b	psmb12	psmb13a	psmb2	psmb3	psmb4	psmb5	psmb6	psmb7	psmb8a	psmb9a	rspry1	si:dkey-239j18.2	si:dkey-239j18.3	si:dkey-269i1.4	zgc:110239	zgc:174153	zgc:174154	zgc:174855"
isoprenoid biosynthetic process	GO:0008299	"coq2	crppa	fdps	ggps1	hmgcra	hmgcrb	hmgcs1	idi1	mvda	mvk	pdss1	pdss2"
ubiquinone biosynthetic process	GO:0006744	"coq2	coq3	coq4	coq5	coq6	coq7	coq8aa	coq8ab	coq8b	coq9	ndufa9a	pdss1	pdss2	ubiad1"
protein secretion	GO:0009306	"copg2	mia3	mttp	ndr1	ndr2	svbp	tango2	tango6	tmem167a	trappc11	tvp23b	zgc:112148"
regulation of rRNA processing	GO:2000232	"rrp7a	ythdf2"
rRNA processing	GO:0006364	"bms1	bop1	bxdc2	bysl	c1d	dcaf13	ddx10	ddx27	ddx49	ddx51	ddx54	dimt1l	dkc1	drosha	ebna1bp2	emg1	esf1	exosc10	exosc2	exosc3	exosc6	exosc9	fbl	fcf1	ftsj3	gar1	gemin4	gnl3l	heatr1	imp3	imp4	krr1	las1l	lsm6	ltv1	mphosph10	mrm3a	mrm3b	mrpl44	mrto4	nat10	ncl	nhp2	nol11	nol6	nol9	nop10	nop53	nop56	nsa2	pdcd11	pelp1	pes	pih1d1	pih1d2	pin4	pop4	pop5	pop7	ppan	pwp1	rbfa	rcl1	rexo4	rpf1	rpf2	rps7	rpusd4	rrp1	rrp15	rrp36	rrp7a	rrp8	si:dkey-251i10.3	tbl3	tfb1m	tfb2m	trmt2b	tsr2	tsr3	utp11	utp15	utp18	utp23	utp25	wbp11	wdr12	wdr18	wdr36	wdr55	wdr75	ybey	zgc:86811"
ribosomal small subunit assembly	GO:0000028	"eral1	mrps7	pwp2h	rps14	rps15	rps19	rps27.1	rps27.2	rps27l	rps28	rps5	rpsa	rrp7a"
synapse assembly involved in innervation	GO:0060386	"chodl	ctbp2a	ctbp2l	fbxo45"
positive regulation of axonogenesis	GO:0050772	"chodl	metrn	plxnb1b	plxnb2a.1	plxnb2b	plxnb3	plxnd1	robo2	tiam1a	tiam1b"
motor neuron axon guidance	GO:0008045	"bicd1a	cdh2	chn1	chodl	chrna1	chst11	col6a3	e2f7	e2f8	etv5b	flt4	foxc1a	gli2a	hif1ab	kcnc3a	kif1b	kof	lama1	lamc3	lhx1a	musk	nkx2.2a	notum2	nrp1a	nrxn2a	ntn1a	ntn1b	ntn2	ntn5	pin1	plod3	pls3	plxna3	ppp1r12a	rac1a	rac1b	rac3a	rac3b	rtn4b	scn8aa	sema3aa	sema3ab	sema4c	smn1	stat3	tmem41b	vegfaa	vegfc"
cellular response to heat	GO:0034605	"hikeshi	hsp90aa1.1	hsp90aa1.2	hsp90ab1	sumo1"
DNA repair	GO:0006281	"abraxas1	actr8	adprs	alkbh1	alkbh2	alkbh3	apex1	apex2	aptx	ascc3	atm	atr	atrip	atrx	babam1	babam2	bccip	blm	brca2	brcc3	cdk9	cenps	cenpx	chaf1a	chd1l	cpdp	cry-dash	cry5	dclre1a	dclre1b	dclre1c	ddb1	ddb2	ddx11	dmap1	dmc1	dna2	dntt	dtymk	eepd1	eme1	emsy	ercc1	ercc3	ercc4	ercc5	ercc6l	exo1	faap24	fan1	fancd2	fanci	fancl	fancm	fen1	fh	gtf2h1	gtf2h2	gtf2h3	gtf2h4	gtf2h5	h2ax	hdgfl2	hltf	hpf1	huwe1	inip	ino80	ino80db	ints3	jmy	kat5a	kat5b	kmt5b	lig1	lig3	lig4	mbd4	mgmt	mlh1	mms19	mms22l	mnat1	mpg	mre11a	mrnip	msh2	msh3	msh6	mus81	mutyh	nabp1a	nbn	neil3	nhej1	nme3	nsmce1	nsmce4a	nthl1	ogg1	park7	parp1	parp2	parp3	parpbp	paxip1	pclaf	pds5a	pds5b	pif1	pnkp	polb	pold1	pole	polh	poli	polk	poll	polm	primpol	prkdc	prmt6	prpf19	psme4a	psme4b	rad1	rad17	rad18	rad21a	rad21b	rad23aa	rad23ab	rad23b	rad50	rad51	rad51b	rad51c	rad51d	rad52	rad9a	rad9b	rbbp8	recql	rev1	rev3l	rfc1	rfc3	rfc4	rfc5	rmi2	rnf168	rnf8	rpa1	rpa2	rpa3	rps3	rtel1	ruvbl1	ruvbl2	samhd1	sfr1	si:ch211-141o9.10	slf2	slx1b	slx4	smarcad1a	smarcad1b	smarcal1	smc5	sprtn	ssrp1a	ssrp1b	supt16h	swi5	tdg.1	tdg.2	tdp1	tdp2b	ticrr	timeless	tonsl	top3a	top3b	trip12	ttf2	ube2a	ube2al	ube2b	ube2t	ube2wa	ube2wb	ufl1	uimc1	unga	ungb	uvssa	vcp	vhl	vhll	wdr48b	wrn	wrnip1	xpa	xpc	xrcc2	xrcc3	xrcc4	xrcc5	xrcc6	zgc:110269	zgc:112496	zranb3	zswim7"
protein monoubiquitination	GO:0006513	"dtl	fancl	kbtbd8	klhl12	klhl22	obi1	pex12	rad18	rnf152	toporsa	toporsb	trim37	ube2nb	ube2t	ube2wa	ube2wb	ube3d	znf598"
protein autoubiquitination	GO:0051865	"marchf5l	mib1	mib2	prkn	rnf141	rnf146	sh3rf1	traf2b	trim37	ube2t	ube3d"
cortical actin cytoskeleton organization	GO:0030866	"amotl2a	dlg1a	dlg1b	epb41b	epb41l3a	fmnl1a	fmnl2b	fmnl3	llgl2	nckap1	nckap1l	rab13	rab25a	rab25b	rhoq	rock2a	si:dkey-178k16.1	strip1	wu:fi46h04"
cell morphogenesis	GO:0000902	"akap12b	arhgef2b	cap1	cap2	cdh1	cdh10a	cdh11	cdh12a	cdh15	cdh17	cdh2	cdh26.1	cdh27	cdh4	cdh5	cdh6	cxcl12a	cxcl12b	cxcr4a	cyfip1	cyfip2	frya	fryb	fryl	gpa33a	lratd1	nckap1	nckap1l	neo1a	rgma	tagln2	tet2	tet3	ttn.2	vangl2"
purine nucleotide biosynthetic process	GO:0006164	"adsl	adss1	adss2	adssl	atic	gart	gmps	impdh1a	impdh1b	impdh2	paics	pfas	ppat	prps1b	prpsap1	prpsap2"
glutamine metabolic process	GO:0006541	"asns	asnsd1	cad	cps1	ctps1a	ctps1b	gatd3	gfpt1	gfpt2	ggh	gls2a	gls2b	glsa	glsb	glsl	gmps	nit2	pfas	qdprb.1	zgc:171566"
'de novo' IMP biosynthetic process	GO:0006189	"adsl	atic	gart	paics	pfas	ppat	si:dkey-261j15.2"
innate immune response	GO:0045087	"ankhd1	arhgef2a	bpifcl	bspry	btr02	btr04	btr07	btr31	c1s.2	c6.1	c6.2	c7a	c7b	c8a	c8b	c9	cactin	caiap	caspa	caspb	cfb	cfbl	cftr	cgasa	cgasb	chadla	cnpy3	colec11	csf1ra	cxcr3.2	cybc1	cyld	cyldl	dapk1	ddx41	defbl1	defbl3	dhx58	ecsit	gbp1	gbp2	gbp4	h2ax1	hist1h2a1	hk1	ifih1	ilrun	irak1	irak4	ly86	masp1	masp2	mfhas1	msrb1a	msrb1b	myd88	n4bp1	nlrp1	nod1	nod2	parp1	ppp1r14ba	ppp1r14bb	ppp1r14d	pqbp1	ptpn6	ptx3a	pycard	rel	rigi	ripk2	rnf185	rsad2	samhd1	sarm1	serinc5	shfl	si:ch1073-280e3.1	si:ch211-108d22.2	si:ch211-120g10.1	si:ch211-12p12.2	si:ch211-195h23.3	si:ch211-209n20.1	si:ch211-66k16.27	si:ch73-144l3.1	si:ch73-364h19.2	si:dkey-108k21.15	si:dkey-118k5.3	si:dkey-183c6.9	si:dkey-18p12.4	si:dkey-219e21.2	si:dkey-219e21.4	si:dkey-37m8.11	slc15a2	sod2	stat6	sting1	stmp1	tifa	tlr1	tlr18	tlr19.1	tlr2	tlr20.2	tlr20f	tlr21	tlr22	tlr3	tlr4al	tlr4ba	tlr4bb	tlr5a	tlr5b	tlr7	tlr8a	tlr8b	tlr9	tnfaip8l2a	tnfaip8l2b	tnfrsf1a	tollip	traf3	traf6	trim101	trim105	trim107	trim108	trim109	trim33l	trim35-1	trim35-19	trim35-20	trim35-21	trim35-22	trim35-23	trim35-24	trim35-27	trim35-28	trim35-29	trim35-3	trim35-30	trim35-31	trim35-33	trim35-34	trim35-39	trim35-40	trim35-45	trim35-7	trim35-9	trim47	trim54	trim55a	trim62.1	trim63b	wfdc2	zgc:136767	zgc:153151	zgc:153935	zgc:194990"
proteasome assembly	GO:0043248	"adrm1	ecpas	pomp	psmd11a	psmd11b	psmd5	psmg1	psmg2	psmg3	psmg4	sem1"
nuclear-transcribed mRNA catabolic process	GO:0000956	"dhx34	dis3l2	exosc2	exosc3	hbs1l	lsm1	lsm4	lsm7	mrto4	nbas	pnrc2	polr2g	skic3	upf1	xrn1	xrn2"
ribonucleotide metabolic process	GO:0009259	exosc2
spinal cord development	GO:0021510	"arf6a	arf6b	brd2a	exosc2	hmx3a	kif6	loxl3a	loxl3b	mib1	neflb	pard6gb	pogza	slc16a2	smarcd1	tamalin	zic6"
poly(A)-dependent snoRNA 3'-end processing	GO:0071051	"exosc10	exosc2	exosc3	exosc4	exosc6"
neural retina development	GO:0003407	"atoh7	cactin	cfdp1	cldn3c	exosc2	gnl2	gnl3	igf2bp1	il7r	llgl1	marcksa	marcksb	marcksl1a	marcksl1b	mib1	mmp14a	nrf1	prickle1a	prickle2b	ran	rx1	six6a	slbp	smarca4a	tubgcp3	usp45	vps11	wfs1a"
CUT catabolic process	GO:0071034	"exosc2	exosc3"
negative regulation of appetite	GO:0032099	"cart1	cart2	cart3	cart4	cartl	si:ch211-191i18.4	spx"
positive regulation of MAPK cascade	GO:0043410	"adra1aa	adra1ab	adra1ba	adra1bb	adra1d	adrb1	adrb2a	adrb2b	adrb3a	avpi1	bcar3	cart1	cart2	cart3	cart4	cartl	drd1a	drd1b	drd6b	drd7	erbb2	fgf10a	fgf10b	fgf16	fgf17	fgf18a	fgf18b	fgf19	fgf1a	fgf1b	fgf2	fgf20a	fgf20b	fgf21	fgf22	fgf23	fgf24	fgf3	fgf4	fgf5	fgf6a	fgf6b	fgf7	fgf8a	fgf8b	fgfr3	flt1	flt4	gpr101	gpr37a	gpr37b	gpr37l1b	hrh3	igf2a	igf2b	insrb	lamtor1	mos	paqr7b	si:ch211-191i18.4	smarca4a	tek	zgc:162592"
cellular response to starvation	GO:0009267	"atg14	cart1	cart2	cart3	cart4	cartl	jmy	lamp2	nupr1b	pak2a	pak2b	pak4	pak6b	rptor	rraga	rragca	rragcb	rragd	tbc1d7	vps41	wdr45	wdr45b"
retina layer formation	GO:0010842	"abhd12	adamts10	agrn	atoh7	bbs9	cct5	cdhr1a	cdipt	cdk5	cdk5r1b	cdk5r2a	cep290	cerkl	chm	crk	crkl	cyfip2	dctn1a	dnmt1	dnmt3bb.2	dusp26	egr1	exoc5	foxn4	gle1	gmds	grna	ipo13b	irx7	lamb4	lhx1a	marcksa	marcksb	mcrs1	mkrn2	mmp14a	poc1b	popdc1	reep6	rp2	rpgrb	rtn4ip1	rx1	sec13	sema4aa	smarca4a	tapt1a	tapt1b	tatdn1	tbcd	top2b	toporsa	tspan12	wfs1a	wfs1b	wrap73	xirp1"
chaperone-mediated protein folding	GO:0061077	"dnajb2	dnajb6a	dnajb6b	dnajc5aa	dnajc5ab	fkbp11	fkbp2	fkbp4	unc45b"
polyamine biosynthetic process	GO:0006596	"amd1	azin1a	azin1b	oaz1a	oaz1b	odc1	sms	srm"
negative regulation of protein catabolic process	GO:0042177	"atraid	azin1a	azin1b	banp	mad2l2	sirt2"
putrescine biosynthetic process from ornithine	GO:0033387	"azin1a	azin1b	odc1"
positive regulation of polyamine transmembrane transport	GO:1902269	"azin1a	azin1b"
cell-matrix adhesion	GO:0007160	"arhgef28a	blzf1	epd	epdl1	epdl2	epdr1	fermt1	fermt2	fermt3b	fgb	fgg	fn1a	fn1b	hpse	ilk	itga11a	itga2.2	itga2b	itga3b	itga4	itga5	itga6a	itga6b	itga7	itga9	itgam.1	itgav	itgb1a	itgb1b	itgb1b.1	itgb1b.2	itgb2	itgb3a	itgb3b	itgb5	itgb6	itgbl1	loc101882496	lurap1	myo18aa	myo18ab	nid1a	nid2a	nid2b	otoa	parvb	si:ch211-127b16.6	si:ch211-182p11.1	si:ch73-105b23.6	si:ch73-181m17.1	si:ch73-329n5.2	si:ch73-329n5.6	si:dkey-239b22.1	si:dkey-32n7.7	si:dkey-9l20.3	sned1	strc1	tecta	tnn	vtna	vtnb	zgc:112964"
regulation of heart contraction	GO:0008016	"abcc9	atp1a1a.1	atp2a2a	cacna1c	chrm2a	flt1	foxn4	gja3	grk3	grk5	ilk	isl1a	kcnh6a	leg	mcu	melk	parvb	plcg1	plekha7a	s100a1	scn12aa	scn5lab	sgo1	shox2	slc8a1a	tbx2b	tnnt2a	trdn	unm_tm96	unm_tr206d	unm_ts206	vapa	vapb	vdac2	vegfaa	vezf1b"
establishment or maintenance of cell polarity regulating cell shape	GO:0071963	"parvaa	parvab	parvb	parvg"
substrate adhesion-dependent cell spreading	GO:0034446	"ephb3a	ilk	lama3	lamb1a	lamb1b	lamb2l	lamb4	ntn4	parvaa	parvab	parvb	parvg	popdc1	pxna	radil	si:dkey-202e22.2	si:dkey-220k22.1"
lamellipodium assembly	GO:0030032	"cyfip1	dmtn	parvb	robo4	spata13"
collagen fibril organization	GO:0030199	"col1a1a	cpamd8	crtap	dpt	loxa	loxl1	loxl2a	loxl2b	loxl3a	loxl3b	loxl4	loxl5a	loxl5b	ltbp1	lum	mmp9	p3h4	p4ha1a	p4ha1b	plod1a	plod2	plod3	serpinh1a	serpinh1b	serpinh2	si:dkey-14d8.6	si:dkey-14d8.7	spint1a"
killing of cells of another organism	GO:0031640	"c6.1	c6.2	c7a	c7b	c8a	c8b	c9	lygl1	lygl2	ninj1	prf1.2	prf1.3	prf1.5	prf1.6	prf1.7	prf1.9	zgc:162941"
T cell mediated cytotoxicity	GO:0001913	"prf1.1	prf1.2	prf1.3	prf1.5	prf1.6	prf1.7	prf1.9"
defense response to virus	GO:0051607	"agbl5	bnip3la	bnip3lb	cd180	ch25h	crfb1	crp1	crp2	crp3	crp4	crp5	crp6	crp7	ftr36	gig2i	ifit10	ifit11	ifit14	ifit16	ifit8	ifit9	ifnphi1	ifnphi2	ifnphi3	ifnphi4	ilf3b	ly86	mavs	mxa	mxb	mxc	mxd	mxe	mxf	nedd8	nod1	nod2	prf1.1	prf1.2	prf1.3	prf1.5	prf1.6	prf1.7	prf1.9	prmt7	rela	rigi	ripk2	rnf185	rsad2	samhd1	serinc5	si:ch73-236c18.8	si:ch73-236c18.9	sting1	tlr8a	tlr8b	tlr9	traf3ip2b	vamp8	zgc:73226"
immunological synapse formation	GO:0001771	"prf1.1	prf1.2	prf1.3	prf1.5	prf1.6	prf1.7	prf1.9"
leukocyte mediated cytotoxicity	GO:0001909	"prf1.1	prf1.2	prf1.3	prf1.5	prf1.7	prf1.9"
sodium ion transport	GO:0006814	"asic1a	asic1b	asic1c	asic2	asic4a	asic4b	atp1a1a.1	atp1a1b	atp1a2a	atp1b1a	atp1b1b	atp1b2a	atp1b2b	atp1b3a	atp1b3b	atp1b4	ca15a	ca2	commd3	hcn2b	hcn3	hcn4	hcn4l	mfsd4b	rhcgl1	scn12aa	scn1ba	scn1bb	scn1laa	scn1lab	scn3b	scn4aa	scn4ab	scn5lab	scn8aa	scn8ab	si:ch211-225p5.8	slc10a7	slc12a1	slc12a10.1	slc12a10.2	slc12a2	slc12a2l	slc12a3	slc13a1	slc13a2	slc13a3	slc13a4	slc13a5a	slc13a5b	slc17a6a	slc17a6b	slc17a7a	slc17a7b	slc17a8	slc20a2	slc24a5	slc38a11	slc38a2	slc38a6	slc38a7	slc4a4a	slc5a1	slc5a12	slc5a2	slc5a5	slc5a6a	slc5a6b	slc5a8	slc5a8l	slc5a9	slc8a1a	slc8a1b	slc8a2a	slc8a2b	slc8a3	slc8a4a	slc8a4b	slc9a1a	slc9a1b	slc9a2	slc9a3.1	slc9a3.2	slc9a5	slc9a6a	slc9a6b	slc9a7	slc9a8"
cell communication	GO:0007154	"adgrv1	cx24	dla	dlb	dlc	dld	dll4	fras1	frem1a	frem1b	frem2a	frem2b	frem3	gja10a	gja10b	gja11	gja12.1	gja12.2	gja13.1	gja13.2	gja1a	gja1b	gja2	gja3	gja4	gja5a	gja5b	gja8a	gja8b	gja9a	gja9b	gjb10	gjb1a	gjb1b	gjb3	gjb7	gjb8	gjb9a	gjb9b	gjc1	gjc2	gjc4a.1	gjc4a.2	gjc4b	gjd1a	gjd2b	gjd4	gjd6	gje1a	gje1b	gjz1	itgb4	jag1a	jag1b	jag2a	jag2b	si:dkey-91f15.8	slc8a1a	slc8a1b	slc8a2a	slc8a2b	slc8a3	slc8a4a	slc8a4b"
protein sumoylation	GO:0016925	"cbx4	cbx7a	nsmce2	pias1a	pias1b	pias2	pias4a	pias4b	sae1	sumo1	sumo2a	sumo2b	sumo3a	sumo3b	uba2	ube2ia	ube2ib	zmiz2"
endoplasmic reticulum tubular network formation	GO:0071787	"rtn1a	rtn1b	rtn4b	zfyve27"
protein deubiquitination	GO:0016579	"atxn3	bap1	cyld	cyld2	cyld3	cyldl	josd1	josd2	otub1a	otub1b	otud6b	si:ch211-212k18.13	stambpa	stambpb	stambpl1	uchl5	usp1	usp10	usp11	usp12a	usp12b	usp13	usp14	usp15	usp16	usp18	usp19	usp20	usp21	usp22	usp24	usp25	usp28	usp2a	usp2b	usp3	usp30	usp31	usp32	usp33	usp34	usp36	usp37	usp38	usp39	usp4	usp40	usp42	usp43a	usp43b	usp44	usp45	usp46	usp47	usp48	usp49	usp5	usp53b	usp54a	usp54b	usp7	usp8	usp9"
regulation of protein stability	GO:0031647	"adgrv1	atf7ip	ddi2	ddrgk1	dkk3a	gtpbp3	mapk14a	mdm2	mosmob	si:ch211-212k18.13	tmem183a	tp53	usp1	usp10	usp12a	usp12b	usp13	usp18	usp24	usp30	usp36	usp37	usp38	usp40	usp42	usp46	usp48	usp5"
response to auditory stimulus	GO:0010996	"get1	kcnma1a	kcnma1b	myo6a	otofa	otofb	stx4	ush2a	usp48	vps11"
regulation of neuron projection development	GO:0010975	"camk1da	camk1db	cdkl5	efhc2	gsk3aa	gsk3ab	gsk3bb	ndel1a	ndel1b	ogg1	serpini1	snap29	tbr1a	tbr1b	tfg	usp48	znf365"
oxidative RNA demethylation	GO:0035513	alkbh1
microtubule anchoring	GO:0034453	"bccip	cep20	cep350	cep43	clasp2"
spliceosomal snRNP assembly	GO:0000387	"clns1a	coil	ddx20	gemin2	gemin4	gemin5	gemin7	gemin8	lsm4	prmt7	sart3	smn1	snrpc	snrpd1	snrpd3	snrpd3l	snrpe	snrpf	snrpg	strap"
tRNA processing	GO:0008033	"adat1	adat2	adat3	cdkal1	clp1	ctu1	ctu2	ddx1	dtwd1	dtwd2	dus2	dus3l	dus4l	elac1	elac2	elp2	elp3	elp4	elp5	elp6	ftsj1	gtpbp3	lcmt2	lsm6	mettl1	mettl2a	mettl6	mettl8	mocs3	mto1	nat10	nsun2	osgep	osgepl1	pop1	pop4	pop5	pop7	prorp	pus1	pus10	pus3	pus7	pusl1	qtrt1	qtrt2	rpp14	rpp21	rpp30	rpusd4	rtcb	ssb	thg1l	tp53rk	tprkb	trit1	trmt1	trmt10c	trmt11	trmt12	trmt13	trmt1l	trmt2b	trmt44	trmt5	trmt6	trmt61a	trmt61b	trmu	trnt1	trpt1	trub1	tsen15	tsen2	tsen34	tsen54	tyw1	tyw3	tyw5	urm1	wdr4	zbtb8os"
tRNA 5'-leader removal	GO:0001682	"pop1	pop4	pop5	pop7	prorp	rpp14	rpp21	rpp25l	rpp38	rpp40	rpph1"
DNA-templated transcription	GO:0006351	"cbfa2t2	cbfa2t3	ccnh	cebp1	cebpa	cebpb	cebpd	cebpg	esrra	esrrd	esrrga	gpbp1l1	gtf2h1	gtf2h2	hira	hoxa9a	hoxa9b	hoxb9a	hoxc9a	hoxd9a	ino80	lin9	mafk	mef2ca	mef2cb	mitfa	mitfb	mkrn2	nfil3	nr1i2	nr5a1a	phf3	polr1a	polr1b	polr1c	polr1d	polr1e	polr1f	polr1h	polr2a	polr2b	polr2c	polr2ea	polr2eb	polr2f	polr2g	polr2h	polr2i	polr2j	polr2k	polr2l	polr3a	polr3b	polr3c	polr3e	polr3h	polr3k	polrmt	rfx3	runx1t1	scai	si:ch73-181d5.4	si:dkey-219c3.2	taf4a	taf4b	tbx5a	tcea1	tcea2	tcea3	tceanc2	tfe3a	vdra"
transcription by RNA polymerase II	GO:0006366	"ccdc124	drap1	ercc2	ercc3	foxd3	gtf2a1	gtf2f2a	gtf2f2b	gtf2h1	gtf2h5	lhx1a	nfil3	nr1i2	polr2a	polr2c	polr2eb	polr2f	polr2g	polr2j	polr2l	prdm4	rbmx	rpap1	snapc5	supt3h	taf1	taf13	tbp	tbpl1	xbp1"
tRNA transcription by RNA polymerase III	GO:0042797	"polr2eb	polr2f	polr2l	polr3d"
positive regulation of innate immune response	GO:0045089	"akirin2	cnbpb	fadd"
positive regulation of apoptotic process	GO:0043065	"aifm2	badb	baxa	baxb	bbc3	bcl2a	bcl2b	bcl2l1	bcl2l10	bcl2l16	bida	bik	bmf1	bmf2	bnip3	bnip3la	bnip3lb	bnip4	casp2	casp3a	casp8	casp9	caspa	caspb	ciao2a	dapk1	dapk2a	dapk2b	dapk3	dusp6	fadd	fas	hdr	htra1a	htra1b	htra2-12	htra2-3	htra2-6	htra4	ing4	jmy	kctd13	lats1	lats2	map3k10	melk	mtch2	oma1	pawr	phlda1	phlda2	phlda3	plekhn1	pmaip1	rela	ripk2	sav1	scrib	si:dkey-33c12.12	si:dkey-84o3.2	si:dkey-84o3.3	si:dkey-84o3.7	si:rp71-1c10.7	stk17a	stk17al	stk17b	stk3	tfpt	tgm2a	tgm2b	tgm2l	tgm5l	tnfrsfa	tp53	tradd	zgc:153993	zgc:73226"
extrinsic apoptotic signaling pathway	GO:0097191	"fadd	rnf41	siva1	tradd"
posterior lateral line development	GO:0048916	"adarb1a	canx	cd9b	cgnb	f11r.1	fgfr1a	hdac3	hmx2	hmx3a	ildr1b	kif15	kremen1	lef1	lpar2b	mib1	ngfrb	rtn4a	rtn4rl2a	tnfrsf19	yap1"
posterior lateral line neuromast deposition	GO:0048922	"anos1a	anos1b	ildr1b	lbx2	lef1	ngfrb	phf8	rtn4a	rtn4rl2a	smad5	tgfb1a	tnfrsf19"
Rho protein signal transduction	GO:0007266	"arhgap35a	arhgap35b	arhgap5	arhgdia	arhgdig	cdc42ep1a	cdc42ep1b	cdc42ep2	cdc42ep3	cdc42ep4a	cdc42ep4b	cdc42ep5	ctnnal1	eps8l1a	eps8l2	eps8l3a	eps8l3b	gna12a	gna13a	gna13b	gnav1	ngfra	ngfrb	nradd	phactr4a	phactr4b	plekhg5a	plekhg5b	plekhg7	racgap1	rhoab	rhoac	rock1	rock2a	rock2b	si:zfos-588f8.1	zgc:154093"
kidney development	GO:0001822	"ap1m2	bag6l	c1galt1la	c1galt1lb	cacna1c	casp9	cdc42	cenpf	cep290	cluap1	cxadr	dnmbp	elovl1b	epb41l5	exoc5	greb1l	ift27	invs	kcnj10a	kcnq1.1	kif14	med12	ngfrb	nme3	nphp3	nphs1	nphs2	osr1	osr2	pax2a	pde6d	pkd2	psmd12	ptgs1	wwtr1"
cell surface receptor signaling pathway	GO:0007166	"adcyap1r1a	adcyap1r1b	adgra1a	adgra2	adgra3	adgrb1a	adgrb3	adgrd1	adgrd2	adgre10	adgre13	adgre14	adgre15	adgre5b.2	adgre5b.3	adgre9	adgrf11	adgrf3a	adgrf3b	adgrf8	adgrg1	adgrg11	adgrg2a	adgrg3	adgrg4a	adgrg6	adgrl1a	adgrl2a	adgrl3.1	adgrl4	adgrv1	calcr	calcrla	calcrlb	cbl	cblb	cblc	cd247	cd247l	cd276	cd40lg	celsr1a	celsr1b	celsr2	celsr3	crhr1	fcer1g	fcer1gl	fzd1	fzd10	fzd2	fzd3a	fzd3b	fzd4	fzd5	fzd6	fzd7a	fzd7b	fzd8a	fzd8b	fzd9a	fzd9b	gcgra	gcgrb	ghrhr2	ghrhra	ghrhrb	ghrhrl	gipr	gpha2	gpr143	gpr157	hhla2b.2	igldcp	il1rapl1a	il1rapl1b	il1rapl2	lta	mapk1	mapk3	ntrk3b	p2rx7	pappa2	pappaa	pecam1a	pkd2	prl	prl2	pth1r	pth2ra	pth2rb	pth3r	sctr	si:cabz01036022.1	si:ch211-158d24.4	si:dkey-100n23.5	si:dkey-15j16.6	si:dkey-192g7.3	si:dkey-208m12.2	si:dkey-222p3.1	si:dkey-22i16.9	si:dkeyp-77h1.4	sigirr	smo	tnfa	tnfb	tnfsf10	tnfsf10l	tnfsf10l3	tnfsf10l4	tnfsf11	tnfsf14	traf3	traf4a	traf4b	tspan12	vav3b	vipr1a	vipr1b	vipr2	zgc:112965	zgc:123297	zgc:153911	zgc:154125	zgc:162154	zgc:172120	zgc:194627	zmp:0000000936	zmp:0000001139"
positive regulation of extrinsic apoptotic signaling pathway	GO:2001238	"bcl10	bida	cd40lg	cyld	faslg	lta	si:ch211-158d24.4	tnfa	tnfb	tnfsf10	tnfsf10l	tnfsf10l3	tnfsf10l4	tnfsf11	tnfsf14"
positive regulation of ERAD pathway	GO:1904294	"atxn3	rnft1	rnft2	tmem259"
negative regulation of translation	GO:0017148	"caprin1a	caprin1b	caprin2	cnot1	cnot10	cnot9	ddx6	ddx61	eif2ak2	eif2ak3	eif4ebp1	eif4ebp2	eif4ebp3	eif4ebp3l	eif4enif1	fxr1	gra	malsu1	mrpl13	nanos1	nanos2	nanos3	paip2b	pkz	rida	rpl13a	samd4a	tnrc6a	ybx1	zar1	zar1l"
negative regulation of anoikis	GO:2000811	ptrh2
positive regulation of anoikis	GO:2000210	ptrh2
poly(A)+ mRNA export from nucleus	GO:0016973	"ddx19a	ddx19b	eny2	gle1	nup133	nup93	nxf1b	nxt2	pcid2	sarnp	zc3h11a"
camera-type eye development	GO:0043010	"abhd12	adcyap1a	adcyap1b	aldh7a1	ankrd33aa	ankrd33ab	atoh7	bbs5	bcor	ca14	ccdc126	cep290	cib2	crb2a	ctbp2a	dixdc1a	dkk3b	dlx3b	dlx4b	dmbx1a	dspa	dspb	eftud2	egr1	eif3ea	fam169aa	fam169ab	fgf19	foxc1a	foxc1b	foxi2	foxl1	fzd5	gart	gdf6a	gnrh2	gnrh3	gpatch3	grifin	hmx1	igf1ra	igf1rb	inpp5ka	inpp5kb	kcnj14	lama1	lepa	lepr	lhx2b	lrit2	mab21l2	mapda	mcm2	med27	mif	mkks	ndr1	neurod4	nop58	nr1h3	nr2f1a	nr2f1b	otud4	paics	pard3ab	pitx2	pitx3	ppef2a	ppef2b	ppm1na	ptch2	rnf216	rtn4a	rtn4b	serpine3	shha	six6b	smad6b	stk3	stra6l	tcf12	tead1a	tead1b	thrb	traf3ip1	utp4	vgll2a	vgll2b	wnt11f2"
cell redox homeostasis	GO:0045454	"abcc2	gclc	gclm	gja5b	gsr	ifi30a	krit1	prdx1	prdx2	prdx3	prdx4	prdx5	prdx6	selenoh	selenot1a	selenot1b	selenot2	txn2	txnrd2.2	txnrd3"
hydrogen peroxide catabolic process	GO:0042744	"cat	hbaa1	hbaa2	hbae1.1	hbae3	hbae5	hbba1	hbba2	hbbe1.2	hbbe2	hbbe3	prdx1	prdx2	prdx3	prdx4	prdx5	si:ch211-5k11.8"
fin regeneration	GO:0031101	"acanb	acvr1ba	agr1	aldh1a2	anxa1a	atp6v1e1b	axin1	bglap	bmpr2a	bmpr2b	ccn1	chd4a	cldn3d	col10a1a	col1a1a	col22a1	ctsba	cxcl12a	ddx20	ddx52	dspa	dspb	erbb2	erbb3b	esco2	ezh2	faf1	fam53b	fgf20a	fgfr1a	fynb	galnt2	gata3	ggt7	gja1b	grb14	hapln1a	has2	hdac1	hoxc13a	hoxc13b	hspa8	hspa9	hspd1	igf1ra	igf1rb	igf2b	il1b	inhbaa	jag1b	junbb	kdm6bb	krt17	krt5	lamb1a	lef1	lfng	lmo2	lrp5	mmp9	msx1b	mta2	mtrex	nid2a	notch1b	nrg1	plcg1	pola2	pou5f3	prdx5	ptpra	rasd3	rasd4	rbb4l	rbbp4	scfd1	scn8ab	sema3d	serpinh1b	sirt1	smarca4a	smc3	sox2	tmem38b	tnfa	tnfrsf1a	ttk	tubb5	unm_be1324	vdac2	vdac3	wnt5b	wt1b	yap1"
cellular response to oxidative stress	GO:0034599	"atf4a	brf2	fancc	glrx2	gsr	keap1a	keap1b	lonp1	msraa	msrab	nfe2l2a	park7	prdx5	reep1	ryr1b	sirt2	srxn1"
protein catabolic process	GO:0030163	"capn3b	lonp1	lonp2	rock2a	ubr1	ubr2	uchl1	uchl3	utp25"
positive regulation of dendrite development	GO:1900006	"pacsin1a	pacsin1b"
plasma membrane tubulation	GO:0097320	"bin2a	bin2b	bin3	pacsin1a	pacsin1b	pacsin2	si:ch211-51c14.1	snx18a	snx18b	snx33	snx9a	zgc:91999"
regulation of endocytosis	GO:0030100	"arfgap1	csf1ra	dmxl2	gtf2a1l	ocrl	otofb	pacsin1a	pacsin1b	pacsin2	pheta1	pllp	rab4a	rab4b	rab5c	rufy1	si:ch211-51c14.1	ston2	tpte	wnt11f2	zgc:91999"
calcium export from the mitochondrion	GO:0099093	"ghitm	letm1"
protein hexamerization	GO:0034214	"letm1	spast"
regulation of oxidative phosphorylation	GO:0002082	"cox7a1	cox7a2a	cox7a2l	scn1lab	uqcc2"
mitochondrial electron transport, cytochrome c to oxygen	GO:0006123	"cox4i1	cox4i1l	cox4i2	cox5aa	cox5ab	cox5b2	cox5ba	cox5bb	cox6a1	cox6a2	cox6c	cox7a1	cox7a2a	cox7a2b	cox7a2l	cox7b	cox7c	cox8a	cox8b	cycsb	mt-co3	si:dkey-85n7.8"
mitochondrial respirasome assembly	GO:0097250	"cox7a1	cox7a2a	cox7a2l	higd1a	higd2a	rab5if"
positive regulation of transcription initiation by RNA polymerase II	GO:0060261	"med18	med24	sub1a	sub1b"
vacuolar proton-transporting V-type ATPase complex assembly	GO:0070072	"ccdc115	tmem199	vma21"
negative regulation of angiogenesis	GO:0016525	"adgrb1a	adgrb3	cdh5	cnmd	dlk2	ism1	krit1	ntn1a	per2	ptena	ptenb	s1pr1	sars1	serpinf1	sirt2	thbs1a	thbs1b	thbs2a	thbs2b	tnmd	tp53	unc5b	yjefn3"
blood vessel endothelial cell delamination involved in blood vessel lumen ensheathment	GO:1902354	cdh5
adherens junction organization	GO:0034332	"cdh1	cdh10a	cdh11	cdh12a	cdh15	cdh17	cdh2	cdh26.1	cdh27	cdh4	cdh5	cdh6	cldn7b	csk	prkci"
endothelial tube lumen extension involved in blood vessel lumen ensheathment	GO:1902355	cdh5
unidimensional cell growth	GO:0009826	"cdh5	gna12a	gna13a	gna13b	gpc4	wnt5b"
cerebellum vasculature development	GO:0061300	"cdh5	eef2k	foxc1a	foxc1b	lemd3	nrp1b	pdgfra	pdgfrb	pitpnm3	sars1	slc2a1a	smpd3	vegfba"
calcium-dependent cell-cell adhesion via plasma membrane cell adhesion molecules	GO:0016339	"cdh1	cdh10a	cdh11	cdh12a	cdh15	cdh17	cdh2	cdh26.1	cdh27	cdh4	cdh5	cdh6	fat1a	pcdh18a"
cell-cell junction assembly	GO:0007043	"ccm2	cdh1	cdh10a	cdh11	cdh12a	cdh15	cdh17	cdh2	cdh26.1	cdh27	cdh4	cdh5	cdh6	heg1"
cell-cell junction organization	GO:0045216	"cdh12b	cdh19	cdh5	cdh7a	cdh8	dsg2l	popdc1	prkci	rasip1	si:ch211-186j3.6	si:ch73-74h11.1	si:dkey-22o22.2	tjp3	unm_hu7912	zmp:0000000625"
cell-cell adhesion mediated by cadherin	GO:0044331	"cdh1	cdh10a	cdh11	cdh12a	cdh15	cdh17	cdh2	cdh26.1	cdh27	cdh4	cdh5	cdh6"
angiogenic sprout fusion	GO:0120077	cdh5
frontonasal suture morphogenesis	GO:0097095	specc1lb
snRNA processing	GO:0016180	"ints10	ints11	ints2	ints4	ints7	ints9	tut1"
snRNA 3'-end processing	GO:0034472	"ints12	ints14	ints2	ints5	ints6l	ints7	ints8	ints9	toe1"
ATP biosynthetic process	GO:0006754	"atp5f1b	atp5f1c	atp5f1e	atp5fa1	atp5l	atp5mea	atp5meb	atp5mf	atp5po	dlst	mrpl24	mt-atp6	mt-atp8	nudt2	si:dkey-21c1.4	uqcc3"
proton motive force-driven ATP synthesis	GO:0015986	"atp5f1b	atp5f1c	atp5f1d	atp5f1e	atp5fa1	atp5l	atp5mc1	atp5mc3a	atp5mc3b	atp5mea	atp5meb	atp5pb	atp5pd	atp5pf	atp5po	mt-atp6	mt-atp8	mt-co1	si:ch211-140m22.7	si:dkey-22n8.3"
proton motive force-driven mitochondrial ATP synthesis	GO:0042776	"atp5f1b	atp5f1e	atp5mf	atp5po"
respiratory system development	GO:0060541	"marcksa	marcksb"
skeletal muscle cell differentiation	GO:0035914	"cdkn1a	fhl1a	marcksa	marcksb	myf5	myf6	myod1	myog"
cartilage development	GO:0051216	"acsl4b	acvr1l	acvr2aa	acvr2ba	aldh7a1	alx3	and1	and2	b3gat3	b4galt7	barx1	bmp2a	bmp2b	bmp4	camk1da	ccn6	cdkl5	chd7	cnbpa	cnmd	col11a1a	col11a2	ctsk	dcaf7	dcn	ddrgk1	dlx1a	dlx2a	dlx3b	dlx5a	dnmt1	edn1	ednraa	ednrab	efemp1	egf	enpp2	ext2	faf1	fgf3	fgf8a	fgfr1a	fgfr1b	fgfr2	fgfrl1a	fgfrl1b	fmr1	fn1a	foxc1a	foxc1b	foxd3	foxl1	furina	furinb	gcm2	get	gldc	gnptab	gpc4	grem2b	htt	inka1a	itga5	itgav	kat6a	kif5ba	kif5bb	loxa	lpar1	lrp5	mafbb	marcksa	marcksb	marcksl1a	marcksl1b	matn1	mbtps1	mbtps2	mgp	mmp14a	mmp14b	mynn	nkx2.3	nog1	nog2	nog3	nog5	nomo	nr5a2	nrp1a	nsd2	ostn	pappa2	polr1c	polr1d	ppm1aa	rerea	rgp1	ric1	runx2b	runx3	scfd1	sec13	sec23a	sec23b	sema3d	skia	skib	slc10a7	slc35b2	smarcal1	smo	snorc	sox9a	sox9b	sparc	tapt1a	tapt1b	tasp1	tfap2a	tfap2b	tmem165	unc45a	unm_tc4	unm_ti236	unm_to119e	unm_to259b	unm_tv42b	unm_ty118a	unm_ty22e	uxs1	wnt9a	yap1"
positive regulation of epidermal growth factor receptor signaling pathway	GO:0045742	"hip1	hip1rb	pde6ga	pde6gb	pde6ha	pde6hb"
positive regulation of G protein-coupled receptor signaling pathway	GO:0045745	"pde6ga	pde6gb	pde6ha	pde6hb	slc39a14"
lens development in camera-type eye	GO:0002088	"ca14	cdipt	copz1	cryaa	cryba1a	cryba1b	cryba1l1	cryba1l2	cryba2a	cryba2b	cryba4	crybb1	crybb1l1	crybb1l2	crybb1l3	crybb2	crybb3	crybgx	crygm1	crygm2a	crygm2b	crygm2c	crygm2d1	crygm2d10	crygm2d11	crygm2d12	crygm2d13	crygm2d14	crygm2d15	crygm2d16	crygm2d17	crygm2d18	crygm2d2	crygm2d20	crygm2d21	crygm2d3	crygm2d5	crygm2d6	crygm2d7	crygm2d8	crygm2d9	crygm2f	crygm3	crygm4	crygm5	crygm6	crygm7	crygmx	crygmxl1	crygmxl2	crygn1	crygn2	crygs1	crygs2	crygs3	crygs4	dhx32b	dkk3b	dnajb1a	dnajb1b	dnase1l1l	dnmt1	dusp26	fgf19	foxe3	gja8b	hist2h3ca1	hmx1	hsf1	inpp5ka	ints7	kpna4	lama1	mab21l2	mia2	mia3	mipa	mipb	pax6b	pitx3	plod3	psmc3	rbm42	si:dkey-57a22.15	sipa1l3	sox11a	sox11b	sox21b	sufu	tcf4	uhrf1	unc45b	wdr17	wrap73	zgc:153846"
embryonic cranial skeleton morphogenesis	GO:0048701	"adarb1a	alx1	bicra	bmp3	cacna1c	cdkl5	chd7	cyp26b1	disc1	disp1	ep300a	ep300b	fam20b	fam50a	fzd6	gnptab	gria2a	hdac4	ids	ilvbl	kdm2bb	kdm6a	kmt2d	kras	leo1	mab21l2	macc1	mapre2	mecom	mgt	mia2	mia3	mmp14a	nolc1	nr3c1	ocrl	pbx4	pdgfra	pitx2	pkdccb	pls3	pmm2	prdm16	prdm1a	prdm5	pthlha	pthlhb	rap1ab	rap1b	rbck1	rnf2	rpl13	sharpin	shrprbck1r	smchd1	tfap2a	tp73	tshz2	vdrb	vgll4l	wnt5b	wnt9a	xylt1"
estrogen biosynthetic process	GO:0006703	"hsd17b1	hsd17b12a	hsd17b12b	rdh8a	rdh8b	zgc:109982	zmp:0000001048"
calcium-dependent activation of synaptic vesicle fusion	GO:0099502	"doc2a	doc2b	doc2g	rph3ab	syt11a	syt11b	syt1a	syt1b	syt2a	syt4	syt5a	syt5b	syt7b"
regulation of synaptic vesicle exocytosis	GO:2000300	"dtnbp1a	dtnbp1b	rims3	syt1a	syt1b	syt2a	syt5a	syt5b"
regulation of calcium ion-dependent exocytosis	GO:0017158	"syt11a	syt11b	syt12	syt1a	syt1b	syt2a	syt3	syt4	syt5a	syt5b	syt7b	syt9a	syt9b"
spinal cord motor neuron differentiation	GO:0021522	"clp1	cox5aa	cox5ab	grna	htr1ab	igf1ra	igf1rb	insm1a	isl1a	jag2b	met	nkx6.1	nkx6.2	olig2	otpa	scgn	sfpq	smo	sox2	surf1	th	zc4h2"
embryonic organ development	GO:0048568	"chaf1b	cox5aa	cox5ab	dstyk	egr2b	gata2b	gata3	gtpbp3	hsd17b4	pbx1a	pbx4	surf1	tead1a	utp25"
vascular endothelial growth factor signaling pathway	GO:0038084	"ccbe1	flt4	nrp1a	nrp1b	nrp2a	nrp2b	pgfb	vegfaa	vegfba	vegfc	vegfd"
vasculogenesis	GO:0001570	"ackr3a	ackr3b	aggf1	apela	aplnra	aplnrb	birc5a	birc5b	cald1b	ccm2	colec12	cxcl12b	cxcl8a	cxcr4a	egfl7	ell	etsrp	fbn2b	fkrp	fktn	fli1rs	flt1	hey2	hoxd4a	krit1	mb	mib1	ndst1b	npas4l	nrp1a	nrp1b	nrp2a	nrp2b	plcg1	prmt5	ptgs1	rapgef1a	rps29	sema3aa	smo	sox17	sox18	sox7	stat4	sulf1	tal1	tbx16	tbx20	trpc1	vegfaa	wdr43	wwtr1	yap1"
axonal fasciculation	GO:0007413	"cdh2	cnr1	ephb3a	erbb2	erbb3b	neurog1	nrp1a	nrp2b	robo2	sema3d	tncb"
neural crest cell migration	GO:0001755	"acvr2aa	acvr2ba	aldh1l1	alx1	alx3	arl6ip1	atp6v0a1a	capzb	cdh2	cep41	chd7	chd8	col18a1a	col2a1a	colec11	coro1ca	disc1	dmxl2	erbb2	erbb3b	fn1a	foxc1a	foxc1b	foxd3	foxe1	foxi1	fscn1a	gdnfa	glrx2	hdac4	hif1ab	hmgcrb	lbh	lef1	lrp5	masp1	med13b	mmp17b	nrarpa	nrg1	nrg2a	nrp1a	nrp1b	nrp2a	nrp2b	nusap1	ocrl	ovol1a	pak1	pard3ab	pax3a	pax6a	pax6b	pbx4	pdgfaa	pdgfra	pdgfrb	phactr4a	phactr4b	plod3	polr1b	prickle1a	prickle1b	rab11fip2	radil	rcc2	rx3	sema3aa	sema3ab	sema3b	sema3bl	sema3d	sema3e	sema3fa	sema3fb	sema3ga	sema3gb	sema4ba	sema4bb	sema4c	sema4e	sema5a	sema5ba	sema5bb	sema6a	sema6ba	sema6ca	sema6cb	sema7a	sh3pxd2aa	si:dkey-49n23.1	sox10	tbx1	tncb	ttc8	wdr11	zeb2b"
regulation of vascular endothelial growth factor receptor signaling pathway	GO:0030947	"cad	dll4	flt4	hif1an	nrp1a	nrp1b	nrp2a	nrp2b	rab5c	rin2a	shha	spred1	tmem33	vhl"
olfactory bulb axon guidance	GO:0071678	"dcc	npr1b	nrp1a	nrp2b	ntn1a	ntn1b	sema3d"
positive regulation of filopodium assembly	GO:0051491	"cdc42	dock11	myo3a	nrp1a	nrp1b	palm1b	ripor2	selenow2a"
positive regulation of endothelial cell migration	GO:0010595	"abl1	nrp1a	nrp1b	tek"
anterior/posterior pattern specification	GO:0009952	"acvr1l	agrn	aldh1a2	bhlhe40	bhlhe41	brpf1	btk	cdx1a	cdx4	disp1	dld	efnb2a	en2a	en2b	epha4a	fgf17	fgf3	fgf8a	frmd8	gdf11	helt	her1	her11	her12	her13	her15.1	her3	her4.1	her4.2	her4.3	her4.4	her5	her6	her7	her8a	her9	hes2.2	hes6	hey1	hey2	heyl	hhex	hnf1ba	hoxa3a	hoxa4a	hoxa5a	hoxa9a	hoxa9b	hoxb3a	hoxb4a	hoxb5a	hoxb5b	hoxb6a	hoxb6b	hoxb7a	hoxb9a	hoxc3a	hoxc4a	hoxc5a	hoxc6a	hoxc6b	hoxc9a	hoxd3a	hoxd4a	hoxd9a	igf1ra	kat6a	kdm6al	klhl12	mafba	mespba	ncor1	ndr2	notch1a	notum1a	nr6a1a	nr6a1b	pax2a	pax6a	pax6b	seraf	shha	smo	sp5l	tbx6	tdgf1	utxl2	wnt3a	wnt8a	zbtb4	zic3"
response to retinoic acid	GO:0032526	"mespaa	mespba	nr2f5	raraa	rbp4"
blood vessel endothelial cell fate specification	GO:0097101	"mespaa	mespba	mespbb"
somitogenesis	GO:0001756	"aldh1a2	aldoaa	apc	axin1	bcl2l10	calcrla	cap1	cav1	ccdc80	cdh2	cdx1a	cdx4	chd7	chrd	creb1a	crim1	ctr9	cyp26a1	dlc	dld	dmrt2b	efna5b	efnb2a	epha3	ephb4b	fgf8a	fn1a	fn1b	foxb1a	foxc1a	fxr1	gadd45ba	gadd45bb	gli2a	has2	her1	her12	her15.1	her7	hes6	igf2a	igf2b	itga5	kcnh1a	kcnh1b	kif22	larp6a	ldb3a	lef1	map2k7	mapk14a	mef2aa	mespba	mib1	mob1a	naa35	naa50	neo1a	notch1a	pcdh10b	pdlim7	ppp2r3a	ptpn21	pxna	rap1b	rapgef1a	rbm24a	rbm24b	rbpja	rbpjb	ripply1	ripply2	rtf1	scube2	setb	shha	sulf1	supt6h	tbx16	tbx18	tbx6	tbxta	tbxtb	tdgf1	wnt3a	wnt8a	zeb2a	zeb2b"
regulation of skeletal muscle tissue development	GO:0048641	"mespba	mespbb	ripply1	tbx6"
somite specification	GO:0001757	"chuk	dlc	fn1a	her1	her4.1	her6	her7	mespaa	mespab	mespba	mespbb	mxtx1	myhz1.1	noto	prrc1	ptprub	rbpja	ripply1	tbx16	tbxta"
mesoderm formation	GO:0001707	"acvr1ba	bmp4	dand5	eomesa	eomesb	foxh1	mespaa	mespab	mespba	mespbb	msgn1	ndr2	sp5l	tbxta	tbxtb	tdgf1	tll1	wnt8a"
somite rostral/caudal axis specification	GO:0032525	"foxd5	foxh1	itga5	mespaa	mespab	mespba	mespbb	rap1b	ripply1	ripply2"
adaptive immune response	GO:0002250	"alcama	bcl10	btk	c1qbp	cd209	cd7al	cd81a	cd8a	foxn1	gpr183a	gpr183b	ifnphi1	ifnphi2	ifnphi3	ifnphi4	ighv2-1	itk	mhc2d8.35a1	mhc2d8.37a1	mhc2d8.37a2	mhc2d8.46a	mhc2daa	mhc2dga	mpeg1.1	mpeg1.2	mpeg1.3	nmrk1	nod2	orai1a	orai1b	prkcbb	rag1	ripk2	si:busm1-194e12.8	si:ch211-165d12.4	si:ch211-188c18.1	si:rp71-81e14.2	syk	tec	themis	tnfrsf21	zgc:123107	zgc:65811"
defense response	GO:0006952	"acod1	cxcl11.1	cxcl11.3	cxcl11.4	cxcl11.5	cxcl11.6	cxcl11.7	cxcl11.8	cxcl12a	cxcl12b	cxcl19	cxcl20	cxcl8a	cxcl8b.1	cxcl8b.3	cybb	ifnphi1	ifnphi2	ifnphi3	ifnphi4	irg1l	nox1	stat1a	stat1b	stat2	stat4	stat5a	stat5b	stat6"
T cell activation involved in immune response	GO:0002286	"cd209	cd74a	cd74b	cd80/86	cd83	ifnphi1	ifnphi2	ifnphi3	ifnphi4"
type I interferon-mediated signaling pathway	GO:0060337	"ifnphi1	ifnphi2	ifnphi3	ifnphi4	rigi	stat1a	stat1b	stat2"
natural killer cell activation involved in immune response	GO:0002323	"ifnphi1	ifnphi2	ifnphi3	ifnphi4"
B cell activation involved in immune response	GO:0002312	"ifnphi1	ifnphi2	ifnphi3	ifnphi4"
response to exogenous dsRNA	GO:0043330	"ifnphi1	ifnphi2	ifnphi3	ifnphi4	il12a	il1b	lta	mxc	tnfa"
humoral immune response	GO:0006959	"aire	ifnphi1	ifnphi2	ifnphi3	ifnphi4	tfe3b	tfeb	tnfrsf21	traf3ip2l"
endonucleolytic cleavage to generate mature 5'-end of SSU-rRNA from (SSU-rRNA, 5.8S rRNA, LSU-rRNA)	GO:0000472	"abt1	tbl3"
endonucleolytic cleavage in 5'-ETS of tricistronic rRNA transcript (SSU-rRNA, 5.8S rRNA, LSU-rRNA)	GO:0000480	"abt1	tbl3"
small-subunit processome assembly	GO:0034462	abt1
endonucleolytic cleavage in ITS1 to separate SSU-rRNA from 5.8S rRNA and LSU-rRNA from tricistronic rRNA transcript (SSU-rRNA, 5.8S rRNA, LSU-rRNA)	GO:0000447	"abt1	kri1	rpp40	rps21	rrs1"
intra-Golgi vesicle-mediated transport	GO:0006891	"cog1	cog2	cog5	cog6	cog8	copa	copb1	copb2	cope	copg2	copz1	copz2	cux1b	gosr2	nsfb	rab41	rab6bb	trappc3	vti1a	vti1b"
lipid catabolic process	GO:0016042	"aadac	abhd2a	abhd2b	apoc2	enpp6	faah2a	faah2b	galca	galcb	iah1	lipea	lipeb	lipf	lipg	lipia	lpla	napepld	nceh1b.1	neu1	neu3.1	neu3.2	neu3.3	neu3.4	neu3.5	neu4	oc90	pcca	pla1a	pla2g10	pla2g12a	pla2g12b	pla2g1b	pla2g4aa	pla2g4ab	pla2g4cl1	pla2g4f.1	pla2g4f.2	pla2g6	pla2g7	plaat1	plbd1a	plbd1b	plbd2	plcb1	plcb1l	plcb2	plcb3	plcb4a	plcb4b	plcd1a	plcd1b	plcd3a	plcd3b	plcd4a	plcd4b	plce1	plcg1	plcg2	plch1	plch2a	plch2b	plcl1	plcl5	plcxd3	pld1a	pld1b	pld2	pld6	pnpla1	pnpla2	pnpla3	pnpla4	pnpla6	pnpla7b	pnpla8	prdx6	rab7a	si:ch73-55i23.1	zgc:101699"
oligosaccharide catabolic process	GO:0009313	"ctbs	neu1	neu3.1	neu3.2	neu3.3	neu3.4	neu3.5	neu4"
ganglioside catabolic process	GO:0006689	"gm2a	hexa	neu1	neu3.1	neu3.2	neu3.3	neu3.4	neu3.5	neu4"
ganglioside metabolic process	GO:0001573	"neu3.1	neu3.3	neu4"
double-strand break repair via nonhomologous end joining	GO:0006303	"dclre1a	dclre1b	dclre1c	dntt	lig4	mre11a	nhej1	paxx	polb	poll	polm	prkdc	rnf8	xrcc1	xrcc4	xrcc5	xrcc6"
tRNA threonylcarbamoyladenosine metabolic process	GO:0070525	tp53rk
positive regulation of dendritic spine development	GO:0060999	"llph	zgc:110006"
cerebral cortex neuron differentiation	GO:0021895	zgc:110006
glutathione metabolic process	GO:0006749	"ethe1	gsr	gsta.1	gstk1	gstm.1	gstm.2	gstm.3	gsto1	gsto2	gstp1.1	gstp1.2	gstr	gstt1a	gstt1b	gstt2	gstz1	hagh	oplah"
CDP-choline pathway	GO:0006657	"chka	chkb	pcyt1aa	pcyt1ab	pcyt1ba	pcyt1bb"
CXCL12-activated CXCR4 signaling pathway	GO:0038160	"wbp1la	wbp1lb"
DNA recombination	GO:0006310	"actr8	blm	brca2	dclre1c	eme1	exo1	h2ax	hdgfl2	ino80db	lig1	lig3	lig4	mei4	mnd1	mus81	nsmce1	nsmce4a	pif1	rad51	rad52	rag1	rag2	recql	recql5	rpa1	rpa2	rpa3	rtel1	ruvbl1	ruvbl2	si:ch211-119o8.6	slx1b	smc5	supv3l1	top3a	top3b	wrn	xrcc4	xrcc5	xrcc6	zswim7"
chondrocyte differentiation	GO:0002062	"creb3l2	ham	hcfc1b	hen	mustn1a	mustn1b	pek	prdm16	runx1	runx2a	runx2b	runx3	sox9a	sox9b	tmem165	unm_tx239	wnt5b"
habituation	GO:0046959	"adgrl3.1	ankk1	ap2s1	cacna2d3	divat	fgt	fomt	grhd	irbl	kif2a	nf1a	nf1b	oidia	pappaa	pcxa	rof	slnr	uinh	vps11	vps16	zdhhc17"
phototransduction	GO:0007602	"exorh	opn1lw1	opn1lw2	opn1mw1	opn1mw2	opn1mw3	opn1mw4	opn1sw1	opn1sw2	opn3	opn4.1	opn4a	opn4b	opn4xa	opn4xb	opn5	opn6a	opn6b	opn7a	opn7b	opn7c	opn7d	opn8a	opn8b	opn8c	opn9	parapinopsina	parapinopsinb	parietopsin	rgra	rgrb	rho	rhol	rrh	si:dkey-9i23.8	tmtops2a	tmtops2b	tmtops3a	tmtops3b	tmtopsa	tmtopsb	valopa	valopb"
fasciculation of sensory neuron axon	GO:0097155	"anos1a	ek1"
GABAergic neuron differentiation	GO:0097154	"anos1a	fgf16	isl1a"
posterior lateral line neuromast primordium migration	GO:0048920	"ackr3a	ackr3b	anos1a	apc	ctnnd1	cxcl12a	cxcr4b	epcam	esr1	ext2	fgf10a	fgf3	gnb1a	gnb1b	hmx3a	hoxb8a	insm1a	itchb	lbx2	mib1	prpf4	sh3pxd2aa	shtn1	shtn3	snai1b	src	tgfb1a	tmie"
olfactory bulb development	GO:0021772	"agtpbp1	anos1a	msi2b	neurog1	ptprsa	sox10"
detection of light stimulus involved in visual perception	GO:0050908	"bbs1	dhdds	dlat	gnat1	gnat2	grm6b	lamb1a	lamc1	panx1b	pcare1	pcdh15b	poa"
chromosome condensation	GO:0030261	"h1-0	h1-10	h1l1	histh1l1	histh1l2	histh1l3	ncapd2	ncapd3	ncapg	ncapg2	ncaph	ncaph2	si:ch211-113a14.12	si:ch211-113a14.18	si:ch211-113a14.24	si:ch73-368j24.11	si:ch73-368j24.12	si:dkey-108k21.10	si:dkey-23a13.17	si:dkey-23a13.9	si:dkey-261m9.12	smc2	top2a	top2b	zgc:110425	zgc:153405"
negative regulation of DNA recombination	GO:0045910	"h1-0	h1-10	h1l1	histh1l1	histh1l2	histh1l3	rtel1	si:ch211-113a14.12	si:ch211-113a14.18	si:ch211-113a14.24	si:ch73-368j24.11	si:ch73-368j24.12	si:dkey-108k21.10	si:dkey-23a13.17	si:dkey-23a13.9	si:dkey-261m9.12	zgc:110425	zgc:153405"
ubiquitin-dependent endocytosis	GO:0070086	"mib1	neurl1b"
positive regulation of calcium ion transport	GO:0051928	orai1b
sarcomere organization	GO:0045214	"actn2b	cav3	cbfb	cmlc1	csrp1a	csrp1b	csrp2	csrp3	desma	dmd	flii	flncb	hs3st1l1	igfn1.3	itgb1b	klf1	klhl41a	klhl41b	lrrc39	mybpc2a	mybphb	myl7	mylk3	myom1a	myom2a	orai1b	ppp2r3a	slc8a1a	smyd1a	smyd1b	tfpi2	tln1	tnnt1	tnnt2a	tnnt2c	tnnt2d	tnnt3a	tnnt3b	ttn.2	vcla	wdr1"
calcium ion transmembrane transport	GO:0070588	"atp2a1	atp2a1l	atp2a2a	atp2a2b	atp2a3	atp2b1a	atp2b1b	atp2b2	atp2b3a	atp2b3b	atp2c1	cacna1aa	cacna1ab	cacna1ba	cacna1bb	cacna1c	cacna1da	cacna1db	cacna1eb	cacna1fb	cacna1g	cacna1ha	cacna1ia	cacna1sa	cacna1sb	cacna2d1a	cacna2d2a	cacna2d2b	cacna2d3	cacna2d3a	cacna2d4b	cacnb1	cacnb2a	cacnb2b	cacnb3a	cacnb3b	cacnb4a	cacnb4b	cacng1a	cacng1b	cacng2a	cacng2b	cacng3b	cacng4a	cacng4b	cacng5a	cacng6b	cacng7a	cacng7b	cacng8a	cacng8b	cax1	cax2	grin1a	grin1b	itpr1a	itpr1b	itpr2	itpr3	mcu	orai1b	p2rx1	p2rx2	p2rx3a	p2rx3b	p2rx4a	p2rx5	p2rx7	p2rx8	pkd2	pkd2l1	ryr1a	ryr1b	ryr2a	ryr2b	ryr3	si:dkey-28b4.8	slc24a4b	slc24a6a	tmco1	tmem165	tpcn2	trpc1	trpc2a	trpc2b	trpc3	trpc4a	trpc4b	trpc5a	trpc6a	trpc6b	trpc7a	trpc7b	trpm2	trpm5	trpm6	trpm7	trpn1"
somite development	GO:0061053	"copa	copb1	copb2	cxcr4a	dharma	dmd	dnm2a	dtwd2	elp3	epha4a	fgf8a	gno	greb1	hjv	inpp5ka	jam	lama1	lamb1a	lamb2	lamc1	loxl3a	loxl3b	meox1	meox2a	meox2b	nono	not	noto	psd2	psen1	psen2	rgs3a	ripply1	rtn4a	slc7a6os	smarcd1	smo	snu13b	tbx16	tbx16l	tbx6	tbxta	tdgf1	tgfbr3	thbs3a	tnpo1	wnt5b"
floor plate development	GO:0033504	"dharma	dla	foxa2	foxa3	foxb1a	foxh1	ndr2	nkx2.2a	not	noto	shha	tdgf1"
axial mesoderm development	GO:0048318	"aldh1a2	not	tbx2b	vsx1"
regulation of signal transduction	GO:0009966	"alg13	cdc42se2	clxn	cnksr2a	cnksr2b	cnksr3	dbndd1	dtnbp1a	dtnbp1b	gpc1a	gpc1b	gpc2	gpc3	gpc4	gpc5a	gpc5b	gpc5c	gpc6a	gpc6b	grk1a	grk1b	grk3	grk5	grk6	grk7a	grk7b	guca1aa	guca1ab.1	guca1b	guca1c	guca1d	guca1g	hpca	hpcal1	hpcal4	igfbp7	kazald2	kazald3	kcnip3b	kcnip4b	lrrk1	lrrk2	mfhas1	ncalda	ncaldb	ncln	ncs1a	ncs1b	nomo	ppp1r2	ppp6r2a	ppp6r2b	rcvrn2	rcvrn3	rcvrna	rcvrnb	si:ch211-210p4.6	si:ch211-245j22.3	si:ch211-253b8.5	si:ch211-26b3.4	si:ch73-330k17.3	si:dkey-286j17.4	spred1	spred2a	spred2b	spred3	spry1	spry2	spry4	strn	veph1	vsnl1a	vsnl1b	zgc:109965	zmynd11"
retina morphogenesis in camera-type eye	GO:0060042	"alcama	arl6ip1	atxn7	bcl6aa	bcor	cdh4	cdh6	chm	chsy1	crb2a	crb2b	dctn1a	dnmt1	dnmt3bb.2	hdac1	hmx1	ift80	irx1a	irx2a	kif3b	pals1a	prkci	prkcz	ptch1	rnf2	socs1a	socs3a	stat3	suv39h1a	tbx5a	tbx5b	vax1	vax2"
neuron fate commitment	GO:0048663	"atoh1a	atoh1b	atoh1c	atoh7	dctn1a	en1b	mib1	shha	shhb	smo	tbx2b"
nuclear migration	GO:0007097	"dctn1a	dctn2	lmna	lmnb1	lmnb2	lmnl3	pafah1b1a	pafah1b1b	prkci	prkcz	syne2a	syne3	tacc3"
apical protein localization	GO:0045176	"atp6ap1b	atp6ap2	atp6v0ca	atp6v0d1	atp6v1aa	atp6v1f	bb20.14	bx38.22	bx67.16	crb2a	cx20.16	dctn1a	pafah1b1b	pals1a	pard6gb	prkci	ranbp2	vps18"
camera-type eye photoreceptor cell differentiation	GO:0060219	"cdipt	dctn1a	dctn1b	dync1h1	ehmt2	gdf6a	pcdh17	rx1	rx2	tbx2b	znf644a	znf644b"
chromosome segregation	GO:0007059	"arl8ba	aurkb	birc5a	birc5b	birc6	cenph	cenpn	cenpw	ciao2a	ciao2b	dlgap5	dsn1	espl1	incenp	kif2c	knstrn	mau2	mis18a	mlh1	naa60	ndc80	nde1	ndel1a	ndel1b	nek2	ntmt1	oip5	pttg1	rad21a	rad21b	rad21l1	seh1l	setdb2	sgo1	sgo2	si:ch211-269e2.1	si:dkey-6i22.5	ska1	ska2	ska3	spc24	spc25	stag1a	stag1b	stag2a	stag2b	tlk1a	tlk1b	tlk2	top1a	top1mt	top2a	top2b	ttk	ttll11	ube2ia	ube2ib"
ear development	GO:0043583	"adgrg6	med12	mtc	slc12a2	tbx1"
ATP export	GO:1904669	"calhm1a	calhm2.1	calhm2.2	calhm3	calhm5.1	calhm6	si:dkeyp-122a9.1	si:dkeyp-122a9.2"
nitric oxide mediated signal transduction	GO:0007263	"nos1	nos2a	nos2b	rilpl1"
epithelial cell morphogenesis	GO:0003382	"rilpl1	rilpl2	sipa1l3"
protein transport from ciliary membrane to plasma membrane	GO:1903445	"rilpl1	rilpl2"
phospholipid dephosphorylation	GO:0046839	"ephx2	plpp1a	plpp2a	plpp2b	plpp3	plpp6	plppr1	plppr2a	plppr3a	plppr3b	plppr4a	plppr5a	ppap2d	sgpp1a"
endothelial cell proliferation	GO:0001935	"amotl2a	arhgef7b	dlg1a	dlg1b	hspg2	itga2b	itgav	itgb8	lmo2	loxl2a	loxl2b	nr2f1a	prok1	prok2	si:ch211-40k21.9	si:ch73-382f3.1	tek	zgc:113364	zgc:153292	zgc:158320	zgc:163143"
ribosome disassembly	GO:0032790	"ascc3	ddrgk1	gfm2	mtif3	pelo	ufl1	ufsp2"
DNA alkylation repair	GO:0006307	"alkbh2	alkbh3	ascc1	ascc3	fto"
rescue of stalled ribosome	GO:0072344	"ascc3	ddrgk1	ltn1	mtrfr	pelo	rack1	rnf25	skic8	trip4	ufl1	znf598"
ribosome-associated ubiquitin-dependent protein catabolic process	GO:1990116	"ascc3	ltn1	znf598"
DNA duplex unwinding	GO:0032508	"ascc3	ddx11	mcm2	mcm3	mcm3l	mcm4	mcm5	mcm6	mcm6l	mcm7	mcm8	mcm9	nbn	rad50	rtel1	supv3l1"
muscle cell cellular homeostasis	GO:0046716	"adss1	bag3	fbxo32	flnca	flncb	mtm1	mtmr14	st8sia3"
locomotory behavior	GO:0007626	"adgrl3.1	ambra1a	ambra1b	atp13a2	atp1a3a	atp1a3b	bag3	ca8	chata	col6a1	cryaba	cryabb	desma	desmb	dnajb6a	dnajb6b	fhl1a	fhl1b	flnca	flncb	kcnj10a	ldb3a	lgi1a	mecp2	mtm1	mtmr12	myo9aa	myo9ab	myot	opa3	pleca	plecb	qrfp	qrfpra	qrfprb	rest	rgs4	sesn3	sgsh	slc6a9	snap25a	snap25b	sqstm1	tardbpa	tardbpb	tpp1	uba5	vcp	vps37a"
negative regulation of double-strand break repair via homologous recombination	GO:2000042	"cgasa	helb	klhl15	parpbp	rmi2	zgc:101664"
nuclear protein quality control by the ubiquitin-proteasome system	GO:0071630	klhl15
negative regulation of erythrocyte differentiation	GO:0045647	"cisha	lpar2a	spi1b"
thrombocyte differentiation	GO:0002574	"arpc1b	brd2a	brd2b	brd3a	brd4	brf1b	cfap251	gp9	lpar2a	mastl	mpl	ptprja	rasa3	rgs18	thpo	wasla	wnt5b"
regulation of metabolic process	GO:0019222	"cnr1	cnr2	gpr12	gpr185a	gpr185b	gpr3	gpr6	lpar1	lpar2a	lpar2b	lpar3	mc1r	mc2r	mc3r	mc4r	mc5ra	mc5rb	mycbp2	nr3c1	s1pr1	s1pr2	s1pr3a	s1pr4	s1pr5a	s1pr5b"
tumor necrosis factor-mediated signaling pathway	GO:0033209	"chuk	commd7	ikbkb	tnfrsf11a	tnfsf18	traf1	traf2a	traf2b	traf3"
fatty acid beta-oxidation	GO:0006635	"abcd1	abcd3a	abcd3b	abcd4	acaa1	acaa2	acadm	acat1	acox1	acox3	acoxl	auh	cpt1a2b	cpt1aa	cpt1ab	cpt1b	cpt2	crot	ech1	echdc1	echdc2	echs1	ehhadh	hadh	hadhaa	hadhab	hadhb	hsd17b4	si:ch211-256m1.8	si:dkey-238o13.4"
attachment of GPI anchor to protein	GO:0016255	"gpaa1	pigk	pigs	pigt	pigu"
detection of mechanical stimulus involved in sensory perception of touch	GO:0050976	"pigk	pigu	tou"
negative regulation of transcription by RNA polymerase II	GO:0000122	"atf4a	atxn1a	atxn1b	atxn1l	aurkb	bcl6b	bcor	bcorl1	bend3	bmi1a	bmi1b	brms1	brms1la	brms1lb	cbx2	cbx4	cbx7a	cbx7b	cbx8a	cbx8b	ccnd1	cnot1	cops2	ddit3	dmap1	dnajb1a	dnajb1b	dnajb4	dnmt3ba	dnmt3bb.1	dnmt3bb.2	dnmt3bb.3	dr1	e2f7	e2f8	e4f1	eaf1	eed	ehmt1a	ehmt2	flcn	foxh1	foxo3b	gata1a	gata2a	gata2b	gata3	gata4	gata5	gata6	gatad2ab	gatad2b	gli3	glis2a	glis2b	hdac1	hdac3	hdac4	hdac5	hdac7a	her2	her8a	hexim1	hhex	hic1l	hoxa13a	hoxa13b	id1	id2a	id2b	id3	id4	impact	insm1a	insm1b	kank2	kcnip3b	ldb1a	ldb1b	ldb2b	lin37	loxl2a	loxl2b	macroh2a1	macroh2a2	mbd1a	mbd1b	mbd2	mbd3a	mbd3b	mecp2	mier1a	mier1b	mier3a	mta1	mta2	mta3	mxd1	mycb	mynn	n4bp2l2	nfe2l2b	nfx1	noc2l	nr0b1	nr0b2a	nr1d1	nr1d2b	nr1d4b	nr1h3	nr1h4	nr1i2	nr2e1	nr2f1a	nr2f1b	nr2f6a	osr1	osr2	paf1	parp1	patz1	pcgf1	per1a	per1b	per3	phf12a	phf12b	phf14	pparaa	pparab	pparda	ppardb	pparg	prdm12b	prdm1a	prdm1b	prdm1c	raraa	rarab	rarga	rargb	ripply1	ripply2	ripply3	rnf2	sap130a	sap130b	sap30l	sars1	scrt2	si:ch211-155e24.3	si:ch211-191d2.2	si:ch73-299h12.6	si:dkey-182i3.10	si:dkeyp-2e4.2	sin3aa	sin3b	sirt2	sirt6	skia	skib	skilb	skor1a	skor1b	smad2	smyd2a	smyd2b	sox10	sox11a	sox11b	sox12	sox14	sox19a	sox19b	sox1a	sox1b	sox2	sox21a	sox21b	sox3	sox4a	sox4b	sox8a	sox8b	sox9a	sox9b	suds3	tcf21	tgif1	thraa	thrb	uhrf1	uri1	uxt	vdra	vdrb	vrtn	vsx2	wwp2	zbtb1	zbtb14	zbtb16a	zbtb24	zbtb26	zbtb2a	zbtb2b	zbtb33	zbtb34	zbtb37	zbtb38	zbtb39	zeb1b	zeb2b	zfpm2a	zfpm2b	zgpat	znfl2a"
chaperone cofactor-dependent protein refolding	GO:0051085	"dnajb12a	dnajb13	dnajb14	dnajb1a	dnajb1b	dnajb4	dnajb5	dnajc18	hsc70	hsp70.1	hsp70.2	hsp70.3	hsp70l	hspa13	hspa14	hspa1b	hspa5	hspa8	hspa8b	hspa9	hspe1	st13	tor1	tor1l1	tor1l2	tor1l3	tor2a	zgc:122979"
protein folding	GO:0006457	"ahsa1a	ahsa1b	arl2	calr	calr3a	calr3b	canx	cct2	cct3	cct4	cct5	cct6a	cct7	cct8	cdc37	cdc37l1	clgn	clpxa	clpxb	cwc27	dnaja	dnaja1	dnaja2a	dnaja2b	dnaja3a	dnaja3b	dnajb11	dnajb13	dnajb1a	dnajb1b	dnajb4	dnajb5	dnajc25	dnlz	erp44	fkbp10a	fkbp10b	fkbp8	fkbp9	grpel1	grpel2	hsp90aa1.1	hsp90aa1.2	hsp90ab1	hsp90b1	hspa4a	hspa4b	hspa4l	hspa9	hspd1	hspe1	hsph1	mesd	mkks	nktr	nudc	nudcd2	nudcd3	p4hb	pdcl3	pdia2	pdia4	pdia5	pdia7	pdia8	pdrg1	pfdn1	pfdn2	pfdn4	pfdn5	pfdn6	ppiaa	ppiab	ppib	ppic	ppid	ppie	ppifa	ppifb	ppig	ppih	ppil1	ppil2	ppil3	ppwd1	ptges3a	ptges3b	ptges3l	qsox1	qsox2	ranbp2	si:ch211-274f20.2	tbca	tbcc	tbcd	tbcelb	tcp1	trap1	ttc4	txndc5	vbp1	zgc:122979	zgc:136472"
nucleotide metabolic process	GO:0009117	"ada	dnph1	dut	gmpr	gmpr2	itpa	mapda	nme6	nt5c1aa	nt5c1ab	nt5c1ba	nt5c1bb	nt5c2a	nt5c2b	nt5c3a	nudt18	wu:fc97h11	zgc:103759"
carbohydrate transport	GO:0008643	"mfsd12a	mfsd12b	mfsd2aa	mfsd2ab	mfsd2al1	mfsd2al2	mfsd2b	slc50a1"
establishment of blood-brain barrier	GO:0060856	"lsr	mfsd2aa	mfsd2ab	spock1"
transcytosis	GO:0045056	"mfsd2aa	mfsd2ab	uso1"
lipid transport across blood-brain barrier	GO:1990379	"mfsd2aa	mfsd2ab"
lysophospholipid translocation	GO:0140329	"mfsd2aa	mfsd2ab"
lysophospholipid transport	GO:0051977	"mfsd2aa	mfsd2ab"
long-chain fatty-acyl-CoA biosynthetic process	GO:0035338	"acsl1a	acsl1b	acsl5	elovl1a	elovl1b	elovl4a	elovl4b	elovl5	elovl6	elovl7a	elovl7b"
very long-chain fatty acid metabolic process	GO:0000038	"abcd1	acox1	acsl1a	acsl1b"
transcription elongation by RNA polymerase I	GO:0006362	"polr1d	polr1e	polr1f	polr2eb"
digestive tract morphogenesis	GO:0048546	"aldh1a2	bbs7	cdx1b	chd7	chd8	cldn15a	ddx46	dhrs9	dld	hnf1ba	mib1	myh11a	myo5b	pllp	prkci	rbm19	utp25"
phospholipase C-activating G protein-coupled receptor signaling pathway	GO:0007200	"adcyap1r1a	adra1aa	adra1ab	adra1ba	adra1bb	adra1d	cmklrl2	f2r	f2r2.1	f2r2.2	fpr1	gng13a	gng13b	lhcgr	p2ry1	prkd1	prkd3	prkd4	ptger3	si:ch73-160i9.3	si:dkey-117a8.1	si:dkey-163m14.2	si:dkey-211g8.1	si:dkey-42l23.4	si:dkey-42l23.7	tgm2a	tgm2b	tgm2l	tgm5l	trhr2	trhra	trhrb	vip"
embryonic neurocranium morphogenesis	GO:0048702	"ahsa1a	alx1	alx3	fgf3	fgf8a	gata3	irf6	mecom	med12	ndnf	pard3aa	pard3ab	pdgfra	pdgfrb	prdm16	prdm1a	prdm5	rbm24a	rbm24b	scfd1	sec23a	sec23b	shha	shhb	smo	wars1	wnt9a"
embryonic skeletal system morphogenesis	GO:0048704	"alx1	hoxa3a	hoxa4a	hoxa9a	hoxa9b	hoxb3a	hoxb4a	hoxb9a	hoxc3a	hoxc4a	hoxc9a	hoxd3a	hoxd4a	hoxd9a"
positive regulation of epithelial to mesenchymal transition	GO:0010718	"alx1	dab2	loxl2a	loxl2b	si:ch211-204c21.1"
camera-type eye morphogenesis	GO:0048593	"aldh1a2	alx1	alx3	bum	ccnd1	cdh4	cpamd8	fbn1	hsp70.1	hsp70.3	ift122	lama1	lum	pim1	pitx2	prss56	rx3	sox11a	sox11b	sox12	sox4a	sox4b"
tRNA wobble uridine modification	GO:0002098	"alkbh8	ctu1	ctu2	elp1	elp2	elp3	elp4	elp5	elp6	gtpbp3	kti12	mocs3	mto1	trmt9b	urm1"
protein urmylation	GO:0032447	"ctu1	ctu2	mocs3	urm1"
tRNA wobble position uridine thiolation	GO:0002143	"ctu1	ctu2	mocs3	trmu"
tRNA thio-modification	GO:0034227	"ctu1	ctu2	mocs3	urm1"
glycoside catabolic process	GO:0016139	"fuca1.1	fuca1.2	fuca2	gla	naga"
fucose metabolic process	GO:0006004	"fuca1.1	fuca1.2	fuca2	fuom	pofut1	pofut2"
mitotic cell cycle	GO:0000278	"aspm	aurka	cdc16	cdc26	cdt1	cenpe	cenpf	cenpw	chaf1b	esco2	ewsr1a	ewsr1b	fbxo5	firrm	map9	mcm5	mis12	myb	mybl2a	mybl2b	ncapd2	nedd1	plk1	pole	ppp2caa	ppp2cab	ppp2cb	ppp2r2d	ptpn11a	ptpn11b	ptpn6	rnf2	setdb2	si:ch211-114n24.6	ska1	ska2	ska3	smarcal1	snx18a	snx18b	snx33	snx9a	snx9b	tuba1a	tuba1b	tuba1c	tuba2	tuba4l	tuba5	tuba8l2	tuba8l3	tuba8l4	tuba8l5	tubb1	tubb2	tubb4b	tubb4bl	tubb5	tubb6	tubd1	tube1	tubg1	tubgcp2	tubgcp3	tubgcp4	tubgcp5	wee1	wee2	zgc:55461	zgc:65894	zw10"
microtubule-based process	GO:0007017	"dctn2	dnal4a	dnal4b	dynll1	dynll2a	dynll2b	si:ch211-114n24.6	si:ch211-257p13.3	tuba1a	tuba1b	tuba1c	tuba2	tuba4l	tuba5	tuba7l	tuba8l2	tuba8l3	tuba8l4	tuba8l5	tubb1	tubb2	tubb2b	tubb4b	tubb4bl	tubb5	tubb6	tubd1	tube1	tubg1	vbp1	zgc:55461	zgc:65894"
RNA modification	GO:0009451	"dkc1	pus1	pus10	pus3	pus7	pus7l	pusl1	rpusd1	rpusd2	rpusd4	trub1	trub2"
mRNA pseudouridine synthesis	GO:1990481	"dkc1	pus1	pus3	pus7l	trub1"
CENP-A containing chromatin assembly	GO:0034080	"cenpi	cenpn	cenpp	itgb3bp	mis18a	nasp	oip5"
protein dephosphorylation	GO:0006470	"acp1	ca16b	cdc14aa	cdc14ab	cdc14b	cdc25b	cdc25d	cdkn3	ctdnep1a	ctdnep1b	dusp1	dusp10	dusp11	dusp12	dusp13a	dusp14	dusp16	dusp19a	dusp19b	dusp2	dusp22a	dusp22b	dusp23a	dusp23b	dusp27	dusp28	dusp29	dusp3a	dusp3b	dusp4	dusp5	dusp6	dusp7	dusp8a	dusp8b	epm2a	ilkap	pdp1	pdp2	ppm1aa	ppm1ab	ppm1ba	ppm1bb	ppm1da	ppm1db	ppm1e	ppm1f	ppm1g	ppm1h	ppm1j	ppm1ka	ppm1kb	ppm1la	ppm1lb	ppm1na	ppm1nb	ptena	ptenb	ptp4a1	ptp4a2a	ptp4a2b	ptp4a3a	ptp4a3b	ptpdc1a	ptpdc1b	ptpmt1	ptpn1	ptpn11a	ptpn11b	ptpn12	ptpn13	ptpn18	ptpn20	ptpn21	ptpn22	ptpn23a	ptpn2a	ptpn2b	ptpn3	ptpn4a	ptpn4b	ptpn5	ptpn6	ptpn9a	ptpn9b	ptpra	ptprb	ptprc	ptprda	ptprdb	ptprea	ptpreb	ptprfa	ptprfb	ptprga	ptprh	ptprja	ptprjb.2	ptprk	ptprn2	ptprna	ptprnb	ptpro	ptprq	ptprr	ptprsa	ptprsb	ptprt	ptprua	ptprub	ptprz1a	ptprz1b	rngtt	si:ch1073-184j22.2	si:ch1073-391i24.1	si:ch211-121a2.2	si:ch211-15p9.2	si:ch211-195b15.8	si:ch211-203d1.3	si:ch211-223p8.8	si:dkey-175m17.7	ssh1b	ssh2a	ssh2b	styx	styxl1	tab1	timm50	zgc:153044	zgc:153981	zgc:77752"
dephosphorylation	GO:0016311	"ca16b	cdc14aa	cdc14ab	cdc14b	cdkn3	dusp1	dusp10	dusp11	dusp12	dusp13a	dusp14	dusp16	dusp19a	dusp19b	dusp2	dusp22a	dusp22b	dusp23a	dusp23b	dusp27	dusp28	dusp29	dusp3a	dusp3b	dusp4	dusp5	dusp6	dusp7	dusp8a	dusp8b	epm2a	hdhd2	lhpp	mtm1	mtmr14	mtmr1a	mtmr1b	mtmr2	mtmr3	mtmr4	mtmr6	mtmr7a	mtmr7b	mtmr8	ppm1e	ptena	ptenb	ptp4a1	ptp4a2a	ptp4a2b	ptp4a3a	ptp4a3b	ptpdc1a	ptpdc1b	ptpmt1	ptpn1	ptpn11a	ptpn11b	ptpn12	ptpn13	ptpn18	ptpn20	ptpn21	ptpn22	ptpn23a	ptpn2a	ptpn2b	ptpn3	ptpn4a	ptpn4b	ptpn5	ptpn6	ptpn9a	ptpn9b	ptpra	ptprb	ptprc	ptprda	ptprdb	ptprea	ptpreb	ptprfa	ptprfb	ptprga	ptprh	ptprja	ptprjb.2	ptprk	ptprn2	ptprna	ptprnb	ptpro	ptprq	ptprr	ptprsa	ptprsb	ptprt	ptprua	ptprub	ptprz1a	ptprz1b	rngtt	si:ch1073-184j22.2	si:ch1073-391i24.1	si:ch211-121a2.2	si:ch211-195b15.8	si:ch211-203d1.3	si:ch211-223p8.8	si:dkey-175m17.7	ssh1b	ssh2a	ssh2b	styx	styxl1	tpte	zgc:153044	zgc:153981	zgc:77752"
response to peptide hormone	GO:0043434	"akt1	akt3a	prlh	smtlb	stat1a	stat1b	stat2	stat4	stat5a	stat5b	stat6"
regulation of alternative mRNA splicing, via spliceosome	GO:0000381	"arglu1a	arglu1b	celf1	celf2	celf3a	celf3b	celf4	eif4a3	khdrbs1a	khdrbs1b	khdrbs2	magoh	nova1	nova2	nsrp1	prpf31	puf60a	puf60b	rbfox1	rbfox1l	rbfox2	rbfox3a	rbfox3b	rbm15	rbm15b	rbm24a	rbm24b	rbm25b	rbm7	rbm8a	rbmx	rbpms2a	rest	scarna1	smu1a	snrpc	srrm3	srsf2a	srsf2b	wtap	ythdc1"
cAMP biosynthetic process	GO:0006171	"adcy1a	adcy1b	adcy2a	adcy2b	adcy3a	adcy5	adcy6a	adcy6b	adcy7	adcy8	adcy9	si:ch211-132f19.7	si:dkey-206f10.1"
cyclic nucleotide biosynthetic process	GO:0009190	"adcy1a	adcy1b	adcy2a	adcy2b	adcy3a	adcy5	adcy6a	adcy6b	adcy7	adcy8	adcy9	gc2	gucy1a1	gucy1a2	gucy1b1	gucy1b2	gucy2ca	gucy2cb	gucy2d	gucy2f	gucy2g	npr1a	npr1b	npr2	si:ch211-132f19.7	si:dkey-206f10.1	si:dkey-37g12.1"
carboxylic acid transmembrane transport	GO:1905039	"slc16a4	slc16a9a	slc16a9b"
deadenylation-dependent decapping of nuclear-transcribed mRNA	GO:0000290	"dcp1a	dcp1b	dcp2	dcps	lsm1	patl1	patl2"
tail-anchored membrane protein insertion into ER membrane	GO:0071816	"bag6l	camlg	emc10	emc2	emc3	emc4	emc6	emc7b	get1	get3	mmgt1	zgc:56596"
magnesium ion transport	GO:0015693	"cnnm4a	magt1	mmgt1	nipa1	nipa2	nipal3	nipal4	tusc3	zgc:101583"
protein insertion into ER membrane by stop-transfer membrane-anchor sequence	GO:0045050	"emc10	emc2	emc3	emc4	emc6	emc7b	mmgt1"
protein localization to membrane	GO:0072657	"nmt1a	nmt1b	nmt2	tm9sf1	tm9sf2	tm9sf3	tm9sf4	tm9sf5"
positive regulation of TORC1 signaling	GO:1904263	"flcn	gpr137	gpr137ba	gpr137bb	gpr137c	klhl22	lamtor2	lamtor3	lamtor4	lamtor5	mios	otud5a	otud5b	pim1	pim2	rraga	rragca	rragcb	rragd	seh1l	slc38a9	waca	wacb	wdr24	wdr59"
cellular response to amino acid stimulus	GO:0071230	"cpeb1b	cpeb4a	glra1	lamtor1	lamtor2	lamtor3	lamtor4	lamtor5	rptor	rraga	rragca	rragcb	rragd	sh3bp4a	slc38a9"
regulation of cell growth	GO:0001558	"bap1	igfbp7	kazald2	kazald3	lamtor2	si:ch73-330k17.3	stk11	wfdc1"
positive regulation of TOR signaling	GO:0032008	"lamtor1	lamtor2	lamtor3	lamtor4	lepa	lepb	sec13	slc38a9	smcr8b	wdr24"
endocytic recycling	GO:0032456	"arl4ca	arl4cb	clstn1	ehd1a	ehd1b	ehd2a	ehd2b	ehd3	eipr1	lmtk2	myo5b	ptpn23a	ptpn23b	rab11fip3	rab11fip4a	rab11fip4b	rab12	rab13	rab14	rab14l	rab35b	rab8a	rab8b	si:dkey-16l2.16	snx12	snx17	snx27a	snx27b	snx3	snx30	snx7	vps29	vps35l	vps50	vps51	vps52	wash1	zgc:112183"
cytoskeleton-dependent intracellular transport	GO:0030705	"ccdc88aa	ccdc88ab	ccdc88b	ccdc88c	hook1	hook2	hook3	map6a	map6b	myo10"
cytoplasmic microtubule organization	GO:0031122	"camsap1b	ccdc88b	ccdc88c	cep126	clip1a	clip2	clip3	cript	hook1	hook2	hook3	katna1	map10	spast	tbcb	tubg1	tubgcp2	tubgcp3	tubgcp4	tubgcp5	wdr73	zgc:66447"
SCF-dependent proteasomal ubiquitin-dependent protein catabolic process	GO:0031146	"amn1	ccnf	cul1a	cul1b	cul2	cul5a	dmac2	fbxl14a	fbxl14b	fbxl15	fbxl16	fbxl18	fbxl2	fbxl20	fbxl22	fbxl4	fbxl5	fbxl7	fbxl9	fbxo2	fbxo38	fbxo4	fbxo44.1	fbxo44.3	fbxo44.5	fbxo44.7	fbxo48	fbxo6.3	fbxo9	fbxw4	fbxw5	nccrp1	si:dkey-12e7.1	si:dkey-192l18.9	skp1"
melanin biosynthetic process	GO:0042438	"dct	ddt	oca2	qdpra	tyr	tyrp1a	tyrp1b"
melanin metabolic process	GO:0006582	"dct	trpm7"
ventricular zone neuroblast division	GO:0021847	dct
positive regulation of neuroblast proliferation	GO:0002052	dct
melanin biosynthetic process from tyrosine	GO:0006583	dct
monoatomic anion transmembrane transport	GO:0098656	"lrrc8aa	lrrc8ab	lrrc8c	lrrc8da	lrrc8db	si:ch211-106h11.1	si:zfos-323e3.4	slc22a7a	slc22a7b.3	slc22a7b.4	vdac1	vdac2	vdac3	zgc:56235"
aspartate transmembrane transport	GO:0015810	"lrrc8aa	lrrc8ab	lrrc8c	lrrc8da	lrrc8db	si:ch211-106h11.1	si:zfos-323e3.4	slc25a12	slc25a18	slc25a22a	slc25a22b	slc25a55a	slc25a55b"
double-strand break repair via break-induced replication	GO:0000727	"cdc45	cdc7	gins2	gins4	mcm2	mcm3	mcm3l	mcm4	mcm5	mcm6	mcm6l	mcm7	mus81"
DNA-templated DNA replication	GO:0006261	"chrac1	gins2	gins4	mcmbp	pold1	pold4	pole2	pole4	poln	polq	rfc3	rfc4	rfc5	wdr18	wrnip1"
nucleoside diphosphate catabolic process	GO:0009134	"entpd1	entpd2a.1	entpd8"
response to copper ion	GO:0046688	"atp6v0d1	atp7a	cat	cox17	entpd1	entpd2a.1	entpd2a.2	entpd2b	mt2	nt5e	slc11a2	slc31a1	slc40a1"
response to ethanol	GO:0045471	"ache	adcy5	entpd1	entpd2a.1	entpd2a.2	entpd2b	fgfr1a	foxp2"
cellular response to methanol	GO:0071405	"ache	entpd1	entpd2a.2	entpd2b"
nucleotide-excision repair	GO:0006289	"brip1	ddb2	ercc2	ercc3	ercc5	fan1	fancc	gtf2h1	gtf2h2	gtf2h3	gtf2h4	gtf2h5	mnat1	nthl1	ogg1	rad23aa	rad23ab	rad23b	rpa1	rpa2	rpa3	xpa	xpc	zgc:162895"
response to UV	GO:0009411	"ddb2	dtl	ercc6	ercc8	per2	perp	primpol	tp53	uvssa"
nitrogen compound transport	GO:0071705	"nup160	slc19a2	slc19a3a	slc19a3b"
vitamin transport	GO:0051180	"gc	slc19a1	slc19a2	slc19a3a	slc19a3b	ttpa"
negative regulation of delayed rectifier potassium channel activity	GO:1902260	kcne4
membrane repolarization during action potential	GO:0086011	kcne4
ventricular cardiac muscle cell action potential	GO:0086005	"kcne4	scn3b"
regulation of ventricular cardiac muscle cell membrane repolarization	GO:0060307	"kcne4	kcnh6a	scn4ba	scn4bb	wu:fu71h07"
potassium ion export across plasma membrane	GO:0097623	"kcnd3	kcne4	kcnq1.1"
regulation of heart rate by cardiac conduction	GO:0086091	"kcne4	kcnh6a	scn1ba	scn1bb	scn3b	si:ch211-225p5.8"
central nervous system morphogenesis	GO:0021551	"cops6	cyld	josd2	psmd7	usp16l	usp19	usp20	usp21	usp24	usp28	usp37	usp44	zranb1b"
axon development	GO:0061564	"atoh1a	atoh1b	atoh1c	atoh7	bhlha15	bhlhe22	bhlhe23	gpm6ba	gpm6bb	mecp2	myo5b	myo9aa	myo9ab	neurod1	neurod2	neurod4	neurod6a	neurod6b	neurog1	neurog3	nfia	olig1	olig2	olig3	olig4	plp1a	rab10	si:ch211-196c10.13	slc25a46	smn1	svbp	zgc:100846"
swimming	GO:0036268	"ccdc141	gba1	kcnj10a	klhl40a	klhl40b	pomk	vstm2l	zgc:100846"
protein import into mitochondrial intermembrane space	GO:0045041	"chchd4a	chchd4b	hspd1"
protein maturation by protein folding	GO:0022417	"chchd4a	chchd4b"
'de novo' post-translational protein folding	GO:0051084	chchd4a
mitochondrial respiratory chain complex assembly	GO:0033108	"chchd4a	chchd7	oma1	samm50	samm50l"
nucleate erythrocyte maturation	GO:0043362	"rps9	sfxn1	slc40a1"
serine import into mitochondrion	GO:0140300	"sfxn1	sfxn2	sfxn3"
hemoglobin biosynthetic process	GO:0042541	"alas1	alas2	bdh2	cpox	rpl10a	rpl11	rps19	sfxn1	slc11a2	slc25a38a	slc25a38b	slc40a1	snx3	tfa	tfr1a	tfr1b	vap"
muscle structure development	GO:0061061	"col6a1	ctsd	dnm2a	dpm1	dpm2	dpm3	homer1b	klhl40a	klhl40b	mylk5	mylka	mylkb	pdlim1	pdlim2	pdlim3a	pdlim4	pdlim5b	pdlim7	pomk	spegb"
G protein-coupled glutamate receptor signaling pathway	GO:0007216	"grm1a	grm1b	grm2a	grm2b	grm3	grm5a	grm5b	grm6a	grm6b	grm8a	grm8b	homer1b	homer2	homer3b"
regulation of store-operated calcium entry	GO:2001256	"homer1b	homer2	homer3b	saraf"
establishment of epithelial cell polarity	GO:0090162	"aplnrb	frmd4a	frmd4ba	frmd4bb	sipa1l3"
developmental process	GO:0032502	"bhlha9	c1r	colec11	comta	comtb	epb41l3a	epb41l3b	epb41l4a	epb41l4b	epx	ezra	figla	frmd3	frmd4a	frmd4ba	frmd4bb	frmd5b	frmd6	frmd7	frmd8	frmpd1b	frmpd2	frmpd3	frmpd4	jak1	krit1	msna	msnb	nell3	nf2a	nf2b	ptf1a	ptk2aa	ptk2ba	ptk2bb	ptpn13	ptpn20	ptpn3	ptpn4a	ptpn4b	scxb	si:ch211-246m6.4	si:ch211-252f13.5	si:dkey-178k16.1	slc7a6os	smf	tcf15	tcf21	tln2a	tln2b	tomt	twist1a	twist1b	twist2	twist3	wu:fi46h04	zgc:172136"
positive regulation of macrophage differentiation	GO:0045651	il34
positive regulation of protein phosphorylation	GO:0001934	"brat1	gper1	il34"
macrophage migration	GO:1905517	"hif1aa	hif1ab	il34	rac2	trim33"
microglia development	GO:0014005	"csf1ra	csf1rb	il34	irf8	nlrc3l	nrros	slc7a7	sumf1"
positive regulation of monocyte differentiation	GO:0045657	il34
apelin receptor signaling pathway	GO:0060183	"apela	aplnr2"
negative regulation of cAMP-mediated signaling	GO:0043951	"aplnr2	aplnra	aplnrb	mgrn1a	mgrn1b	pde11a"
ventral spinal cord interneuron differentiation	GO:0021514	"dla	dlc	dld	dll4	drd4a	gata2a	gata3	jag2b	mib1	nkx2.2a	nkx2.2b	nkx2.9	notch1a	notch1b	notch3	olig2	sulf2a	tal2"
chromatin organization	GO:0006325	"abraxas1	aebp2	anp32e	asf1ba	asf1bb	ash1l	atxn7l3a	atxn7l3b	babam1	babam2	bag6	bag6l	banf1	banp	bap1	bmi1a	bmi1b	brd4	brd9	cabin1	carm1	chd8	daxx	dek	dmap1	dnajc2	dot1l	dpf3	eed	emsy	eny2	ep400	epc1a	epc1b	epc2	ezh1	ezh2	fam50a	gatad1	hat1	hdac1	hdac3	hdac4	hdac5	hdac7a	hdac8	hdac9b	hira	hmgn1a	hmgn1b	hmgn2	hmgn3	hmgn6	hmgn7	ing1	ing2	ing3	ing4	ing5a	ing5b	jarid2a	jarid2b	jmjd6	kansl2	kansl3	kdm1a	kdm2aa	kdm2ab	kdm2bb	kdm4aa	kdm4ab	kdm4b	kdm4c	kdm5a	kdm5ba	kdm5bb	kdm5c	kdm7aa	kdm7ab	kdm8	kmt2a	kmt2ba	kmt2bb	kmt2ca	kmt2cb	kmt2d	kmt2e	kmt5aa	kmt5b	l3mbtl1b	l3mbtl2	loxl2a	loxl2b	lrwd1	macroh2a1	macroh2a2	mbtd1	meaf6	mms22l	morf4l1	msl1a	mysm1	naa60	npm2a	npm2b	nr3c1	nsd1a	nsd1b	nsd2	nsd3	phf2	phf8	prdm9	prkcbb	prmt6	prmt7	rag1	rag2	rbb4l	rbbp4	rbl1	rbl2	riox1	rnf168	rnf20	rnf40	rnf8	setd1a	setd1ba	setd1bb	setd2	setd7	setdb1a	setdb1b	setdb2	setmar	smarcad1a	smarcad1b	smyd2a	smyd2b	suv39h1a	suv39h1b	suz12a	suz12b	tdrd3	tonsl	trrap	ubn2a	ubn2b	uhrf1	uimc1	usp16	usp22	waca	wacb"
mitotic sister chromatid cohesion	GO:0007064	"cdca5	chtf8	dscc1	esco2	mau2	naa50	nipbla	nipblb	pds5a	pds5b	rad21a	smc3"
neural crest cell differentiation	GO:0014033	"alcama	alx3	capzb	edn1	fn1a	hmgcs1	hspg2	kctd15a	kctd15b	med14	pknox1.1	pnn	prdm1a	sema3d	smarca4a	smo	sox19b	tln1"
canonical Wnt signaling pathway	GO:0060070	"bcl9	bcl9l	ctnnb1	ctnnb2	dixdc1a	dock4a	dot1l	dvl2	dvl3a	dvl3b	frzb	fzd1	fzd10	fzd2	fzd3b	fzd4	fzd5	fzd6	fzd7a	fzd7b	fzd8a	fzd8b	fzd9a	fzd9b	jun	jupa	kctd15a	kctd15b	lef1	lrp5	lrp6	mllt10	net1	pak1	psen1	sfrp1a	sfrp1b	sfrp2	sfrp5	szl	tcf7	tcf7l1a	tcf7l1b	tcf7l2	wnt1	wnt10a	wnt10b	wnt11f2	wnt16	wnt2	wnt2ba	wnt2bb	wnt3	wnt3a	wnt4	wnt4b	wnt5a	wnt5b	wnt6b	wnt7aa	wnt7ab	wnt7ba	wnt7bb	wnt8a	wnt8b	wnt9a	wnt9b"
pharyngeal system development	GO:0060037	"barx1	chn	dio3b	dlx2a	dmrt2b	dnmt3bb.2	esf1	faf1	fgf8a	fn1a	fscn1a	gpc4	igfbp3	itga5	itgav	kctd15a	kctd15b	ndr1	nkx2.3	pax1a	pax1b	pknox1.2	prdm1a	rad21a	rarga	rerea	smad5	sparc	tbx1	tbx2a	tdgf1	twist1a	twist1b	wnt11	wnt9a	wnt9b"
response to cold	GO:0009409	"bhlhe41	cirbpb	grik2	hmgb1a	hsp90aa1.2	metrnla	per2	slc25a27	tmem39a	ucp1	ucp2	ucp3"
circadian regulation of gene expression	GO:0032922	"bhlhe40	bhlhe41	ciarta	clocka	clockb	cry1a	cry1b	cry2	cry3a	cry4	cry5	egr1	exorh	hdac3	kdm8	mycbp2	nampt1	nampt2	nfil3-5	nfil3-6	npas2	nr1d1	nr1d2a	otx5	per1a	per1b	per2	per3	ppp1cbl	rai1	si:ch1073-390k14.1"
sleep	GO:0030431	"bhlhe41	dbh	gal	hcrt	kcna2a	prok2	prokr1b	qrfp	qrfpra	qrfprb	slc18a2"
replication fork processing	GO:0031297	"cenps	cenpx	eme1	etaa1a	mms22l	primpol	smarcal1	tipin	tonsl	traip	zranb3"
phospholipid catabolic process	GO:0009395	"abhd12	angptl3	meak7	napepld	pla2g4aa	pla2g4ab	pla2g4cl1	pla2g4f.1	pla2g4f.2	plbd1a	plbd2	plcg1	plcg2	pld1a	si:ch73-55i23.1	zgc:101699"
response to amino acid	GO:0043200	"glra1	glra4a	meak7"
TOR signaling	GO:0031929	"meak7	mlst8	rictora	rictorb	rptor	tiprl"
positive regulation of protein localization to lysosome	GO:0150032	"gpr137ba	meak7"
regulation of cell population proliferation	GO:0042127	"alk	atp6ap1b	atp6v1f	brca2	bricd5	cdk6	ecrg4a	ecrg4b	foxm1	gdf6a	gnl3	hspd1	jun	junba	junbb	jund	june	kcng4b	ltk	meak7	pid1	psmd10	sav1	si:ch1073-443f11.2	si:ch73-361p23.3	stat1a	stat1b	stat2	stat3	stat4	stat5a	stat5b	stat6	tfap2c	tfap2d	tfap2e	tgfb1a	tgfb1b	tgfb2	tgfb3	tgfb5	tnfrsf9a	tnfrsf9b	tp53	trappc14	wnt8a	zic2a	zic5"
response to insulin	GO:0032868	"lepa	lepb	meak7	slc2a1a	slc2a1b	slc2a3b	socs1a"
regulation of cell migration	GO:0030334	"amot	amotl2a	amotl2b	churc1	dkk1b	dock10	fgf10a	fgf10b	fgf16	fgf17	fgf18a	fgf18b	fgf19	fgf1a	fgf1b	fgf2	fgf20a	fgf20b	fgf21	fgf22	fgf23	fgf24	fgf3	fgf4	fgf5	fgf6a	fgf6b	fgf7	fgf8a	fgf8b	gpc4	hace1	lama1	lama2	lama3	lama4	lama5	meak7	mmp14a	mmp14b	plxna1b	plxna2	plxna3	plxna4	plxnb1b	plxnb2a.1	plxnb2b	plxnb3	plxnd1	robo4	si:ch211-215c18.3	si:ch211-241e1.3	slka	slkb	srgap2	sst1.1	sst1.2	sst2	sst6	sst7	thy1	tmsb	tmsb1	tmsb4x"
response to nutrient levels	GO:0031667	"gh1	ins	meak7	prl	prl2	smtlb"
negative regulation of double-strand break repair	GO:2000780	rnf169
double-strand break repair	GO:0006302	"abraxas1	actr8	aplf	atm	babam1	babam2	cdca5	csnk2a4	eme1	ercc1	hpf1	lig3	mpnd	mre11a	mta1	mus81	nbn	nhej1	parp1	parp3	poln	prkdc	rad50	rec8b	rnf168	rnf169	rnf8	smc5	smc6	smchd1	tdp2a	tdp2b	trip13	uimc1	vcp	xrcc4"
tricarboxylic acid cycle	GO:0006099	"aco1	aco2	cs	dlst	fh	idh1	idh2	idh3a	idh3b	idh3g	ireb2	mdh1aa	mdh1ab	mdh1b	mdh2	ogdhb	ogdhl	sdha	sdhaf2	sdhb	sdhc	sdhda	sdhdb	sucla2	suclg1	suclg2	ugl"
mitochondrial electron transport, succinate to ubiquinone	GO:0006121	"sdha	sdhaf2	sdhb	sdhc	sdhda	sdhdb"
exocytosis	GO:0006887	"baiap3	cadps2	cadpsa	cadpsb	cplane2	cplx2a	cplx2b	cplx3a	cplx3b	cplx4a	cplx4b	cplx4c	cyp11c1	exoc1	exoc2	exoc3	exoc3l1	exoc3l2b	exoc3l4	exoc4	exoc5	exoc6	exoc6b	exoc7	exoc8	kcnb1	lin7a	lin7b	lin7c	llgl1	llgl2	mical3a	mical3b	rab10	rab11a	rab11al	rab12	rab13	rab15	rab25a	rab25b	rab27a	rab3aa	rab3ab	rab3b	rab3c	rab3da	rab40c	rab8a	rab8b	rims1b	rims2a	rims2b	rims3	rims4	rph3aa	scamp5a	si:ch211-81a5.8	si:dkey-196h17.9	si:dkey-45k15.1	snap23.1	snap23.2	snap25a	snap25b	snap29	snap47	stx11a	stx11b.1	stx11b.2	stx17	stx1a	stx2a	stx4	stxbp5a	stxbp5b	stxbp5l	sybl1	sycn.3	sytl1	sytl2b	sytl3	sytl4	tnfaip2a	tnfaip2b	unc13a	unc13bb	unc13d	wash1	washc3	zgc:101731	zgc:112183"
Arp2/3 complex-mediated actin nucleation	GO:0034314	"actr2a	actr2b	actr3	arpc1a	arpc1b	arpc2	arpc3	arpc4	arpc5a	arpc5b	arpc5la	arpc5lb	jmy	wash1	zgc:101810	zgc:86896"
high-density lipoprotein particle remodeling	GO:0034375	"lipca	lipg	lpla	pltp"
ceramide transport	GO:0035627	"cert1a	cptp	gltpa	gltpb	gltpd2b	plekha8	pltp"
keratan sulfate metabolic process	GO:0042339	chst1
response to endoplasmic reticulum stress	GO:0034976	"amfra	atf4a	cdipt	creb3l2	ddrgk1	eif2ak3	p4hb	pdia2	pdia4	pdia6	pdia7	pdia8	ppp1r15a	tmem259	ufc1	ufl1	ufm1	vcp	zgc:136472"
rRNA 3'-end processing	GO:0031125	"rexo1	zgc:152968"
negative regulation of cell cycle	GO:0045786	"gmnc	gmnn	men1	nupr1b	ppp1r13bb	rnf167	tp53"
negative regulation of endocytosis	GO:0045806	"lgals3b	rubcn"
positive chemotaxis	GO:0050918	"cxcr4b	fgf10a	fgf10b	lgals3b	scrib"
positive regulation of calcium ion import	GO:0090280	lgals3b
monocyte chemotaxis	GO:0002548	lgals3b
eosinophil chemotaxis	GO:0048245	lgals3b
negative regulation of extrinsic apoptotic signaling pathway	GO:2001237	"lgals3b	snx13	src"
RNA splicing	GO:0008380	"acin1b	aqr	arb2a	arl6ip4	bcas2	bud31	casc3	cdc5l	cdk12	celf1	cript	cwc15	cwc22	cwc25	ddx23	ddx46	dhx16	dhx8	eftud2	eif4a3	elavl4	esrp1	esrp2	fam50a	fmr1	gemin2	gpkow	hnrnpk	hnrpkl	htatsf1	jmjd6	khdc4	larp7	lgals3a	lsm3	lsm4	lsm5	lsm6	lsm8	luc7l3	magoh	ncbp2	pnn	ppil1	ppwd1	pqbp1	prkrip1	prpf18	prpf19	prpf3	prpf31	prpf38a	prpf38b	prpf39	prpf8	ptbp1a	ptbp1b	puf60a	puf60b	qki2	qkia	rbfox1	rbfox1l	rbfox2	rbfox3a	rbfox3b	rbm17	rbm22	rbm24a	rbm24b	rbm38	rbm47	rbm48	rbm5	rbm8a	rbmx	rnpc3	rnps1	rp9	rpusd4	sart1	sart3	scnm1	sde2	sf1	sf3a1	sf3a2	sf3a3	sf3b1	sf3b3	sf3b5	slu7	smn1	smndc1	smu1a	smu1b	smx5	snapc3	snrnp27	snrpa	snrpa1	snrpd1	snrpd2	snrpd3	snrpd3l	snrpe	snrpf	snrpg	snu13a	snu13b	snw1	srek1ip1	srsf11	srsf1a	srsf1b	strap	syf2	tardbpa	tardbpb	tfip11	thoc1	thoc5	thoc6	thoc7	tnpo3	tssc4	txnl4a	txnl4b	u2af2a	u2af2b	usp39	virma	wbp11	wtap	xab2	ybx1	yju2	yju2b	zcrb1	zmat5	znf326"
manganese ion transmembrane transport	GO:0071421	"slc39a14	slc39a8	tmem165"
zinc ion transport	GO:0006829	"slc30a1a	slc30a2	slc30a4	slc30a5	slc30a6	slc30a7	slc30a8	slc30a9	slc39a1	slc39a10	slc39a11	slc39a13	slc39a14	slc39a3	slc39a4	slc39a6	slc39a7	slc39a8	slc39a9"
metal ion transport	GO:0030001	"lrrc38b	ndfip1	ndfip1l	ndfip2	slc11a2	slc39a1	slc39a10	slc39a11	slc39a13	slc39a14	slc39a3	slc39a4	slc39a5	slc39a6	slc39a7	slc39a8	slc39a9	slc41a1	slc41a2a	slc41a2b	slc41a3	trpm4a	trpm4b.2	trpm4b3	trpm5	trpm6	trpm7"
zinc ion transmembrane transport	GO:0071577	"slc30a10	slc30a1b	slc30a2	slc30a4	slc39a1	slc39a13	slc39a14	slc39a3	slc39a4	slc39a7	slc39a8	slc39a9"
peroxisome fission	GO:0016559	"dnm1l	fis1	opa1	pex11a	pex11b	pex11g	si:dkey-32e23.4"
peroxisome organization	GO:0007031	"abcd1	abcd3a	abcd3b	abcd4	pex1	pex10	pex11a	pex11b	pex16	pex19	pex2	pex3	pex6"
malate metabolic process	GO:0006108	"d2hgdh	fh	mdh1aa	mdh1ab	mdh1b	mdh2	me1	me2	me3"
pyruvate metabolic process	GO:0006090	"dlat	dldh	ldha	ldhba	ldhbb	me1	me2	me3	mpc1	pcxa	pcxb"
epiboly involved in gastrulation with mouth forming second	GO:0055113	"aplnra	apoa2	arf6b	arhgef7b	cacnb4a	cacnb4b	cdh1	cdk5rap3	celsr2	cfl1	chuk	cldne	cthrc1a	cyth1a	cyth1b	cyth3a	cyth4a	diaph2	dsc2l	dsg2.1	epcam	gna12a	gna13a	gna13b	hs2st1a	lta4h	ltb4r	map9	mapkapk2a	megf8	mxtx2	npc1	pcdh18a	pfn1	pou5f3	prnpb	rab5ab	rhov	rnf111	satb2	sdc2	sdc3	sdc4	sdcbp2	slc39a10	sox19b	tnfsf18"
nucleoside transmembrane transport	GO:1901642	"slc28a1	slc29a1a	slc29a1b	slc29a2	slc29a3	slc29a4a	slc29a4b"
tRNA splicing, via endonucleolytic cleavage and ligation	GO:0006388	"clp1	rtcb	rtraf	trpt1	tsen15	tsen2	tsen34	zbtb8os"
tRNA-type intron splice site recognition and cleavage	GO:0000379	"tsen2	tsen34"
lymph vessel development	GO:0001945	"acaa2	apln	aplnra	bmpr1aa	bmpr1ab	bmpr2a	bmpr2b	ccbe1	cpt1aa	cpt1ab	ephb4a	flt4	foxo1a	foxo1b	gprc5ba	hdac9b	junba	junbb	mmp2	rasgrp4	smad5	spred1	svep1	vash1	vegfc	vegfd"
sperm axoneme assembly	GO:0007288	"armc2	cfap157	cfap206	iqcg	spag6	tpgs1	ttll1	ttll5"
neuron projection extension	GO:1990138	"impact	nrn1a	nrn1b	nrn1la	nrn1lb	spag6	tnn"
phospholipid translocation	GO:0045332	"atp10a	atp10b	atp10d	atp8a2	atp8b1	atp9b	si:dkey-246g23.2	tmem30aa	tmem30ab	tmem30b	tmem30c	triap1"
negative regulation of signal transduction	GO:0009968	"arrb1	cisha	cishb	ddit4	hhip	ldlrad4a	ldlrad4b	pak1ip1	pmepa1	rgs11	rgs6	rgs7a	rgs7b	rgs7bpa	rgs7bpb	rgs8	rgs9a	rgs9b	ripor2	si:ch211-39i2.2	si:ch73-167i17.6	socs1b	socs2	socs3a	socs3b	socs4	socs5a	socs5b	socs6a	socs6b	socs7	socs9	zgc:109913"
cytokine-mediated signaling pathway	GO:0019221	"cisha	cishb	cntfr	crfb1	crfb12	crfb16	crfb4	crlf1a	crlf1b	csf1ra	csf1rb	csf2rb	csf3r	epor	f3a	f3b	flt3	ghra	ghrb	ifngr1	ifngr1l	ifngr2	ifnlr1	il10ra	il10rb	il11ra	il12rb2	il13ra2	il1fma	il20ra	il21r.1	il22ra2	il23r	il2rga	il6st	il7r	jak1	jak2a	jak2b	jak3	lepr	lifra	lifrb	prlra	rigi	socs1a	socs1b	socs3a	socs3b	socs5a	socs9	stat4	stat5a	stat5b	stat6	tyk2"
blood coagulation, fibrin clot formation	GO:0072378	"f13a1a.1	f13a1b	f7	fga	fgb	fgg	hpn"
regulation of serine-type endopeptidase activity	GO:1900003	hpn
embryonic skeletal system development	GO:0048706	"cmn	col2a1a	dlx1a	dlx2a	dlx2b	dlx3b	dlx4a	dlx4b	dlx5a	dlx6a	gdf6a	hdac1	itpr3	kat6a	myadml2l	myhz2	nansa	nsd2	pax1b	sulf2a	sulf2b	ucmaa	ucmab"
embryonic eye morphogenesis	GO:0048048	"axin1	cct3	cdh2	epb41l5	hs6st2	mab21l2	mfap2	mfap5	mgf	ndr2	pard3ab	plxnd1	vangl2	wnt11f2"
gastrulation with mouth forming second	GO:0001702	"ankrd6b	aplnra	aplnrb	cdh1	drl	fyna	gna12a	gna13a	gna13b	gpc4	lhx1a	mespaa	rab5c	wnt11f2"
Kupffer's vesicle development	GO:0070121	"akap12b	apela	aplnra	arl6	atp6ap1b	atp6v1f	bbip1	bbs1	bbs2	bbs4	bbs5	bbs7	carmil3	cct2	cep131	cfap418	cftr	chrd	cldn5a	cnpy1	cxcl12b	cxcr4a	cxcr4b	dnmt1	dnmt3bb.1	efnb2b	enpp2	ephb4b	fgf2	fgf4	fgf8a	fibpb	foxj1a	gata5	gja1b	gmnn	gpr22a	hspb7	ier2a	inpp5b	itgav	itgb1b	jupa	llgl2	lpar3	macir	mbd3b	mkks	myo1d	nkd1	nkd2a	nkd3	nphp3	nphp4	odad3	pkd2	prickle1a	prickle2b	rab11a	rab3ip	rfx2	rock2b	sdc2	snx10a	sox17	tbx16	tbxta	tcp1	tead1a	tead3a	trim32	ttc8	unc119a2	unc119b	vgll4b	vgll4l	wdr18	wnt11f2	wwtr1	yap1"
neuroendocrine cell differentiation	GO:0061101	wnt11f2
regulation of protein kinase activity	GO:0045859	"fyna	fynb	ptpra	wnt11f2	yes1"
mesodermal cell migration	GO:0008078	"apln	aplnrb	cap1	ctnnd1	has2	pals1a	prkci	s1pr1	s1pr2	snai1a	snai1b	wnt11f2"
mediolateral intercalation	GO:0060031	"rock2a	wnt11f2	zbtb4"
eye field cell fate commitment involved in camera-type eye formation	GO:0060898	"fzd8a	rx3	wnt11f2	wnt8b"
cell migration involved in gastrulation	GO:0042074	"ankrd6b	apela	apln	aplnra	apoc1	b4galt1	bcl2l16	bmp2b	cdc42	cdh1	celsr1a	celsr1b	churc1	csrp1a	cthrc1a	ctnnd1	cxcl12a	cxcl12b	cxcr4a	cyt1	def6a	diaph2	dkk1b	dscama	eaf1	eaf2	eomesa	esrra	ezrb	foxh1	fzd7a	git2a	gna12a	gna13a	gna13b	gpc3	gpc4	has2	itgav	itgb1b	lbr	lzts2a	megf8	mmp14a	mmp14b	mxtx2	pcdh18a	prickle1a	ptger4a	ptges	rac1a	rhoab	rock2a	ryk	s1pr1	s1pr2	slc39a6	snai1a	snai1b	sox32	stat3	tbx2b	vangl2	wnt11	wnt11f2	wnt2	wnt4	wnt5b	wnt8a"
cell fate commitment	GO:0045165	"atoh7	bmp4	gata1a	gata2a	gata2b	gata3	gata4	gata5	gata6	ndr2	nkx6.1	prdm1a	prdm1c	shhb	sox6	wnt1	wnt10a	wnt10b	wnt11f2	wnt16	wnt2	wnt2ba	wnt2bb	wnt3	wnt3a	wnt4	wnt4b	wnt5a	wnt5b	wnt6b	wnt7aa	wnt7ab	wnt7ba	wnt7bb	wnt8a	wnt8b	wnt9a	wnt9b"
neural plate morphogenesis	GO:0001839	"neurod4	nkd1	shha	smo	vangl2	wnt11f2"
non-canonical Wnt signaling pathway	GO:0035567	"dvl2	frzb	fzd1	fzd10	fzd2	fzd3b	fzd4	fzd5	fzd6	fzd7a	fzd7b	fzd8a	fzd8b	fzd9a	fzd9b	sfrp1a	sfrp1b	sfrp2	sfrp5	szl	wnt11f2"
nucleotide biosynthetic process	GO:0009165	"dtymk	prps1a	prps1b	prpsap1	prpsap2	tyms"
dTDP biosynthetic process	GO:0006233	"cmpk2	dtymk"
central nervous system neuron development	GO:0021954	"cdk5	dtymk	ewsr1a	ewsr1b	fezf2	htt	med12	nr4a2a	pals1a	supt5h"
dUDP biosynthetic process	GO:0006227	dtymk
dTTP biosynthetic process	GO:0006235	"dtymk	tyms"
inner ear development	GO:0048839	"ap1b1	atoh1a	cd74a	cd74b	cep290	dacha	dachb	ddt	disp1	eya2	fgf8a	flw	gjb8	grhl1	grhl2b	kif3b	lepa	lepr	mgt	mif	mkks	msrb3	ndr2	pcdh15a	pcdh15b	pi4kb	rerea	shha	six1b	smo	smpx	sox10	sox2	sox9a	sox9b	tectb	thrb	tlx2	tmie	ush2a"
floor plate formation	GO:0021508	"foxh1	gli1	gli2a	gli2b	mib1	ndr2	nkx2.2a	nkx2.2b	noto	sap130a	sap130b	shha	smo	tdgf1"
fin morphogenesis	GO:0033334	"apc	col1a1a	col2a1b	dlx5a	elf3	evx1	fras1	frem1a	frem2a	furina	gja1b	grip2a	hmcn1	itga3b	kcnh2a	kcnj13	kcnk5b	lama5	lef1	lof	mmp9	plod1a	slc43a2a	uba2	vav2"
otic vesicle morphogenesis	GO:0071600	"crbn	cul4a	dlx3b	dlx4b	eya1	foxi1	lit	nfe2	sharpin	shrprbck1r	sox10"
positive regulation of translational initiation	GO:0045948	"dazl	dhx29	polr2g	uhmk1	zgc:103482"
3'-UTR-mediated mRNA stabilization	GO:0070935	"angel2	dazl	gli2a	hnrnpa0a	hnrnpa0b	qkia"
negative regulation of miRNA-mediated gene silencing	GO:0060965	"dazl	dnd1"
oogenesis	GO:0048477	"buc	dazl	henmt1	hormad1	mei4	mettl3	nanos1	nanos2	nanos3	paqr5a	paqr5b	paqr7b	piwil2	rbm46	slbp2	smc1b	tdrd6	trip13	zar1	zar1l"
positive regulation of gene expression	GO:0010628	"acta2	actc2	alcama	apex1	bmal1b	cebp1	clocka	crsp7	dazl	dnd1	klf1	kmt5aa	l1camb	lef1	lgals9l1	lgals9l3	lgals9l4	lgals9l5	med23	mef2aa	ndr1	pdcl3	piwil2	prrx1b	roraa	runx1	sox10	sp7	spi1b	tdgf1	wnt8a	yy1a"
germ-line cyst formation	GO:0048134	dazl
cardiac muscle cell differentiation	GO:0055007	"gata5	hand2	klf1	mef2ca	mef2cb	nkx2.5	nkx2.7	pbx2	pbx4	plekha7a	smarcd3b	tbx1	tbx5a"
neuron development	GO:0048666	"ache	adgrl1.1	arxa	atat1	atp8a2	ccsapb	chd7	cnot8	diras1a	diras1b	dlc	dlx3b	dlx4b	dmd	dusp26	eftud2	fgf3	foxi1	gas7a	gdf3	gle1	gmppb	gsx2	hmgn1b	hsd17b4	isl1a	kcnc3a	kif2a	lingo1b	lrsam1	mib1	olig2	pacsin1b	pbx1a	pbx4	phox2a	pnpla6	prmt8b	ptf1a	tenm3	tenm4	vegfba	washc5	zc4h2	zgc:112052"
swim bladder morphogenesis	GO:0048795	"ihha	pbx1a	shha	smo"
chondrocyte development	GO:0002063	"gfpt1	gnptab	koi	sulf2a	sulf2b	unm_td207	unm_th05d	unm_tl205	unm_tu259"
telencephalon development	GO:0021537	"arxa	dmrta2	emx3	exoc7	kas	lhx2b	ndr2	smo	tdgf1	zdhhc16a"
3'-phosphoadenosine 5'-phosphosulfate transport	GO:0046963	"slc35b2	slc35b3"
Rac protein signal transduction	GO:0016601	"rac1a	rac1b	rac3a	rac3b	rhoga	rhogb"
regulation of cell shape	GO:0008360	"amotl2a	amotl2b	cdc42ep1a	cdc42ep1b	cdc42ep2	cdc42ep3	cdc42ep4a	cdc42ep4b	cdc42ep5	cdc42se1	cdc42se2	cyfip1	ezra	ezrb	fermt2	fmnl1a	fmnl2b	fmnl3	fn1a	fn1b	marchf7	msna	msnb	myh10	myh9a	myh9b	myo10	nf2a	nf2b	palm1a	palm1b	palm2akap2	palm3	palmda	palmdb	pard3ab	plxnb1b	plxnb2a.1	plxnb2b	plxnb3	plxnd1	popdc1	ppp1r12a	rac1a	rac1b	rac2	rac3a	rac3b	rhobtb1	rhobtb4	rhoga	rhogb	rhogc	rhogd	stat3	tnika	zgc:154093"
establishment or maintenance of cell polarity	GO:0007163	"amot	b9d2	fscn1a	fscn1b	fscn2a	fscn2b	pard6a	pard6b	pard6ga	pard6gb	rac1a	rac1b	rac2	rac3a	rac3b	rhobtb1	rhobtb4	rhoga	rhogb	rhogc	rhogd	si:dkey-121a11.3	vangl2"
regulation of neutrophil migration	GO:1902622	"myd88	ptpn6	rac1a	rac1b	rac2	rac3a	rac3b	tlr2	wasb	zmp:0000000936"
cortical cytoskeleton organization	GO:0030865	"ppp2r3c	rac1a	rac1b	rac2	rac3a	rac3b	rhobtb1	rhobtb4	rhoga	rhogb	rhogc	rhogd"
atrial cardiac muscle tissue development	GO:0003228	"rbm24a	rbm24b"
ventricular cardiac muscle tissue development	GO:0003229	rbm24b
mRNA stabilization	GO:0048255	"dnd1	gdnfa	larp1	larp1b	moto	rbm24a	rbm24b	tent5ab	tent5ba	tent5bb	tent5c	vip	vipb	ybx1"
positive regulation of myotube differentiation	GO:0010831	"mapk14a	mapk14b	rbm24a	rbm24b"
circulatory system development	GO:0072359	"f2r	hey1	hey2	mat2aa	med23	nxn	rbm24a	rbm24b	slc2a10	slc2a12	ubiad1"
hyaluronan catabolic process	GO:0030214	"cemip2	hyal1	hyal2a	hyal3	hyal4	hyal6	si:dkey-72l14.3	spam1"
inner ear receptor cell stereocilium organization	GO:0060122	"cdh23	ift88	lhfpl5a	myo7aa	tomt	ush1c"
startle response	GO:0001964	"ankk1	atp1b2b	cyfip2	erbb3b	eya4	get1	glra4a	mao	otofa	psen2	pth2	slc18a2	stx4	tlcd3ba	tlcd3bb	trrap	ush1c"
synapse organization	GO:0050808	"cacna1da	cacna1fa	clrn1	cntn3a.1	il1rapl1b	nbeaa	ppfia1	ppfia3	sncb	sncga	syn1	syn2a	syn2b	synj1	ush1c"
auditory receptor cell morphogenesis	GO:0002093	"clrn2	grxcr1a	ush1c	ush1ga"
retinal cone cell development	GO:0046549	"cacna2d4a	cacna2d4b	chd7	eys	fad	hmx1	med24	med27	nrl	six7	synj1	tbx2b	thrb	ttll11	ush1c	ush2a"
melanocyte migration	GO:0097324	"ase	bace2	csf1ra	gja5b	igsf11	kcnj13	kita	lmln	ltk	pcdh10a	psenen	slc24a5"
meiotic cell cycle	GO:0051321	"asz1	aurka	blm	bub3	dmc1	exd1	h2ax	hormad1	mei4	meiob	mnd1	mns1	moto	mre11a	msh4	nbn	piwil1	piwil2	pkmyt1	pld6	prdm9	psmc3ip	rbbp8	rbm46	rpa1	smc3	sycp3	tdrd1	tdrd9	terb1	tex11	trip13	tubgcp2	tubgcp3	tubgcp4	tubgcp5	wee2	zte38"
pancreas development	GO:0031016	"aldh1a2	apc	bms1	cdx1a	cdx1b	cdx4	celf1	cep128	cftr	cyp26a1	dnmt1	eaf1	eaf2	fgf10b	gata5	hnf1a	hnf1ba	hnf1bb	ildr2	jag1b	jag2b	klf6a	lsr	meis3	met	mgaa	nav3	notch1a	pbx4	pdx1	ppm1kb	ptf1a	rcl1	rnpc3	rpl23a	rpl6	selenoh	shha	smo	snapc4	sox9b	tbx16	tbxta	wnt2bb	yap1"
proteoglycan metabolic process	GO:0006029	cog4
regulation of oligodendrocyte apoptotic process	GO:1900141	"arf6a	arf6b	lsm7	tamalin"
defense response to bacterium	GO:0042742	"acod1	aep1	asap1a	asap1b	atp5fa1	bpifcl	c1ql4l	c3a.3	c6.1	c9	caspb	ccl20a.3	ccl34a.4	cd36	cfb	cfl1	cftr	chga	cxcr2	dram1	gbp4	hamp	ifng1	ifng1r	ifnphi1	il10	il11a	il1b	leap2	lygl1	lygl2	map3k5	marco	mpeg1.1	mpeg1.2	mpeg1.3	myd88	nkl.1	nkl.2	nkl.3	nkl.4	nod1	nod2	nos2a	nos2b	npsn	ntrk1	optn	pglyrp2	pglyrp5	pglyrp6	pycard	rab14	rab14l	rac2	ripk2	rnasel3	rnf213a	romo1	septin15	septin7b	shrprbck1r	si:dkey-22f5.9	sqstm1	tnfa	tnfb	tnfrsf1a	zgc:162941	zranb2"
glutamine biosynthetic process	GO:0006542	"glula	glulb	glulc	lgsn"
lens morphogenesis in camera-type eye	GO:0002089	"fn1a	foxe3	hsf4	htr1fa	htr1fb	itga5	lgsn	mab21l2	pax6b	tapt1a	tapt1b	tdrd7a	tdrd7b	unm_t32233	unm_t32234"
negative regulation of glycolytic process	GO:0045820	"tigara	tigarb"
regulation of pentose-phosphate shunt	GO:0043456	"tigara	tigarb"
negative regulation of MAPK cascade	GO:0043409	"dusp13a	dusp16	dusp2	dusp27	dusp29	dusp3a	dusp3b	dusp4	dusp5	dusp8a	il17rd	pebp1	si:ch211-121a2.2	si:ch211-195b15.8	si:ch211-223p8.8	zgc:153981"
autophagosome maturation	GO:0097352	"afg2b	atg12	atp6v0a1a	epg5	gabarapa	gabarapb	gabarapl2	lamp2	lix1	map1lc3a	map1lc3b	map1lc3c	map1lc3cl	mfsd8	snx14	spns1	tecpr1b	vcp	zgc:136908	zgc:92606"
retrograde protein transport, ER to cytosol	GO:0030970	"afg2b	erlec1	os9	selenos	vcp	zgc:136908"
mitotic spindle disassembly	GO:0051228	"afg2b	spast	vcp	zgc:136908"
Cdc42 protein signal transduction	GO:0032488	"cdc42	cdc42l	cdc42l2	rhoj	rhoua	rhoub	rhov	shtn1"
establishment of cell polarity	GO:0030010	"cdc42	cdc42l	cdc42l2	mmp14a	mmp14b	pard3ab	prkci	rhoj	rhoq	rhoua	rhoub	rhov	sdccag8	stat3	stk11	vangl2"
regulation of muscle contraction	GO:0006937	"atp2a1	hup	tnnt1	tnnt2a	tnnt2b	tnnt2c	tnnt2d	tnnt2e	tnnt3a	tnnt3b"
negative regulation of type II interferon production	GO:0032689	"lgals9l1	lgals9l3	lgals9l4	lgals9l5"
negative regulation of CD4-positive, alpha-beta T cell proliferation	GO:2000562	"lgals9l1	lgals9l3	lgals9l4	lgals9l5"
protein modification process	GO:0036211	"lipt1	lipt2	ntaq1	pcmt	pcmtd1	pcmtd2a	pcmtl	rimkla	sae1	si:dkey-181m9.8	tsg101a	tsg101b	ttl	ttll1	ttll10	ttll11	ttll12	ttll2	ttll3	ttll4	ttll5	ttll6	ttll7	ttll9	uba1	uba6	uba7	uevld	zgc:123278	zgc:66388"
positive regulation of oxygen metabolic process	GO:2000376	lipt2
protein lipoylation	GO:0009249	"lias	lipt1	lipt2"
arsonoacetate metabolic process	GO:0018872	"as3mt	zgc:153372"
toxin metabolic process	GO:0009404	"arl1	as3mt	zgc:153372"
lipid homeostasis	GO:0055088	"abhd8b	adck1	cln8	dgat2	fis1	fitm2	mtch2	nr1h3	pnpla2	pnpla3	psmd10	si:dkey-10f21.4	surf4	tlcd3a	tlcd3ba	tlcd3bb	tlcd4b	tm6sf2b	trappc11"
sensory perception of sound	GO:0007605	"adcy1b	adgrv1	atp2b1a	cdh23	cldn3c	cldn7b	clrn1	clrn2	clrn3	dcdc2b	espn	espnlb	get1	gjb8	grxcr1a	grxcr1b	lhfpl3	lhfpl4b	lhfpl5a	lhfpl5b	lrp5	myo3a	myo6a	myo6b	otofa	otogl	otos	otos2	pcdh15a	pcdh15b	pdzd7a	pkhd1l1.1	pkhd1l1.2	ripor2	slc26a2	slc44a1a	spns2	tmie	tomt	trpn1	ush1ga	whrna	whrnb"
centrosome duplication	GO:0051298	"cep192	chordc1a	chordc1b	cp110	sass6	usp33	zgc:92429"
habenula development	GO:0021986	"daam1a	kctd12.1	kctd12.2	med12	mib1	mycbp2	neurod4	neurog1	notch1a	pax6a	pitx2	sec61a1a	shha	smo	tcf7l2	ulk2	wif1	wls	wnt4"
positive regulation of neurogenesis	GO:0050769	"atoh7	fgf19	fgf3	gata3	grna	grnb	hdac1	lef1	lgals2a	neurod4	neurod6a	nlk1	numb	numbl	olig2	serpinf1"
olfactory placode development	GO:0071698	"dlx3b	htt	neurod4	neurog1	tfap2a	tfap2c"
lysosomal transport	GO:0007041	"fig4a	igf2r	pikfyve	vps51	vps52"
phosphatidylinositol dephosphorylation	GO:0046856	"fig4a	fig4b	inpp5b	inpp5d	inpp5e	inpp5f	inpp5jb	inpp5ka	inpp5kb	inpp5l	inppl1a	inppl1b	mtm1	mtmr10	mtmr11	mtmr12	mtmr1a	mtmr1b	mtmr2	mtmr6	mtmr7a	mtmr8	mtmr9	ocrl	pip4p1a	pip4p1b	pip4p2	ptena	ptenb	sacm1la	sacm1lb	synj1	tpte	zgc:154055"
thiamine metabolic process	GO:0006772	"thtpa	tpk1"
negative regulation of sprouting angiogenesis	GO:1903671	"arhgap18	dll4	sars1"
otolith mineralization completed early in development	GO:0031173	atg4b
mitophagy	GO:0000423	"ambra1a	ambra1b	atg10	atg13	atg14	atg4a	atg4b	atg4c	atg4da	atg5	atg7	atg9a	atg9b	becn1	gabarapa	gabarapb	gabarapl2	map1lc3a	map1lc3b	map1lc3c	map1lc3cl	nipsnap1	nipsnap2	nipsnap3a	prkn	rimoc1	si:ch211-212k18.15	snx30	snx7	sqstm1	tafazzin	ulk1b	ulk2	ulk3	zgc:92606"
autophagosome assembly	GO:0000045	"ambra1a	ambra1b	atg10	atg101	atg12	atg13	atg14	atg16l1	atg16l2	atg3	atg4a	atg4b	atg4c	atg4da	atg5	atg7	atp2a2a	atp2a2b	becn1	elapor1	emc6	gabarapa	gabarapb	gabarapl2	map1lc3a	map1lc3b	map1lc3c	map1lc3cl	nsfl1c	rab1aa	rab1ab	rab1ba	rab1bb	rab23	rab33a	rab33ba	rab43	rb1cc1	si:ch1073-143l10.2	si:ch211-260e23.9	si:dkey-28b4.8	sting1	stx12	stx12l	tmem41b	tp53inp1	ubxn2a	ulk1b	ulk2	ulk3	vmp1	wdr45	wdr45b	zgc:101559	zgc:171927	zgc:92606"
piecemeal microautophagy of the nucleus	GO:0034727	"atg12	atg13	atg4a	atg4b	atg4c	atg4da	atg5	atg9a	atg9b	rb1cc1	snx30	snx7	ulk1b	ulk2	ulk3"
protein processing	GO:0016485	"actmap	adamts14	adamts3	aph1b	atg4a	atg4b	atg4c	atg4da	bmp1a	cpda	cpdb	cpe	cpm	cpn1	ddi2	kel	lonp2	metap1	metap2b	mmel1	ncstn	ndr1	ndr2	pcsk7	phex	pitrm1	pmm2	psen1	psen2	st14a	tll1	tysnd1	zgc:114200"
aggrephagy	GO:0035973	"atg4a	atg4b	atg4c	atg4da	atg5	sqstm1	wdr81"
microautophagy	GO:0016237	atg4b
membrane protein ectodomain proteolysis	GO:0006509	"adam10a	adam17a	adam17b	adam19b	bace1	psen1	psen2	rbmx"
positive regulation of translation	GO:0045727	"fmr1	fxr1	fxr2	guf1	larp4aa	mettl3	mettl5	pcif1	prr16	pym1	si:ch211-178n15.1	ssb	upf3a	upf3b"
protein N-linked glycosylation via asparagine	GO:0018279	"ddost	magt1	ost4	rpn1	st6gal1	stt3a	stt3b"
anterior/posterior axis specification	GO:0009948	"ccm2	ccm2l	cdx1a	cdx1b	cdx4	chrd	gsc	krit1	lft1	lft2	lhx1a	map3k3	mmp14a	mmp14b	pnpla6	rela	rgs18	rnf2	zic3"
venous blood vessel morphogenesis	GO:0048845	"adrb1	ccbe1	ccm2	dll4	ephb4a	isl2a	tnnt2a	vegfc"
positive regulation of vasculature development	GO:1904018	ccm2
cell development	GO:0048468	"axin1	axin2	irx1a	irx1b	irx2a	irx3a	irx3b	irx4b	irx5b	irx6a	irx7	mkxa	mkxb	plxnb2a.2	plxnb2a.3	prox2	prox3	sema4bb	sema4f	sema6a	shhb"
aerobic respiration	GO:0009060	"ccn6	cln5	mt-co1	mt-nd1	mt-nd4	mtfr1	mtfr1l	mtfr2	ndufs7	sdhb"
response to starvation	GO:0042594	"gcga	gcgb	gip	hcrt	lepb	mrap2b	pck1	pck2	ulk1b	ulk2	ulk3"
ribosomal small subunit biogenesis	GO:0042274	"heatr1	imp3	ltv1	ngdn	nob1	nom1	npm1a	pno1	rps12	rps15a	rps28	rps3a	rps4x	rps7	rps8a	rps9	utp15	wdr75	zgc:86811"
digestive system development	GO:0055123	"apc	bhmt	leg1.1	leg1.2	ltv1	mphosph10	pwp2h	sec13	sec31a	tcf7l2	utp3"
cartilage morphogenesis	GO:0060536	"alcama	chsy1	col11a1a	col11a2	crispld2	cyp26b1	dchs2	edn1	elf3	fat3a	foxl1	furina	gpc4	grem2b	hot	ids	l1camb	ltv1	mef2ca	plcb3	rap1aa	rap1b	rerea	sec24d	smc5	sox9a	tbx1	tmem165	trrap	wls	wnt5b	wnt9a"
regulation of odontogenesis	GO:0042481	"csf1ra	csf1rb	rspo2	rspo3	trrap	tspeara	tspearb"
bone morphogenesis	GO:0060349	"atp2b1a	bmp6	bmp7b	ctsk	cyp26b1	dml	edn1	efemp1	gja1b	kat2a	kat2b	kif5ba	kif5bb	ltbp1	mef2ca	nkx3-2	piezo1	sh3pxd2b	sp7	tspeara	tspearb	wnt16"
negative regulation of coagulation	GO:0050819	"anxa5a	anxa5b	sppl2"
membrane protein proteolysis	GO:0033619	"sppl2	sppl3	zgc:123258"
B cell differentiation	GO:0030183	"cd79b	dnmt1	flt3	ikzf1	kita	kitb	prkdc	rabl3	rag1	rag2	runx1	slc39a7"
multicellular organism development	GO:0007275	"alk	csf1ra	ddr1	ddr2a	ddr2l	egfra	ek1	epha2a	epha2b	epha4a	epha4b	ephb3a	ephb4a	ephb4b	erbb2	erbb3b	erbb4a	fgfr1a	fgfr2	fgfr3	fgfr4	flt1	flt3	flt4	insrb	kdr	kdrl	kita	kitb	ltk	mertka	met	musk	npm2b	ntrk1	ntrk2b	ntrk3a	pdgfaa	pdgfra	ret	ror1	ror2	ryk	tek	tyro3"
myeloid cell development	GO:0061515	"ak3	arhgef3	csf3a	csf3b	flt3	gata2a	irf8	jmjd1cb	nfil3	ptena	ptenb	ptpn9a	rnf145b	sf3b1	smad1	smad9	smoc2	tbx16	tpma"
closure of optic fissure	GO:0061386	"adamts16	afap1l2	fat1a	fgf8a	foxc1a	lmx1ba	lmx1bb	mab21l2	mitfa	nid2a	ntn1a	pax2a	phactr4a	phactr4b	pitx2	rerea	sfrp1a	sfrp5	sox11a	sox11b	sox4a	sox4b	tfec	tln1	vax1	vax2"
glutamatergic neuron differentiation	GO:1905962	"lmx1ba	lmx1bb"
optic cup morphogenesis involved in camera-type eye development	GO:0002072	"lmx1ba	lmx1bb	mab21l2	plxna1a	sema6ca	smoc1	traf4a"
midbrain-hindbrain boundary development	GO:0030917	"apc	atp1a1a.1	brd2a	cdh2	cnpy1	creb1a	cyp26a1	en2a	en2b	fgf22	fgf8a	foxl2a	foxl2b	grhl2b	grhl3	her11	her5	lmx1ba	lmx1bb	nin	nr6a1a	nr6a1b	otx2a	otx2b	pax2a	pou5f3	prmt8b	rarab	rnf152	shha	wls	wnt1	wnt10b	wnt3a"
fourth ventricle development	GO:0021592	"fgfrl1a	foxl2a	foxl2b	hoxb1b	lmx1ba	lmx1bb	rfng	wnt1	zic1	zic4"
pronephric glomerulus morphogenesis	GO:0035775	"abrab	apol1	lmx1ba	lmx1bb	mdm2	noto	osr1	pax2a	podxl	ponzr1	tbx16	tbxta	tdgf1	vcana"
auditory receptor cell development	GO:0060117	"cdh23	dctn2	dusp14	jag1b	lmx1bb	mif	mko	myo6a	slc26a2	tmem132e	wars1"
semicircular canal morphogenesis	GO:0048752	"atp1a1a.2	bmp2b	cdh2	ext2	gly	hnf1ba	igf1ra	igf1rb	jag1b	lmx1bb	ncs1a	otogl	pno	smo	sox10	sparc	sparcl1	tbx1	tmie"
inner ear morphogenesis	GO:0042472	"ant	atp1b2b	chd7	cod	eya1	eya4	fgf3	fsb	gpa	gsdmeb	hmx2	hmx3a	igfbp3	irx1a	jag1b	lmx1bb	mko	myo6a	otop1	otx1	phf8	pi4kb	pno	slc12a2	smo	tmc2b	tmie	ton"
arterial endothelial cell fate commitment	GO:0060844	"ezh1	smo"
cholesterol biosynthetic process	GO:0006695	"apoa1a	cyb5r3	cyp51	dhcr7	ebp	hmgcs1	hsd17b7	insig1	insig2	lbr	lss	msmo1	mvda	mvk	pmvk	prkaa1	prkaa2	si:ch1073-429i10.1	tm7sf2"
steroid biosynthetic process	GO:0006694	"ch25h	ch25hl1.1	ch25hl1.2	ch25hl2	cyb5r2	cyb5r3	cyp11a1.1	cyp11a1.2	cyp11c1	cyp17a1	cyp51	dhcr7	ebp	fdx1b	fdxr	hmgcra	hmgcrb	hmgcs1	hsd17b12a	hsd17b12b	hsd17b3	hsd17b7	hsd20b2	hsd3b1	hsd3b2	hsd3b7	lbr	msmo1	mvda	mvk	nsdhl	pmvk	prkaa1	prkaa2	sc5d	sdr42e1	sdr42e2	si:ch1073-429i10.1	srd5a1	srd5a2a	star	star2	tm7sf2"
nucleic acid metabolic process	GO:0090304	trap1
morphogenesis of embryonic epithelium	GO:0016331	"pou5f3	tbx18	tbx6"
cell fate specification	GO:0001708	"apc	cdkn1ca	en2a	en2b	fgf3	fgf8a	her4.1	hey1	hoxb5a	hoxb5b	ihha	ihhb	mgaa	pax2a	pou1f1	ppdpfa	rx3	shha	shhb	tbr1a	tbr1b	tbx1	tbx15	tbx16	tbx16l	tbx18	tbx20	tbx21	tbx22	tbx2b	tbx3a	tbx3b	tbx4	tbx5a	tbx5b	tbx6	tbxta	tbxtb"
epithelium development	GO:0060429	"cdh10a	cdh11	cdh12a	cdh12b	cdh15	cdh19	cdh26.1	cdh27	cdh31	cdh4	cdh6	cdh7a	cdh8	dsg2l	eomesb	irf6	magl	mmp9	myrf	nfat5a	nfat5b	nfatc1	nfatc2a	nfatc2b	nfatc3a	nfatc3b	nfatc4	nfkb1	nfkb2	popdc1	rbpjl	rel	rela	relb	runx1	runx2a	runx2b	runx3	si:ch211-186j3.6	si:ch73-74h11.1	si:dkey-22o22.2	spint1a	spint1b	stat1a	stat1b	stat2	stat4	stat5a	stat5b	stat6	tbr1a	tbr1b	tbx1	tbx15	tbx16l	tbx19	tbx1l	tbx20	tbx21	tbx4	tbx5a	tcf7	tcf7l1b	tcf7l2	tp53	tp73	zmp:0000000625"
ubiquitin-dependent protein catabolic process via the C-end degron rule pathway	GO:0140627	"dcaf12	fem1a	fem1c"
regulation of autophagy	GO:0010506	"asah1b	atg13	cisd1	cisd2	clec16a	ctns	dcaf12	dram1	dram2b	epm2a	gba1	gpr137ba	gpr137bb	hspd1	keap1a	keap1b	lars1b	mtcl2	mtcl3a	mtm1	mtmr14	pdik1l	psen2	rmc1	rptor	si:ch211-63o20.7	si:dkeyp-72g9.4	smcr8b	sqstm1	sting1	stk11	stk35	stk35l	ulk1a	ulk1b	ulk2	ulk3	ush2a	usp10	usp13	vcp	waca	wacb	washc4	wdr41	zgc:110843"
chloride transport	GO:0006821	"abcc4	best1	bsnd	cftr	clcc1	clcn1a	clcn1b	clcn2a	clcn2b	clcn2c	clcn3	clcn4	clcn5a	clcn5b	clcn6	clcn7	clcnk	clic1	clic2	clic3	clic4	clic5a	clic5b	clns1a	gabra1	gabra2a	gabra3	gabra4	gabra5	gabra6a	gabra6b	gabrb1	gabrb2a	gabrb3	gabrb4	gabrd	gabrg1	gabrg2	gabrp	gabrr1	gabrr2a	gabrr2b	gabrr3a	gabrz	glra1	glra2	glra3	glra4a	glra4b	glrba	glrbb	pacc1	slc12a10.2	slc17a6a	slc17a6b	slc17a7a	slc17a7b	slc17a8	slc26a3.1	slc26a4	slc26a5	slc26a6l1	slc5a8l	ttyh1	ttyh2	ttyh2l	ttyh3a	ttyh3b"
adenylate cyclase-modulating G protein-coupled receptor signaling pathway	GO:0007188	"adcyap1r1a	drd4b	ghrhr2	ghrhra	gipr	gna11a	gna11b	gna12a	gna14	gna14a	gna15.1	gna15.4	gnai1	gnai2a	gnai2b	gnai3	gnaia	gnao1a	gnao1b	gnaq	gnat1	gnat2	gnav1	gnaz	lpar6a	pth2ra	pth2rb	pth3r	vip	vipr1a	vipr1b	vipr2"
tRNA aminoacylation for protein translation	GO:0006418	"cars1	cars2	dalrd3	dars1	dars2	ears2	eprs1	gars1	hars	iars1	iars2	kars1	lars1b	lars2	mars1	mars2	nars1	nars2	pars2	qars1	rars1	rars2	sars1	sars2	si:ch211-256m1.8	tars1	tars2	tars3	vars1	vars2	wars1	wars2	yars1	yars2"
prolyl-tRNA aminoacylation	GO:0006433	"eprs1	pars2"
excitatory postsynaptic potential	GO:0060079	"glra3	grin2ab	grin2bb	grin2ca	grin2cb	grin2da	npas4a	pcdh19"
regulation of neuronal action potential	GO:0098908	"depdc5	pcdh19"
neural tube formation	GO:0001841	"ccdc88c	cdh1	cdh2	dlx5a	dlx6a	htt	mdka	neo1a	nin	pals1a	pard6a	pard6gb	pcdh19	prkci	scrib	vangl2	zic2a	zic5"
regulatory ncRNA-mediated post-transcriptional gene silencing	GO:0035194	"ago3b	ago4	helz	mov10a	mov10b.1	mov10b.2	mov10l1"
DNA methylation-dependent constitutive heterochromatin formation	GO:0006346	"dnmt1	mbd1a	mbd1b	mbd2	mbd3a	mbd3b"
swim bladder formation	GO:0048797	"atoh8	gata4	wnt7bb"
positive regulation of JNK cascade	GO:0046330	"ankrd6b	axin1	edar	mapkbp1	rassf2a	rassf2b	sh3rf1	sh3rf2	si:dkey-204l11.1	taok1b	tnfrsf19	traf4a	traf4b	wnt7aa	wnt7ab	wnt7ba	wnt7bb"
tissue development	GO:0009888	"foxa	foxb1b	foxd1	foxd2	foxd7	foxe3	foxi2	foxl2l	foxl3	foxq1a	foxq1b	foxq2	lama1	lama2	lama3	lamb1a	lamb1b	lamb2l	lamb4	lamc1	lamc3	nr5a1a	nr5a1b	nr5a2	nr5a5	ntn1a	ntn1b	ntn2	ntn4	ntn5	ptf1a	shhb	si:dkey-202e22.2	si:dkey-220k22.1	si:rp71-45k5.2	tgfb5	wnt7aa	wnt7ab	wnt7ba	wnt7bb	zgc:113424"
telomere maintenance	GO:0000723	"acd	atm	dclre1b	dclre1c	mre11a	nbn	pif1	pot1	prkdc	rad50	rad51d	recql4	rif1	rtel1	stn1	terf1	terf2ip	terfa	wrn	xrcc5	xrcc6	zgc:162895	znf365"
telomeric loop formation	GO:0031627	dclre1b
protection from non-homologous end joining at telomere	GO:0031848	"dclre1b	nbn	terf2ip	terfa"
telomeric 3' overhang formation	GO:0031860	dclre1b
vesicle fusion	GO:0006906	"gosr1	gosr2	si:ch73-234b20.5	stx10	stx12	stx12l	stx17	stx3b	stx4	stx5a	stx6	stx7l	stx8	sybl1	syt11a	syt11b	syt4	syt7b	tsnare1	vamp1a	vamp1b	vamp2	vamp3	vamp5	vamp8"
SNARE complex assembly	GO:0035493	"si:ch73-234b20.5	uvrag	vamp1a	vamp1b	vamp2	vamp3	vamp4	vamp5	vamp8"
basement membrane assembly	GO:0070831	"col14a1a	lama3	lamb1a	lamb1b	lamb2	lamb2l	lamb4	mibp2	ntn4	pxdn	si:dkey-202e22.2	si:dkey-220k22.1"
semicircular canal development	GO:0060872	"arf1	ildr1b	jag1b	kif15	nbl1	ncs1a	pi4kb	pink1	s1pr2	wls"
phosphatidylinositol phosphate biosynthetic process	GO:0046854	"bpnt1	bpnt2	efr3bb	hycc1	hycc2	impa1	impa2	ip6k1	ip6k2a	ip6k2b	itpka	itpkb	itpkca	pi4k2a	pi4k2b	pi4kaa	pi4kb	pik3c2a	pik3c2b	pik3c2g	pik3c3	pik3ca	pik3cb	pik3cd	pik3cg	pip4k2aa	pip4k2ca	pip4k2cb	pip5k1aa	si:ch211-160o17.2	si:rp71-17i16.5	zgc:158659"
inner ear receptor cell development	GO:0060119	"atoh1a	atp2b1a	dlx3b	dlx4b	neurod1	pdzd7a	pgk1	pi4kb	sox2	stat3	tmc2a	vdrb"
phosphatidylinositol-mediated signaling	GO:0048015	"pi4kb	pik3c2b	pik3ca	pik3cb	pik3cd	plcb3	plcg1	zgc:158659"
pronephros structural organization	GO:0072118	"camk2g1	camk2g2	pi4kb"
regulation of neural crest formation	GO:0090299	"hdac4	parp3"
perichondral ossification	GO:0036073	hdac4
epigenetic regulation of gene expression	GO:0040029	"cxxc1b	ddx39ab	dnmt1	dnmt3bb.2	ehmt1a	ehmt2	hdac10	hdac12	hdac3	hdac4	hdac5	hdac6	hdac7b	kat2a	kat2b	kdm1a	mettl23	rnf2	rnf8	tet1	tet3	znf644a	znf644b"
pronephros morphogenesis	GO:0072114	"aifm3	camk2g1	cfap298	crkl	hdac4	hdac5	invs	nphp4	pax2a	pkd2	pls3	ret	septin15	snap29"
tRNA N1-guanine methylation	GO:0002939	"trmt10a	trmt10b	trmt5"
mitochondrial translational elongation	GO:0070125	"gfm1	mrpl44	tsfm	tufm"
translational elongation	GO:0006414	"calcoco1b	eef1a1a	eef1a1b	eef1a1l1	eef1a1l2	eef1a1l3	eef1a2	eef1b2	eef1da	eef1db	eef1e1	eef1g	eef2a.1	eef2a.2	eef2b	eef2k	eef2l2	eefsec	efl1	eif5a	eif5a2	ell	ell2	eloal	elocb	elof1	gfm1	gtpbp1l	gtpbp2b	nelfa	nelfb	nelfcd	nelfe	rplp1	rplp2	rplp2l	supt5h	supt6h	tcea1	tcea2	tcea3	tefm	tsfm	tufm"
detection of chemical stimulus involved in sensory perception of smell	GO:0050911	"or109-6	or15.37	or21.49	or30bt1	or30bt2	or30bt3	or30bt4	or30bt5	or30bu1	or30bu2	or30bv1	or30bw1	or41a1	or41a2	or41a3	or42a1	or42a2	or42a4	or42a5	or42a6	or42a8	or42a9	or42b1	or42b2	or42c1	or42c3	or42c4	or42c5	or42d1	or42d2	or42d3	or42e1	or42e2	or42e3	or60a1	or61a1	or61b1	or61c1	or61c2	or61c3	or62a1	or62a2	or62a3	or62b1	or62b2	or62b3	or62b4	or62b5	or62c1	or62c2	or62c4	or62c5	or62c6	or63a2	or63b1	or63b2	or64a1	or64b1	or64b2	or64b3	or64b4	or64c1	or64d1	or64e1	or64f1	or64g1	or64g2	or6at1	or70a1	or70a11	or70a12	or70a13	or70a14	or70a15	or70a16	or70a2	or70a3	or70a4	or70a5	or70a7	or70a8	or70b1	or70c1	or71al2	or71aq1	or71aq2	or71ar1	or71as1	or71as2	or71at1	or80a1	or80a11	or80a2	or80a3	or80a4	or80a5	or80a6	or80a7	or80a8	or80a9	or90a1	or90d1	or90d3	or90j1	or91a1	or91a2	or91a3	or92a1	or92a2	or92a3	or92a4	or92a7	or93a8	or93a9	or94a1	or95a1	taar13c	zgc:194312"
positive regulation of fertilization	GO:1905516	"dcst1	dcst2	lhfpl2a	prdm9	vtg3"
regulation of fusion of sperm to egg plasma membrane	GO:0043012	"dcst2	spaca6"
response to mechanical stimulus	GO:0009612	"acp5b	alpl	atp2a1	bglap	col1a2	ctsk	dcst1	dlx5a	nfatc1	pkd2l1	sema4d	tnfrsf11b	tnfsf11"
calcineurin-NFAT signaling cascade	GO:0033173	"nfat5a	nfatc1	nfatc2a	nfatc2b	nfatc3a	nfatc4	ppp3ca"
granuloma formation	GO:0002432	"nfatc2a	stat6"
positive regulation of triglyceride catabolic process	GO:0010898	"pnpla2	pnpla3"
triglyceride catabolic process	GO:0019433	"lipca	lipea	lipeb	lipg	lpla	pnpla2	pnpla3"
toll-like receptor 2 signaling pathway	GO:0034134	tnip2
cellular response to lipopolysaccharide	GO:0071222	"cd276	cxcl20	cxcl8a	cxcl8b.1	hhla2b.2	igldcp	il13	il17a/f3	il17c	il17d	il1fma	ldlra	nfkbib	psmb9a	shpk	si:ch211-153b23.7	si:dkey-15j16.6	si:dkey-192g7.3	si:dkey-208m12.2	si:dkey-222p3.1	si:dkey-22i16.9	si:dkeyp-77h1.4	tet1	tet3	tnip1	tnip2	zgc:112965	zgc:123297	zgc:153911	zgc:162154	zgc:172120	zgc:194627"
toll-like receptor 3 signaling pathway	GO:0034138	"tnip2	unc93b1"
sensory perception of smell	GO:0007608	"cnga2a	cnga2b	gprc6a	nxnl2	ompa	ompb	or15.37	or30bt1	or30bt2	or30bt3	or30bu1	or30bu2	or30bv1	or30bw1	or30bx1	or30by3	or41a1	or41a2	or41a3	or55e1	or60a1	or61b1	or61c2	or61c3	or62a1	or62a2	or62a3	or62b1	or62b2	or62b4	or62c5	or62c6	or63a2	or63b1	or63b2	or63h1	or64a1	or6at1	or71al2	or71as1	or71as2	or71at1	or91a3	ora1	ora4	ric8b	taar13c"
regulation of exocytosis	GO:0017157	"cplane2	lgi3	rab28	rab33ba	ralaa	ralab	septin4a	septin5a	septin5b	zgc:101559	zgc:162239"
gluconeogenesis	GO:0006094	"fbp1a	fbp1b	fbp2	foxo1a	g6pc1a.1	g6pc1a.2	g6pc1b	g6pc3	gpia	gpib	insra	pck1	pck2	pcxa	pcxb	pgk1	tpi1a	tpi1b"
smooth muscle tissue development	GO:0048745	"foxo1a	smo	zeb1a"
smooth muscle cell proliferation	GO:0048659	"foxo1a	ltbp3	naa35"
smooth muscle cell differentiation	GO:0051145	"foxo1a	ltbp3	mrtfab	mrtfba	mrtfbb"
release of sequestered calcium ion into cytosol	GO:0051209	"htr2ab	htr2b	htr2cl1	ibtk	itpr1a	itpr1b	nebel	pkd2	plcb3	plcg1	ryk	wnt5b"
epithelial cilium movement involved in extracellular fluid movement	GO:0003351	"arhgef11	ccdc103	ccdc40	ccdc57	dnaaf11	dnaaf2	dnaaf4	dnah9l	foxj1a	ift57	ift88	ruvbl1	ruvbl2	shy	spag6"
stress fiber assembly	GO:0043149	"arhgef11	gna12a	gna13a	gna13b	itgb5	marchf7	rhoac	sdc4"
protein targeting to chloroplast	GO:0045036	"ankrd10a	ankrd10b	nrarpa	nrarpb"
glycerophospholipid catabolic process	GO:0046475	"gdpd1	gdpd3a	pla2g4aa	si:ch73-55i23.1	smpd4	zgc:101699"
spindle assembly	GO:0051225	"cep63	csnk1da	csnk1db	haus1	haus2	haus3	haus4	haus5	haus6	haus8	map9	mapre1a	mapre2	ppp2r1ba	ppp2r1bb	stil	tubgcp2	tubgcp3	tubgcp4	tubgcp5"
centrosome cycle	GO:0007098	"aurka	cfy	haus1	haus2	haus4	haus5	haus6	haus8	pard6a	pard6b	pard6ga	pard6gb	sdccag8	si:ch73-95l15.5	si:dkey-121a11.3"
positive regulation of mitochondrial calcium ion concentration	GO:0051561	"mcu	mcur1	micu1"
positive regulation of insulin secretion	GO:0032024	"aacs	mcu	trh"
establishment of localization in cell	GO:0051649	"amotl2a	dnaaf11	mcu	slc18a3a	slc18a3b"
glucose homeostasis	GO:0042593	"akr1a1a	akr1a1b	akt2	aldh3a1	ankrd55	aspscr1	elmo1	fitm2	gck	gckr	glis3	gpr27	hnf1ba	insrb	klhl42	lepb	mcu	notch2	park7	pax4	pdx1	rpl11	slc30a8	spx	stk11	tnksb	wfs1b	yap1"
protein complex oligomerization	GO:0051259	"dnm1l	hscb	mcu	otol1a	smn1"
cytidine deamination	GO:0009972	"cdaa	cdab	cdadc1	dctd	zgc:103586"
response to food	GO:0032094	"ghrl	mboat4	nucb2a	nucb2b"
peptidyl-serine octanoylation	GO:0018191	mboat4
lipid modification	GO:0030258	"mboat1	mboat2a	mboat2b	mboat4	mboat7	porcnl"
cAMP-mediated signaling	GO:0019933	"adgrg6	cap1	cap2	pde11a	pde1a	pde3b	pde4a	pde4cb	pde6a	pde6b	pde6c	pde8a	pde9aa"
mitotic sister chromatid segregation	GO:0000070	"cdca8	cdca9	cenpi	kif18a	knstrn	mis12	ncapd2	ncapg	ncapg2	ncaph	nsl1	ran	ska1	ska2	ska3	tubg1"
lysosome organization	GO:0007040	"aktip	cln3	cln5	cln6b	clvs2	fhip1b	gnptab	hook1	lamtor1	mfsd8	snapin	tmem251	vps16	vps18"
regulation of intracellular pH	GO:0051453	"ca15b	ca7	cln3	cxcl12a	cxcl12b	cxcr4b	slc4a1a	slc4a1b	slc4a2b	slc4a3	slc4a8	slc9a1b	slc9a2	slc9a3.1	slc9a3.2	slc9a5	slc9a6b	slc9a7	slc9a8"
mRNA 3'-end processing	GO:0031124	"clp1	cpsf4	cstf1	cstf2	cstf3	nudt21	pcf11	rprd2a	tent2	wdr33"
regulation of termination of DNA-templated transcription	GO:0031554	pcf11
intestinal epithelial structure maintenance	GO:0060729	"cdipt	chd8	dot1l	mllt10	ptbp1a	tcf7l2	tert	tnfa	tp53	uhrf1"
nuclear envelope organization	GO:0006998	"ctdnep1a	ctdnep1b	lemd3	lmna	lmnb1	lmnb2	lmnl3	reep3b"
positive regulation of triglyceride biosynthetic process	GO:0010867	"cnep1r1	ctdnep1a	ctdnep1b"
negative regulation of transforming growth factor beta receptor signaling pathway	GO:0030512	"bambia	bambib	bcl9l	ids	ldlrad4a	ldlrad4b	pmepa1	ppm1bb	skia	skib	skilb	tdp2b"
macrophage activation involved in immune response	GO:0002281	"cxcr3.2	spi1b	syk"
chemotaxis	GO:0006935	"ackr3a	ackr3b	ackr4a	ackr4b	c5ar1	cabz01093075.1	ccl19a.1	ccl20a.3	ccl20a.4	ccl20b	ccl27a	ccl36.1	ccl38.1	ccl38.6	ccl38a.3	ccl38a.4	ccl38a.5	ccr11.1	ccr12a	ccr12b.1	ccr12b.2	ccr2	ccr6a	ccr7	ccr8.1	ccr9a	ccr9b	cmklr2	cxcl11.1	cxcl11.3	cxcl11.4	cxcl11.5	cxcl11.6	cxcl11.7	cxcl11.8	cxcl12a	cxcl12b	cxcl19	cxcl20	cxcl8a	cxcl8b.1	cxcl8b.3	cxcr2	cxcr3.1	cxcr3.2	cxcr4a	cxcr4b	fer	maco1a	maco1b	pdgfra	ptafr	rac2	ripor2	s1pr1	si:cabz01093077.1	si:ch1073-406l10.2	si:ch211-207g17.3	xcr1a.1	xcr1b.1	zgc:195173"
leukocyte migration involved in immune response	GO:0002522	cxcr3.2
chemokine-mediated signaling pathway	GO:0070098	"ccr9a	ccr9b	cxcl20	cxcl8b.1	cxcr3.2	cxcr4a	cxcr4b"
negative regulation of JUN kinase activity	GO:0043508	aida
negative regulation of protein-containing complex assembly	GO:0031333	aida
negative regulation of JNK cascade	GO:0046329	"aida	cyld	dact1	dusp10	dusp2"
negative regulation of determination of dorsal identity	GO:2000016	aida
olfactory nerve formation	GO:0021628	"dlx5a	fgfr1a	homer2	lingo2a	lrrn1	st8sia6"
olfactory placode morphogenesis	GO:0071699	"dlx5a	fgfr1a	homer2	lingo2a	lrrn1	st8sia6"
opsin transport	GO:0036372	"b9d2	dync1li1	eys	ift122	ift70	ift74	invs	iqcb1	kif3b	sec13"
protein polyglutamylation	GO:0018095	"cep41	cfap20	ift70	tpgs1	tpgs2	ttll6"
establishment of planar polarity	GO:0001736	"b9d2	ift70	intu	invs	scrib	stat3	vangl2"
otic vesicle development	GO:0071599	"ahi1	apc	atp1a1a.1	crbn	dlx3b	esrrga	esrrgb	fgf10b	fgf3	fgf8a	fll	foxi1	gsc	hoxb1b	kcng4b	mib1	myo6a	nherf1a	nono	npc1	npc2.1	pgk1	pogza	psmd3	rbm24a	rgs18	sox2	supt6h	tfap2a	vdrb	wfs1a	wwc1"
dermal bone morphogenesis	GO:0061972	"edar	prkcz	unm_mh18	waslb"
fin development	GO:0033333	"ahr2	and1	and2	bmp1a	col1a1a	col2a1b	crbn	edar	fras1	frem1a	frem2a	gja1b	hhip	hmcn1	hoxa13a	hoxa13b	itga3b	kcnk5b	lama5	lef1	plod1a	prdm1a	rpz	sufu	tcf7	trim33	tut"
bone development	GO:0060348	"akt2	atp6v1h	bglap	ctsk	eda	edar	epyc	gnptab	ids	lrif1	mafbb	ogna	ognb	smchd1	spp1	sulf2a	sulf2b"
regulation of transcription of nucleolar large rRNA by RNA polymerase I	GO:1901836	ddx11
nucleolar chromatin organization	GO:1990700	ddx11
establishment of sister chromatid cohesion	GO:0034085	ddx11
rRNA transcription	GO:0009303	"chd7	ddx11	kdm2bb	ncl	polr1a"
central canal development	GO:0061524	"ccdc57	cfap298	dnaaf1	fal	flw	foxj1a	traf3ip1"
spindle elongation	GO:0051231	"kif11	kif4"
mitotic spindle assembly	GO:0090307	"abraxas1	abraxas2	bccip	birc5b	ccdc61	cfy	clasp2	kif11	kifc1	mzt1	spice1"
eye photoreceptor cell development	GO:0042462	"adgrv1	cep290	cpsf4	crb2b	crx	dhdds	dnmt3bb.2	dzank1	fad	gdf6a	grna	her9	ift57	ift88	irx1a	kif17	med29	ninl	odc1	pdzd7a	poc5	popdc1	rtn4ip1	sec13	shha	ush2a"
melanosome localization	GO:0032400	"adcy3a	adcy5	crhb	fad	mchr2b	pomca	zgc:91968"
retinal rod cell development	GO:0046548	"adipor1b	fad	mafba	nek2	nrl	rpgrb	rpgrip1	rpgrip1l	sigmar1	sox11a	sox11b	tbx2b	ush2a"
pigment cell development	GO:0070285	"cdh2	ece2b	edn3b	enz	ltk	ovol1a	ric8b"
regulation of gastrulation	GO:0010470	"disc1	zeb1a	zeb1b"
cell maturation	GO:0048469	"e2f1	ltbp3	lyz	rb1	saa	zeb1a"
tissue migration	GO:0090130	"ltbp3	zeb1a"
regulation of cell-cell adhesion involved in gastrulation	GO:0070587	"zeb1a	zeb1b"
gastro-intestinal system smooth muscle contraction	GO:0014831	"kita	ltbp3	zeb1a"
prechordal plate formation	GO:0021501	"dns	foxh1	pitx2	rnf111	tdgf1	vsx1"
skin development	GO:0043588	"bob	ccl33.2	ccl33.3	ddf	dspa	dspb	ikbkb	llgl2	mtor	myo5b	rps6ka3a"
anal fin morphogenesis	GO:0035144	dml
negative regulation of neurogenesis	GO:0050768	"her11	her3	her5	her8a	her9	id1	med23	neurog1	notch1a	notch3	prtga	sox10"
regulation of neuron differentiation	GO:0045664	"alk	appb	eed	eftud2	glra1	glra4a	gnl2	gnl3	her2	her6	id1	id2a	ltk	mecp2	mib1	mosmob	olig4	stmn4	zfhx3a	zfhx3b"
response to estrogen	GO:0043627	"cyp19a1b	esr1	esr2a	esr2b	hsp90ab1"
muscle organ development	GO:0007517	"arrb2b	cavin4a	cert1a	chst11	col6a2	col6a4a	col6a4b	dmd	fhl1a	fhl1b	frg1	fxr1	gli2a	hdgfl2	hs6st2	hsp90aa1.1	hsp90ab1	itgb1a	itgb1b	itgb1b.1	kmt5b	lama2	lamb1a	lamc1	loxa	mbnl2	megf10	mibp2	mkxa	mkxb	mstnb	myf5	myf6	mymk	myod1	myog	noc3l	obscna	ripor2	scube2	sgcb	shha	smo	spega	st8sia3	tmem182a	tmem182b	unc45b"
leukocyte migration	GO:0050900	"hsp90aa1.1	hsp90ab1	itga3b	itga6a	itga6b"
positive regulation of transforming growth factor beta receptor signaling pathway	GO:0030511	"flcn	hsp90ab1	mmp2	mmp9"
negative regulation of proteasomal ubiquitin-dependent protein catabolic process	GO:0032435	"bag6l	edn1	fhit	hsp90ab1	n4bp1	ubxn1"
positive regulation of nitric oxide biosynthetic process	GO:0045429	hsp90aa1.1
response to metal ion	GO:0010038	"atp7a	hsp70l	hsp90aa1.1	mt2	slc11a2	sod1	zgc:63972"
skeletal muscle myosin thick filament assembly	GO:0030241	"hsp90aa1.1	mef2ca	mef2d	smyd1a	smyd1b	tcap"
skeletal muscle thin filament assembly	GO:0030240	"cct5	hsp90aa1.1	lmod3	smyd1a	smyd1b	smyhc1	tcap"
sarcomerogenesis	GO:0048769	"cbfb	fut8a	hsp90aa1.1	mylk3	myo18b	smyd1b	tcap	ttn.1	ttn.2"
myofibril assembly	GO:0030239	"ache	actn2b	chrnd	cryaba	cryabb	cxcl12a	cxcr4a	desma	dnajb6b	flii	hsp90aa1.1	lmod1a	lmod1b	lmod2a	lmod2b	lmod3	mef2aa	megf10	myl9a	myl9b	myo18b	myot	naca	obscnb	pgm5	plecb	prox1a	smo	smyd1b	tmod2	tmod4	tnni2a.4	tnnt3a	tnnt3b	ttn.1	ttn.2	unc45b	vcp"
striated muscle myosin thick filament assembly	GO:0071688	"hsp90aa1.1	smyhc1	ttn.1	ttn.2"
skeletal myofibril assembly	GO:0014866	"chchd10	dusp27	fkrp	hsp90aa1.1	myo18aa	myo18ab	obscnb	popdc1	qki2	qkia	smyd1a	smyd1b	tango2	tmod4	tpcn2	tpm3	ttn.1"
positive regulation of phosphatidylinositol 3-kinase/protein kinase B signal transduction	GO:0051897	"aggf1	ddr1	ddr2a	ddr2l	hcst	igf1	igf3	insrb	lepa	lepb	ntrk1	ntrk2b	ntrk3a	pdgfaa	pdgfab	pdgfba	pdgfbb	pdgfc	pdgfrb	ryk	tek	vegfaa"
endothelial cell-cell adhesion	GO:0071603	"adgrl2a	tie1"
vestibular receptor cell stereocilium organization	GO:0060121	emx2
neuromast hair cell morphogenesis	GO:0035678	"cdh23	cldn3c	emx2	lhfpl5b"
early neuron differentiation in forebrain	GO:0021862	emx3
striated muscle cell development	GO:0055002	"cxcl12a	cxcr4a	dmd	gli2a	gpc4	ihhb	myf5	myod1	obscnb	shha	shhb	smo	smyd1b	tcf3a	unc45b	vangl2"
trigeminal nerve development	GO:0021559	"dlx3b	dlx4b	gli1"
endocrine system development	GO:0035270	"dlx3b	dlx4b	pitx3	smo	stc1l"
otic placode formation	GO:0043049	"bmper	chrd	dlx3b	dlx4b	fgf3	fgf8a	foxi1	fsta	gata3	hnf1ba	msx1a	msx1b	msx3	pax2a	pax8	smad5	sox3	sox9a	sox9b	stm	tfap2a	tfap2c	wnt8b"
auditory receptor cell fate specification	GO:0042667	"dlx3b	dlx4b"
olfactory placode formation	GO:0030910	"axin1	dlx3b	dlx4b"
otic vesicle formation	GO:0030916	"atp1a1a.1	cep290	dlx3b	dlx4b	fgf3	fgf8a	foxi1	hnf1ba	igfbp3	sox9a	sox9b	sparc"
lens fiber cell differentiation	GO:0070306	"celf1	dlx3b	dlx4b	dnase1l1l	hsf4	pitx3	plaat1	psmd6	rbm24a	tdrd7a	tdrd7b"
chloride transmembrane transport	GO:1902476	"ano10a	ano2b	ano6	ano7	ano8b	ano9b	cftr	clic2	gabra2a	gabra4	gabra5	gabra6a	gabra6b	gabrb1	gabrb3	gabrb4	gabrg2	gabrp	gabrr1	gabrr2a	gabrr2b	gabrr3a	gabrr3b	gabrz	glra1	glra2	glra4a	glrba	slc12a10.2	slc12a2	slc12a2l	slc12a3	slc12a4	slc12a7a	slc12a9	slc26a1	slc26a10	slc26a11	slc26a2	slc26a3.1	slc26a3.2	slc26a5	slc26a6	slc26a6l1	slc26a6l2	zgc:153039"
axon extension	GO:0048675	"appb	bln	clns1a	col6a3	cyfip1	dclk1a	fam53b	fus	gemin2	grna	grnb	isl1a	isl2a	ist1	katna1	kif1b	loe	mapk8ip3	mkn	myo10l1	myo9aa	myo9ab	nrp1a	pcdh17	plxna3	plxnb1a	plxnb1b	ret	rgd	robo3	sema5a	sema5ba	sema5bb	smn1	spast	ssna1	tardbpa	tardbpb	thsd7aa	tmem59l	tppp2	tps	trarg1a	ubap1	ulk1b	ulk2"
T-tubule organization	GO:0033292	"cavin4a	cavin4b	dag1	dysf	stac3	tcap"
cellular respiration	GO:0045333	"coq10a	coq10b	mrpl24	reep1	sfxn4	si:ch73-141c7.1	tcap	wfs1b"
regulation of reactive oxygen species metabolic process	GO:2000377	"coq7	pink1	tcap"
cardiac myofibril assembly	GO:0055003	"adprhl1	asb2b	erbb2	gjd6	hs3st1l1	mylk3	septin15	tcap	tpm4a"
detection of muscle stretch	GO:0035995	tcap
cardiac muscle tissue morphogenesis	GO:0055008	"cemip2	dpf3	fbxo32	fermt2	gja3	lrrc39	mylk2	pals1a	tcap"
L-aspartate import across plasma membrane	GO:0140009	"slc1a3a	slc1a3b	slc1a5"
cardiac conduction	GO:0061337	"emd	lmna	popdc2	prdm16	scn2b	scn4ba	scn4bb	skia	tmem65	wu:fu71h07"
plasma membrane repair	GO:0001778	"anxa6	dysf"
muscle organ morphogenesis	GO:0048644	"dpf3	dysf"
medial fin morphogenesis	GO:0035141	"dlx5a	dlx6a	gdf5	lama5"
embryonic morphogenesis	GO:0048598	"dhfr	dlx2a	dlx2b	dlx3b	dlx4a	dlx5a	hsd3b2	mif	msx1a	msx1b	msx2a	msx2b	msx3	pak4	rnasel5	rock2a	si:dkeyp-118h3.6	ybx1	ythdf2"
positive regulation of amacrine cell differentiation	GO:1902871	"dlx1a	dlx2a"
positive regulation of cell differentiation	GO:0045597	"ccn1	ccn1l1	ccn1l2	ccn2a	ccn2b	ccn4a	ccn4b	ccn5	ccn6	dlx1a	dlx2a	edn1	fgfr1a	ppp1r13l	si:ch211-106h11.3"
negative regulation of photoreceptor cell differentiation	GO:0046533	"dlx1a	dlx2a"
sclerotome development	GO:0061056	"dlc	dld	fbxl18	meox1	notch3	tgfb2	tle3a"
regulation of hematopoietic stem cell differentiation	GO:1902036	"adora2b	cdca7a	crhb	dld	dnmt3bb.1	f11r.1	fgf10a	fgfr2	fgfr3	fgfr4	mettl3	nr3c1	pomca	pomcb	tph1a	tph1b	tph2	urb2	wnt16	ythdf2"
hematopoietic progenitor cell differentiation	GO:0002244	"ak2	angptl1a	angptl2b	ash2l	atf3	brd8b	cbx6b	cbx8b	cecr2	chd7	crebbpa	cxcl8a	cxxc1a	dlc	dld	ephx2	g6pc3	hdac1	hdac6	hdac7a	hdac9a	hlx1	ing4	jmjd1ca	jun	kdm2bb	kita	kitb	mbd3b	mbd6	mfap4.2	mgst1.1	mib1	mixl1	mycb	nap1l4a	notch1a	notch1b	notch3	npas4l	prdm12b	prdm16	ptger4a	rbb4l	setd1ba	sirt7	smarca4a	smarcd1	smarcd2	suv39h1b	tet2	tgfb1b	wnt16"
determination of liver left/right asymmetry	GO:0071910	"apela	apln	aplnra	aplnrb	bmp4	dld	dnah7	enc3	fgfr2	foxc1a	foxc1b	gmnn	gpr22a	man1a2	myo1d	nphp4	odad3	pdx1	prickle1a	rab23	rargb	septin6	spaw"
somatic motor neuron differentiation	GO:0021523	"dld	gli2a	notch1a	smo	tbx6"
lateral inhibition	GO:0046331	dld
determination of pancreatic left/right asymmetry	GO:0035469	"atr	bmp4	dld	fgfr2	foxc1a	foxc1b	gmnn	grk5l	ikzf5	man1a2	myo1d	nphp4	odad3	pdx1	rab23	rargb	septin6	sox17	spaw"
nuclear pore complex assembly	GO:0051292	"ahctf1	nup107	nup93"
ovarian follicle development	GO:0001541	"ahr2	cyp19a1a	fshb	fshr	lhcgr	pgrmc1	pla2g4aa	sox3"
regulation of G1/S transition of mitotic cell cycle	GO:2000045	"ambra1a	ambra1b	cdkn2a/b	pla2g4aa	pla2g4ab	psme1	psme2	psme3"
anterior/posterior pattern specification involved in pronephros development	GO:0034672	"cyp26a1	hnf1ba	hnf1bb	pax2a	pax8	wwtr1"
forebrain anterior/posterior pattern specification	GO:0021797	"axin1	cyp26a1	tgif1"
outflow tract morphogenesis	GO:0003151	"acana	cyp26a1	cyp26c1	exoc5	ltbp3	piezo2a.2	popdc1"
retinoic acid metabolic process	GO:0042573	"aldh1a2	aldh8a1	cyp26a1	cyp26c1"
retinal metabolic process	GO:0042574	"bco1	bco1l	bco2a	bco2b	bco2l	cyp26a1	dhrs9	rdh1	rpe65a	rpe65b	rpe65c"
mesodermal-endodermal cell signaling	GO:0003131	cyp26a1
retinoic acid receptor signaling pathway	GO:0048384	"aldh1a2	apc	cdx1a	cdx4	ctbp1	cyp26a1	nr1d4b	pitx2	pknox1.2	ptf1a	raraa	rarab	rarga	rargb	rxraa	rxrab	rxrba	rxrbb	rxrga	rxrgb	thraa	thrb"
cellular response to vitamin A	GO:0071299	cyp26a1
rhombomere 4 morphogenesis	GO:0021661	"cyp26a1	cyp26b1	cyp26c1	hoxb1a"
atrial cardiac muscle cell development	GO:0055014	"cyp26a1	cyp26c1"
retinoic acid catabolic process	GO:0034653	"cyp26a1	cyp26b1	cyp26c1"
regulation of estrogen biosynthetic process	GO:1904076	cyp19a1a
female gonad development	GO:0008585	"brca2	cyp19a1a	figla	fshb	fshr	lhb	lhcgr	ythdf2	ythdf3"
response to xenobiotic stimulus	GO:0009410	"ahr1a	ahr1b	ahr2	ahrra	ahrrb	arnt	cyp19a1a	cyp19a1b	cyp1a	cyp3a65	esr1	foxq1a	hsp70.1	htr2ab	sod1	vtg1"
female sex differentiation	GO:0046660	"bmp15	cyp19a1a	igf3	rbpms2a	rbpms2b	u2af2a"
male germ-line sex determination	GO:0019100	cyp19a1a
female germ-line sex determination	GO:0019099	cyp19a1a
response to estradiol	GO:0032355	"cyp19a1a	cyp19a1b	esr1	vtg1	vtg2	vtg3	vtg7"
female sex determination	GO:0030237	"cyp17a1	cyp19a1a	gdf9	myoc"
intracellular iron ion homeostasis	GO:0006879	"abcb7	atp6v0d1	ccdc115	cisd1	cyb561a3a	fbxl5	fth1a	fth1b	fthl27	fthl28	fthl29	fthl30	fthl31	fxn	glrx3	hamp	hpxa	htt	iscub	ncoa4	scara5	si:ch211-191d15.2	slc40a1	tfr1a	tfr1b	zgc:110843	zgc:112271	zgc:172145	zgc:173594	zgc:56095"
iron ion transport	GO:0006826	"cp	fth1a	fth1b	fthl27	fthl28	fthl29	fthl30	fthl31	fxn	hephl1a	meltf	otomp	scara5	slc11a2	slc25a28	slc25a37	slc40a1	steap2	steap3	steap4	sxph	tfa	tfr1a	tfr1b	zgc:172145	zgc:173594	zgc:56095"
regulation of MAPK cascade	GO:0043408	"cnn2	csf1ra	grap2a	grap2b	grapa	grapb	grb2a	grb2b	kdr	kdrl	nod1	npffr2a	pak2a	pak2b	pak4	pak6b	raf1a	sla1a	stk3	taok1a	taok3a"
MAPK cascade	GO:0000165	"adgrg1	araf	braf	map2k1	map2k2a	map2k2b	map2k4a	map2k5	map2k6	map3k14a	map3k15	map3k4	map3k5	map3k8	pea15	ptpn11a	ptpn11b	ptpn6	raf1a	raf1b	sbk3	si:ch211-171h4.3	si:ch211-1i11.3	si:dkey-8e10.3	smpd2a	taok1a	taok3a"
protein maturation	GO:0051604	"cfd	dnajb11	gzm3	gzm3.3	gzm3.4	gzma	lmf1	lmf2a	lmf2b	prph2a	prph2b	prph2la	prph2lb	rom1a	rom1b	si:ch211-212d10.1	si:dkey-21e2.16	si:dkey-78l4.12	si:dkey-78l4.7	tasp1	tmem260	tspan33a	yme1l1a	yme1l1b"
skeletal system morphogenesis	GO:0048705	"ccdc57	chrna1	fgf8a	gdf5	rflna	rflnb	urp1	urp2	uts2r3"
pectoral fin morphogenesis	GO:0035138	"dhrs9	ext2	extl3	fgf16	foxl1	gdf5	lama5	prdm1a	sec23a	smoc1	tbx5a"
cell-cell signaling	GO:0007267	"adra1aa	adra1ab	adra1ba	adra1bb	adra1d	dhh	fgfbp1b	fgfbp2a	fgfbp2b	fgfbp3	fjx1	gja10a	gja11	gja12.1	gja12.2	gja13.1	gja13.2	gja1a	gja1b	gja2	gja3	gja4	gja5a	gja5b	gja8a	gja8b	gja9b	gjb10	gjb1a	gjb1b	gjb3	gjb7	gjb8	gjb9a	gjb9b	gjc2	gjc4a.1	gjc4a.2	gjc4b	gjd1a	gjd2b	gjd6	gje1a	gjz1	ihha	ihhb	lhx1a	panx1a	panx1b	panx2	panx3	shha	shhb"
cellular response to estrogen stimulus	GO:0071391	"adgrl3.1	agxtb	amy2al1	aqp12	c3a.2	c9	cpn1	esr1	fam20cl	fbp1b	fkbp11	hdlbpa	hpxa	lman1	nupr1b	pah	serpinc1	slc31a1	ssr1	ssr4	ucp1	vtg1	vtg2	vtg3	vtg7	zgc:92744"
positive regulation of neutrophil migration	GO:1902624	"c3a.1	gnb1a	gnb1b"
complement activation	GO:0006956	"bfb	c4	c7b	c8a	c8b	c8g	c9	cfb	cfbl	masp1	masp2	si:ch1073-280e3.1	st14b"
caudal fin morphogenesis	GO:0035143	"chrd	col22a1	gja1b	megf6a	megf6b	shha	smo"
embryonic hemopoiesis	GO:0035162	"acvr1l	alas2	arrb1	atf4a	bmp4	cftr	chrd	csf3a	csf3r	dpy30	epb41b	etnppl	etsrp	etv6	gata1a	gja1b	hhex	irak3	ism1	kitb	kitlgb	lclat1	lmo2	myct1a	prkcbb	runx1	slc11a2	slc25a37	slc40a1	slc4a1a	socs1a	sptb	tal1	tbx20	tfr1a	tll1	trim33	twsg1b	yap1"
dorsal convergence	GO:0060030	"acvr1l	afp4	bmp2b	cdh2	chrd	gpc4	has2	lpp	mks1	ryk	smad5	vangl2	wnt5b	zbtb4	zeb2a	zeb2b"
pattern specification process	GO:0007389	"acvr2ab	acvr2ba	acvr2bb	apc	chrd	eve1	lfng	lhx1a	mfng	osr1	osr2	rfng	smo	tbx16	tbx5a	tbx5b"
embryonic heart tube morphogenesis	GO:0003143	"acvr1l	atp1a1a.1	bmp7a	cacnb2a	ccdc103	ccdc40	cemip2	chrd	dharma	dnaaf1	dnaaf11	dzip1	foxh1	gata5	mef2cb	ndr2	noto	pdlim7	pkd2	s1pr2	smad5	spns2	tbx1	tbx16	tbx5a	tbxta	unm_tj2a	unm_tm243b	unm_tn20b	unm_tw29b"
specification of animal organ position	GO:0010159	"chrd	foxh1	tbxta"
regulation of BMP signaling pathway	GO:0030510	"acvr1l	bmper	chrd	dab2	dharma	dzip1	foxh1	fsta	fstb	fstl1a	fstl1b	fstl3	fstl4	fstl5	gdf6a	has2	mynn	ndr2	noto	ppp1r12a	shha	smad4a	smad5	smad9	smoc2	tbx16	tbxta	twsg1a	twsg1b	zdhhc13"
posterior commissure morphogenesis	GO:0021961	ncam1a
positive regulation of cell morphogenesis	GO:0010770	alcama
protein retention in ER lumen	GO:0006621	"ankrd13c	kdelr2a	kdelr2b	kdelr3	rer1"
positive regulation of wound healing	GO:0090303	lgals2a
regulation of chromosome separation	GO:1905818	"csnk2a2a	csnk2a2b"
regulation of cell motility	GO:2000145	"anxa5b	ccdc125	crk	crkl	dnd1	mylka	peak1	zeb1b"
regulation of blood vessel endothelial cell migration	GO:0043535	"cnn2	peak1"
deoxyribonucleotide biosynthetic process	GO:0009263	"rrm1	rrm2	rrm2b"
positive regulation of fibroblast growth factor receptor signaling pathway	GO:0045743	"dharma	dstyk	ext2	extl3	ndr1	sall1a	sall4	sp8b	sp9	wnt8a"
axial mesoderm morphogenesis	GO:0048319	"dharma	foxa1	foxa2	foxa3	foxh1	noto"
axial mesoderm formation	GO:0048320	dharma
eye morphogenesis	GO:0048592	"cct4	col2a1a	dharma	fgfrl1a	kif22	lamb1a	nsfa	pomgnt1	rab11fip4a	sharpin	sox2	ubr3"
Spemann organizer formation	GO:0060061	"dharma	lypd6	ndr1	ndr2	nkd1	nkd2a	rab5ab	ved	wnt8a	zgc:162025"
response to zinc ion	GO:0010043	"crip1	hvcn1	mt2	mtf1	slc30a1a	slc30a2	slc30a5	slc39a10	slc39a3"
response to methylmercury	GO:0051597	"baxa	gadd45ba	jun	mt-co1	mt2	rad51	slc22a4	sod1	sod2	tap2c	tp53"
response to cadmium ion	GO:0046686	"baxa	cygb1	gadd45ba	hsp70.1	hsp70l	jun	mt-co1	mt2	mtf1	pcxb	rad51	sod2	tap2a"
positive regulation of vascular endothelial growth factor production	GO:0010575	"mt2	sulf1"
oxygen transport	GO:0015671	"ba1l	cygb1	cygb2	hbaa1	hbaa2	hbae1.1	hbae1.2	hbae1.3	hbae3	hbae4	hbae5	hbba1	hbba2	hbbe1.3	hbbe2	hbbe3	mb	ngb	si:ch211-5k11.8	xgb"
auditory receptor cell fate determination	GO:0042668	"atoh1a	atoh1b"
posterior lateral line neuromast development	GO:0048919	"abhd12	atoh1a	atp2b1a	dkk1b	erbb2	fgf10a	grna	lef1	llgl1	llgl2	prpf4	rspo3	shroom3	slc12a5b	smad5	tgfb1a	wnk1b"
sensory organ development	GO:0007423	"ascl1a	ascl1b	atoh1a	atoh1b	atoh1c	atoh7	bhlha15	bhlhe22	bhlhe23	myo7aa	neurod1	neurod2	neurod6a	neurod6b	neurog1	neurog3	olig1	olig2	olig3	olig4	pax10	pax2a	pax2b	pax4	pax6a	pax6b	pax8	pcdh15a	si:ch211-196c10.13"
posterior lateral line neuromast hair cell differentiation	GO:0048923	"atoh1a	atp1b2b	eya4	irx4a	neurod1"
inner ear auditory receptor cell differentiation	GO:0042491	"atoh1a	atoh1b	chm	crb3a	myo6a	myo6b"
neuromast development	GO:0048884	"ap1b1	atoh1a	cav1	cd74a	cd74b	cib2	cldnb	dkk1a	dkk2	fzd7a	fzd7b	gpc4	htt	ifnlr1	kif3b	kremen1	neurog1	ocrl	pcsk5a	rgs18	rtn4a	rtn4b	scrib	setb	slc26a2	tmc2b	tmie	tomt	top2b	vangl2	wnt11	wnt5b"
neuromast hair cell development	GO:0035675	"atoh1a	atp6v0d1	dcdc2b	dusp14	irf7	mcoln1a	mcoln1b	otofb	ptpn11a	slc44a4	trrap"
subthalamus development	GO:0021539	arxa
thalamus development	GO:0021794	"arxa	her6	lhx2b	lhx9	pcdh10b	wnt3	wnt3a"
pancreatic A cell development	GO:0003322	"arxa	isl1a	myt1b"
cholesterol metabolic process	GO:0008203	"apoa1a	apoa1b	apoa4b.1	apoea	apoeb	apof	cetp	ch25h	ch25hl1.1	ch25hl1.2	ch25hl2	ch25hl3	chm	cyb5r3	cyp11a1.1	cyp11a1.2	cyp27a1.1	cyp27a1.2	cyp27a1.4	cyp27a2	cyp27a3	cyp51	cyp7a1	cyp7b1	dhcr7	erlin1	fdxr	gba1	hmgcs1	insig1	insig2	lbr	lcat	ldlra	lipea	lipeb	mvda	mvk	nfe2l1a	nfe2l1b	npc2.1	nsdhl	pcsk9	pmvk	prkaa1	prkaa2	scap	si:ch1073-429i10.1	soat1	sqlea	srebf2	star	star2	tm7sf2	zgc:136333	zgc:162608	zgc:92275"
steroid metabolic process	GO:0008202	"apoa1a	apoa1b	bdh1	cetp	ch25h	ch25hl1.1	ch25hl1.2	ch25hl2	cyb5r2	cyb5r3	cyp11a1.1	cyp11a1.2	cyp39a1	cyp51	cyp7a1	cyp7a1b	cyp7b1	dhcr24	dhcr7	dhrs9	ebp	erlin1	hmgcra	hmgcrb	hmgcs1	hsd11b2	insig1	insig2	lbr	lcat	ldlra	lipea	lipeb	msmo1	mvda	mvk	nfe2l1a	nfe2l1b	npc2.1	pcsk9	pmvk	prkaa1	prkaa2	rdh1	rdh5	sc5d	scap	si:ch1073-429i10.1	srd5a1	srd5a2a	srd5a2b	srebf2	sult1st2	sult1st3	tm7sf2	zgc:113142"
lipoprotein metabolic process	GO:0042157	"afp4	apoa1a	apoa1b	apoa4a	apoa4b.1	apoa4b.2	apoa4b.3	apoc1	apoea	apoeb	apol	apol1	apold1a	apold1b	mttp	si:cabz01007807.1	si:ch211-217i17.1	si:ch211-285c6.2	si:ch211-285c6.3	si:ch73-122k23.1	si:dkey-192d15.2"
acylglycerol homeostasis	GO:0055090	"apoa1a	apoa1b	apoa4b.1	apoea	apoeb	zgc:162608"
cholesterol efflux	GO:0033344	"abcg1	abcg4a	abcg4b	abcg5	apoa1a	apoa1b	apoa4b.1	apoea	apoeb	npc2.1	npc2.2	soat1	zgc:162608"
cholesterol transport	GO:0030301	"abcd1	apoa1a	apoba	npc1	npc1l1	stard3	stard3nl"
phospholipid efflux	GO:0033700	"abca1a	abca1b	apoa1a	apoa1b	apoa4b.1	apoea	apoeb	zgc:162608"
regulation of apoptotic process involved in development	GO:1904748	smc5
positive regulation of receptor internalization	GO:0002092	pick1
receptor clustering	GO:0043113	"agrn	chrna1	dag1	dlg1a	dlg1b	dlg2	magi2a	musk	nherf1a	pick1	scrib	smo"
dendritic spine maintenance	GO:0097062	pick1
regulation of Arp2/3 complex-mediated actin nucleation	GO:0034315	"ap1ar	carmil2	carmil3	pick1"
response to vitamin K	GO:0032571	bglap
regulation of cellular response to insulin stimulus	GO:1900076	bglap
biomineral tissue development	GO:0031214	"alp3	alpl	bglap	otol1a	otop1"
early endosome to late endosome transport	GO:0045022	"aktip	becn1	fhip1b	hook1	ptpn23a	ptpn23b	snx16	wdr81	wdr91"
negative regulation of phosphatidylinositol 3-kinase/protein kinase B signal transduction	GO:0051898	"phlda3	pik3ip1	plekha1a	plekha1b	tp53bp2a	tp53bp2b	wdr91"
protein quality control for misfolded or incompletely synthesized proteins	GO:0006515	"atxn3	clpp	lonp1	lonp2	oma1	ube2wa	ube2wb	yme1l1a	yme1l1b"
cellular response to misfolded protein	GO:0071218	"dnajb12a	dnajb14	dnajc18	ube2wa	ube2wb"
positive regulation of translational elongation	GO:0045901	"eif5a	eif5a2	usp16"
protein homotetramerization	GO:0051289	"aldh9a1a.1	aldh9a1b	atp5if1a	atp5if1b	crtc1a	crtc1b	crtc2	crtc3	evla	evlb	gnmt	samhd1	tdo2a	tdo2b	trpm2	uox	usp16"
mitotic nuclear division	GO:0140014	"gcna	usp16"
post-transcriptional regulation of gene expression	GO:0010608	"eif2ak1	mettl16	nudt21	tdrd7a	tdrd7b	zc3h12aa	zc3h12ab	zc3h12b"
notochord cell differentiation	GO:0060034	"bmp4	cdh7a	col15a1a	dla	fstl1a	fstl1b	lama1	noto	pacsin3	tbxta"
retinoid metabolic process	GO:0001523	"dhrs3a	dhrs3b	rdh5	rpe65a	rpe65b	rpe65c"
zeaxanthin biosynthetic process	GO:1901827	"rpe65a	rpe65b	rpe65c"
membrane organization	GO:0061024	"sar1ab	sar1b	si:dkeyp-82a1.6	tmem33	zgc:112962"
negative regulation of cell population proliferation	GO:0008285	"btg1	btg2	cdkn2a/b	cnot7	cxcl12a	dlec1	ecrg4a	ecrg4b	etv5a	hdac1	igfbp1a	igfbp2a	igfbp2b	kank2	klf4	llgl2	men1	minar1	nf2a	nf2b	nupr1b	phf14	ptena	ptenb	sav1	sh3bp4a	shha	si:dkey-42i9.4	si:dkey-88e18.8	smyd2a	smyd2b	tmem127	tsc1a	tsc1b	wt1a"
endoderm development	GO:0007492	"apela	ccn2a	fgf8a	foxa2	fras1	fscn1a	gata5	gna13a	gna13b	her5	ildr2	lsr	med12	mixl1	msna	s1pr2	sebox	sox32	vegfc	wnt8a	yap1"
regulation of organelle assembly	GO:1902115	"ezra	ezrb	msna	msnb	nf2a	nf2b"
positive regulation of protein localization to early endosome	GO:1902966	"ezra	ezrb	msna	msnb	nf2a	nf2b"
positive regulation of early endosome to late endosome transport	GO:2000643	"ezra	ezrb	msna	msnb	nf2a	nf2b"
modification-dependent protein catabolic process	GO:0019941	"isg15	nedd8	nedd8l	rps27a	uba52	ubb	ubc"
negative regulation of exocytosis	GO:0045920	"il1rapl1a	il1rapl1b"
regulation of mitotic cell cycle, embryonic	GO:0009794	"cdc25b	cdk1	dync1li1	dync1li2	h2af1al"
regulation of mitotic spindle organization	GO:0060236	"bora	dync1li1	dync1li2	fsd1	rae1	tpx2"
retinal cone cell apoptotic process	GO:0097474	dync1li1
heterochromatin organization	GO:0070828	"loxl2a	loxl2b	setd7	setdb1a	setdb1b	setdb2"
negative regulation of gene expression	GO:0010629	"apc	ascl1a	ccdc3a	cebpb	ddx3xa	ddx3xb	foxd3	gata1a	klf17	lin28ab	parp14rs1	pou5f3	prdm1a	rest	setdb1a	setdb1b	setdb2	smcr8b	stc1l	yap1"
positive regulation of membrane protein ectodomain proteolysis	GO:0051044	"adam8a	adam8b"
regulation of cell-cell adhesion	GO:0022407	"adam8a	adam8b	appb	efna5b	ephb3a	nrarpa	nrarpb	podxl"
regulation of retinoic acid receptor signaling pathway	GO:0048385	"aldh1a2	crabp2a	crabp2b	dhrs3a	dhrs3b	tgif1	zic2a	zic2b"
glycerophospholipid biosynthetic process	GO:0046474	"hdhd5	zgc:77375"
monoatomic ion homeostasis	GO:0050801	"ca5a	klhl3	nr3c1	oxt	pck1	prl	wnk1a	wnk4b"
protein linear polyubiquitination	GO:0097039	"sharpin	shrprbck1r"
detection of mechanical stimulus involved in sensory perception	GO:0050974	"ap1b1	cacna1da	cdh23	csm	lhfpl5a	lhfpl5b	myo6b	myo7aa	pcdh15a	tomt	trpa1a	trpa1b"
energy reserve metabolic process	GO:0006112	"lepa	lepb	mc4r	mrap2a	mrap2b"
cellular localization	GO:0051641	mrap2b
positive regulation of adenylate cyclase-activating G protein-coupled receptor signaling pathway	GO:0106071	"mrap	mrap2b	nme3"
regulation of adenylate cyclase-activating G protein-coupled receptor signaling pathway	GO:0106070	"mrap2a	mrap2b"
energy homeostasis	GO:0097009	"cpt1b	mc4r	metrnla	mrap2a	mrap2b	pm20d1.1	pm20d1.2	pprc1	slc7a10b	stk11	tsku"
negative regulation of adenylate cyclase-activating G protein-coupled receptor signaling pathway	GO:0106072	mrap2a
regulation of G protein-coupled receptor signaling pathway	GO:0008277	"git1	kctd12.1	kctd12.2	kctd12b	kctd16a	kctd16b	kctd8	pdca	pdcb	pdcl	ramp1	ramp2	rgs11	rgs12b	rgs6	rgs7a	rgs7b	rgs9a	rgs9b	usp20	usp33	zdhhc3a	zdhhc3b	zdhhc7"
ceramide biosynthetic process	GO:0046513	"agk	asah2	cers1	cers2a	cers2b	cers3a	cers3b	cers4a	cers4b	cers5	cers6	degs1	degs2	samd8	sgms1a	sgms1b	sgms2a	sgms2b	smpd2a	smpd2b	smpd4	smpd5	sptlc1	sptlc2a	sptlc2b	sptlc3	sptssa	sptssb	tlcd3ba	tlcd3bb"
negative regulation of endothelial cell proliferation	GO:0001937	"cav1	cav2	cnmd	tnmd"
regulation of hemopoiesis	GO:1903706	"kdm1a	nipblb	tfpi2	zmiz1a"
acyl-CoA metabolic process	GO:0006637	"acot11a	acot14	acot15	acot16	acot17	acot18	acot19	acot20	acot21	acot22	acot8	acot9.1	acot9.2	acsm3"
rhombomere boundary formation	GO:0021654	"efnb2a	efnb3b	egr2b	epha4a	mafba	med12	mib1	notch1b	notch3	rac3b	rfng	sfpq"
regulation of signaling	GO:0023051	"cbl	cblb	cblc	egfra	erbb3a	erbb3b	erbb4a	lmo7a	lmo7b	mturn	prkar1b	si:ch73-383l1.1"
establishment of protein localization to organelle	GO:0072594	"cd68	lamp1a	lamp1b	zgc:165600"
L-leucine catabolic process	GO:0006552	"hmgcl	hmgcll1	ivd	mccc2	si:ch211-198n5.11"
ketone body biosynthetic process	GO:0046951	"hmgcl	hmgcll1"
sulfate transmembrane transport	GO:1902358	"slc13a1	slc25a10a	slc25a10b	slc26a1	slc26a10	slc26a11	slc26a2	slc26a3.1	slc26a3.2	slc26a5	slc26a6	slc26a6l1	slc26a6l2"
dorsal/ventral axis specification	GO:0009950	"adnpb	ap2a1	axin1	axin2	b4galt5	bmp2b	caprin2	cdk5rap3	ctnnb2	eif4a3	glcea	gsc	lrp6	ndr1	net1	prr7	sox19b	tle5	wnt8a	yap1"
positive regulation of proteasomal ubiquitin-dependent protein catabolic process	GO:0032436	"axin1	axin2	csnk1da	csnk1db	csnk1e	dda1	det1	fbxo22	gsk3aa	gsk3ab	gsk3bb	klhl40a	klhl40b	rnf180b	sh3rf1	sh3rf2	sirt2	socs5b	trib1	trib3"
regulation of centromeric sister chromatid cohesion	GO:0070602	axin2
positive regulation of JUN kinase activity	GO:0043507	axin1
neural plate anterior/posterior regionalization	GO:0021999	"axin1	bptf	foxa3	gsc	sbno1	smad2	smarca1	tdgf1	wnt8a"
forebrain neuron fate commitment	GO:0021877	axin1
lens placode formation	GO:0001743	axin1
forebrain development	GO:0030900	"axin1	chd8	cxcl12a	cxcr4b	dixdc1a	dkk1b	dpysl2b	dpysl3	draxina	epha4a	fezf2	fgf16	hesx1	hmgb1a	igf2b	lhx2b	lhx5	lmo4a	med12	neurog1	neurog3	nkx2.1	npas4a	nrp1a	pax10	pax4	pax6a	pax6b	rtn4b	rx3	sfrp5	shha	shhb	smo	sox2	tcf7l1a	tdgf1	vax2	vsx1	vwc2	wnt8b	yaf2	zdhhc15b"
Wnt signaling pathway involved in somitogenesis	GO:0090244	"apc	axin1"
neural plate pattern specification	GO:0060896	"axin1	smo	wnt8a"
regulation of JNK cascade	GO:0046328	"axin1	dusp19a	dusp19b	mapk8ip1a	mapk8ip1b	mapk8ip2	mapk8ip3	mdfi	mdfic	mdfic2	pigp	traf2b"
myoblast fusion	GO:0007520	"cav3	crk	crkl	dock1	dock5	jam2a	jam3b	kirrel3l	mymk	mymx	pgam2	ppp2r2d	rac1a	wasb	wasla	waslb"
leukocyte chemotaxis	GO:0030595	"gpr183a	wasb"
embryonic heart tube left/right pattern formation	GO:0060971	"bmpr1aa	foxh1	furina	mmp21	nkd1	pierce1	pierce2	pitx2	spaw	unm_hu202	unm_hu304	vangl2"
cytoskeleton-dependent cytokinesis	GO:0061640	"dctn3	septin10	septin12	septin2	septin3	septin4a	septin5a	septin7a	septin7b	septin8a	septin8b	septin9a	septin9b	si:ch211-282j17.12	si:ch211-282j17.13	si:ch73-170d6.2	si:dkey-187j14.4	si:dkey-88n24.11	zgc:162239	zgc:172065	zgc:66473"
post-anal tail morphogenesis	GO:0036342	"bcl9l	bmp7a	cdh2	cdx4	dvl2	dvl3a	eve1	fbxo7	fgfr1a	fgfr1b	gpc4	rhoab	rtf1	smad5	sp5l	tbxta	tll1	vangl2	ved	wnt3a	wnt5b	wnt8a"
lateral mesoderm development	GO:0048368	"acvr1l	arrb1	bcl9l	spaw	tal1"
fat cell differentiation	GO:0045444	"mtch2	tmem120aa	tmem120ab	tmem120b	tmem18"
meiotic sister chromatid cohesion, centromeric	GO:0051754	"bub1	bub1ba	ppp2r1ba	ppp2r1bb"
regulation of Notch signaling pathway	GO:0008593	"appb	arl6	bbs1	bbs4	cad	chsy1	dla	egfl6	fezf2	foxc1a	galnt11	gmds	id2a	il10	lfng	llgl1	llgl2	mecom	mfng	mib1	nle1	pappa2	pofut1	prss23	rab5c	rfng	srebf2	thsd7aa	yjefn3"
regulation of non-motile cilium assembly	GO:1902855	"appa	appb	crb2b	crb3a"
carnitine metabolic process, CoA-linked	GO:0019254	"acadl	crata	cratb	zgc:154046"
neutrophil migration	GO:1990266	"cxcl8a	cxcl8b.1	cxcr2	cyba	itgb2	jagn1a	jagn1b	nox5	rac2	saa	trim33"
neutrophil-mediated killing of bacterium	GO:0070944	"gbp4	saa"
neutrophil homeostasis	GO:0001780	"csf3r	gbp4	nr4a2a	nr4a2b	nr4a3	rac2	saa	sod2"
acute-phase response	GO:0006953	"ahsg1	ahsg2	crp5	f2	fn1a	fn1b	il6	saa"
positive regulation of cell growth	GO:0030307	"dnph1	rptor	slc44a4	supv3l1"
nucleoside salvage	GO:0043174	dnph1
deoxyribonucleoside monophosphate catabolic process	GO:0009159	dnph1
alternative mRNA splicing, via spliceosome	GO:0000380	"ddx17	ddx5	hnrnpua	hnrnpub	hnrnpul1	hnrnpul1l	pqbp1	puf60a	puf60b	rsrc1	scnm1	si:ch211-107m4.1	srsf1a	srsf1b	srsf9"
endoplasmic reticulum unfolded protein response	GO:0030968	"amfra	amfrb	asb11	atf4a	atf6	atf6b	derl1	derl2	derl3	edem2	erlec1	ern2	herpud1	herpud2	hspa5	os9	parp16	parp6b	parp8	sec63	selenos	serp1	serp2	si:ch211-282j22.3	tbl2	tmbim4	tmtc4	wfs1a	wfs1b	yod1	zgc:85858	zgc:92744"
cell surface receptor protein serine/threonine kinase signaling pathway	GO:0007178	"acvr1ba	acvr1bb	acvr1l	acvr2aa	acvr2ab	acvr2ba	acvr2bb	acvrl1	bmpr1aa	bmpr1ab	bmpr1ba	bmpr1bb	bmpr2a	bmpr2b	ecsit	tgfbr1a	tgfbr1b	tgfbr2a	tgfbr2b	tgfbr2l"
cellular response to growth factor stimulus	GO:0071363	"acvr1bb	acvr1l	acvr2ab	acvr2ba	acvr2bb	bmpr1aa	bmpr1ab	bmpr1ba	bmpr1bb	bmpr2b	tgfbr1a	tgfbr1b	tgfbr2b	tgfbr2l"
defense response to Gram-negative bacterium	GO:0050829	"bpifcl	cd59a	hamp	ifng1r	il22	ly97.1	ly97.2	ly97.3	rnasel1	rnasel2	rnasel3	rnasel4	rnasel5	tlr4al	tlr4bb	zgc:153631	zgc:153759	zgc:158862	znf365"
response to lipopolysaccharide	GO:0032496	"cd248a	cd248b	cxcl11.8	cxcr4b	gpr84	ighd	ighm	ight	il10	il12a	il1b	lta	ly96	ly97.1	ly97.2	ly97.3	nos1	nos2a	nos2b	otud5a	ripk3	tnfa"
response to X-ray	GO:0010165	"cdkn1a	mdm2	tp53	xrcc4"
aorta development	GO:0035904	"cdkn1a	foxe3"
signal transduction by p53 class mediator	GO:0072331	"cdkn1a	cdkn1d"
glycine receptor clustering	GO:0072579	"gphna	gphnb"
molybdopterin cofactor biosynthetic process	GO:0032324	"gphna	gphnb"
negative regulation of extrinsic apoptotic signaling pathway via death domain receptors	GO:1902042	"faim2a	faim2b	faima	grinaa	grinab	rffl	scrt2	tmbim1a	tmbim1b	zgc:171740"
regulation of DNA damage response, signal transduction by p53 class mediator	GO:0043516	"kmt5aa	kmt5ab	scrt2	smyd2a	smyd2b"
negative regulation of intrinsic apoptotic signaling pathway in response to DNA damage by p53 class mediator	GO:1902166	"cd74a	cd74b	scrt2"
regulation of neural precursor cell proliferation	GO:2000177	scrt2
positive regulation of nuclear-transcribed mRNA catabolic process, deadenylation-dependent decay	GO:1900153	"cnot1	cnot7	cth1	sb:cb81	zfp36l1a	zfp36l1b	zfp36l2	zgc:114130	zgc:162730"
positive regulation of nuclear-transcribed mRNA poly(A) tail shortening	GO:0060213	"cnot1	cnot7	polr2g	tnrc6bb.1"
nuclear-transcribed mRNA catabolic process, deadenylation-dependent decay	GO:0000288	"cnot1	cnot7	cnot8	rc3h1a	rc3h2"
positive regulation of cytoplasmic mRNA processing body assembly	GO:0010606	"cnot1	pan2	pan3"
negative regulation of retinoic acid receptor signaling pathway	GO:0048387	"cnot1	cyp26b1	foxc1a	wwtr1"
negative regulation of intracellular estrogen receptor signaling pathway	GO:0033147	"cnot1	cnot9	kank2"
membrane docking	GO:0022406	chp1
negative regulation of calcineurin-NFAT signaling cascade	GO:0070885	chp1
regulation of lysosome organization	GO:1905671	rraga
microglial cell activation involved in immune response	GO:0002282	rraga
central nervous system myelination	GO:0022010	"aldh1a2	chd7	dync1h1	gpm6ba	gpm6bb	il7r	myrf	pard3ab	plp1a	rraga	tfeb	znf16l"
negative regulation of autophagy	GO:0010507	"ap3d1	bmf1	bmf2	cptp	dap	dap1b	hs1bp3	mtmr9	rraga	rragca	rragcb	rragd	sirt2	vps11	zgc:154055"
regulation of apoptotic cell clearance	GO:2000425	"cerkl	rraga"
citrate metabolic process	GO:0006101	"aclya	aclyb	aco1	cs	ireb2"
peripheral nervous system axon ensheathment	GO:0032292	"tnfa	tnfrsf1b"
regulation of non-canonical NF-kappaB signal transduction	GO:1901222	"akip1	il1b	il1fma	jag1a	notch1a	ptpn22	rassf2a	rassf2b	tnfa	tnfrsf1b"
positive regulation of hematopoietic stem cell differentiation	GO:1902038	"bloc1s2	ddx46	jag1a	nelfb	nelfe	npas4l	supt5h	tnfa	tnfrsf1b"
response to virus	GO:0009615	"atf3	ddx41	dhx9	ifng1	ifnphi1	ifnphi3	il1b	irf1b	irf7	ly86	mavs	mxa	mxb	mxc	mxe	nfkbiaa	rsad2	sting1	tlr3	tnfa	tnfrsf1a	tnfrsf1b	traf6"
response to molecule of bacterial origin	GO:0002237	"il12a	il1b	lta	myd88	tnfa"
response to arsenic-containing substance	GO:0046685	"hspb1	ifnphi1	il1b	mxa	tnfa"
regeneration	GO:0031099	"apobec2a	apobec2b	ascl1a	ccn2a	col12a1a	col12a1b	gabrr1	hmgb1a	igfbp1a	il4r.1	lin28ab	neurod1	pou6f2	smad5	socs3a	sox2	sox9b	stat3	tnfa	ube2ib"
protein homotrimerization	GO:0070207	"asic1a	asic1b	asic1c	scara5	tnfa"
synaptic vesicle clustering	GO:0097091	"syn1	syn2a	syn2b"
neurotransmitter secretion	GO:0007269	"lin7b	lin7c	pdzd11	syn1	syn2a	syn2b"
endoplasmic reticulum tubular network organization	GO:0071786	"lnpa	lnpk	reep2	reep3a	reep3b	tmem170a	tmem33"
gamma-aminobutyric acid signaling pathway	GO:0007214	"celsr3	foxp2	gabbr2	gabra1	gabra2a	gabra4	gabra5	gabra6a	gabra6b	gabrg1	gabrg2	gnai2a	gnai2b	gpr156	shisa7b"
protein heterotrimerization	GO:0070208	"gabra1	gabrb2a	gabrg2"
cAMP catabolic process	GO:0006198	"pde4a	pde4ba	pde4bb	pde4ca	pde4cb	pde4d	pde8a	pde8b"
peptidoglycan catabolic process	GO:0009253	"lygl1	lygl2	pglyrp2	pglyrp5	pglyrp6	zgc:162941"
regulation of membrane depolarization during cardiac muscle cell action potential	GO:1900825	"rangrf	slmapa"
negative regulation of Ras protein signal transduction	GO:0046580	"rasa2	rasa3	rasa4	spry1	spry2	spry4	stambpa	stambpb	syngap1a"
protein K63-linked deubiquitination	GO:0070536	"brcc3	cyld	cyld2	cyldl	otud5a	spata2	stambpa	stambpb	stambpl1	usp13	usp20	usp33	yod1	zranb1b"
regulation of small GTPase mediated signal transduction	GO:0051056	"arhgap19	arhgap28	chn1	chn2	diaph2	garnl3	inf2	ralgapa1	ralgapa2	ralgapb	rap1gap2a	rap1gap2b	rap1gapa	rap1gapb	rap1gapl	sipa1	sipa1l1	sipa1l2	sipa1l3	tsc2"
T cell costimulation	GO:0031295	"cd276	hhla2b.2	igldcp	si:dkey-15j16.6	si:dkey-192g7.3	si:dkey-208m12.2	si:dkey-222p3.1	si:dkey-22i16.9	si:dkeyp-77h1.4	zgc:112965	zgc:123297	zgc:153911	zgc:162154	zgc:172120	zgc:194627"
negative regulation of T cell proliferation	GO:0042130	"cd276	hhla2b.2	igldcp	si:dkey-15j16.6	si:dkey-192g7.3	si:dkey-208m12.2	si:dkey-222p3.1	si:dkey-22i16.9	si:dkeyp-77h1.4	tnfrsf21	zgc:112965	zgc:123297	zgc:153911	zgc:162154	zgc:172120	zgc:194627"
positive regulation of T cell proliferation	GO:0042102	"cd276	hhla2b.2	igldcp	il15	si:dkey-15j16.6	si:dkey-192g7.3	si:dkey-208m12.2	si:dkey-222p3.1	si:dkey-22i16.9	si:dkeyp-77h1.4	zgc:112965	zgc:123297	zgc:153911	zgc:162154	zgc:172120	zgc:194627"
inositol biosynthetic process	GO:0006021	"bpnt2	impa1	impa2"
endosome to lysosome transport	GO:0008333	"aktip	fhip1b	hook1	mgrn1a	mgrn1b	plekhf1	plekhf2	rab7a	rab7b	si:dkey-13a21.4	snapin	snx16	sybl1	tsg101a	tsg101b	uevld	vps18	vps41	zgc:100918	zgc:123278"
2-oxobutyrate biosynthetic process	GO:0046360	thnsl2
serine family amino acid catabolic process	GO:0009071	thnsl2
poly-N-acetyllactosamine biosynthetic process	GO:0030311	"b3gnt2b	b3gnt2l	b3gnt3.2	b3gnt3.3	b3gnt3.4	b3gnt7	b3gnt7l	si:dkey-160o24.3	si:dkey-175m17.6"
negative regulation of mitotic nuclear division	GO:0045839	"fbxo5	mcl1a	mcl1b	nme6	wnt4b"
regulation of mitotic nuclear division	GO:0007088	"bora	ewsr1a	fbxo43	fbxo5	mcl1a	mcl1b	mki67	pdcd2	pmaip1	si:ch211-244o22.2	ube2ib	wnt4b"
negative regulation of ubiquitin protein ligase activity	GO:1904667	"fbxo5	mad2l2	usp44"
negative regulation of meiotic nuclear division	GO:0045835	"fbxo43	fbxo5"
chromosome organization	GO:0051276	"banf1	fbxo5	pttg1	si:dkey-211g8.4	smc1a	smc1al	smc1b	smc2	smc3	smc4	smchd1"
positive regulation of cartilage development	GO:0061036	tapt1b
positive regulation of bone development	GO:1903012	tapt1b
positive regulation of cilium assembly	GO:0045724	"entr1	ppp1r35	tapt1b"
ossification	GO:0001503	"acvr1l	adgrg6	bmp1a	bmp2a	bmp2b	bmp4	clec3bb	ext2	gpc4	mapk7	mgp	ncl	npr2	panx3	rps6ka3b	runx1	runx2a	runx3	shox	slc35b2	sost	spp1	tapt1a	tapt1b	tmem119b	tnfrsf11a	trpm7	uxs1	vdra	wls	wnt5b	wnt9a"
morphogenesis of an epithelium	GO:0002009	"dag1	epcam	f2rl1.2	greb1	greb1l	sox10	sox8a	sox8b	sox9a	sox9b	spint1a	st14a"
optokinetic behavior	GO:0007634	"atp5if1a	atp6v0e1	dagla	gnb5a	ipo13b	lama1	lamb1a	lamc1	lhx2b	nyx	pim1	poc1b	rlbp1a	rlbp1b	stra6l	vps11	vps18	wfs1b"
negative regulation of apoptotic process	GO:0043066	"acd	akt2	apex1	api5	bcl2a	bcl2l1	bcl2l10	birc2	birc5a	birc5b	brca2	c1ql4l	capn3b	casp23	cd27	chd8	chm	chuk	ciapin1	cops5	cryaa	cryaba	ddb1	ddt	dstyk	egfra	erbb2	erbb3b	erbb4a	faima	faimb	fancd2	fgf3	fkbp8	gata1a	gclc	grinab	hax1	heatr1	hgfa	hspb1	hspb15	hspb2	hspb6	hypk	igf1	igf3	lamtor5	lrrc14b	mcl1a	mcl1b	mcm5	mdm2	mdm4	mif	mtdha	mtdhb	naa35	naa38	nes	ntrk3a	pim1	pim2	pim3	pimr109	pimr110	pimr117	pimr118	pimr119	pimr120	pimr128	pimr133	pimr136	pimr141	pimr147	pimr152	pimr154	pimr155	pimr157	pimr158	pimr163	pimr166	pimr187	pimr212	pimr214	pimr46	pimr47	pimr48	pimr49	pimr52	pimr55	plrg1	ppm1kb	prdm9	prl	psenen	ptmaa	ptmab	rela	rhoab	selenow2a	sh3rf1	sh3rf2	si:ch211-198e20.10	si:ch211-222l21.1	si:dkey-112g5.3	si:dkey-33c12.5	si:dkey-58i8.5	slc2a1a	snx7	spast	supv3l1	tiprl	tnfrsf18	tuba1a	ube2z	wt1a	xiap	xrcc5	yaf2	yap1	zgc:158343"
RNA methylation	GO:0001510	"ftsj1	ftsj3	henmt1	lyn	mepcea	mettl14	mettl3	mrm2	nop2	nsun2	nsun3	nsun4	nsun5	nsun6	tgs1"
tRNA methylation	GO:0030488	"alkbh8	ftsj1	gtpbp3	lcmt2	mettl1	mettl2a	nsun2	tarbp1	thumpd2	thumpd3	trmt12	trmt13	trmt44	trmt5	trmt6	trmt61a	trmt61b	trmt9b	tyw3	wdr4"
bicellular tight junction assembly	GO:0070830	"cldn1	cldn10a	cldn10b	cldn10d	cldn11a	cldn11b	cldn15a	cldn15b	cldn15la	cldn15lb	cldn18	cldn2	cldn23.1	cldn23.2	cldn23l	cldn26	cldn29	cldn30	cldn33b	cldn3c	cldn3d	cldn5a	cldn5b	cldn7a	cldn7b	cldn8.1	cldn8.2	cldn8.3	cldnb	cldnd	cldne	cldnf	cldng	cldni	cldnk	marveld2a	marveld2b	marveld2l	oclna	oclnb	popdc1	rab13	si:ch73-61d6.3	slc39a9	tbcd	zgc:154006"
snRNA transcription by RNA polymerase II	GO:0042795	"ell	ell2	ice2	si:ch211-13k12.2	snapc1a	snapc1b	snapc3	zgc:154006"
oligodendrocyte development	GO:0014003	"abcd1	actr10	adgrg1	gna12a	gna13a	gna13b	hmgcs1	myrf	notch3	olig1	olig2	prdm8b	smo	sulf2a	tmem163a	tmem163b	znf488"
facial nucleus development	GO:0021754	"celsr2	fzd3a	gli1	hdac1	hoxb1a	olig2	prickle1b	rest	srrm4"
oligodendrocyte cell fate specification	GO:0021778	"disc1	nrg1	olig2"
oligodendrocyte differentiation	GO:0048709	"enpp2	fgf16	fgf19	fgf3	fgf8a	hdac1	ihhb	notch3	olig2	pes	shha	shhb	slc16a2	sox10	sox9a	sox9b"
abducens nucleus development	GO:0021742	"gli1	mafba	olig2"
neuroblast fate determination	GO:0007400	olig2
glial cell fate determination	GO:0007403	olig2
spinal cord motor neuron cell fate specification	GO:0021520	"drd4a	gan	mib1	mnx1	mnx2a	mnx2b	olig2	shha	smo	ved	vox	znf488"
ribonucleoside monophosphate biosynthetic process	GO:0009156	"prps1a	prps1b"
5-phosphoribose 1-diphosphate biosynthetic process	GO:0006015	"prps1a	prps1b	prpsap1	prpsap2"
amino acid transmembrane transport	GO:0003333	"si:ch73-352p4.8	si:dkeyp-120h9.1	slc36a4	slc38a10	slc38a11	slc38a2	slc38a3b	slc38a4	slc38a6	slc38a7	slc38a9	slc7a11	slc7a5	slc7a6	slc7a7	slc7a8a	slc7a9"
D-alanine transmembrane transport	GO:0042941	"slc7a10a	slc7a10b"
D-serine transmembrane transport	GO:0042942	"slc7a10a	slc7a10b"
protein localization to nucleus	GO:0034504	"banp	dclk1a	dclk2a	tor1	tor1l1	tor1l2	tor1l3"
polar body extrusion after meiotic divisions	GO:0040038	"spire1a	spire2	zgc:114123"
formin-nucleated actin cable assembly	GO:0070649	"fmn2a	fmn2b	spire1a	spire2"
cellular component assembly	GO:0022607	"spire1a	spire1b	spire2"
actin nucleation	GO:0045010	"fmn1	fmn2a	fmn2b	spire1a	spire1b	spire2	zgc:114123"
cleavage furrow formation	GO:0036089	"aurkb	kif23	snx18a	snx18b	snx33	snx9a	spire1a	spire2	zgc:114123"
actin filament polymerization	GO:0030041	"arpc2	catip	diaph2	fhdc1	fhdc2	fmnl3	msrb1a	msrb2	spire1a	spire2	ttc17	washc3	washc5	zgc:114123"
establishment of meiotic spindle localization	GO:0051295	"spire1a	spire2	zgc:114123"
actin filament network formation	GO:0051639	"lcp1	pls1	pls3	spire1a	spire2	zgc:114123"
positive regulation of double-strand break repair	GO:2000781	"slf1	spire1a	spire2"
Golgi vesicle transport	GO:0048193	"golga5	spire1a	spire2	stx10	stx6	trappc10	trappc3	trappc5	trappc6b	trappc6bl	vps51	zgc:114123"
positive regulation of macroautophagy	GO:0016239	"scoca	scocb	sesn2	sesn3	sesn4	sting1	wdr24"
regulation of protein complex stability	GO:0061635	"ecsit	scoca	scocb"
lipid glycosylation	GO:0030259	"b4galnt1a	b4galnt1b	b4galnt2.1	gbgt1l1	gbgt1l4	gbgt1l8"
ganglioside biosynthetic process	GO:0001574	"b4galnt1a	b4galnt1b	st6galnac3	st6galnac4	st6galnac5a	st6galnac5b"
adenohypophysis development	GO:0021984	"ascl1a	disp1	dzip1	eya1	fgf3	gli1	gli2a	pitx3	prop1	rx3	shha	six1b	smo"
regulation of canonical Wnt signaling pathway	GO:0060828	"amer1	amer2	bcl9	btk	ccnyl1	frmd8	gbx1	gpc3	gskip	hs2st1a	hwa	jade1	lbx2	lepr	lypd6	nipblb	nphp4	ppp2r3a	prdm5	psen1	pygo1	pygo2	rab8b	reck	rnf14	si:ch211-244c8.4	sybu	wif1	wnt16	znf703"
swim bladder development	GO:0048794	"bloc1s1	dio3b	elovl1a	elovl1b	fgf10a	fgfrl1a	fzd5	ihha	nsfa	slc25a17	smo	vps11	wdr55	wif1	wnt2	wnt2bb"
actin-myosin filament sliding	GO:0033275	"mylpfa	mylpfb"
muscle contraction	GO:0006936	"cacnb1	cald1a	col22a1	desma	desmb	dmd	lmod1a	lmod1b	lmod2a	lmod2b	lmod3	lsp1a	lsp1b	mylpfa	tmod2	tmod4	tnnt2a	tnnt3b	tpm2	tpm3	tpm4a	tpm4b"
muscle tissue morphogenesis	GO:0060415	"arhgef28a	blzf1	cemip2	fbxo32	lurap1	mylpfa	mylpfb	myo18ab"
exocrine pancreas development	GO:0031017	"apc	bhlha15	bmp2a	ddx46	dhps	dhrs9	dnmt1	dnmt3bb.2	eed	ehmt2	epas1b	fgf24	hdac1	hhex	hoxc8a	isl1a	isl2a	isl2b	jag1b	jag2b	lnx2a	lnx2b	meis3	met	nol9	notch1a	nr5a2	nup54	nup62l	pctp	pes	polr3b	ppdpfa	ppp1r12a	ptf1a	ptger2a	ptger4a	ptgs1	ptgs2a	rdh1	rpl3	sart3	sbds	smo	srp54	suv39h1a	tcf7l2	trpm7	utp25"
neurotransmitter receptor internalization	GO:0099590	"cacng2a	cacng2b	cacng3b	cacng4a	cacng4b	cacng5a	cacng5b	cacng7a	cacng7b	cacng8a	cacng8b"
postsynaptic neurotransmitter receptor diffusion trapping	GO:0098970	"cacng2a	cacng2b	cacng3b	cacng4a	cacng4b	cacng5a	cacng5b	cacng7a	cacng7b	cacng8a	cacng8b	dlg4b"
neurotransmitter receptor transport, postsynaptic endosome to lysosome	GO:0098943	"cacng2a	cacng2b	cacng3b	cacng4a	cacng4b	cacng5a	cacng5b	cacng7a	cacng7b	cacng8a	cacng8b"
positive regulation of synaptic transmission, glutamatergic	GO:0051968	"cacng2a	cacng2b	cacng3b	cacng4a	cacng4b	cacng5a	cacng5b	cacng7a	cacng7b	cacng8a	cacng8b"
transmission of nerve impulse	GO:0019226	"cacng2a	cacng2b	cacng3b	cacng4a	cacng4b	cacng5a	cacng5b	cacng7a	cacng7b	cacng8a	cacng8b	kif2a	slc16a2"
regulation of dopamine secretion	GO:0014059	"drd2a	drd2b	drd2l	drd3	drd4-rs	drd4a"
adenylate cyclase-inhibiting dopamine receptor signaling pathway	GO:0007195	"drd2a	drd2b	drd2l	drd3	drd4-rs	drd4a	drd4b"
G protein-coupled dopamine receptor signaling pathway	GO:0007212	"caly	drd1a	drd1b	drd2a	drd2b	drd2l	drd7	gnai3	gnao1a	gnao1b	gnb5a	gnb5b	nsg2	panx1a	rgs9a	rgs9b"
regulation of potassium ion transport	GO:0043266	"drd2a	drd2b	drd2l	drd3	drd4-rs	drd4a"
negative regulation of cytosolic calcium ion concentration	GO:0051481	"drd2a	drd2b	drd2l	drd3	drd4-rs	drd4a"
phospholipase C-activating dopamine receptor signaling pathway	GO:0060158	"drd2a	drd2b	drd2l	drd3	drd4-rs	drd4a	gna14	gna14a	gna15.1	gna15.4"
negative regulation of synaptic transmission, glutamatergic	GO:0051967	"drd2a	drd2b	drd2l	drd3	drd4-rs	drd4a"
negative regulation of epithelial cell proliferation	GO:0050680	"cdkn1ba	cdkn1bb	cdkn1ca	cdkn1cb	llgl2"
negative regulation of mitotic cell cycle	GO:0045930	"brinp1	brinp2	brinp3a.1	brinp3a.2	brinp3b	c1ql4l	cdkn1ba	cdkn1bb	cdkn1ca	cdkn1cb	scrib"
positive regulation of canonical Wnt signaling pathway	GO:0090263	"adgra2	adnpb	amer1	bambia	bambib	caprin2	cdkn2aip	csnk1da	csnk1db	csnk1e	csnk1g1	csnk1g2b	dmxl2	fam53b	fto	gid8a	gid8b	gpc3	gpc5a	gpc5b	hwa	lgr4	lypd6	nup62l	ppm1ab	ppm1ba	ppm1na	ppm1nb	reck	rnf146	rnf25	rspo1	rspo2	rspo3	rspo4	tmem198aa	tmem198ab	ugdh	wnt8a	xiap"
positive regulation of Wnt signaling pathway	GO:0030177	"atp6ap2	caprin2	fgf3	fgf8a	grk5	nlk1	nlk2	rspo1	sfrp1a	sfrp5	sulf1	zranb1b"
positive regulation of dendrite morphogenesis	GO:0050775	caprin2
regulation of cytosolic calcium ion concentration	GO:0051480	"atp1a2a	atp2b1b	atp2b2	cav1	cav2	cav3	cav4a	cav4b	fyna	slc35g1	slc8a4a	tmem178a	tmem64	trpc1	trpc2b	trpc4a	trpc4b	trpc5a	trpc6a	trpc7a	trpc7b"
L-phenylalanine catabolic process	GO:0006559	"fah	gstz1	hgd	hpda	pah	qdpra	qdprb.1	qdprb.2	qdprb.4	tat"
tetrahydrobiopterin biosynthetic process	GO:0006729	"gch1	gch2	pcbd1	pts	qdpra	qdprb.1	qdprb.2	qdprb.4	spra	sprb"
intrinsic apoptotic signaling pathway in response to DNA damage by p53 class mediator	GO:0042771	"bag6l	cdip1	hipk1b	hipk2	phlda3	si:dkey-74k8.3	si:dkey-9i23.15	tp53	uri1	xrcc5"
regulation of insulin secretion	GO:0050796	"gck	gip	rfx3	sstr5	uqcc2"
response to glucose	GO:0009749	"ache	gip	gys2	hif1ab	ins	lepr	nos2a	pck1	vegfaa"
regulation of fatty acid biosynthetic process	GO:0042304	gip
glomerulus development	GO:0032835	"apol1	cd2ap	crb2b	elmo1	elmo2	elmo3	gli2a	myh9a	myo1ca	myo1cb	myo1ea	myo1eb	noto	nphs2	plce1	shha	tcf21	thsd7aa	tmem63c	wt1a"
pronephric glomerulus development	GO:0039021	"cd2ap	foxc1a	kdm4c	kirrel3l	mafba	magi2a	nphp4	nphs1	nphs2	p4htmb	rbpja	rbpjb	tmem218	tmem234	usp40	wt1a"
regulation of RNA splicing	GO:0043484	"aff2	ahnak	clk2a	clk2b	clk4a	clk4b	esrp1	esrp2	grsf1	hmga1a	hnrnph1	hnrnph1l	hnrnph3	hnrnpl	hnrnpl2	ints11	ints5	mbnl1	ptbp1a	ptbp1b	ptbp2a	ptbp2b	ptbp3	rbfox1	rbfox1l	rbfox2	rbfox3a	rbfox3b	rbm12	rbm12ba	rbm12bb	rbm38	si:ch211-125o16.4	si:ch211-89o9.4	sona	srrm4	tardbpb	usb1	usp39	zc3h10	znf326"
adrenergic receptor signaling pathway	GO:0071875	lmbrd2b
nuclear pore localization	GO:0051664	"lmna	lmnb1	lmnb2	lmnl3"
protein localization to nuclear envelope	GO:0090435	"lmna	lmnb1	lmnb2	lmnl3"
regulation of cellular senescence	GO:2000772	"hsf4	lmna"
cellular response to zinc ion	GO:0071294	"glra1	hvcn1	mtf1"
cellular response to cadmium ion	GO:0071276	"mtf1	sumo1"
mRNA splice site recognition	GO:0006376	"celf1	celf2	celf3a	celf3b	celf4	khdc4	luc7l	luc7l3	puf60a	puf60b	trnau1apa	trnau1apb	zgc:158803"
negative regulation of cellular response to hypoxia	GO:1900038	ndrg1a
neuron projection regeneration	GO:0031102	"csrp1a	mvp	omgb"
trans-Golgi network to recycling endosome transport	GO:0044795	rab13
blood vessel morphogenesis	GO:0048514	"acvrl1	birc5a	c1ql4l	ccbe1	col22a1	dhx15	dlc	drosha	efnb2a	efnb2b	eng	ets1	etsrp	fli1	fli1rs	gdf6a	hey2	hspa12b	jak2a	kdm4ab	kdm4c	krit1	lama1	lama4	map3k7	med14	mib1	min	naa35	notch3	ntn4	pdcd10a	pdcd10b	pdgfba	pdgfrb	plekhh1	psn	rab13	sestd1	sh3gl3b	smad5	snx5	spred1	stk25b	tardbpa	tardbpb	tbx6	unc45a	unc5b	vegfc	vegfd	yap1"
cellular response to insulin stimulus	GO:0032869	"cpeb1b	insig1	insig2	lpin1a	otop1	pck1	pck2	pklr	pkma	prkci	rab13	rps6kb1b	slc39a14"
protein kinase A signaling	GO:0010737	rab13
protein localization to cell leading edge	GO:1902463	rab13
endothelial cell chemotaxis	GO:0035767	rab13
negative regulation of transport	GO:0051051	"arl6ip5a	arl6ip5b"
regulation of synaptic vesicle cycle	GO:0098693	"dnajc5aa	dnajc5ab"
pro-T cell differentiation	GO:0002572	"pak1	rac2"
bulbus arteriosus development	GO:0003232	"dhfr	pak1	pbx4"
peptidyl-glutamic acid carboxylation	GO:0017187	ggcx
negative regulation of translational initiation	GO:0045947	"ago2	eif4ebp1	eif4ebp2	eif4ebp3	eif4ebp3l	gra	paip2b	ybx1"
regulation of muscle hypertrophy	GO:0014743	eif4ebp3l
centriole replication	GO:0007099	"cep135	cep152	cep44	cep63	cetn2	cetn4	cntrob	cp110	plk4	poc1b	rttn	sass6	si:dkey-243i1.1"
interkinetic nuclear migration	GO:0022027	cetn4
phagosome maturation	GO:0090382	"rab14	rab14l	slc37a2	zgc:91968"
Golgi to endosome transport	GO:0006895	"dop1a	dop1b	rab14	rab14l	sort1a	sort1b	sys1"
phagolysosome assembly	GO:0001845	"atp6v0a1a	rab14	rab14l	srpx"
cell-substrate junction assembly	GO:0007044	"fn1a	fn1b	mibp2"
negative regulation of vasculature development	GO:1901343	hif1an
ubiquitin recycling	GO:0010992	plaa
negative regulation of endoribonuclease activity	GO:0060702	tegt
cellular response to unfolded protein	GO:0034620	"hspb8	tegt"
negative regulation of apoptotic signaling pathway	GO:2001234	tegt
uridine transmembrane transport	GO:0015862	"slc29a1a	slc29a1b"
negative regulation of ubiquitin-dependent protein catabolic process	GO:2000059	prmt6
peptidyl-arginine methylation	GO:0018216	"carm1	carm1l	prmt1	prmt2	prmt3	prmt5	prmt6	prmt7	prmt8b	prmt9"
regulation of insulin-like growth factor receptor signaling pathway	GO:0043567	"igfbp1a	igfbp1b	igfbp2a	igfbp2b	igfbp3	igfbp5a	igfbp5b	igfbp6a	igfbp6b"
contact inhibition	GO:0060242	pard3ab
protein localization to cell junction	GO:1902414	"nectin1b	pard3ab"
cell migration in hindbrain	GO:0021535	"cdh2	dvl2	fgfr1a	has2	hoxb1a	mcm5	pard3ab	prickle1a	vangl2"
myelination in peripheral nervous system	GO:0022011	"adcy6a	adcy6b	adgrg6	aldh1a2	bace1	chd7	dock1	il7r	lama2	pard3ab	sox10	sptan1"
neuroblast proliferation	GO:0007405	"ccndx	her2	pard3ab	prkci"
establishment of centrosome localization	GO:0051660	"cep83	pard3ab"
regulation of collateral sprouting in absence of injury	GO:0048696	"casp3a	casp9	mapk14a	pard3ab	pard6gb	pik3ca	pik3cd	plxna3	robo2	tot"
bone mineralization	GO:0030282	"alpl	atf4a	atp2b1a	atp6v1h	cdkl5	cfdp1	chd7	clec11a	clec3bb	col1a1a	col27a1a	col27a1b	entpd5a	fap	fbxl15	her9	lgr4	lrp5	ltbp1	mst1	mst1rb	nr3c1	phospho1	pls3	ppp2r3b	pth4	pthlha	pthlhb	shox	slc10a7	slc40a1	tgfbr3	wnt16"
tooth mineralization	GO:0034505	"atp2b1a	dlx3b"
copper ion transport	GO:0006825	"atox1	atp7a	atp7b	slc31a1	slc31a2"
copper ion transmembrane transport	GO:0035434	"atp7a	slc31a1	slc31a2"
regulation of male mating behavior	GO:1902435	or55d1
detection of pheromone	GO:0043695	or55d1
multinuclear osteoclast differentiation	GO:0072674	tnfrsf11a
positive regulation of bone resorption	GO:0045780	"tmem64	tnfrsf11a"
regulation of glucose metabolic process	GO:0010906	"bckdk	cyp2r1	gcgra	gcgrb	lepb	nr4a1	pdk1	pdk2a	pdk2b	pdk3a	pdk3b	pdk4	rreb1a	rreb1b	tesmin	tlr2"
regulation of acetyl-CoA biosynthetic process from pyruvate	GO:0010510	"bckdk	pdk1	pdk2a	pdk2b	pdk3a	pdk3b	pdk4"
peptide cross-linking	GO:0018149	"f13a1a.1	f13a1b	tgm1	tgm1l1	tgm1l2	tgm1l3	tgm1l4	tgm1l5	tgm1l6	tgm2a	tgm2b	tgm2l	tgm5l	tgm8"
L-leucine transport	GO:0015820	"slc38a9	slc6a15	slc6a17"
positive regulation of melanocyte differentiation	GO:0045636	"h2az2a	mitfa"
cellular response to tumor cell	GO:0071228	"mitfa	notch2"
negative regulation of DNA damage response, signal transduction by p53 class mediator	GO:0043518	"cd74a	cd74b	plrg1	prpf19	yju2"
positive regulation of macrophage cytokine production	GO:0060907	"cd74a	cd74b"
positive regulation of cytokine-mediated signaling pathway	GO:0001961	"cd74a	cd74b"
positive regulation of type 2 immune response	GO:0002830	"cd74a	cd74b"
antigen processing and presentation	GO:0019882	"cd74a	cd74b	mhc2bl	mhc2d4b	mhc2d8.35a1	mhc2d8.35b2	mhc2d8.37a1	mhc2d8.37a2	mhc2d8.37b2	mhc2d8.45b1	mhc2d8.46a	mhc2daa	mhc2dab	mhc2dbb	mhc2dga	mhc2dgb	mhc2dhb	si:busm1-194e12.8	zgc:123107"
positive regulation of actin filament bundle assembly	GO:0032233	"pfn1	pfn2a	pfn2b	synpo2b	synpo2la	synpo2lb"
cardiac muscle tissue development	GO:0048738	"aplnra	aplnrb	cmlc1	fer1l6	fgfr1a	fhl1a	gata5	myl7	nr2f1a	sgcd	sgcg	smad4a	synpo2la	synpo2lb	ttn.2	unc45b	washc5"
blood vessel endothelial cell migration	GO:0043534	"acvrl1	amot	cald1b	dll4	hspg2	lmo2	plekhg5a	plekhg5b	sema3d	sox32	sphk1	thsd7aa"
regulated exocytosis	GO:0045055	"rab11ba	rab11bb	rab11fip2	tmem79a	tmem79b"
lateral line development	GO:0048882	"eif3ha	erbb3b	ntrk2b	rltgr	tmc2a"
negative regulation of inflammatory response	GO:0050728	"fem1a	fxr1	il10	il13	il4	macir	metrnla	nlrc3l	nr1h4	pparaa	pparab	pparda	ppardb	pparg	ptger4a	ptger4b	ptger4c	sigirr	tnfaip6	uacab"
positive regulation of immunoglobulin production	GO:0002639	"cd40lg	il2rga	sash3"
chondroitin sulfate biosynthetic process	GO:0030206	"chpf2	chpfa	chpfb	chst11	chst3a	chst3b	chst7	chsy1	csgalnact1a	csgalnact1b	csgalnact2	uxs1	xylt1	xylt2"
chondroitin sulfate proteoglycan biosynthetic process	GO:0050650	"b3gat2	b3gat3	b4galt7	chsy1	csgalnact1a	csgalnact2	ext2	extl3	pxylp1	uxs1	xylt1"
heparan sulfate proteoglycan biosynthetic process	GO:0015012	"b3gat3	b4galt7	csgalnact1a	csgalnact2	ext1a	ext1b	ext1c	ext2	extl3	glcea	glceb	ndst1a	uxs1	xylt1	xylt2"
proteoglycan biosynthetic process	GO:0030166	"b3gat3	b4galt5	cant1a	chst10	chst11	chst12a	chst12b.2	ext2	fam20b	gpc4	si:ch211-269c21.2	slc35b2	uxs1	xylt1	xylt2"
monoatomic anion transport	GO:0006820	"slc4a10a	slc4a10b	slc4a11	slc4a1a	slc4a1b	slc4a2a	slc4a2b	slc4a3	slc4a4a	slc4a4b	slc4a5a	slc4a5b	slc4a7	slc4a8"
ventricular trabecula myocardium morphogenesis	GO:0003222	"mstnb	nrg1	nrg2a	rbx1	wwtr1"
chorion micropyle formation	GO:0046844	wwtr1
embryonic digestive tract development	GO:0048566	"ascl1a	hnf1ba	wwtr1	yap1"
retinal pigment epithelium development	GO:0003406	"atp6ap1b	atp6v0d1	bmp7b	ctsd	exoc5	nsfb	otx1	otx2a	otx2b	sgo1	smarca4a	tyrp1a	tyrp1b	vps11	wwtr1	yap1"
BMP signaling pathway	GO:0030509	"acvr1l	bmp10	bmp2b	bmp4	bmp6	bmp7a	bmp7b	bmpr1aa	bmpr1ab	bmpr1ba	bmpr1bb	bmpr2a	bmpr2b	ccn6	fcho1	gdf2	gdf3	gdf6a	gdf6b	grem2b	hjv	id2a	inppl1a	lats1	lats2	rbm14a	rbm14b	rgma	rgmb	scube1	smad1	smad5	smad9	tbx2b	tob1a	wwtr1	yap1	zdhhc13"
hippo signaling	GO:0035329	"amot	amotl2a	amotl2b	lats1	lats2	mob1ba	mob1bb	sav1	stk3	tead1a	tead1b	tead3a	tead3b	vgll4b	wwtr1	yap1"
epithelial cell fate commitment	GO:0072148	wwtr1
fibronectin fibril organization	GO:1905590	"loxl3a	loxl3b	wwtr1	yap1"
retinal ganglion cell axon guidance	GO:0031290	"adcy1b	adcy8	ahi1	alcamb	apc	boc	cdh11	col4a5	cpsf1	cxcl12a	cxcl12b	cxcr4b	cyfip2	disp1	dzip1	ext2	extl3	fgf19	gdf6a	gli1	gli2a	islr2	lama1	lamb1a	lamc1	lhx2b	mmp14a	mmp2	mycbp2	ndr2	ptch2	rb1	rbpms2a	rbpms2b	robo2	sema3d	slbp	slc35b2	smo	tenm3	top2b"
glycosaminoglycan biosynthetic process	GO:0006024	"b3galt6	pxylp1	slc35b2	ugdh"
odontogenesis	GO:0042476	"acvr1l	cdh2	cyp26b1	eda	ext2	gli1	gli2a	pitx2	prkci	shha	slc35b2	smoc2	ssuh2rs1	vps4b	wnt10a"
osteoblast differentiation	GO:0001649	"bmp3	ext2	ihha	lgr4	myoc	nog1	nog2	nog3	nog5	ptch1	ptch2	slc35b2	sp7	tmem165"
regulation of cholangiocyte apoptotic process	GO:1904192	abcc12
male gonad development	GO:0008584	"ar	cyp11c1	dmrt1	fshr	lhcgr"
follicle-stimulating hormone signaling pathway	GO:0042699	fshr
eye pigment granule organization	GO:0008057	"atp6ap1b	atp6v0d1"
regulation of heart looping	GO:1901207	"atp6ap1b	atp6v1f	atr	cfap20	mia2	mia3	mmp21	nphp4	pkd1l1	rangrf	rnf207b	tmem218"
melanosome organization	GO:0032438	"asip1	atp6ap1b	atp6v0d1	gpr143	ncstn	pmela	pmelb	rab32a	rab38c	tyr	tyrp1a	tyrp1b	zgc:162171"
regulation of cellular pH	GO:0030641	"atp6ap1a	atp6ap1b"
glycosylation	GO:0070085	"b4galt2	b4galt4	b4galt5	b4galt6	nansa	nansb	si:dkey-199f5.8	si:dkey-56i24.1	zgc:194839"
P granule organization	GO:0030719	"dctn2	pld6	tdrd1	tdrd15	tdrd5	tdrd6	tdrd7a	tdrd7b"
piRNA processing	GO:0034587	"exd1	fkbp6	henmt1	piwil1	piwil2	pld6	tdrd1	tdrd15	tdrd6	tdrd7a	tdrd7b	tdrd9"
modulation of chemical synaptic transmission	GO:0050804	"btbd9	cplx2a	cplx2b	cplx3a	cplx3b	cplx4a	cplx4b	cplx4c	dlgap1a	dlgap3	gria1a	gria1b	gria2b	gria3b	gria4a	gria4b	grid1b	grid2	grik5	lrrc4.1	lrrc4.2	lrrc4ca	lrrc4cb	ngfa	ngfb	nlgn3a	nlgn3b	pxk	si:ch211-251b21.1	si:ch211-81a5.8	si:dkey-183j2.10"
ionotropic glutamate receptor signaling pathway	GO:0035235	"cpeb4a	grid2	grin1b"
pyridine nucleotide biosynthetic process	GO:0019363	"haao	kmo	kynu	nampt1	nampt2	nampt3.1	nampt3.2	nampt4.1	naprt	nmnat1	nmnat2	nmnat3"
NAD biosynthetic process	GO:0009435	"aspdh	haao	kynu	nadsyn1	nampt1	nampt2	nampt3.1	nampt3.2	nampt4.1	naprt	nmnat1	nmnat1-rbp7a	nmnat2	nmnat3"
prostaglandin metabolic process	GO:0006693	"hpgd	prxl2b	ptges	ptges3a	ptges3b	ptgesl	ptgis	ptgr1.1	ptgr1.2	ptgr2	ptgs1	ptgs2a	ptgs2b	slco2b1	zgc:56585"
DNA modification	GO:0006304	dntt
negative regulation of fibroblast growth factor receptor signaling pathway	GO:0040037	"churc1	dusp4	gpc1a	gpc1b	il17rd	inppl1a	nkx2.3	spry1	spry2	spry4	sulf1	supt5h	zeb2a"
hindbrain morphogenesis	GO:0021575	"aldh1a2	ascl1a	ascl1b	crabp2a	crabp2b	egr2b	hnf1ba	hoxb1b	irx7	neurog1	raraa"
vesicle fusion with Golgi apparatus	GO:0048280	"bet1	sec22ba	sec22bb	uso1	vti1a	vti1b	yipf4	yipf5	zgc:123321"
cell-cell adhesion via plasma-membrane adhesion molecules	GO:0098742	"cdh2	cdh23	mpz	pecam1a"
embryonic caudal fin morphogenesis	GO:0035124	"acvr1l	col22a1	tll1"
muscle attachment	GO:0016203	"cemip2	col22a1	dag1	dmd	dnajb6b	fkrp	ilk	itga7	lama2	lama4	lamb2	postnb"
TORC1 signaling	GO:0038202	"mtor	rps6ka2	rps6ka3a	rps6ka5	rps6kal	rps6kb1a	rps6kb1b	rptor"
tRNA modification	GO:0006400	"b3gntl1	cdk5rap1	cdkal1	dtwd1	elp5	gtdc1	gtpbp3	mettl1	qtrt1	qtrt2	thg1l	thumpd1	trit1	trub1	wdr4"
response to axon injury	GO:0048678	"morn4	sarm1"
atrioventricular valve development	GO:0003171	"adap2	has2	id4	klf2a	llgl1	npnta	pdcd4b	pkd2	prss23	trpv4"
response to osmotic stress	GO:0006970	trpv4
cellular response to oscillatory fluid shear stress	GO:0097704	"pkd2	trpv4"
regulation of cell differentiation	GO:0045595	"cebpd	plekhb1	plekhb2	ptbp1a	ptbp1b	runx1	runx2a	runx3"
regulation of connective tissue replacement	GO:1905203	runx1
regulation of cardiac muscle cell proliferation	GO:0060043	"cdk9	larp7	prrx1b	runx1	tbx20	trpc6a"
positive regulation of collagen biosynthetic process	GO:0032967	runx1
regulation of plasminogen activation	GO:0010755	runx1
positive regulation of extracellular matrix organization	GO:1903055	runx1
cardiac muscle tissue regeneration	GO:0061026	"cav1	cdk9	flt4	fosab	foxm1	gata3	gata4	hapln1b	hey2	hmmr	larp7	lrrc10	mdka	prrx1b	runx1	stat3	tbx5a	vegfc"
regulation of hematopoietic progenitor cell differentiation	GO:1901532	"adora2b	csf3r	myd88	nfkbiaa	pdgfra	runx1	stag1a	stag2b	tlr4bb	tnfrsf1b"
regulation of neutrophil differentiation	GO:0045658	"asxl1	cebp1	csf3r	irf8	myb	pax9	ptpn6	runx1"
regulation of myeloid cell differentiation	GO:0045637	"gata1a	runx1"
myeloid leukocyte differentiation	GO:0002573	"cebpa	irf8	pak4	runx1	sbds"
positive regulation of neutrophil differentiation	GO:0045660	runx1
cardiolipin biosynthetic process	GO:0032049	"crls1	pgs1	tamm41"
intracellular potassium ion homeostasis	GO:0030007	"atp1a1a.1	atp1a1a.2	atp1a1a.3	atp1a1a.4	atp1a1a.5	atp1a1b	atp1a2a	atp1a3a	atp1a3b	atp1b1a	atp1b1b	atp1b2b	atp1b3a	atp1b3b"
sodium ion export across plasma membrane	GO:0036376	"atp1a1a.1	atp1a1a.2	atp1a1a.3	atp1a1a.4	atp1a1a.5	atp1a1b	atp1a2a	atp1a3a	atp1a3b	atp1b1a	atp1b1b	atp1b2b	atp1b3a	atp1b3b"
intracellular sodium ion homeostasis	GO:0006883	"atp1a1a.1	atp1a1a.2	atp1a1a.3	atp1a1a.4	atp1a1a.5	atp1a1b	atp1a2a	atp1a3a	atp1a3b	atp1b1a	atp1b1b	atp1b2b	atp1b3a	atp1b3b	atp6v1aa"
skin epidermis development	GO:0098773	"atp1b1a	llgl2	nrg2a	slc39a7"
regulation of epidermis development	GO:0045682	"atp1b1a	clint1a	llgl2"
regulation of cardiac muscle cell action potential	GO:0098901	"atp1b1a	tmem161b"
neurotransmitter transport	GO:0006836	"cplx2a	cplx2b	cplx3a	cplx3b	cplx4a	cplx4b	cplx4c	cyp11c1	si:ch211-81a5.8	slc17a6a	slc17a6b	slc17a7a	slc17a7b	slc17a8	slc18a2	slc18a3a	slc18a3b	slc6a1a	slc6a1b	slc6a1l	slc6a6a	slc6a6b	slc6a9	sv2a	sv2bb	sv2ca"
taurine transmembrane transport	GO:0015734	"slc6a6a	slc6a6b"
protein import into mitochondrial matrix	GO:0030150	"dnajc15	dnajc19	dnlz	grpel1	grpel2	pam16	romo1	si:dkey-71l1.1	timm17a	timm17b	timm21	timm23a	timm23b	timm44	timm50	tomm20b	tomm40	tomm40l	tomm7	tomm70a"
protein insertion into mitochondrial inner membrane	GO:0045039	"agk	romo1	timm10	timm13	timm22	timm29	tomm70a"
ventricular cardiac muscle cell development	GO:0055015	"bmp2b	cmlc1	icam3	myl7	opa1	pbx4	tomm70a"
negative regulation of non-canonical NF-kappaB signal transduction	GO:1901223	"cyld	mkrn2	tnfaip3	uacab"
cellular homeostasis	GO:0019725	"npc1	rhot1a	rhot2"
mitochondrial outer membrane permeabilization	GO:0097345	"bnip3la	bnip3lb	bnip4	rhot1a	rhot2	zgc:73226"
mitochondrion transport along microtubule	GO:0047497	"kifbp	rhot1a	rhot1b	rhot2"
porphyrin-containing compound biosynthetic process	GO:0006779	"alad	cpox	fech	hmbsa	hmbsb	ppox	rsad1	urod"
heme biosynthetic process	GO:0006783	"alad	alas1	alas2	atp5if1a	atp5if1b	cox10	cox15	fech	hmbsa	iba57	isca1	ppox	slc22a5	slc25a39	snx3	tmem14ca	tmem14cb	urod"
protoporphyrinogen IX biosynthetic process	GO:0006782	"alad	alas1	alas2	cpox	hmbsa	hmbsb	ppox	urod	uros"
axon regeneration	GO:0031103	"ascl1a	b3gat1a	cnp	dcc	dpysl2b	dusp2	gap43	hmgb1a	l1camb	lgmn	lingo1a	lrp4	mcamb	neurog1	ptena	rtn4b	scn8ab	sema4d	wfs1b"
vascular endothelial cell proliferation	GO:0101023	"tgfbr1a	tgfbr1b"
selenocysteine incorporation	GO:0001514	"eefsec	sepsecs"
negative regulation of mesodermal cell fate specification	GO:0042662	"klf2a	klf2b"
regulation of ectodermal cell fate specification	GO:0042665	"klf2a	klf2b	tp63	zdhhc13"
ventricular compact myocardium morphogenesis	GO:0003223	"klf2a	klf2b"
endocardial cushion cell development	GO:0061444	klf2a
atrioventricular valve morphogenesis	GO:0003181	"fn1b	has2	itgb1a	jupa	klf2a	krit1	nfatc1	rad21a	si:ch73-105b23.6	tmsb4x	twist1b	vcla"
nitric oxide biosynthetic process	GO:0006809	"klf2a	nos1	nos2a	nos2b	pora	porb	slc7a6	tnnt2a"
double-strand break repair via synthesis-dependent strand annealing	GO:0045003	"fancm	rad54l	xrcc3"
regulation of developmental pigmentation	GO:0048070	"bmp7b	csf1ra	ctns	ednrba	ltk	scarb1	sulf1"
maintenance of cell number	GO:0098727	"chm	ltk"
germ cell development	GO:0007281	"ambra1b	amh	blm	cxcr4b	ddx4	dmrt1	dnd1	gmcl1	igf2bp3	kif26ab	kif5ba	nanos3	pafah1b1a	pafah1b1b	piwil1	sinhcaf	stat3	stau1	stau2	tdrd1	tdrd12	tdrd5	tdrd6"
negative regulation of mitotic recombination	GO:0045950	"blm	recql5"
triglyceride mobilization	GO:0006642	apoba
G-quadruplex DNA unwinding	GO:0044806	wrn
DNA unwinding involved in DNA replication	GO:0006268	"mcm2	mcm4	mcm6	mcm6l	mcm7	recql4	recql5	rpa1	ssbp1	wrn"
bone growth	GO:0098868	"gja1b	wrn"
fructose 2,6-bisphosphate metabolic process	GO:0006003	"pfkfb1	pfkfb2a	pfkfb2b	pfkfb3	pfkfb4a	pfkfb4b	si:dkey-96f10.1"
fructose metabolic process	GO:0006000	"fbp1a	fbp1b	khk	pfkfb1	pfkfb2a	pfkfb2b	pfkfb3	pfkfb4a	pfkfb4b	si:dkey-96f10.1"
endocardial cushion formation	GO:0003272	"actc1a	mmd	prkd2"
regulation of Ras protein signal transduction	GO:0046578	"mmd	rabl3"
oligosaccharide biosynthetic process	GO:0009312	"mgat2	mpdu1a	mpdu1b	si:ch73-91k6.2	st6galnac1.1	st6galnac1.2"
modified amino acid catabolic process	GO:0042219	"ggact.1	ggact.2	ggact.3"
7-methylguanosine cap hypermethylation	GO:0036261	"lyn	tgs1"
regulation of neutrophil chemotaxis	GO:0090022	"cftr	cxcl12a	cxcr4b	hspd1	lyn	rac2"
cholesterol catabolic process	GO:0006707	"cyp46a1.1	cyp46a1.2	cyp46a1.3	cyp46a1.4	cyp46a1.5	cyp7a1"
L-kynurenine catabolic process	GO:0097053	"aldh8a1	kyat3.1	kyat3.2	kynu"
positive regulation of Notch signaling pathway	GO:0045747	"aak1b	angptl1a	angptl2b	asb11	bmp2k	epb41l5	mib1	nepro	poglut1"
ribosomal large subunit assembly	GO:0000027	"bxdc2	mdn1	mrto4	nop53	rpf2	rpl5a	rpl5b"
regulation of membrane potential	GO:0042391	"cav3	chrna10a	chrna11	chrna7a	grin1b	kcnh4a	kcnh4b	kcnh5a	kcnk5b	popdc1	popdc2	popdc3	slc26a5"
response to temperature stimulus	GO:0009266	"clocka	cry2	cry3a	dnmt3aa	dnmt3ab	per1b	prkn"
regulation of ATP citrate synthase activity	GO:2000983	"dnmt3aa	dnmt3ab"
hematopoietic stem cell homeostasis	GO:0061484	"clasp2	crcp	dnmt3bb.1	gja5b	kif2c	kitlgb	mre11a	polr3h	polr3k	sae1	sart3	tfec	tp53	ube2ib	ufl1	ufm1	zrsr2"
negative regulation of gene expression via chromosomal CpG island methylation	GO:0044027	"dnmt1	dnmt3bb.1	uhrf1"
cardiac cell fate specification	GO:0060912	"bmpr1aa	bmpr1ab"
left/right pattern formation	GO:0060972	"bbs1	bmpr1aa	bmpr1ab	fto	gata5	gdf3	glis2b	hspb12	hspb7	megf8	nkd1	nphp3	pkd2	rbp7a	slc25a25b	ttc8	vangl2"
erythrocyte development	GO:0048821	"akap10	alas1	alas2	clpxa	cul4a	dock4a	etv7	fer	gata1a	gata2a	hif1al	hmgcs1	lmo2	melk	ptpn9a	rpl11	rps14	rps19	rps29	sec23b	slc25a37	slc48a1b	spi1b	sptb	stat5a	tbx16	tp53"
porphyrin-containing compound metabolic process	GO:0006778	"alas1	alas2	urod"
tetrapyrrole biosynthetic process	GO:0033014	"alad	alas1	alas2	hmbsa	hmbsb	uros"
hemoglobin metabolic process	GO:0020027	"alas2	glrx3	slc25a38a	slc25a38b"
motile cilium assembly	GO:0044458	"ahi1	bbof1a	cfap298	dnaaf11	dnaaf3	dnaaf3l	foxj1b	llgl2	mak	rsph9	ruvbl2	zmynd10"
positive regulation of p38MAPK cascade	GO:1900745	"lepa	lepb	map2k6	rell1	rell2"
positive regulation of receptor signaling pathway via JAK-STAT	GO:0046427	"gh1	ghra	ghrb	il7r	jak2a	kita	kitb	lepa	lepb	prl	prl2	smtlb	supt5h	tnfsf18"
negative regulation of appetite by leptin-mediated signaling pathway	GO:0038108	"lepa	lepb"
regulation of protein localization to membrane	GO:1905475	"gpc1a	gpc1b	gpc2	gpc3	gpc4	gpc5a	gpc5b	gpc6a	gpc6b"
DNA biosynthetic process	GO:0071897	"ccn2a	lig1	lig3	lig4	polb	pold1	polh	poli	polk	poll	rev1	tk1"
hypothalamus development	GO:0021854	"adcyap1r1b	disc1	fezf2	fgf3	foxh1	gpr101	lef1	ndr1	ndr2	nkx2.1	nkx2.4a	nkx2.4b	nr5a1a	nsfa	otpb	rbfox1	rx3	sox14	tdgf1	wnt8b"
negative regulation of type I interferon production	GO:0032480	"banf1	gpatch3	pias4a	tbk1"
positive regulation of type I interferon production	GO:0032481	"cgasa	gapdh	ikbke	sting1	tbk1	ticam1	zbtb16a	zbtb16b"
activation of innate immune response	GO:0002218	"cgasa	ikbke	myd88	pycard	si:dkey-10c21.1	sting1	tbk1"
cellular response to hypoxia	GO:0071456	"cpeb1b	egln1a	egln1b	egln2	epas1b	fam162a	hif1aa	hif1ab	hif1al	hif1al2	irs1	ngb	sirt2	tp53"
negative regulation of protein localization to cell surface	GO:2000009	"commd1	gopc"
positive regulation of protein ubiquitination	GO:0031398	"birc2	birc5a	commd1	fbxo33	inavaa	inavab	klhl40a	klhl40b	mib1	mib2	ndfip1	ndfip1l	ndfip2	phf23a	phf23b	ube2d1b	xiap"
regulation of proteasomal ubiquitin-dependent protein catabolic process	GO:0032434	"commd1	dda1	desi1a	desi1b	vcp"
copper ion homeostasis	GO:0055070	commd1
negative regulation of sodium ion transmembrane transport	GO:1902306	commd1
endodermal digestive tract morphogenesis	GO:0061031	"apc	celf1	ercc2	sfrp5"
positive regulation of BMP signaling pathway	GO:0030513	"acsl4a	b4galt5	bmp16	bmp2a	bmp2b	bmp4	elapor2b	fbxl15	gdf6a	kcp	lzts2a	mgaa	ngly1	ppp4cb	sfrp1a	sfrp5	smoc1	snw1	tll1	tsc22d3	twsg1b"
liver morphogenesis	GO:0072576	"arnt2	cdipt	ddx46	hhex	hnf1ba	nav3	sfrp5"
negative regulation of RNA catabolic process	GO:1902369	nrde2
regulatory ncRNA-mediated heterochromatin formation	GO:0031048	"arb2a	nrde2	si:ch73-41e3.7"
response to salt stress	GO:0009651	"gal	slc26a3.1	slc26a4	slc26a6"
regulation of bone resorption	GO:0045124	"lrp5	si:dkey-11p23.7	siglec15l"
anterior lateral line neuromast hair cell development	GO:0035676	"lrp5	s1pr2"
posterior lateral line neuromast hair cell development	GO:0035677	"gpr156	hcn1	insm1a	lrp5	s1pr2	socs3a	stat3	tgfb1a	tmem132e"
membrane depolarization during action potential	GO:0086010	"cacna1ia	scn1laa	scn1lab	scn4aa	scn4ab	scn5lab"
neuronal action potential	GO:0019228	"kiss1	rnf121	scn1laa	scn1lab	scn4aa	scn4ab	scn5lab"
pancreas morphogenesis	GO:0061113	"celf1	crb2b	lama1	nol9"
positive regulation of mRNA catabolic process	GO:0061014	celf1
embryonic liver development	GO:1990402	"celf1	efnb1	epas1b	ephb3b	leg1.1	ptger2a	ptger4a	ptgs1	ptgs2a"
cytoplasmic translational elongation	GO:0002182	"rplp2	rplp2l"
negative regulation of male gonad development	GO:2000019	nr0b1
multicellular organismal-level water homeostasis	GO:0050891	"cftr	foxi3a	nr0b1	tjp3"
regulation of blood vessel remodeling	GO:0060312	s1pr1
sphingosine-1-phosphate receptor signaling pathway	GO:0003376	"s1pr1	s1pr2	spns2"
positive regulation of cell migration	GO:0030335	"arhgef39	ccl39.2	ccn1	ccn1l1	ccn1l2	csf1ra	cxcl12a	cxcl12b	elp5	elp6	fam83ha	fam83hb	fgf1a	fgf3	fgf8a	flt1	flt4	kdr	kdrl	kita	kitb	mxtx1	pdgfaa	pdgfab	pdgfba	pdgfbb	pdgfc	ptk2ba	ptk2bb	s1pr1	sema3aa	sema3ab	sema3b	sema3bl	sema3d	sema3e	sema3fb	sema4ba	sema4bb	sema4c	sema4e	sema5a	sema5ba	sema5bb	sema6ba	sema6ca	sema6cb	sema7a	si:ch211-106h11.3	si:dkey-49n23.1	znf703"
invagination involved in gastrulation with mouth forming second	GO:0055109	eomesa
CD8-positive, alpha-beta T cell differentiation involved in immune response	GO:0002302	"eomesa	eomesb"
determination of dorsal identity	GO:0048263	"atl1	bmpr1ba	ctnnb2	eomesa	fgf8a	fsta	gid8a	gid8b	hdac1	map2k4a	mapk8b	ndr1	sybu	szl	wnt8a"
endodermal cell fate specification	GO:0001714	"dusp4	eomesa	eomesb"
endoderm formation	GO:0001706	"acvr1ba	cdx1b	dand5	dusp1	dusp2	dusp4	dusp5	dyrk1b	eomesa	fn1a	foxh1	gata5	hnf1ba	itga5	itgav	lhx1a	mixl1	mxtx2	nanog	pou5f3	sox17	sox32	tdgf1"
mesendoderm development	GO:0048382	"eomesa	foxh1	ndr1	ndr2	net1	osr1	pitx2	rasl11b	tdgf1"
epiboly	GO:0090504	"afp4	bcl2l10	ctsba	cyp11a1.1	eomesa	ezrb	fscn1a	fzd10	fzd7a	fzd7b	g6pd	gab1	grhl1	grhl3	kcnb1	mxtx2	nanog	popdc1	pou5f3	syne2b"
blood vessel remodeling	GO:0001974	"pdgfrb	rspo3	slv"
branching involved in blood vessel morphogenesis	GO:0001569	"dll4	hs6st2	igfbp7	int	nrarpa	nrarpb	ntn1a	plekhh1	plxnd1	qad	sars1	sema3ab	sema6ca	slv	spns2	tars1	tnnt2a	unc5b	vegfaa	vegfc"
regulation of voltage-gated sodium channel activity	GO:1905150	"fgf11a	fgf11b	fgf13a	fgf13b	fgf14"
proteasomal ubiquitin-independent protein catabolic process	GO:0010499	"psme4a	psme4b"
retina homeostasis	GO:0001895	"cfap20	chm	eys	fzd4	gdf6a	mcoln1a	mcoln1b	nrf1	park7	poc1b	rpgrip1	unm_t32235	unm_t32236	unm_t32237"
transposable element silencing by piRNA-mediated DNA methylation	GO:0141196	"piwil2	tdrd1	tdrd5	tdrd9"
tissue regeneration	GO:0042246	"apoda.1	apoda.2	apodb	ascl1a	cdh2	cxcr4b	ddx20	gap43	gata3	gemin5	hspd1	insm1a	lgmn	mgat5	mustn1a	mustn1b	mycb	ninj1	ninj2	notch2	pdgfba	pdgfrb	prph	sdcbp2	smn1	ttk"
liver regeneration	GO:0097421	ddx20
neuromast regeneration	GO:0070657	"ddx20	gemin5	smn1"
RNA polymerase II preinitiation complex assembly	GO:0051123	"dr1	gtf2a2	gtf2b	taf11	taf12	taf6	taf6l	taf7	taf9"
gonadotrophin-releasing hormone neuronal migration to the hypothalamus	GO:0021828	"cars2	igsf10	ndnf"
cellular response to fibroblast growth factor stimulus	GO:0044344	"dstyk	ndnf"
stem cell proliferation	GO:0072089	"klf4	znrf3"
Schwann cell migration	GO:0036135	nrg1
Schwann cell development	GO:0014044	"erbb2	erbb3b	gle1	nkx2.2a	nrg1	nsfa	sox10	ypel3"
ERBB2-ERBB3 signaling pathway	GO:0038133	nrg1
eurydendroid cell differentiation	GO:0021755	"disc1	nrg1"
ERBB4 signaling pathway	GO:0038130	"nrg1	nrg2b	nrg3b"
enteric nervous system development	GO:0048484	"bace2	bmp2b	chd8	dennd3a	dennd3b	doc2a	dscama	dscamb	ednraa	ednrab	ednrba	ednrbb	elp1	foxd3	gdnfa	gfra1a	gfra1b	gfra2a	gnl1	ihha	kifbp	mab21l2	mapk10	mapk8a	mapk8b	med24	meis3	ncln	nrg1	nup98	pax3a	phactr4a	phactr4b	phox2bb	rad21a	ret	rnf2	ryr1a	ryr3	sema3c	sema3d	slc8a1a	slc8a1b	sox10	tbata	tbx2a	tbx2b	tfap2b	tubb5	ufd1l"
peripheral nervous system development	GO:0007422	"agrn	cdh2	dlx2a	fgf24	fgf3	fgf8a	foxd3	gdnfa	gfi1ab	neurog1	nrg1	nrg2a	ntf3	pax2a	pax2b	pax8	rtn4b	sema3d	si:dkey-16j16.4	sox10	sox3	tfap2a"
cardiac neuron development	GO:0060959	nrg1
regulation of myelination	GO:0031641	"csf1ra	epha4a	epha4b	fbxw7	mtor	nrg1	si:dkey-221l4.10	tenm4	vps16"
maintenance of animal organ identity	GO:0048496	"foxl2a	foxl2b"
cardiac muscle cell action potential involved in contraction	GO:0086002	"scn1ba	scn1bb	scn2b	scn4ba	scn4bb	si:ch211-225p5.8	wu:fu71h07"
membrane depolarization during cardiac muscle cell action potential	GO:0086012	"scn1ba	scn1bb	scn2b	scn3b	scn4ba	scn4bb	si:ch211-225p5.8	wu:fu71h07"
musculoskeletal movement	GO:0050881	"fbxo7	mtmr14	opa3	reep1"
regulation of buoyancy	GO:0031413	opa3
regulation of lipid metabolic process	GO:0019216	"angptl8	igf1	ldlra	lepb	ncoa2	noc3l	opa3	pparg	prkaa1	psap	rnf213a	srebf1	stat5a	tango2	tesmin	tlcd3ba	tlcd3bb	tm6sf2b"
clustering of voltage-gated sodium channels	GO:0045162	"ndrg4	nsfa	sclt1	snap25b	sptan1"
embryonic heart tube development	GO:0035050	"acta1b	acvr1l	apc	apela	atp1a1a.1	dand5	eya4	fgf24	fgf8a	fn1a	gata4	gja1b	has2	kdrl	lft1	mixl1	mxtx1	myh7	ndrg4	nkx2.5	nkx2.7	noto	pals1a	pard6gb	prkci	rdh1	s1pr2	sema3d	sox32	spaw	supt6h	tal1	tbx20	tbx2a	tbx2b	tbx3a	tbx5a"
cardiac muscle cell proliferation	GO:0060038	"cav1	hdac1	hey2	klf1	myl7	ndrg4	nkx2.5	nkx2.7	nppa	nppb	npr1a	npr2	npr3	prdm16	smarca4a	tbx20"
response to heat	GO:0009408	"cryaa	cryaba	ddx6	ddx61	dnaja	dnaja1	dnaja2a	dnaja2b	dnaja3a	dnaja3b	gclc	hsf1	hsp70.1	hsp70l	hsp90aa1.2	hspb1	hspb15	hspb2	hspb6	hspb9	hspb9l	trpv1"
protein refolding	GO:0042026	"cryaa	cryaba	dnaja1	dnaja2a	dnaja2b	hsc70	hsp70.1	hsp70.2	hsp70.3	hsp70l	hspa13	hspa14	hspa1b	hspa5	hspa8	hspa8b	hspa9	hspb1	hspb15	hspb2	hspb6	hspb9	hspb9l	hspd1"
response to steroid hormone	GO:0048545	"asic2	asic4b	bcl3	cnn2	cyp11a1.1	cyp19a1b	gb:ck139976	golm1	jun	junba	junbb	jund	june	nptna	nr3c2	paqr7a	paqr7b	paqr8	ptgs2a	slc37a4a	sox21a	spata18	zgc:175135	zgc:65811	zgc:92184"
cell surface receptor signaling pathway via JAK-STAT	GO:0007259	"clcf1	cntf	jak1	jak2a	jak2b	jak3	m17	socs5b	stat1a	stat1b	stat2	stat3	stat4	stat5a	stat5b	stat6"
beta-alanine transport	GO:0001762	slc6a14
glycine import across plasma membrane	GO:1903804	"si:ch211-225b11.1	si:ch211-283g2.1	slc6a14	slc6a5	slc6a7	slc6a9"
(R)-carnitine transmembrane transport	GO:1902270	slc6a14
positive regulation of adaptive immune response	GO:0002821	sash3
regulation of intracellular signal transduction	GO:1902531	"ankrd54	crk	ppm1da	ppm1db	ppm1kb	samsn1a	sash3"
positive regulation of B cell proliferation	GO:0030890	"sash3	tnfsf13	tnfsf13b"
glutathione catabolic process	GO:0006751	"chac1	chac2	ggt1a	ggt1b	ggt1l2.2	ggt5a	ggt5b	si:ch73-236c18.3	si:dkey-222h21.12"
positive regulation of T cell activation	GO:0050870	"b2m	b2ml	fam49ba	fam49bb	hspd1	mhc2bl	mhc2d4b	mhc2d8.35b2	mhc2d8.37a1	mhc2d8.37a2	mhc2d8.37b2	mhc2d8.45b1	mhc2d8.46a	mhc2daa	mhc2dgb	mhc2dhb	si:busm1-194e12.8	zgc:123107	zmp:0000001006	zmp:0000001138"
peptide antigen assembly with MHC class II protein complex	GO:0002503	"b2m	b2ml	mhc2bl	mhc2d4b	mhc2d8.35b2	mhc2d8.37a1	mhc2d8.37a2	mhc2d8.37b2	mhc2d8.45b1	mhc2d8.46a	mhc2daa	mhc2dgb	mhc2dhb	si:busm1-194e12.8	zgc:123107	zmp:0000001006	zmp:0000001138"
positive regulation of immune response	GO:0050778	"b2m	b2ml	il15	mhc2bl	mhc2d4b	mhc2d8.35b2	mhc2d8.37a1	mhc2d8.37a2	mhc2d8.37b2	mhc2d8.45b1	mhc2d8.46a	mhc2daa	mhc2dgb	mhc2dhb	rsad2	si:busm1-194e12.8	zgc:123107	zmp:0000001006	zmp:0000001138"
antigen processing and presentation of exogenous peptide antigen via MHC class II	GO:0019886	"b2m	b2ml	mhc2bl	mhc2d4b	mhc2d8.35b2	mhc2d8.37a1	mhc2d8.37a2	mhc2d8.37b2	mhc2d8.45b1	mhc2d8.46a	mhc2daa	mhc2dgb	mhc2dhb	si:busm1-194e12.8	zgc:123107	zmp:0000001006	zmp:0000001138"
ERBB signaling pathway	GO:0038127	"erbb2	si:ch73-383l1.1"
regulation of cell communication	GO:0010646	"egfra	erbb3a	erbb3b	erbb4a	prkar1b	si:ch73-383l1.1"
regulation of mitotic spindle assembly	GO:1901673	"ccsapa	ccsapb	rcc1	tprb"
melanocyte proliferation	GO:0097325	abcb6a
iris morphogenesis	GO:0061072	"abcb6a	bmp7b	pitx2	yob"
heme transport	GO:0015886	"abcb6a	hpxa	slc48a1a	slc48a1b"
meiotic recombination checkpoint signaling	GO:0051598	"hormad1	imo	sycp1	sycp2	trip13"
chiasma assembly	GO:0051026	"mlh1	sycp1"
synaptonemal complex assembly	GO:0007130	"bag6l	hormad1	si:ch211-199g17.9	syce2	sycp1	sycp2	trip13	zgc:194246"
male meiosis I	GO:0007141	"e2f5	imo	mlh1	moto	sycp1	sycp2	tdrd9"
meiotic DNA repair synthesis	GO:0000711	sycp1
lateral element assembly	GO:0051878	sycp1
DNA damage checkpoint signaling	GO:0000077	"atm	atrip	cep63	chek1	eif2ak4	rad1	rad17	rad9a	rad9b	rhno1	tp53	ufl1	zgc:162895"
DNA replication checkpoint signaling	GO:0000076	"cdt1	rad9a	rad9b	timeless	tipin"
cellular response to ionizing radiation	GO:0071479	"badb	bbc3	rad9a	rad9b	rhno1"
mitotic intra-S DNA damage checkpoint signaling	GO:0031573	"eme1	fancd2	id2a	mre11a	mus81	nek11	rad9a	rad9b	tipin	zgc:162895"
spermatid development	GO:0007286	"cimap1d	fxr1	piwil1	pld6	ropn1l	spaca4l	sycp3	tdrd5	tssk6"
motor neuron migration	GO:0097475	"adgra3	cdh2	nhsl1b	prickle1b	rest	scrib	vangl2"
peptidyl-tyrosine phosphorylation	GO:0018108	"fer	fes	kdrl"
endothelial cell differentiation	GO:0045446	"kdr	kdrl	npas4l"
L-alanine catabolic process	GO:0042853	"gpt	gpt2	gptl	si:ch211-217a12.1"
elastic fiber assembly	GO:0048251	"fbln5	mfap4.1	mfap4.10	mfap4.11	mfap4.12	mfap4.2	mfap4.5	mfap4.6	mfap4.7	mfap4.9	si:dkey-163f14.6"
excitatory synapse assembly	GO:1904861	"clstn3	lrrc4.1	lrrc4.2"
postsynaptic density protein 95 clustering	GO:0097119	"lrrc4.1	lrrc4.2"
synaptic membrane adhesion	GO:0099560	"cdh10a	cdh6	lrrc4.1	lrrc4.2	lrrc4ba	lrrc4bb	lrrc4ca	lrrc4cb	ptprfb"
xanthophore differentiation	GO:0050936	"csf1ra	gch2	leo1	pax3a	sox10	sox5"
fertilization	GO:0009566	"nell2a	tdrd9"
retina vasculature development in camera-type eye	GO:0061298	"fzd4	gdf6a	ndp	rcbtb1	znf408"
L-valine biosynthetic process	GO:0009099	"bcat1	bcat2	ilvbl"
L-leucine biosynthetic process	GO:0009098	"bcat1	bcat2"
amino acid biosynthetic process	GO:0008652	"adi1	aldh18a1	apip	asns	asnsd1	ass1	bcat1	bcat2	cbsa	cbsb	cth	cthl	enoph1	mri1	mtr	mtrr	otc	phgdh	psat1	psph	pycr1a	pycr1b	pycr3"
branched-chain amino acid biosynthetic process	GO:0009082	"bcat1	bcat2"
branched-chain amino acid metabolic process	GO:0009081	"bcat1	bcat2	dbt"
DNA catabolic process	GO:0006308	"dnase1	dnase1l1	dnase1l1l	dnase1l4.1	dnase1l4.2	mus81	plex9.1	plex9.2	rexo4"
mRNA cis splicing, via spliceosome	GO:0045292	"cactin	clns1a	cwc15	ncbp2	prpf40a	prpf4ba	prpf4bb	rbm17	rbm22	sart1	sde2	sf3a1	srsf3a	srsf7a	srsf7b"
maturation of 5S rRNA	GO:0000481	sart1
protein targeting	GO:0006605	"ap4m1	hps4	sec23a	sec61g	tomm20a	tomm20b	trak2"
Golgi to lysosome transport	GO:0090160	"ankfy1	ap4m1"
auditory receptor cell stereocilium organization	GO:0060088	"cdh2	clrn1	cobl	foxj1b	pacsin1b	pdzd7a	tmie	whrna	whrnb"
synaptic vesicle recycling via endosome	GO:0036466	clrn1
equilibrioception	GO:0050957	"cdh23	clrn1	slc17a8	ush1ga"
protein localization to synapse	GO:0035418	"clrn1	dlg1a	dlg1b	dlg2	dlg4b	stau1	stau2	tjp1b"
respiratory burst after phagocytosis	GO:0045728	cybc1
pyrimidine nucleotide import into mitochondrion	GO:1990519	"slc25a33	slc25a36a	slc25a36b"
mitochondrial genome maintenance	GO:0000002	"pif1	rrm2b	slc25a33	slc25a36a	slc25a36b	ssbp1"
L-glutamate transmembrane transport	GO:0015813	"slc17a6a	slc17a6b	slc17a8	slc1a1	slc1a4	slc1a7a	slc1a7b	slc1a8a	slc1a8b	slc25a12	slc25a18	slc25a22a	slc25a22b	slc25a55a	slc25a55b	ttyh3b"
G2/M transition of mitotic cell cycle	GO:0000086	"cdc25b	cdk1	ensaa	fbxl15	foxm1	kdm8	mastl"
negative regulation of neural crest formation	GO:0090301	rgs2
mitotic DNA replication checkpoint signaling	GO:0033314	"cdc6	orc1	rad17	ticrr	topbp1	zgc:162895	zgc:77398"
regulation of response to reactive oxygen species	GO:1901031	"sesn1	sesn2	sesn3	sesn4"
fibroblast growth factor receptor signaling pathway	GO:0008543	"churc1	cnpy1	ext2	fgf10a	fgf10b	fgf16	fgf17	fgf18a	fgf18b	fgf19	fgf1a	fgf1b	fgf2	fgf20a	fgf20b	fgf21	fgf22	fgf23	fgf24	fgf3	fgf4	fgf5	fgf6a	fgf6b	fgf7	fgf8a	fgf8b	fgfbp1a	fgfr1a	fgfr1b	fgfr2	fgfr3	fgfr4	frs2b	frs3	gata3	ids	kl	mcm5	shcbp1"
cGMP catabolic process	GO:0046069	pde9aa
regulation of synapse organization	GO:0050807	"cttnbp2	sparc	sparcl1	tlcd3ba	tlcd3bb"
cell adhesion mediated by integrin	GO:0033627	"itga11a	itga2.2	itga2b	itga3b	itga4	itga5	itga6a	itga6b	itga9	itgam.1	itgav	itgb1a	itgb1b	itgb1b.1	itgb1b.2	itgb2	itgb3a	itgb3b	itgb5	itgb6	itgbl1	sdc4	vtna	vtnb"
phosphatidylinositol 3-kinase/protein kinase B signal transduction	GO:0043491	"btbd10b	egfl6	itgb1a	mkrn2	mtmr8	nitr9	nyap2a	nyap2b	pik3c2b	pik3ca	pik3cb	pik3cd	ptenb	tyrobp	zgc:158659"
positive regulation of sprouting angiogenesis	GO:1903672	"egfl6	itgb1a	ptger3"
ERK1 and ERK2 cascade	GO:0070371	"egfl6	itgb1a	ripk2"
hypotonic salinity response	GO:0042539	"ca2	cahz	slc31a1	slc9a2	trpv6"
negative regulation of cGMP-mediated signaling	GO:0010754	pde11a
smoothened signaling pathway	GO:0007224	"arl13b	b9d1	cdk11b	disp1	disp2	gli1	gli2a	gli2b	gli3	glis3	gpc2	grk3	hipk1b	hipk2	ids	ift56	ihha	ihhb	ryr1a	ryr1b	ryr2a	ryr3	scube1	scube2	scube3	shha	shhb	si:ch211-185a18.2	smo	stil	stk36	sufu	sulf1	tctn2	tmem17	tmem231	tnpo1	zgc:112294"
heart rudiment formation	GO:0003315	"grk3	s1pr2"
carotene catabolic process	GO:0016121	"bco1	bco1l	bco2a	bco2b	bco2l"
asparagine biosynthetic process	GO:0006529	"asns	asnsd1"
regulation of motor neuron migration	GO:1905483	"dpysl2b	mdga2a"
trigeminal motor nucleus development	GO:0021731	"gli1	mdga2a	prnprs3"
facial nerve formation	GO:0021611	mdga2a
regulation of extracellular matrix assembly	GO:1901201	"gpc4	mmp14a	mmp14b"
zymogen activation	GO:0031638	"mmp14a	mmp14b	oma1"
lamellipodium organization	GO:0097581	"gpc4	mmp14a	mmp14b"
intramembranous ossification	GO:0001957	"ihha	mmp14a	mmp14b	ptch1	vcanb	wls"
endochondral ossification	GO:0001958	"gpc4	mmp14a	mmp14b	ostn	wls	wnt5b	wnt9a"
collagen catabolic process	GO:0030574	"mmp11a	mmp13a	mmp14a	mmp14b	mmp15a	mmp16b	mmp17b	mmp2	mmp20b	mmp21	mmp23bb	mmp24	mmp25b	mmp28	mmp30	mmp9"
protein peptidyl-prolyl isomerization	GO:0000413	"cwc27	fkbp11	fkbp2	nktr	ppiaa	ppiab	ppib	ppic	ppid	ppie	ppifa	ppifb	ppig	ppih	ppil1	ppil2	ppil3	ppil4	ppil6	ppwd1	ranbp2"
myotome development	GO:0061055	"ascc1	naa15a	naa15b	pxna	pxnb	trip4"
regulation of cellular localization	GO:0060341	"pard6a	pard6b	pard6ga	pard6gb	si:dkey-121a11.3"
neural tube development	GO:0021915	"bcor	cdh2	celsr1a	celsr1b	dync2i2	grhl2a	grhl2b	map1b	pcgf1	sox19b	vangl2"
neural plate development	GO:0001840	"map1b	notch1a	notch3	sinup"
negative regulation of Rho protein signal transduction	GO:0035024	"akap12b	ccdc125	kctd10	kctd13	radil2a	rasip1	ripor2	tnfaip1"
regulation of filopodium assembly	GO:0051489	"abitram	gpm6ab	myo10	nostrin"
B cell receptor signaling pathway	GO:0050853	"btk	cd79a	cd79b	itk	klhl6	lck	prkcbb	si:ch211-243a20.4	si:dkey-52l18.4	si:dkey-70p6.1	syk	tec"
antigen processing and presentation of peptide or polysaccharide antigen via MHC class II	GO:0002504	"mhc2d8.35a1	mhc2d8.37a1	mhc2d8.37a2	mhc2d8.46a	mhc2daa	mhc2dga	si:busm1-194e12.8	zgc:123107"
voltage-gated calcium channel complex assembly	GO:0070978	cacnb1
glutamine transport	GO:0006868	"slc38a2	slc38a3b	slc38a5b	slc38a6	slc38a7	slc38a9"
serine transport	GO:0032329	slc38a5b
glycine transport	GO:0015816	"slc32a1	slc36a1	slc38a5b	slc6a17	slc6a9"
L-histidine transmembrane transport	GO:0089709	slc38a5b
T cell activation	GO:0042110	"ada	hspd1"
adenosine catabolic process	GO:0006154	"ada	ada2a	ada2b	mapda"
inosine biosynthetic process	GO:0046103	"ada	ada2a	ada2b	mapda"
hypoxanthine salvage	GO:0043103	ada
purine ribonucleoside monophosphate biosynthetic process	GO:0009168	"ada	ampd1	ampd2a	ampd2b	ampd3a	ampd3b"
negative regulation of adenosine receptor signaling pathway	GO:0060169	ada
protein depalmitoleylation	GO:1990697	"notum1a	notum1b	notum2"
G protein-coupled receptor signaling pathway, coupled to cyclic nucleotide second messenger	GO:0007187	"chrm2a	chrm3a	chrm3b	chrm4a	chrm4b	chrm5a	chrm5b	drd4b	hrh1	hrh2a	hrh2b	htr1aa	htr1ab	htr1b	htr1d	htr1fa	htr1fb	htr2ab	htr2b	htr2cl1	htr5aa	htr5ab	htr7a	htr7c	or137-8	or90b1	or90b2	or90e2	or90h3	or90h4	or93a1	parietopsin	taar12m"
cGMP biosynthetic process	GO:0006182	"gc2	gucy1a1	gucy1a2	gucy1b1	gucy1b2	gucy2ca	gucy2cb	gucy2d	gucy2f	gucy2g	nppa	nppal	nppb	nppc	nppcl	nppcl2	npr1a	npr1b	npr2	si:dkey-37g12.1"
cGMP-mediated signaling	GO:0019934	"gucy1a1	gucy1b1	gucy1b2	nppa	nppb"
response to oxygen levels	GO:0070482	"gucy1a1	gucy1b1	gucy1b2"
negative regulation of protein phosphorylation	GO:0001933	"camk2n1a	camk2n2	klhl31	nanos3	smo"
negative regulation of protein kinase activity	GO:0006469	"camk2n1a	camk2n2	deptor	pkib	pkig	prex1	prex2	rtraf	si:dkey-7n6.2	si:dkeyp-97e7.9"
acetyl-CoA biosynthetic process	GO:0006085	"aclya	aclyb	acss1	acss2	mlycd"
acetyl-CoA biosynthetic process from acetate	GO:0019427	"acss1	acss2	acss2l"
extrinsic apoptotic signaling pathway via death domain receptors	GO:0008625	"casp8ap2	dedd	dedd1	dele1	faslg"
regulation of COPII vesicle coating	GO:0003400	"preb	sar1ab	sar1b"
negative regulation of ossification	GO:0030279	tmem53
regulation of nucleocytoplasmic transport	GO:0046822	tmem53
negative regulation of osteoblast differentiation	GO:0045668	"lgmn	riox1	tmem53"
response to unfolded protein	GO:0006986	"chac1	creb3l2	crebrf	dnajc3a	eif2ak3	herpud1	herpud2	jkamp	serp1	serp2	thbs4b	tmem129	vapb	wfs1a	wfs1b	yod1	zgc:85858	zgc:92744"
ATP transport	GO:0015867	"slc17a9a	slc17a9b	slc25a23b	slc25a24	slc25a24l	slc25a25a	slc25a25b	slc25a42"
apoptotic DNA fragmentation	GO:0006309	"dffa	dffb	dicer1	dnase2	dnase2b	endog"
protein K48-linked ubiquitination	GO:0070936	"amfra	amfrb	anapc15	cdc26	fbxo38	hace1	klhl3	lnx2b	peli1a	peli1b	rnf146	rnf152	rnf8	ube2d1a	ube2d1b	ube2d2l	ube2d3	ube2d4	ube2e2	ube3a	zgc:66427	znrf1	znrf2a	znrf2b"
receptor guanylyl cyclase signaling pathway	GO:0007168	"gucy2cb	gucy2d	gucy2f	gucy2g	nppa	nppal	nppb	nppc	nppcl	nppcl2	npr1a"
negative regulation of systemic arterial blood pressure	GO:0003085	"nppa	nppb"
blood vessel diameter maintenance	GO:0097746	"acvrl1	agt	edn1	edn2	edn3b	gclc	notch3	nppa	nppal	nppb	nppc	nppcl	nppcl2	si:ch211-202p1.5	urp1	urp2	uts2a	uts2b	uts2d	uts2r4	uts2r5"
sphingomyelin metabolic process	GO:0006684	"smpd2a	smpd2b	smpd3	smpd5"
sphingolipid catabolic process	GO:0030149	"sgpl1	smpd2a	smpd2b"
N-acylphosphatidylethanolamine metabolic process	GO:0070292	"napepld	plaat1	plaat1l	rarres3	rarres3l	si:ch211-229n2.6	si:ch211-229n2.7"
regulation of macrophage differentiation	GO:0045649	"bcl6aa	irf8	mafbb	ptpn6"
ubiquinone biosynthetic process via 3,4-dihydroxy-5-polyprenylbenzoate	GO:0032194	"coq3	ubiad1"
regulation of Toll signaling pathway	GO:0008592	"peli1a	peli1b	peli2	peli3"
establishment or maintenance of neuroblast polarity	GO:0045196	kcng4b
mitochondrial transcription	GO:0006390	"mterf3	mterf4	polrmt	tefm"
mitochondrial ribosome assembly	GO:0061668	"mpv17l	mpv17l2	mterf3	mterf4	si:ch211-120k19.1"
wybutosine biosynthetic process	GO:0031591	"lcmt2	trmt12	tyw1	tyw3	tyw5"
proteasomal protein catabolic process	GO:0010498	"bag6l	ddi2	psmb2"
regulation of cartilage development	GO:0061035	"ccdc32	esrra	foxe1	gdf11	kat2a	kat2b	ncl	rbms3	rgp1	s1pr2	shha	sox32	spns2	sumf1	tgfb3	uba2	vwa1	zrsr2"
extracellular matrix constituent secretion	GO:0070278	"rgp1	sec13	sec24d"
artery development	GO:0060840	"acvrl1	bmp10	bmp10l	dll4	hey2	nkx2.5	notch1b	rbpja	rbpjb	sox18	sox7	tcf21	tnnt2a	tspan18a"
NLS-bearing protein import into nucleus	GO:0006607	"dzip1	kpna2	kpna3	kpna4	kpna5	kpna6	kpna7	nup35"
regulation of cytokinesis	GO:0032465	"aurka	aurkb	birc6	cp110	entr1	ikbkb	klhl13	klhl21	rab11fip3	rab11fip4a	rab11fip4b	rab25a	rab25b	si:rp71-68n21.9"
regulation of hippo signaling	GO:0035330	"nf2a	nf2b	wwc1	wwc3"
regulation of gliogenesis	GO:0014013	"ctbp2a	nf2a	nf2b	sirt1"
peptidyl-lysine demalonylation	GO:0036047	sirt5
protein desuccinylation	GO:0036048	sirt5
protein deacetylation	GO:0006476	"hdac6	sirt2	sirt4	sirt5"
regulation of ketone biosynthetic process	GO:0010566	sirt5
peptidyl-lysine desuccinylation	GO:0036049	sirt5
fatty acid catabolic process	GO:0009062	"acot8	decr2	lpin1a"
triglyceride biosynthetic process	GO:0019432	"agpat9l	dgat1a	dgat1b	dgat2	gpam	gpat2	gpat3	lpin1a	mogat2	mogat3b"
regulation of protein localization to plasma membrane	GO:1903076	"ap1b1	camk2a	camk2d1	camk2d2	vti1b	zdhhc7"
regulation of protein localization to cell-cell junction	GO:0150106	zdhhc7
peptidyl-L-cysteine S-palmitoylation	GO:0018230	"zdhhc12a	zdhhc12b	zdhhc2	zdhhc21	zdhhc3a	zdhhc7	zdhhc8b	zdhhc9"
sulfation	GO:0051923	"ndst1b	sult1st1	sult1st2	sult1st3	sult1st5	sult1st6	sult1st7	sult2st1	sult2st2	sult2st3	sult3st1	sult3st2	sult3st3	sult3st4	sult3st5	sult4a1	sult5a1	sult6b1"
proline metabolic process	GO:0006560	"aldh4a1	prodha	prodhb	zgc:92040"
proline catabolic process	GO:0006562	"dao.1	dao.2	dao.3	prodha	prodhb	zgc:92040"
cellular response to nitrogen starvation	GO:0006995	"atg5	becn1	gabarapa	gabarapb	gabarapl2	map1lc3a	map1lc3b	map1lc3c	map1lc3cl	zgc:92606"
organelle disassembly	GO:1903008	"macf1a	plaat1"
carnitine transport	GO:0015879	"slc22a4	slc22a5"
fumarate transport	GO:0015741	"slc13a2	slc13a5a	slc13a5b"
oxaloacetate transport	GO:0015729	"slc13a5a	slc13a5b	slc25a10a	slc25a10b"
citrate transport	GO:0015746	"sfxn5b	slc13a3	slc13a5a	slc13a5b"
succinate transport	GO:0015744	"slc13a5a	slc13a5b"
response to pheromone	GO:0019236	"gpr180	ora1	ora2	tmem145"
SRP-dependent cotranslational protein targeting to membrane	GO:0006614	"sec63	srp14	srp19	srp54	srp68	srp72	srp9	srpra	ssr3"
post-translational protein targeting to endoplasmic reticulum membrane	GO:0006620	"get3	sec63	sgta	sgtb	zgc:56596"
osteoclast fusion	GO:0072675	tcta
lipid biosynthetic process	GO:0008610	"agmo	agps	ch25h	ch25hl1.1	ch25hl1.2	ch25hl2	ch25hl3	cnr1	faxdc2	fdft1	msmo1	sc5d"
methionine metabolic process	GO:0006555	"adi1	cnr1	cnr2	mthfr"
glycine decarboxylation via glycine cleavage system	GO:0019464	"gcsha	gcshb	gldc"
mRNA catabolic process	GO:0006402	"ago3b	cnot10	cnot7	cnot9	dcp2	dis3l	dis3l2	mettl16	parn	rida	snd1	tbp	ythdf2	zgc:103759"
bile acid signaling pathway	GO:0038183	nr1h4
protein targeting to ER	GO:0045047	"spcs1	spcs2	spcs3	srp14	srpra	srprb	zfand2a"
very long-chain fatty acid biosynthetic process	GO:0042761	"elovl1a	elovl1b	elovl2	elovl4a	elovl4b	elovl5	elovl6	elovl6l	elovl7a	elovl7b	elovl8a	elovl8b	hacd1	hacd2	hacd3	hacd4	tecra	tecrl2b	zgc:92749"
fatty acid elongation, saturated fatty acid	GO:0019367	"elovl1a	elovl1b	elovl2	elovl4a	elovl4b	elovl5	elovl6	elovl6l	elovl7a	elovl7b	elovl8a	elovl8b	zgc:92749"
fatty acid elongation, polyunsaturated fatty acid	GO:0034626	"elovl1a	elovl1b	elovl2	elovl4a	elovl4b	elovl5	elovl6	elovl6l	elovl7a	elovl7b	elovl8a	elovl8b	zgc:92749"
fatty acid elongation, monounsaturated fatty acid	GO:0034625	"elovl1a	elovl1b	elovl2	elovl4a	elovl4b	elovl5	elovl6	elovl6l	elovl7a	elovl7b	elovl8a	elovl8b	zgc:92749"
sphingolipid biosynthetic process	GO:0030148	"degs1	degs2	elovl1a	elovl1b	elovl2	elovl4a	elovl4b	elovl5	elovl6	elovl6l	elovl7a	elovl7b	elovl8a	elovl8b	hacd1	hacd2	hacd3	hacd4	kdsr	ormdl1	ormdl2	ormdl3	sptssb	zgc:92749"
vitamin D metabolic process	GO:0042359	gc
localization within membrane	GO:0051668	rab10
calcium ion import	GO:0070509	"cacna1c	cacna1ia	micu1	nr3c1	slc4a1b	trpv6"
physiological cardiac muscle hypertrophy	GO:0003301	cacna1c
keratinization	GO:0031424	"krt4	krt5	krt8	si:dkey-222f2.1	tgm1	tgm1l1	tgm1l2	tgm1l3	tgm1l4	tgm1l5	tgm1l6	zgc:158846"
double-strand break repair via single-strand annealing	GO:0045002	rad52
DNA recombinase assembly	GO:0000730	"dmc1	rad51	rad52"
mitotic recombination	GO:0006312	"dmc1	ercc1	msh2	rad51	rad52"
negative regulation of vascular endothelial cell proliferation	GO:1905563	dll4
regulation of angiogenesis	GO:0045765	"bmper	dll4	enpp2	hif1aa	hif1ab	mvda	narfl	ninj1	nme2b.1	nrp1a	prkd1	reck	rnf213a	sars1	tmem184a	tspan12	tspan18b	twsg1b	ube3d	vash1	vash2	vhl"
blood vessel endothelial cell proliferation involved in sprouting angiogenesis	GO:0002043	"dll4	nrarpa	nrarpb	vegfaa"
regulation of sprouting angiogenesis	GO:1903670	"adgrg6	bcar1	cemip2	dll4	egfl6	iars1	ptger3	rin2a	scg2b	sox11b	tars1	tmem33	tspan18a	tspan18b	vash1"
negative regulation of blood vessel endothelial cell migration	GO:0043537	dll4
venous endothelial cell migration involved in lymph vessel development	GO:0060855	"ccbe1	dll4	flt4	vegfc"
branching involved in lymph vessel morphogenesis	GO:0060854	"dll4	plxnd1"
regulation of T cell proliferation	GO:0042129	"cd28	cd28l	foxp3a	si:ch211-67e16.3	si:dkey-1h24.6"
T cell receptor signaling pathway	GO:0050852	"btk	cd28l	fyna	fynb	itk	ptpn22	si:ch211-188c16.1	si:ch211-67e16.3	si:dkey-1h24.6	si:dkey-70p6.1	slc39a6	tec	themis	themis2	ube2nb"
Roundabout signaling pathway	GO:0035385	"robo1	robo3"
axon midline choice point recognition	GO:0016199	"adcy1b	adcy8	robo1	robo2	robo3"
commissural neuron axon guidance	GO:0071679	"cdh2	dcc	fezf2	fzd3a	htr2ab	rab33a	rab33ba	robo3	scrib	smo	vangl2	wnt8b"
endocardial progenitor cell migration to the midline involved in heart field formation	GO:0003262	"gna13a	gna13b	robo1	slit2	sox32	vegfaa"
negative regulation of sensory perception of pain	GO:1904057	drd2a
positive regulation of cell-substrate adhesion	GO:0010811	"abi3bpa	agr2	ccdc80	ccdc80l1	ccdc80l2	ecm2	rell2	si:dkey-6n6.1"
protein desumoylation	GO:0016926	"senp1	senp2	senp3a	senp3b	senp5	si:dkey-100n23.3	uspl1"
positive regulation of transcription by RNA polymerase I	GO:0045943	"dhx33	heatr1	phf8	rasl11a	ubtf	ubtfl	utp15	wdr75"
positive regulation of synapse assembly	GO:0051965	"amigo3	clstn1	clstn2a	clstn2b	clstn3	ephb3a	lrrc4ba	lrrc4bb	si:ch211-159i8.4	slitrk2	slitrk3a	slitrk3b	slitrk4	slitrk5b	slitrk6	srpx2"
regulation of presynapse assembly	GO:1905606	"lrrc4ba	lrrc4bb	si:ch211-159i8.4	slitrk2	slitrk3a	slitrk3b	slitrk4	slitrk5b	slitrk6"
entrainment of circadian clock by photoperiod	GO:0043153	"cry1a	cry1b	cry2	cry3a	cry4	cry5	fbxl3a	fbxl3l	per1a	per1b	per2	per3	si:ch1073-390k14.1"
peptide catabolic process	GO:0043171	"anpepa	anpepb.1	anpepb.2	anpepla	anpeplb	enpep	erap1a	ide	lnpep	lta4h"
cellular response to 2,3,7,8-tetrachlorodibenzodioxine	GO:1904613	ahr1b
xenobiotic metabolic process	GO:0006805	"ahr1a	ahr1b	ahr2	ahrra	ahrrb	cyp2aa1	cyp2aa12	cyp2aa2	cyp2aa3	cyp2aa8	cyp2aa9	cyp2ad2	cyp2ad3	cyp2ad6	cyp2ae1	cyp2k16	cyp2k17	cyp2k19	cyp2k22	cyp2k6	cyp2k8	cyp2n13	cyp2p10	cyp2p6	cyp2p7	cyp2p8	cyp2p9	cyp2r1	cyp2u1	cyp2v1	cyp2x10.2	cyp2x12	cyp2x6	cyp2x7	cyp2x8	cyp2x9	cyp2y3	si:dkey-286h2.3	sult1st1	sult1st2	sult1st3	sult1st5"
insulin receptor signaling pathway	GO:0008286	"bcar3	cav2	grb10a	gsk3aa	gsk3ab	gsk3bb	irs1	irs2a	irs2b	irs4a	pdk4	pik3r1	pik3r2	pik3r3a	si:ch211-284e13.4	si:ch73-335l21.1	socs7	stxbp4	znf106a"
vesicle targeting, trans-Golgi to endosome	GO:0048203	ap1ar
negative regulation of cell motility	GO:2000146	"ap1ar	ccdc125"
negative regulation of substrate adhesion-dependent cell spreading	GO:1900025	"ap1ar	itgb1bp1"
pentose-phosphate shunt, non-oxidative branch	GO:0009052	"rpe	rpia	taldo1	tkta"
calcium activated phospholipid scrambling	GO:0061588	ano7
L-proline biosynthetic process	GO:0055129	"aldh18a1	noxred1	oat	pycr1a	pycr1b	pycr3"
negative regulation of ryanodine-sensitive calcium-release channel activity	GO:0060315	clic2
negative regulation of mitochondrial outer membrane permeabilization involved in apoptotic signaling pathway	GO:1901029	"si:dkey-251i10.1	slc25a4	slc25a5	slc25a6	slc35f6"
mitochondrial membrane fission	GO:0090149	slc25a46
regulation of proteolysis	GO:0030162	"nedd8	nedd8l	rhobtb3	spop	spopla	spoplb"
protein neddylation	GO:0045116	"dcun1d1	dcun1d2a	dcun1d2b	dcun1d3	dcun1d4	dcun1d5	nae1	nedd8	nedd8l	si:ch1073-205c8.3	uba3	ube2f"
constitutive secretory pathway	GO:0045054	"rab11ba	rab11bb"
termination of RNA polymerase III transcription	GO:0006386	polr3k
embryonic skeletal joint morphogenesis	GO:0060272	"gja1b	hoxa11a	hoxa11b	hoxc11a	hoxc11b	hoxd11a	nkx3-2	plxna3	sema3d"
circadian behavior	GO:0048512	"bdnf	btbd9	hcrtr2	nmu	nmur3	nr3c1	si:dkey-22o12.2	zgc:162707"
positive regulation of neuron migration	GO:2001224	"gata3	nsmfb	sema6a	shtn1	shtn2	shtn3"
monocyte differentiation	GO:0030224	"csf3r	gata1a	pir"
negative regulation of amyloid precursor protein biosynthetic process	GO:0042985	"itm2ba	itm2bb	itm2ca"
regulation of neuronal synaptic plasticity	GO:0048168	"camk2a	camk2d1	camk2d2	ncdn	nptx2b	nsmfa	nsmfb"
Golgi to vacuole transport	GO:0006896	"ap1g2	ap3s1	ap3s2	vps52	vps54	vti1a	vti1b"
cytoplasmic translation	GO:0002181	"drg1	drg2	ftsj1	rpl15	rpl17	rpl22	rpl22l1	rpl24	rpl26	rpl29	rpl31	rpl35a	rpl36	rpl6	rpl8	rplp0	rplp1	rps21	rps28	rps29	rpsa	rwdd1	sars1	zc3h15"
negative regulation of developmental growth	GO:0048640	"igfbp2a	igfbp2b"
negative regulation of DNA replication	GO:0008156	"igfbp2a	igfbp2b	pds5a"
transcription elongation by RNA polymerase II	GO:0006368	"cdc73	ctr9	eaf1	eaf2	ell	ell2	eloa	eloal	elob	elof1	eny2	leo1	paf1	pbrm1	pcid2	polr2m	skic8	supt16h	supt4h1	supt5h	supt6h	tcea1	tcea2	tcea3"
G protein-coupled acetylcholine receptor signaling pathway	GO:0007213	"gna11b	rgs8"
regulation of dopamine receptor signaling pathway	GO:0060159	rgs8
SRP-dependent cotranslational protein targeting to membrane, translocation	GO:0006616	"sec61a1a	sec61a1b	sec61b	srp54	tram1	tram2	zgc:113278"
post-translational protein targeting to membrane, translocation	GO:0031204	"sec61a1a	sec61a1b	sec61b	sec61g	sec62"
positive regulation of cGMP-mediated signaling	GO:0010753	"rundc3aa	rundc3ab"
notochord cell vacuolation	GO:0060036	"atp6v0ca	atp6v1e1b	atp6v1f	cav1	dstyk	rab32a	vps11	vps18"
response to cytokine	GO:0034097	"mapkapk2a	mapkapk2b	mapkapk3	rel	selp	timp2a	timp2b	timp4.1	timp4.3"
non-canonical NF-kappaB signal transduction	GO:0038061	"cul1a	cul1b	rel	tab1	traf6"
canonical NF-kappaB signal transduction	GO:0007249	"map3k14a	rel	tlr8a	tlr8b	tlr9"
cilium movement	GO:0003341	"afg1lb	aftphb	ak9	arhgef18b	bbs1	ccdc103	ccdc39	ccdc40	ccdc57	ccsapb	cfap206	cfap221	cfap53	cfap70	clxn	cyb5d1	dnaaf3	dnaaf4	dnah10	dnai1.2	dnai2a	dnai4	glis2b	hs3st3l	kcnip1a	nme5	ocrl	odad1	odad3	odad4	pierce1	rsph4a	rsph9	spa17	tmc5	tmem67	tp53bp2b	ttc29	ttll3	ttll6	zbbx"
heart jogging	GO:0003146	"acvr1l	adap2	apc	bmp4	bmpr2a	bmpr2b	camk2a	camk2b2	camk2g1	cc2d1a	ccdc103	ccdc40	cobl	dand5	dnaaf1	dnaaf11	dub	fn1a	foxj1a	foxj1b	furina	fzd2	gsk3ba	has2	myo1d	nipbla	nipblb	nkd1	nphp3	ntn1a	pkd2	ptpn11a	spaw	tbx5a	tbx5b	unm_tj2a	unm_tm243b	unm_tn20b	unm_tw29b	vdra	vdrb"
inner dynein arm assembly	GO:0036159	"ccdc103	ccdc39	dnaaf4	dnai3	odad3	zmynd10"
peptide metabolic process	GO:0006518	"cpda	cpdb	cpe	cpm	cpn1	mipepa	mipepb	nln	pam	thop1"
3'-phosphoadenosine 5'-phosphosulfate biosynthetic process	GO:0050428	"papss1	papss2a	papss2b"
sulfate assimilation	GO:0000103	"papss1	papss2a	papss2b"
response to thyroid hormone	GO:0097066	"foxd3	tyrp1b"
inositol metabolic process	GO:0006020	"impa1	impa2	slc5a3a"
methionine biosynthetic process	GO:0009086	"adi1	apip	bhmt	enoph1	mri1	mthfr	mtr	mtrr	zgc:172121"
homocysteine metabolic process	GO:0050667	"mtr	mtrr"
spindle organization	GO:0007051	"apc	cep72	ckap5	kiz	knstrn	ntmt1	trim36"
gamma-tubulin complex localization	GO:0033566	"cep72	mzt1"
glycogen metabolic process	GO:0005977	"hdac8	phka1a	phka1b	phka2	phkb	phkg1a	phkg1b	phkg2	ppp1caa	ppp1cab	ppp1cb	ppp1cbl	ppp1cc	ppp1r3b	ppp1r3c2b	ppp1r3ca	ppp1r3cb	pygb	pygl	pygma	pygmb"
CRD-mediated mRNA stabilization	GO:0070934	"igf2bp1	igf2bp2a	igf2bp2b	igf2bp3	syncrip	syncripl"
regulation of hepatocyte proliferation	GO:2000345	igf2bp1
iron-sulfur cluster assembly	GO:0016226	"abcb7	ciao1	ciapin1	fxn	glrx5	hspa9	iba57	isca1	isca2	iscub	lyrm4	mms19	narfl	ndor1	nfs1	nfu1	nubp1	nubp2	nubpl	si:ch211-152c8.4	si:ch211-191d15.2	zgc:110319"
signal peptide processing	GO:0006465	"immp1l	immp2l	parla	sec11a	spcs1	spcs2	spcs3	sppl3"
maintenance of synapse structure	GO:0099558	"cbln1	cbln12	cbln18	cbln20	cbln2a	cbln2b	myo7aa	si:dkeyp-110c7.4	si:dkeyp-74b6.2"
UTP biosynthetic process	GO:0006228	"nme2a	nme2b.1	nme2b.2	nme3	nme4	nme5	nme6	nme7	nme9"
CTP biosynthetic process	GO:0006241	"ctps1a	ctps1b	nme2a	nme2b.1	nme2b.2	nme3	nme4	nme5	nme6	nme7	nme9"
GTP biosynthetic process	GO:0006183	"impdh1a	impdh1b	impdh2	nme2a	nme2b.1	nme2b.2	nme3	nme4	nme5	nme6	nme7	nme9"
negative regulation of oxidative stress-induced intrinsic apoptotic signaling pathway	GO:1902176	"bco2l	cerkl	nme5"
amacrine cell differentiation	GO:0035881	"cdk1	cdk5r1b	foxn4	ptf1a"
pyrimidine nucleotide-sugar transmembrane transport	GO:0090481	"slc35a1	slc35a2	slc35a3a	slc35a3b	slc35a4	slc35a5"
post-Golgi vesicle-mediated transport	GO:0006892	"ap1m2	rabif	rp2	sorl1"
Ral protein signal transduction	GO:0032484	"nkiras1	nkiras2"
negative regulation of canonical NF-kappaB signal transduction	GO:0043124	"chuk	mapkbp1	nfkbiaa	nfkbiab	nfkbil1	nkiras1	nkiras2	nlrx1	tank	tnip1	zgc:113184"
transcription elongation-coupled chromatin remodeling	GO:0140673	"glyr1	sart3	supt4h1	supt5h	supt6h"
protein localization involved in establishment of planar polarity	GO:0090251	nphp1
vacuolar transport	GO:0007034	"atp6v0d1	chmp1a	chmp1b	chmp2a	chmp2ba	chmp2bb	chmp3	chmp4ba	chmp4bb	chmp4c	chmp5a	chmp5b	chmp6a	chmp6b	chmp7	ndfip1	ndfip1l	ndfip2	vipas39"
synaptic transmission, cholinergic	GO:0007271	"chrna1	chrna2a	chrna2b	chrna4b	chrna5	chrna6	chrnb1	chrnb3a	chrnb3b	chrne	chrng	gaa	rapsn	ric3b	slc5a7a"
neuromuscular synaptic transmission	GO:0007274	"cacna1ab	chata	chatb	chrna1	chrna2a	chrna2b	chrna4b	chrna5	chrna6	chrnb3a	chrnb3b	gaa	lrp4	slc5a7a"
response to nicotine	GO:0035094	"chrna1	chrna2a	chrna2b	chrna4b	chrna5	chrna6	chrna7a	chrnb3a	chrnb3b"
acetylcholine receptor signaling pathway	GO:0095500	"chrna1	chrna2a	chrna2b	chrna4b	chrna5	chrna6	chrnb1	chrnb1l	chrnb2	chrnb3a	chrnb3b	chrnb4	chrnb5a	chrnb5b	chrnd	chrne	chrng"
membrane depolarization	GO:0051899	"chrna1	chrna2a	chrna2b	chrna4b	chrna5	chrna6	chrnb1	chrnb1l	chrnb2	chrnb3a	chrnb3b	chrnb4	chrnb5a	chrnb5b	chrnd	chrne	chrng"
sulfide oxidation, using sulfide:quinone oxidoreductase	GO:0070221	"sqor	tstd1"
isocitrate metabolic process	GO:0006102	"idh1	idh2	idh3a	idh3b	idh3g"
COPI coating of Golgi vesicle	GO:0048205	"arfgap3	tmed9"
protein import into peroxisome membrane	GO:0045046	"pex19	pex26	pex3"
embryonic pectoral fin morphogenesis	GO:0035118	"apc	camk2b2	cdh2	crbn	cul4a	ext2	extl3	fgf10a	fgf24	fibinb	hand2	hoxc8a	irx1a	med12	nipbla	nipblb	pi4kaa	prdm1a	rdh1	sall1a	sall4	sox9a	sox9b	sp8b	sp9	tbx5a	wnt2ba"
gamete generation	GO:0007276	"ddx3xa	ddx3xb	ddx4	piwil1	piwil2	spinb"
regulation of phosphorylation	GO:0042325	"ppp1r14aa	ppp1r14ab	ppp1r14ba	ppp1r14bb	ppp1r14c	ppp1r14d"
protein histidyl modification to diphthamide	GO:0017183	"dph1	dph2	dph5	dph6	dph7"
cytosolic ribosome assembly	GO:0042256	"c1qbp	efl1	eif6	sbds"
calcineurin-mediated signaling	GO:0097720	"ppp3ca	ppp3cb	ppp3cca	ppp3ccb	ppp3r1b"
microtubule anchoring at microtubule organizing center	GO:0072393	"bicd2	zgc:162200"
regulation of microtubule cytoskeleton organization	GO:0070507	"atat1	bicd2	cdk2ap2	cep70	dync1h1	efna5b	ek1	gsk3aa	gsk3ab	gsk3bb	map6a	map6b	mid1	traf3ip1	zgc:162200"
protein localization to organelle	GO:0033365	"bicd2	cntln	zgc:162200"
regulation of secretion	GO:0051046	"ptprn2	ptprna"
insulin secretion involved in cellular response to glucose stimulus	GO:0035773	"ptprn2	ptprna"
ether lipid biosynthetic process	GO:0008611	"agps	gnpat"
regulation of cell adhesion	GO:0030155	"lama1	lama2	lama3	lama4	lama5	lmo7a	lmo7b	ppp1r12a	ptk2ba	ptk2bb	rhoua	si:ch211-241e1.3	tncb	ythdf2	zgc:101783"
regulation of blood pressure	GO:0008217	"agtrap	ednraa	ednrab	ednrba	ednrbb	enpep	lnpep	urp1	urp2	uts2a	uts2b	uts2d	uts2r4	uts2r5"
organelle transport along microtubule	GO:0072384	"borcs5	copg2"
cell proliferation in hindbrain	GO:0021534	"gli2b	mcm5	sema3d	zic1	zic4"
forebrain morphogenesis	GO:0048853	zic1
hyaluronan biosynthetic process	GO:0030213	"has1	has2	has3"
negative regulation of mitochondrial fusion	GO:0010637	"oma1	vat1"
long-chain fatty acid biosynthetic process	GO:0042759	"acsbg1	asah2	elovl2	elovl5	elovl6"
actin filament bundle distribution	GO:0070650	"myh10	myh9b	ppp1r12a"
midbrain-hindbrain boundary morphogenesis	GO:0021555	"calm1a	cdc42se1	en2a	fgf8a	gbx1	grhl2b	myh10	myh9b	ppp1r12a	ptk2ab	wnt5b"
amino acid metabolic process	GO:0006520	"accs	acy1	aspg	cad	ddc	glud1a	glud1b	got1	got1l1	got2a	got2b	hdc	kyat3.2	otc	pm20d1.1	pm20d1.2	slc38a9	srr	tat	tha1"
L-serine catabolic process	GO:0006565	"sdsl	srr"
DNA strand elongation involved in DNA replication	GO:0006271	"mcm3	mcm3l	mcm4	mcm7	pold2"
intrinsic apoptotic signaling pathway by p53 class mediator	GO:0072332	"fhit	jmy	rps19	rps29	znf385b"
detection of mechanical stimulus involved in sensory perception of sound	GO:0050910	"cacna1da	cdh23	chm	pcdh15a	tmc1	tmc2a	tmc2b	tmem132e	trpn1"
neuromuscular process controlling balance	GO:0050885	"cacna1da	otofa	otofb	zc4h2"
absorption of visible light	GO:0016038	"exorh	opn5	parapinopsinb	rho"
regulation of synaptic assembly at neuromuscular junction	GO:0008582	"lin7b	lin7c	mycbp2	pdzd11"
axon extension involved in regeneration	GO:0048677	"cntn2	mycbp2"
axon choice point recognition	GO:0016198	"gap43	mycbp2"
neuromuscular process	GO:0050905	"agtpbp1	mycbp2	snap29"
regulation of axon guidance	GO:1902667	mycbp2
regulation of pteridine metabolic process	GO:0042068	mycbp2
tight junction assembly	GO:0120192	"patj	si:ch211-250n8.1	si:dkey-92j12.5"
mitochondrial electron transport, ubiquinol to cytochrome c	GO:0006122	"cyc1	cycsb	mt-cyb	uqcc3	uqcr10	uqcrb	uqcrfs1	uqcrh	uqcrq"
positive regulation of neural retina development	GO:0061075	"atp6v1h	csf1ra	olfm1a"
proximal/distal pattern formation	GO:0009954	"hoxa9a	hoxa9b	hoxb9a	hoxc9a	hoxd9a	ptch2"
multi-pass transmembrane protein insertion into ER membrane	GO:0160063	"ccdc47	ncln	tmco1	tmem147"
protein localization to nuclear inner membrane	GO:0036228	"nup155	tmem147"
positive regulation of DNA-binding transcription factor activity	GO:0051091	"arid5b	cops5	fli1	neurog1	sox19a	sox19b	sox1a	sox1b	sox2	sox3"
aromatic amino acid metabolic process	GO:0009072	"fah	gstz1	hpda	hpdb	hpdl	pah	tat	th	th2	tph1a	tph1b	tph2"
tyrosine catabolic process	GO:0006572	"fah	gstz1	hpda	hpdb	tat"
positive regulation of endothelial cell proliferation	GO:0001938	"mydgf	vegfaa	vegfc"
transcription initiation at RNA polymerase III promoter	GO:0006384	"crcp	gtf3c4	gtf3c5	polr3h	snapc5"
type B pancreatic cell differentiation	GO:0003309	"cdk5	folr	ins	insm1a	insm1b	mnx1	nkx6.1	nkx6.2	pax10	pax4	pax6a	pax6b	pdx1	rfx6	sox9b"
pancreatic A cell differentiation	GO:0003310	"insm1a	insm1b	nkx6.1	nkx6.2	pax6b	rfx6"
carboxylic acid metabolic process	GO:0019752	"csad	ddc	gad1a	gad1b	gad2	gad3	hdc	ldha	ldhba	ldhbb	mdh1aa	mdh1ab	mdh2	pdxdc1	sgpl1	srcap	uevld"
lactate metabolic process	GO:0006089	"ldha	ldhba	ldhbb"
protein localization to Golgi apparatus	GO:0034067	"arfrp1	arl1	optn	paqr3a	paqr3b	sys1"
calcium ion homeostasis	GO:0055074	"calca	casr	cib2	fgf23	fhl1b	gcm2	nr3c1	psen1	psen2	pth1a	selenon	stc1l	trpv6	vdra	wfs1a	wfs1b"
chloride ion homeostasis	GO:0055064	"calca	calcrla	clcn2c	clcnk	slc12a10.2	slc12a2	slc12a3	slc12a4	slc12a7a	slc12a9	zgc:153039"
symbiont-mediated activation of host NF-kappaB cascade	GO:0085033	grk4
dihydrofolate metabolic process	GO:0046452	"dhfr	zgc:153031"
folic acid metabolic process	GO:0046655	"dhfr	zgc:153031"
tetrahydrofolate biosynthetic process	GO:0046654	"dhfr	gch1	gch2	zgc:153031"
adiponectin-activated signaling pathway	GO:0033211	"adipor1a	adipor1b	adipor2"
dolichol-linked oligosaccharide biosynthetic process	GO:0006488	"alg10	alg11	alg12	alg14	alg2	alg8	dpagt1	dpm1	rft1	srd5a3	zgc:92907"
regulation of synaptic vesicle fusion to presynaptic active zone membrane	GO:0031630	"cplx2a	cplx2b	cplx3a	cplx3b	cplx4a	cplx4b	cplx4c	si:ch211-81a5.8"
synaptic vesicle exocytosis	GO:0016079	"cadps2	cadpsa	cadpsb	cplx2a	cplx2b	cplx3a	cplx3b	cplx4a	cplx4b	cplx4c	otofa	rab3aa	rab3ab	si:ch211-81a5.8	snapin"
protein deneddylation	GO:0000338	"cops2	cops6	cops8	senp8"
cell projection morphogenesis	GO:0048858	"abi1b	abi2b	crb1	espn"
peptidyl-lysine monomethylation	GO:0018026	"cskmt	setd6	setd7	smyd2a	smyd2b"
peptidyl-lysine dimethylation	GO:0018027	"cskmt	setd7	smyd2a	smyd2b"
regulation of skeletal muscle cell proliferation	GO:0014857	"six1a	six1b	six9"
regulation of inner ear receptor cell differentiation	GO:2000980	six1a
cobalamin metabolic process	GO:0009235	"mmachc	mmadhca	mmadhcb"
bone resorption	GO:0045453	"acp5a	acp5b"
regulation of cilium beat frequency involved in ciliary motility	GO:0060296	"cfap20	foxj1a	gle1	ttll6"
regulation of amyloid precursor protein biosynthetic process	GO:0042984	"necab1	necab2"
peristalsis	GO:0030432	"cald1a	flna	gdnfa	shroom4	tfap2b"
intestinal motility	GO:0120054	"chd7	flna	shank3a	shank3b	tfap2b"
protein maturation by iron-sulfur cluster transfer	GO:0097428	"ciao1	ciao2a	ciao2b	isca1	mms19	zgc:112271"
protein maturation by [4Fe-4S] cluster transfer	GO:0106035	"bola3	ciao2a	ciao2b	nfu1	zgc:110319"
intrahepatic bile duct development	GO:0035622	"arf6a	arf6b	atp6ap2	cdk5r1a	cldn15lb	dnmt1	gpc1a	hnf1ba	ilf2	jag1b	jag2b	man1a2	nckap1l	onecut1	pkd1l1	prickle1a	rargb	snapc2	snapc4	vps33b	zeb2b"
wound healing, spreading of cells	GO:0044319	"rhoaa	rhoab	rhoac	rhoca	rhocb	zgc:153713"
skeletal muscle satellite cell migration	GO:1902766	"rhoaa	rhoab	rhoac	rhoca	rhocb	zgc:153713"
mitochondrial respiratory chain complex I assembly	GO:0032981	"foxred1	lyrm2	mt-nd1	mt-nd2	mt-nd4	mt-nd5	mt-nd6	ndufa11	ndufa12	ndufaf1	ndufaf2	ndufaf3	ndufaf4	ndufaf5	ndufaf7	ndufaf8	ndufb2	ndufb3	ndufb8	ndufs5	ndufs7	ndufs8a	nubpl	si:dkey-88p24.11	tmem126a	tmem186"
dADP catabolic process	GO:0046057	nudt18
dGDP catabolic process	GO:0046067	nudt18
GDP catabolic process	GO:0046712	nudt18
regulation of RNA stability	GO:0043487	"heatr1	henmt1"
oocyte development	GO:0048599	"fancl	henmt1	zfyve26"
siRNA processing	GO:0030422	"dicer1	henmt1	prkra	tarbp2"
primary piRNA processing	GO:0140990	henmt1
intestinal epithelial cell differentiation	GO:0060575	"agr2	ascl1a	cdx1b	stk11	tsc2"
cytoskeletal rearrangement involved in phagocytosis, engulfment	GO:0060097	"havcr1	havcr2	timd4"
apoptotic cell clearance	GO:0043277	"adgrb1b	havcr1	havcr2	megf10	timd4"
engulfment of apoptotic cell	GO:0043652	"adgrb1a	adgrb1b	havcr1	xkr4	xkr6b	xkr7a	xkr7b	xkr8.1	xkr8.2	xkr8.3	xkr8.4"
sialic acid transport	GO:0015739	slc17a5
locomotory exploration behavior	GO:0035641	"adgrl3.1	disc1"
cartilage development involved in endochondral bone morphogenesis	GO:0060351	"disc1	edn1	foxd3	jag1b	notch2	prdm1a"
behavioral fear response	GO:0001662	disc1
multicellular organismal response to stress	GO:0033555	"bdnf	crhb	disc1	fosab	hcrt	hsd11b2	hsd20b2	mc2r	nr3c1	nr3c2	pomca	prl"
glial cell differentiation	GO:0010001	"cdh2	cdkn1ca	dctn2	disc1	dner	dtx1	eif2b3	her2	her8a	metrn	mib1	shha	sox10"
translesion synthesis	GO:0019985	"dtl	pcna	poli	poln	primpol	rev3l	vcp"
phosphate-containing compound metabolic process	GO:0006796	"lhpp	ppa1a	ppa1b	ppa2"
positive regulation of heparan sulfate proteoglycan biosynthetic process	GO:0010909	pxylp1
mitochondrial translation	GO:0032543	"chchd1	gatb	gatc	gfm2	hars	lars2	mrpl16	mrpl2	mrpl23	mrpl43	mrpl47	mrpl52	mrps18b	mrps24	mrps34	mrps35	mrps7	ptcd3	qrsl1	rars2"
cysteine biosynthetic process	GO:0019344	"cbsa	cbsb	cth	cthl"
cysteine biosynthetic process via cystathionine	GO:0019343	"cbsa	cbsb	cth	cthl"
cysteine biosynthetic process from serine	GO:0006535	"cbsa	cbsb"
fatty acid alpha-oxidation	GO:0001561	"hacl1	ilvbl	phyh	zgc:174917"
regulation of postsynaptic membrane potential	GO:0060078	"gabra2a	gabra4	gabra5	gabra6a	gabra6b	gabrg2"
inhibitory synapse assembly	GO:1904862	"clstn3	gabra2a	gabra4	gabra5	gabra6a	gabra6b	gabrg2	lgi2a	lgi2b	npas4a"
synaptic transmission, GABAergic	GO:0051932	"gabra2a	gabra4	gabra5	gabra6a	gabra6b	gabrg2"
negative chemotaxis	GO:0050919	"lrrc15	rtn4r	rtn4rl1b	sema3aa	sema3ab	sema3b	sema3bl	sema3d	sema3e	sema3fb	sema4ba	sema4bb	sema4c	sema4e	sema7a	si:dkey-49n23.1	slit1a	slit3	vasna"
peripheral nervous system neuron axonogenesis	GO:0048936	"dpysl3	her4.1	her4.2	her4.3	her4.4	her4.5	isl1a	ngly1	notch1a	notch1b	notch3	rtn4a	rtn4r	sema3d	smn1	ssbp3a"
lysine biosynthetic process via aminoadipic acid	GO:0019878	"aasdhppt	aass"
L-lysine catabolic process to acetyl-CoA via saccharopine	GO:0033512	"aass	dlst"
abscission	GO:0009838	"aurkb	chmp4bb	zfyve19"
mitotic cytokinesis checkpoint signaling	GO:0044878	"aurkb	chmp4bb	zfyve19"
regulation of retinal ganglion cell axon guidance	GO:0090259	"nrp1a	rbpms2a	rbpms2b	vax1	vax2"
negative regulation of smooth muscle cell differentiation	GO:0051151	"rbpms2a	rbpms2b"
dendrite morphogenesis	GO:0048813	"abitram	btbd3a	ctnna2	prmt8b	rbpms2a	rbpms2b	tmem106bb"
central nervous system neuron differentiation	GO:0021953	"brinp1	brinp2	brinp3a.1	brinp3a.2	brinp3b	gli2a	gli2b	hgfa	hgfb	irx1a	met	nr4a2a	nr4a2b"
forebrain neuron development	GO:0021884	"auts2a	lhx6a	lhx8a	neurog1	nr4a2a	nr4a2b	otpa	otpb	prox1a"
cellular response to corticotropin-releasing hormone stimulus	GO:0071376	"nr4a1	nr4a2a	nr4a2b"
G protein-coupled receptor internalization	GO:0002031	"arr3a	arr3b	arrb1	arrb2a	saga	sagb"
protein deglutathionylation	GO:0080058	glrx2
glial cell migration	GO:0008347	"erbb3b	glrx2	gpr17	gria4a	met	nkx2.2a"
neural crest cell migration involved in heart formation	GO:0003147	glrx2
heart formation	GO:0060914	"cdx1a	cdx4	glrx2	mef2ca	mef2cb	mef2d	yap1"
ER overload response	GO:0006983	"ddit3	tmco1"
endoplasmic reticulum calcium ion homeostasis	GO:0032469	"ccdc47	herpud1	selenok	tmco1"
intracellular sequestering of iron ion	GO:0006880	bdh2
heme metabolic process	GO:0042168	"bdh2	flvcr1"
siderophore biosynthetic process	GO:0019290	bdh2
leukocyte chemotaxis involved in inflammatory response	GO:0002232	"ninj1	nsmaf"
leukocyte chemotaxis involved in immune response	GO:0002233	nsmaf
positive regulation of mitochondrial DNA replication	GO:0090297	ssbp1
hematopoietic stem cell proliferation	GO:0071425	"csf1rb	csf3a	csf3b	cyp27b1	cyp2r1	gja5b	ifi30a	ism1	mettl3	rab5c	rad51	slco2b1	tet2	tfec	tp53	vdra	yjefn3	ythdf2"
creatine biosynthetic process	GO:0006601	"gamt	gatm"
'de novo' AMP biosynthetic process	GO:0044208	"adsl	adss1	adss2	adssl"
IMP metabolic process	GO:0046040	"adss1	adss2	adssl"
AMP biosynthetic process	GO:0006167	"adss1	adss2	nudt2"
reticulophagy	GO:0061709	"atg9a	atg9b	rb1cc1	retreg1	retreg3	snx30	snx7	sting1	tex264a	ufc1	ufl1	ufm1	ulk1b	ulk2	ulk3"
positive regulation of autophagosome assembly	GO:2000786	"rab3gap1	snx30	snx4	wdr45"
formaldehyde catabolic process	GO:0046294	"adh5	adh8a	adh8b	esd"
removal of superoxide radicals	GO:0019430	"ccs	cygb1	cygb2	mb	prdx1	prdx2	sod1	sod2	sod3a	sod3b"
'de novo' GDP-L-fucose biosynthetic process	GO:0042351	"gfus.1	gfus.2	gfus.3	gmds"
nucleotide-sugar biosynthetic process	GO:0009226	"gfus.1	gfus.2	gfus.3"
negative regulation of growth hormone receptor signaling pathway	GO:0060400	"leprot	zgc:92045"
late endosome to vacuole transport via multivesicular body sorting pathway	GO:0032511	"chmp4ba	chmp4bb	chmp5a	chmp5b	chmp6a	chmp6b	chmp7	leprot	tmem50a	vta1	zgc:92045"
epidermis development	GO:0008544	"arhgef19	col17a1a	grhl1	grhl3	irf6	llgl2	scel	snap29	spint1a	spint1b	st14a	svep1	ybx1	znf750"
negative regulation of endocytic recycling	GO:2001136	arhgap1
negative regulation of actin nucleation	GO:0051126	arpin
directional locomotion	GO:0033058	arpin
negative regulation of intrinsic apoptotic signaling pathway	GO:2001243	"bcl2l1	src	uri1"
progesterone receptor signaling pathway	GO:0050847	src
tachykinin receptor signaling pathway	GO:0007217	"tac1	tac3a	tac3b"
base-excision repair	GO:0006284	"apex1	apex2	fen1	mpg	mutyh	neil1	neil3	nthl1	ogg1	polb	rpa3	smug1	unga	ungb	xndc1	xpa	xrcc1"
base-excision repair, AP site formation	GO:0006285	"nthl1	ogg1	tdg.1	tdg.2"
negative regulation of smooth muscle cell proliferation	GO:0048662	ptgir
mesoderm morphogenesis	GO:0048332	"acvr1l	cdh2	dact2	quo	sp5a	sp5l"
actin filament-based movement	GO:0030048	"myo1ca	myo1cb	myo1g	myo6a	myo9b	si:zfos-588f8.1	wipf1b"
cellular response to estradiol stimulus	GO:0071392	"esr2a	esr2b	gper1	myod1	sstr1a	sstr2a	sstr2b"
symbiont entry into host cell	GO:0046718	"hs3st3l	nectin3b"
photoreactive repair	GO:0000719	cry-dash
T cell differentiation	GO:0030217	"arpc1b	cftr	chd7	gemin5	ikzf1	jak3	lck	lsm8	prkdc	rag2	snapc3	tnpo3"
regulation of cell cycle phase transition	GO:1901987	"cdk15	cdk17	cdk18	cdk5	dbf4	dbf4b"
heterophilic cell-cell adhesion via plasma membrane cell adhesion molecules	GO:0007157	"amigo3	crb1	crb2a	crb2b	jag2b	nectin1b	nectin3b	nectin4a	nectin4b	scarf1	selp	si:ch211-149e23.4	si:ch211-222f23.6	si:ch73-22o12.1"
primary palate development	GO:1903929	nectin1a
insulin-like growth factor receptor signaling pathway	GO:0048009	"gigyf2	igf1	igf1ra	igf1rb	igf3	igfbp3	pappaa"
cellular response to nerve growth factor stimulus	GO:1990090	"ntrk1	ntrk3a"
trans-synaptic signaling by neuropeptide, modulating synaptic transmission	GO:0099551	ntrk2b
neuromast primordium migration	GO:0048883	"mcf2lb	ntrk2b"
cellular response to brain-derived neurotrophic factor stimulus	GO:1990416	ntrk2b
intraciliary retrograde transport	GO:0035721	"cep131	dync2li1	dynlt2b	ift122	ttc21b	wdr19	wdr35"
face morphogenesis	GO:0060325	"aldh1a2	crispld2	edn1	grhl3	jag1b	notch2	pitx2	specc1	specc1la"
embryonic heart tube elongation	GO:0036306	"ube2ia	ube2ib"
centromere complex assembly	GO:0034508	"cenpi	cenpo"
mitochondrial DNA replication	GO:0006264	"mgme1	polg	polg2	primpol	twnk"
pronephric duct morphogenesis	GO:0039023	"aldh1a2	glis2b	ift56	inpp5b	irx3b	slc12a3	stx16	tbx16	trim32"
axonogenesis involved in innervation	GO:0060385	"alcamb	en1a	en1b	en2a	mecp2	robo2	sema5ba"
sensory perception of touch	GO:0050975	"mecp2	robo2	sema5ba"
semaphorin-plexin signaling pathway	GO:0071526	"met	mst1ra	plxna1a	plxna1b	plxna2	plxna3	plxna4	plxnb1a	plxnb1b	plxnb2a.1	plxnb2a.2	plxnb2a.3	plxnb2b	plxnb3	plxnc1	plxnd1	sema3aa	sema3ab	sema3b	sema3bl	sema3d	sema3e	sema3fb	sema4ba	sema4bb	sema4c	sema4e	sema5a	sema5ba	sema5bb	sema6a	sema6ba	sema6ca	sema6cb	sema7a	si:dkey-49n23.1"
leukocyte differentiation	GO:0002521	"ak2	tox"
swim bladder inflation	GO:0048798	"arnt2	chd7	chm	nfe2	sgcd	slc12a2"
positive regulation of oligodendrocyte differentiation	GO:0048714	"chd7	dhrs12la	grna	grnb	swap70b	tenm4	znf16l"
cranial nerve development	GO:0021545	"cdh4	cdh6	cep104	chd7	gli1	nes"
auditory behavior	GO:0031223	"chd7	tomt"
neural crest formation	GO:0014029	"bmper	chd7	cnbpa	hsbp1b	kbtbd8	klhl12	mdkb	pef1	snw1	sox10	zeb2a	zeb2b"
visual behavior	GO:0007632	"chd7	eys	il7r	ipo13b	otpa	pdx1	poc5	sf3b4	trnt1	wfs1a	wfs1b"
peripheral nervous system neuron development	GO:0048935	"cdk5	chd7	dpysl2b	hdac1	neurog1	six1b"
thymus development	GO:0048538	"asm	cam	ccl25a	cdca7a	chd7	ext2	extl3	fam49a	foxn1	gata5	il7r	jas	mcm2	med24	ndrg1b	nrp1a	rag2	sart3	sema3d	tbl3	tbx1	wdr55"
cranial nerve morphogenesis	GO:0021602	"chd7	robo2	slit1a	slit1b"
regulation of heart rate	GO:0002027	"adrb1	adrb2a	adrb2b	atp1a1a.1	chd7	mybpc3	phox2ba	sorbs2a	sorbs2b	tmem161b	trpm7"
regulation of lamellipodium morphogenesis	GO:2000392	vil1
actin filament capping	GO:0051693	"avil	capza1a	capza1b	capzb	gsna	gsnb	sptan1	sptb	sptbn1	sptbn2	sptbn4a	sptbn5	vil1	vill"
regulation of RIG-I signaling pathway	GO:0039535	trim25
negative regulation of NF-kappaB transcription factor activity	GO:0032088	"rwdd3	setd6	si:ch211-195h23.3	traf3	ufl1"
diadenosine pentaphosphate catabolic process	GO:1901907	"nudt3a	nudt4a	nudt4b"
diadenosine hexaphosphate catabolic process	GO:1901909	"nudt3a	nudt4a	nudt4b"
diphosphoinositol polyphosphate metabolic process	GO:0071543	"nudt3a	nudt4a	nudt4b"
adenosine 5'-(hexahydrogen pentaphosphate) catabolic process	GO:1901911	"nudt3a	nudt4a	nudt4b"
organic acid metabolic process	GO:0006082	"cyp2aa1	cyp2aa12	cyp2aa2	cyp2aa3	cyp2aa8	cyp2aa9	cyp2ad2	cyp2ad3	cyp2ad6	cyp2ae1	cyp2k16	cyp2k17	cyp2k19	cyp2k22	cyp2k6	cyp2k8	cyp2n13	cyp2p10	cyp2p6	cyp2p7	cyp2p8	cyp2p9	cyp2r1	cyp2u1	cyp2v1	cyp2x10.2	cyp2x12	cyp2x6	cyp2x7	cyp2x8	cyp2x9	cyp2y3	si:dkey-286h2.3"
secretion	GO:0046903	"ric1	unc13d"
positive regulation of protein catabolic process	GO:0045732	"asb11	asb5a	asb5b	gpc3	oaz1a	oaz1b	oaz2a	oaz2b"
Schwann cell differentiation	GO:0014037	"adgrg6	erbb2	erbb3b	gle1	nsfa	slc16a2	sox10"
spinal cord oligodendrocyte cell differentiation	GO:0021529	"cdc73	fzd8a	leo1	nkx2.2a	slc16a2	ypel3"
regulation of thyroid hormone generation	GO:2000609	"slc16a2	tg	tshba"
optomotor response	GO:0071632	"arl3l2	cyp20a1	lhx2b	psen1	slc16a2	unc119c	wfs1b"
thyroid hormone transport	GO:0070327	"slc16a10	slc16a2"
glycosphingolipid biosynthetic process	GO:0006688	"b4galt6	st3gal5"
glycosphingolipid metabolic process	GO:0006687	"b4galt6	smpd5	ugcg"
late endosome to Golgi transport	GO:0034499	"snx12	snx3"
'de novo' pyrimidine nucleobase biosynthetic process	GO:0006207	"cad	cmpk	cps1	dhodh	dpyda.1	umps"
UMP biosynthetic process	GO:0006222	umps
pyrimidine nucleotide biosynthetic process	GO:0006221	"cad	cmpk	ctps1a	ctps1b	umps"
'de novo' UMP biosynthetic process	GO:0044205	"cad	dhodh	dpyda.1	umps"
pyrimidine nucleobase biosynthetic process	GO:0019856	"ctps1a	ctps1b	umps"
response to progesterone	GO:0032570	"abhd2a	abhd2b	cyp2k22	pgrmc1"
steroid hormone receptor signaling pathway	GO:0043401	"abhd2a	abhd2b	esr1	paqr7b"
sperm capacitation	GO:0048240	"abhd2a	abhd2b	amh	igf3"
acylglycerol catabolic process	GO:0046464	"abhd12	abhd2a	abhd2b	abhd6a"
medium-chain fatty acid biosynthetic process	GO:0051792	"abhd2a	abhd2b	abhd3"
medium-chain fatty acid catabolic process	GO:0051793	"abhd2a	abhd2b	abhd3	acadm"
nuclear polyadenylation-dependent antisense transcript catabolic process	GO:0071040	exosc10
nuclear polyadenylation-dependent snoRNA catabolic process	GO:0071036	exosc10
histone mRNA catabolic process	GO:0071044	exosc10
nuclear polyadenylation-dependent CUT catabolic process	GO:0071039	exosc10
nuclear polyadenylation-dependent snRNA catabolic process	GO:0071037	exosc10
mitotic spindle midzone assembly	GO:0051256	"aurkb	ewsr1a	map10	prc1b	racgap1	zgc:86764"
long-chain fatty acid catabolic process	GO:0042758	acadl
fatty acid beta-oxidation using acyl-CoA dehydrogenase	GO:0033539	"acad11	acadl	acads	etfa	etfb	gcdha	gcdhb	zgc:85777"
regulation of synaptic transmission, glutamatergic	GO:0051966	"fxr1	grm1a	grm1b	grm2a	grm2b	grm3	grm5a	grm5b	grm6a	grm6b	grm8a	grm8b	nptx2a"
central nervous system myelin formation	GO:0032289	"actr10	foxa2	nfascb	tenm4"
retrograde axonal transport of mitochondrion	GO:0098958	actr10
positive regulation of cell division	GO:0051781	"fgf17	fgf1a	fgf1b	fgf3	fgf4	fgf8b	garem	gdf3	mdka	mdkb	mtrex	ptn	tgfb1a	tgfb1b	tgfb2	tgfb3	tgfb5	thbs4b	vegfaa"
cellular response to epidermal growth factor stimulus	GO:0071364	"garem	pde8a"
monoatomic cation transport	GO:0006812	"atp7a	atp7b	cax1	cax2	p2rx3a	p2rx3b	p2rx4a	p2rx4b	p2rx5	p2rx7	p2rx8	panx1a	panx1b	panx2	panx3	si:dkey-162b23.4	slc30a10	slc30a1a	slc30a1b	slc30a2	slc30a4	slc30a5	slc30a6	slc30a7	slc30a8	slc30a9	slc41a1	slc41a2a	slc41a2b	slc41a3	slc9a1a	slc9a1b	slc9a2	slc9a3.1	slc9a3.2	slc9a5	slc9a6a	slc9a6b	slc9a7	slc9a8	tmco3	tmem163b	trpc4b"
positive regulation of interleukin-1 production	GO:0032732	"panx1a	panx1b	panx2	panx3"
negative regulation of transcription elongation by RNA polymerase II	GO:0034244	"nelfa	nelfb	nelfcd	rnf168	rnf8	supt5h"
positive regulation of hematopoietic progenitor cell differentiation	GO:1901534	"csf3r	il1b	myd88	nelfb	nelfe	supt5h	tlr4bb	tnfrsf1b"
regulation of granulocyte differentiation	GO:0030852	"cdk9	nelfa	nelfb	nelfe"
cellular response to calcium ion	GO:0071277	"adgrv1	cpne2	cpne3	cpne4a	cpne4b	cpne5b	cpne7	cpne8	pkd2	rasa4	slc25a24"
ERBB2 signaling pathway	GO:0038128	cpne3
spermidine biosynthetic process	GO:0008295	"amd1	srm"
spermine biosynthetic process	GO:0006597	"amd1	sms"
chordate pharyngeal muscle development	GO:0043282	"myf5	myod1	six1b	tbx1"
positive regulation of secondary heart field cardioblast proliferation	GO:0072513	tbx1
glial cell-derived neurotrophic factor receptor signaling pathway	GO:0035860	"gdnfa	sulf2a	sulf2b"
innervation	GO:0060384	"sulf2a	sulf2b"
epithelial structure maintenance	GO:0010669	"cracd	dlg1a	fras1	prrc1	sulf1	sulf2a	sulf2b	vwa2"
esophagus smooth muscle contraction	GO:0014846	"sulf2a	sulf2b"
folate import into mitochondrion	GO:1904947	"slc25a32a	slc25a32b"
nucleotide transport	GO:0006862	"slc25a32a	slc25a32b"
gastrulation	GO:0007369	"aldh1l1	apela	apln	aplnra	aplnrb	arl6	bbs1	bbs10	bbs12	bbs2	bbs4	bbs5	bbs7	bbs9	bcl2l10	cep290	dnaaf1	ift74	ift88	irx3a	mapk1	marcksb	mkks	mxtx2	mylipa	mylipb	nanog	pigt	plekhg5a	snai1a	tbp	tdp2b	tmem67	tnika	trim32	ttc21b	ttc8	vangl2	xpnpep3	zeb1b"
pigment granule aggregation in cell center	GO:0051877	"bbs2	bbs4	bbs5	bbs7	kcnj13	mkks	smtlb	ttc8"
melanosome transport	GO:0032402	"arl6	bbip1	bbs1	bbs2	bbs4	bbs5	bbs7	cct2	cdc42	cep131	cfap418	exoc5	ift122	inpp5b	inpp5e	ippk	mkks	ocrl	prickle2b	rab11a	rab11al	rab3ip	rab8a	trim32	ttc8	zgc:91968"
positive regulation of macrophage migration	GO:1905523	"asap1a	asap1b	ltb4r2a"
stem cell population maintenance	GO:0019827	"bsx	ccr2	celsr1a	lin28ab	med14	mettl14	mettl3	nampt1	nanog	prdm14	tal1"
pre-miRNA processing	GO:0031054	"ago2	ago3b	ago4	dicer1	drosha	lin28aa	lin28ab	tarbp2"
positive regulation of cytoplasmic translation	GO:2000767	"cnbpa	cnbpb	lin28ab"
postreplication repair	GO:0006301	"aktip	rad18	ube2na	ube2nb	ube2v1	ube2v2"
epithelial cilium movement involved in determination of left/right asymmetry	GO:0060287	"ccdc39	ccdc40	cep131	cep70	cfap53	dnaaf11	dnaaf4	dnah6	dnah9	gle1	ippk	mcamb	myo1d	ofd1	poc1b	rfx3	rock2b	rpgrb"
positive regulation of defense response	GO:0031349	"adgrg1	irak4	ripk1l"
meiotic chromosome condensation	GO:0010032	"ncapd2	ncapd3	ncaph2"
mitotic chromosome condensation	GO:0007076	"ncapd2	ncapd3	ncapg	ncaph	nusap1	phf13	smc2	smc4"
mitotic nuclear membrane reassembly	GO:0007084	"ankle2	banf1	reep3b	tmpoa"
fucosylation	GO:0036065	"ft1	fuom	fut10	fut11	fut7	fut8a	fut9a	fut9b.1	fut9b.2	fut9b.3	fut9b.4	fut9b.5	fut9b.6	fut9d	zgc:165582"
cardiac muscle cell myoblast differentiation	GO:0060379	atf3
regulation of cytokine production	GO:0001817	"bcl6b	e4f1	hic1l	il10	mynn	patz1	si:ch211-155e24.3	si:ch211-191d2.2	si:ch73-299h12.6	si:dkey-182i3.10	si:dkeyp-2e4.2	traf3	zbtb1	zbtb14	zbtb16a	zbtb24	zbtb26	zbtb2a	zbtb2b	zbtb33	zbtb34	zbtb37	zbtb38	zbtb39	znfl2a"
regulation of immune system process	GO:0002682	"bcl6b	e4f1	ggt1b	ggt1l2.2	hic1l	mynn	patz1	si:ch211-155e24.3	si:ch211-191d2.2	si:ch73-299h12.6	si:dkey-182i3.10	si:dkeyp-2e4.2	zbtb1	zbtb14	zbtb16a	zbtb24	zbtb26	zbtb2a	zbtb2b	zbtb33	zbtb34	zbtb37	zbtb38	zbtb39	znfl2a"
positive regulation of synoviocyte proliferation	GO:1901647	saal1
adenylate cyclase-activating adrenergic receptor signaling pathway	GO:0071880	"adra1aa	adra1ab	adra1ba	adra1bb	adra1d	adrb1	adrb2a	adrb2b	adrb3a	drd1a	drd1b	drd6b	drd7	gpr101	hrh3	zgc:162592"
regulation of embryonic development	GO:0045995	"bag6l	ccsapb	cyld	gpr101	her3	igf2bp3	lama1	lama2	lama3	lama4	lama5	si:ch211-241e1.3	trip12"
glycoprotein catabolic process	GO:0006516	"fbxo2	fbxo44.1	fbxo44.3	fbxo44.5	fbxo44.7	fbxo6.3	manba	nccrp1	ngly1"
meiotic chromosome segregation	GO:0045132	"birc5b	nuf2	sgo1	sgo2"
homeostasis of number of retina cells	GO:0048877	sgo1
phosphatidylcholine biosynthetic process	GO:0006656	pemt
phosphate ion transport	GO:0006817	"ankhb	slc17a6a	slc17a6b	slc17a8	slc20a1a	slc20a1b	slc20a2	slc34a2a	slc34a2b	xpr1a	xpr1b"
sodium-dependent phosphate transport	GO:0044341	"slc17a6a	slc17a6b	slc17a8	slc34a1a	slc34a1b	slc34a2a	slc34a2b"
intracellular phosphate ion homeostasis	GO:0030643	"fgf23	slc34a1a	slc34a2a	slc34a2b	xpr1b"
snRNA transcription by RNA polymerase III	GO:0042796	"ice2	snapc1a	snapc1b	snapc3"
regulation of dephosphorylation	GO:0035303	"igbp1	ppp2r3c"
B cell homeostasis	GO:0001782	"ppp2r3c	tnfsf13b"
positive regulation of B cell differentiation	GO:0045579	ppp2r3c
T cell homeostasis	GO:0043029	ppp2r3c
regulation of postsynapse organization	GO:0099175	"abhd17aa	abhd17ab	abhd17c	arhgap22b"
positive regulation of anaphase-promoting complex-dependent catabolic process	GO:1905786	"cdc20	fzr1a	fzr1b"
anaphase-promoting complex-dependent catabolic process	GO:0031145	"anapc1	anapc10	anapc11	anapc15	anapc4	cdc16	cdc20	cdc23	cdc26	cdc27	ecrg4a	ecrg4b	fzr1a	fzr1b	ube2s"
positive regulation of ubiquitin protein ligase activity	GO:1904668	"cdc20	fzr1a	fzr1b	ube2s"
transcription-dependent tethering of RNA polymerase II gene DNA at nuclear periphery	GO:0000972	"nup133	nup155	rae1"
regulation of G2/M transition of mitotic cell cycle	GO:0010389	"atm	cdc25b	cdc25d	cdk2	cdk21	cdk4	cdk6	cenpf"
negative regulation of endodermal cell differentiation	GO:1903225	"dcaf1	dusp4"
negative regulation of ERK1 and ERK2 cascade	GO:0070373	"dusp4	dusp6	dusp7	nf1a	nf1b	ptpn2a	ptpn2b	spred1	spred2b	spry1	spry2	spry4"
T cell differentiation in thymus	GO:0033077	"agtpbp1	dnmt1	eps15l1b	ikzf1	il7r	jak1	jak3	ptger4a	rabl3	rag1	rag2	rpl10a	rpl22	slc39a6	tnpo3	upf1"
cell morphogenesis involved in neuron differentiation	GO:0048667	"rb1	unk"
neuron apoptotic process	GO:0051402	"aatkb	cdk5	diabloa	epas1b	fam162a	gapdh	hif1ab	hif1al	map3k5	pink1	siah1	tnfrsf21"
oocyte growth	GO:0001555	"dcaf13	nanos3"
carbohydrate biosynthetic process	GO:0016051	"chst10	chst11	chst12a	chst12b.2	chst12b.3	chst12b.4	chst12b.5	chst12b.6	chst13	chst14	chst8	nansa	nansb	si:ch211-269c21.2	slc41a3"
protein export from nucleus	GO:0006611	"cse1l	desi1a	desi1b	ranbp3b	si:dkeyp-20g2.1	xpo1a	xpo1b	xpo4	xpo6"
regulation of arginine metabolic process	GO:0000821	"fh	si:dkeyp-120h9.1	slc7a7"
regulation of leukocyte migration	GO:0002685	"cxcr3.1	rac2"
lipoprotein biosynthetic process	GO:0042158	"apoeb	mttp"
intermediate-density lipoprotein particle clearance	GO:0071831	apoeb
very-low-density lipoprotein particle clearance	GO:0034447	"apoc1	apoeb"
chylomicron remnant clearance	GO:0034382	"apoc2	apoeb"
high-density lipoprotein particle assembly	GO:0034380	apoeb
embryonic skeletal joint development	GO:0072498	"evx1	irx5a	irx7	wnt16"
ventral spinal cord interneuron specification	GO:0021521	"evx1	evx2	gli1	lhx3	lhx4	mib1	prdm12b"
ectoderm development	GO:0007398	"amer2	cdh1	cdh2	ctnnb1	dkk1b	pou5f3	tdgf1	wnt8a"
embryonic axis specification	GO:0000578	"adnpb	ctnnb1	hwa	lbx2	prdm1a	wnt8a"
determination of dorsal/ventral asymmetry	GO:0048262	"ctnnb1	smad5"
positive regulation of blood coagulation	GO:0030194	"f2	f2r	f2r2.1	f2r2.2	fga	si:dkey-163m14.2"
sex differentiation	GO:0007548	"dmrt1	dmrt2a	dmrt2b	dmrta2	foxp3a	gnrh3	srd5a1	srd5a2a	srd5a2b"
androgen biosynthetic process	GO:0006702	"hsd17b3	srd5a1	srd5a2a	srd5a2b"
regulation of axon extension involved in axon guidance	GO:0048841	"arl3l1	arl3l2	ncaldb	smn1	unc119c	wnt4"
sensory epithelium regeneration	GO:0070654	"apobec2a	apobec2b	ascl1a	cdh2	dkk1a	dkk1b	fzd2	hbegfa	insm1a	mdka	six3b	tgif1	wnt2ba	wnt4	wnt8b"
rDNA heterochromatin formation	GO:0000183	"bend3	rrp8	sirt2"
regulation of transcription by glucose	GO:0046015	rrp8
cellular response to glucose starvation	GO:0042149	"cpeb4a	kics2	prkaa1	prkaa2	prkag1	prkag2b	prkag3b	rrp8"
cerebellar Purkinje cell-granule cell precursor cell signaling	GO:0021937	lhx1a
post-embryonic development	GO:0009791	"grcc10	lhx1a"
forebrain regionalization	GO:0021871	lhx1a
positive regulation of embryonic development	GO:0040019	"cactin	gper1	lhx1a	nr2c2"
S-shaped body morphogenesis	GO:0072050	lhx1a
ectoderm formation	GO:0001705	lhx1a
comma-shaped body morphogenesis	GO:0072049	lhx1a
cerebellar Purkinje cell differentiation	GO:0021702	"agtpbp1	atg4da	atxn7	klf8	lhx1a	prdm13	wdr73"
spinal cord association neuron differentiation	GO:0021527	"isl1a	lhx1a"
paramesonephric duct development	GO:0061205	lhx1a
renal vesicle morphogenesis	GO:0072077	lhx1a
positive regulation of branching involved in ureteric bud morphogenesis	GO:0090190	"gdnfa	lhx1a"
urogenital system development	GO:0001655	"lhx1a	osr1	osr2"
dorsal spinal cord interneuron posterior axon guidance	GO:0097379	lhx1a
ureteric bud development	GO:0001657	"lhx1a	robo2	tcf21"
lateral motor column neuron migration	GO:0097477	lhx1a
positive regulation of nephron tubule epithelial cell differentiation	GO:2000768	lhx1a
nephric duct morphogenesis	GO:0072178	lhx1a
positive regulation of gastrulation	GO:2000543	"lhx1a	rack1	tenm4"
positive regulation of anterior head development	GO:2000744	lhx1a
primitive streak formation	GO:0090009	lhx1a
post-embryonic foregut morphogenesis	GO:0048618	"gata5	gli2a	shha"
myeloid dendritic cell differentiation	GO:0043011	"batf	gata5"
cardioblast migration to the midline involved in heart field formation	GO:0060975	"gata4	gata5	gata6	snai1b	tdgf1"
cell migration to the midline involved in heart development	GO:0003318	"cemip2	gata5	s1pr2	sphk2"
gene expression	GO:0010467	"gata5	six6a	six6b	six7"
phosphatidylinositol acyl-chain remodeling	GO:0036149	"agpat5	lclat1	lpgat1	mboat7"
nuclear membrane organization	GO:0071763	"tmem43	tor1	tor1l1	tor1l2	tor1l3"
otic placode development	GO:1905040	"sox2	sox3"
brain segmentation	GO:0035284	"pou5f3	rfng	rps19	tcf7l1b	wnt1	wnt8a"
spinal cord anterior/posterior patterning	GO:0021512	"sspo	wnt8a"
neural crest cell fate specification	GO:0014036	"cnbpa	fmr1	kat6a	tfap2a	tfap2c	tfec	wnt8a"
cell proliferation involved in pronephros development	GO:0039015	wnt8a
mesodermal cell fate commitment	GO:0001710	"bmp2b	wnt8a"
regulation of anterior head development	GO:2000742	"rbm47	wnt8a"
embryonic foregut morphogenesis	GO:0048617	cdx4
pancreatic D cell differentiation	GO:0003311	"cdx4	pax6b	rfx6"
hindbrain-spinal cord boundary formation	GO:0021906	"cdx1a	cdx4"
rostrocaudal neural tube patterning	GO:0021903	"cdx1a	cdx4	hdac1	tcf7l1a	tcf7l1b"
leukocyte homeostasis	GO:0001776	"fanca	rad51c"
erythrocyte homeostasis	GO:0034101	"fanca	piezo1	rad51c"
phosphocreatine biosynthetic process	GO:0046314	"ckba	ckbb	ckma	ckmb	ckmt1	ckmt2a	ckmt2b	zgc:172076"
cellular response to organic cyclic compound	GO:0071407	"ahr1a	ahr2	cyp1a	ptgs1	ptgs2a	ptgs2b"
protein autophosphorylation	GO:0046777	"camk2a	camk2b2	camk2g1	dclk2a	dyrk1aa	dyrk1ab	dyrk1b	ephb3a	flt4	fyna	igf1ra	igf1rb	insra	insrb	map3k12	melk	si:ch211-45c16.2	stk10	yes1"
lymph vessel morphogenesis	GO:0036303	"dhx15	flt4	svep1	vegfc"
selective angioblast sprouting	GO:0035474	flt4
lymphatic endothelial cell differentiation	GO:0060836	"flt4	ptger3"
regulation of vascular endothelial growth factor signaling pathway	GO:1900746	"cad	cd63	flt4	pink1	vegfc"
GMP salvage	GO:0032263	"hprt1	hprt1l	prtfdc1a	prtfdc1b"
IMP salvage	GO:0032264	"ampd1	ampd2a	ampd2b	ampd3a	ampd3b	hprt1	hprt1l	prtfdc1a	prtfdc1b"
guanine salvage	GO:0006178	"hprt1	hprt1l	prtfdc1a	prtfdc1b"
purine ribonucleoside salvage	GO:0006166	"adka	adkb	aprt	hprt1	hprt1l	mtap	pgm2	pnp4a	pnp5b	pnp6	prtfdc1a	prtfdc1b"
hypoxanthine metabolic process	GO:0046100	"hprt1	hprt1l	prtfdc1a	prtfdc1b"
regulation of cardiac chamber formation	GO:1901210	"nkx2.5	nkx2.7"
pharyngeal arch artery morphogenesis	GO:0061626	"kmt2d	nkx2.5	ntn1a"
cardiac ventricle development	GO:0003231	"bag3	dnajb6b	fbln8	fntb	myh7	myh7l	myh9b	nkx2.5	sap130a	smarca5	smo	tmem65	tmem87b	tnnc1a"
cardiac chamber development	GO:0003205	"grem2b	nkx2.5	plxna3	sema3fb	tbx2a	tbx2b"
regulation of T cell differentiation in thymus	GO:0033081	"med14	phf6"
neural crest cell migration involved in autonomic nervous system development	GO:1901166	"bmp2b	meis3	ret"
protein-containing complex assembly	GO:0065003	"atpaf1	bmp2b	bmp7a	cdk9	gdnfa	gfra1a	hexim1	pkd2	ret"
branchiomeric skeletal muscle development	GO:0014707	"artnb	gfra3	pax3b	ret	tcf21"
lymphoid progenitor cell differentiation	GO:0002320	"batf	ikzf1	irf4a"
non-motile cilium assembly	GO:1905515	"arl13a	arl13b	bbs1	bbs2	bbs7	cep126	cep290	csnk1da	csnk1db	fuz	gorab	ift122	ift57	ift88	rpgrip1l	tbc1d32	tmem107	tmem107l	tmem17	tmem216	ttc8	zgc:112294"
activation of GTPase activity	GO:0090630	"scrib	tbc1d7	tiam1a	tiam1b	tiam2a"
articular cartilage development	GO:0061975	"epyc	ogna	ognb"
RNA polymerase I preinitiation complex assembly	GO:0001188	"polr1e	taf1b"
nucleolar large rRNA transcription by RNA polymerase I	GO:0042790	taf1b
enteroendocrine cell differentiation	GO:0035883	pax6b
epithalamus development	GO:0021538	"pax6a	pax6b	pitx2	sox2	tbx2b"
pancreatic epsilon cell differentiation	GO:0090104	"pax6b	rfx6	tm4sf4"
cornea development in camera-type eye	GO:0061303	"ctns	lama1	mab21l1	mab21l2	pax6b	pitx2"
GMP biosynthetic process	GO:0006177	"gmps	impdh1a	impdh1b	impdh2"
cell population proliferation	GO:0008283	"ankrd45	brat1	cdk9	crbn	cxcr4a	f2rl1.2	fam83d	fgf16	fgf3	gja1b	hoxb8a	id2a	igf1	igf3	melk	mif	mob1a	naa60	pola2	ppdpfa	ptpn11a	ptpn11b	rhbdf1a	scrib	shox	six6b	socs3a	sox2	spint1a	st14a	stat3	thpo	usp13	uspl1	zic2b"
establishment or maintenance of apical/basal cell polarity	GO:0035088	"dctn2	epb41l5	pals1a	ptprbl"
G protein-coupled opioid receptor signaling pathway	GO:0038003	"oprd1a	oprd1b	oprm1"
sensory perception of pain	GO:0019233	"npbwr2a	oprm1"
regulation of receptor internalization	GO:0002090	"flot1a	flot1b	mib1	mib2"
regulation of macromolecule metabolic process	GO:0060255	"atrx	fgfr3	pin1	pink1	tlr7	tlr8a"
regulation of primary metabolic process	GO:0080090	"ern2	fgfr3	pin1	pink1"
cholesterol homeostasis	GO:0042632	"abcg1	abcg4a	abcg4b	abcg5	angptl3	bbs1	cyp39a1	cyp7a1	cyp7b1	ephx2	fabp2	lamtor1	ldlra	lipca	lipf	lipg	lpla	mttp	nfkb2	npc1	pla2g12b	spx	stab1	stab2"
7-methylguanosine mRNA capping	GO:0006370	"cmtr1	cmtr2	ncbp3	rngtt	rnmt"
mRNA modification	GO:0016556	"cmtr1	mettl14	mettl3	wtap"
negative regulation of TOR signaling	GO:0032007	"akt1s1	ddit4	deptor	grk5l	gsk3aa	gsk3ab	gsk3bb	mapkapk5	minar1	nprl3	prex1	prex2	prkaa1	prkaa2	sh3bp4a	si:dkey-88e18.8	tbc1d7	tmem127	tnfaip8l1	tsc1a	tsc1b	tsc2"
spliceosomal complex assembly	GO:0000245	"crnkl1	gemin2	gemin6	rsrp1	sart3	scaf11	sf3a2	sf3b1	srpk1a	u2af2a	u2af2b	usp39"
cytoplasmic sequestering of protein	GO:0051220	"si:ch73-193c12.2	si:dkeyp-38g8.5	zgc:113426	zgc:171459"
regulation of epidermal cell division	GO:0010482	"kdf1a	kdf1b	piezo1"
keratinocyte development	GO:0003334	"kdf1a	kdf1b	mvda"
platelet formation	GO:0030220	"kdsr	nbeal2"
regulation of osteoclast development	GO:2001204	"csf1ra	csf1rb	si:dkey-11p23.7	siglec15l"
relaxation of muscle	GO:0090075	p2ry1
membrane fusion	GO:0061025	"hace1	nsfl1c	ubxn2a	uso1"
Golgi vesicle docking	GO:0048211	uso1
intracellular mRNA localization	GO:0008298	"kif1b	stau1	stau2"
germ cell migration	GO:0008354	"ackr3b	ca15b	cdh1	cftr	cxcl12a	cxcr4b	dnd1	grip2a	igf1rb	igf2bp3	kdm6a	kdm6al	nanos3	pum3	rgs14a	stau2	tdgf1"
anterograde dendritic transport of messenger ribonucleoprotein complex	GO:0098964	"stau1	stau2"
positive regulation of translation in response to endoplasmic reticulum stress	GO:0036493	"nck1b	nck2a	nck2b"
positive regulation of actin filament polymerization	GO:0030838	"baiap2l1a	baiap2l2a	baiap2l2b	cdc42ep1a	cdc42ep1b	cdc42ep2	cdc42ep3	cdc42ep4a	cdc42ep4b	cdc42ep5	cracd	nck1b	nck2a	nck2b	vaspa	vaspb	zgc:154093	zgc:158689"
positive regulation of endoplasmic reticulum stress-induced intrinsic apoptotic signaling pathway	GO:1902237	"nck1b	nck2a	nck2b"
negative regulation of PERK-mediated unfolded protein response	GO:1903898	"nck1b	nck2a	nck2b"
generation of catalytic spliceosome for first transesterification step	GO:0000349	"xab2	yju2"
regulation of calcium ion transmembrane transport via high voltage-gated calcium channel	GO:1902514	"cacng1a	cacng1b	cacng6a	cacng6b"
glucosylceramide catabolic process	GO:0006680	"asah1b	gba1	gba2"
glucosylceramide metabolic process	GO:0006678	"gba1	gba2"
neuron cellular homeostasis	GO:0070050	"asah1b	atp13a2	auts2a	ccnd1	gba1	gch1	hdac8	nipblb	smn1	sod1	stil	tmem175	toe1	win	znf644b"
regulation of ossification	GO:0030278	"col1a1a	cyp26b1	gba1	tgfb3"
tRNA dihydrouridine synthesis	GO:0002943	"dus2	dus3l	dus4l"
miRNA-mediated post-transcriptional gene silencing	GO:0035195	"dicer1	disp2	tnrc6bb.1"
gonad morphogenesis	GO:0035262	fgf24
limb bud formation	GO:0060174	"fgf24	tbx5a"
negative regulation of endodermal cell fate specification	GO:0042664	"bmp2b	bmp4	bmp7a	fgf17	fgf24	fgf8a	fgfr1a	nog1"
ectodermal placode development	GO:0071696	"fgf10b	fgf24	fgf3	foxi1	gata3	parp3	pnocb	tfap2a	tfap2c"
regulation of toll-like receptor signaling pathway	GO:0034121	"si:dkey-237j10.2	unc93b1"
regulation of organ growth	GO:0046620	"hhex	lats1	lats2	yap1"
positive regulation of endothelial cell differentiation	GO:0045603	"hhex	tal1"
hepaticobiliary system development	GO:0061008	"add3a	hhex	hnf1ba	jag1a	jag1b	slx4	sox9b	vipas39	wnt2bb"
myelination of posterior lateral line nerve axons	GO:0048932	"adgrg1	adgrg6	egr2b	erbb2	erbb3b	gna12a	gna13a	gna13b	nsfa"
regulation of cardiac conduction	GO:1903779	"hspd1	tmem65"
negative regulation of neuron differentiation	GO:0045665	"akt1	asb11	her2	her6	lfng	nepro"
gliogenesis	GO:0042063	"gcm2	her2	her8a	qdprb.1	shha	shhb	snx5"
positive regulation of vasoconstriction	GO:0045907	"adra1d	avpr1aa	avpr1ab	avpr2b.1	avpr2l	hrh1	oxtra	oxtrb	tbxa2r"
cellular response to hormone stimulus	GO:0032870	"avpr1aa	avpr1ab	avpr2b.1	avpr2l	gnrhr1	gnrhr2	gnrhr3	gnrhr4	gpr22a	gpr22b	hcrtr2	ncoa1	ncoa2	npffr1l1	npffr1l2	npffr1l3	oxtra	oxtrb	prokr1a	prokr1b	ramp1	ramp2"
regulation of systemic arterial blood pressure by vasopressin	GO:0001992	"avpr1aa	avpr1ab	avpr2b.1	avpr2l	oxtra	oxtrb"
positive regulation of myoblast fusion	GO:1901741	"mapk14a	mapk14b	myog	ripor2"
positive regulation of myoblast differentiation	GO:0045663	"akirin1	mapk14a	mapk14b	myf5	myf6	myod1	myog	rbm24a	ripor2"
positive regulation of skeletal muscle fiber development	GO:0048743	"myf5	myf6	myod1	myog"
myoblast differentiation involved in skeletal muscle regeneration	GO:0014835	myog
response to activity	GO:0014823	"cs	epas1b	epoa	hif1al	mb	myhz2	myog	nrf1	pcna	pparab	pparda	smyhc1l	tnnc1a	tnnc2.2"
myoblast proliferation involved in skeletal muscle regeneration	GO:0014844	myog
adenosine metabolic process	GO:0046085	"nt5c1aa	nt5c1ba	nt5c1bb"
atrioventricular valve formation	GO:0003190	"cemip2	gata2a	hace1	pdlim7	tbx5a	ugdh"
positive regulation of miRNA transcription	GO:1902895	gata2a
dorsal aorta morphogenesis	GO:0035912	"amotl2a	amotl2b	gata2a	hey2	smo"
symbiont-mediated activation of host apoptosis	GO:0052151	casp8
regulation of cysteine-type endopeptidase activity	GO:2000116	"casp2	casp8	tnfrsf1b"
fast-twitch skeletal muscle fiber contraction	GO:0031443	"ryr1b	synm"
slow-twitch skeletal muscle fiber contraction	GO:0031444	"gja2	ryr1b	smyhc1	smyhc2	tnnt1"
skin morphogenesis	GO:0043589	"fbln1	fgfr1a	hmcn2"
anatomical structure homeostasis	GO:0060249	"fgf20a	fgfr1a	ttk"
negative regulation of protein ubiquitination	GO:0031397	"bag5	minar1	n4bp1	nxn	spopla	spoplb	svbp	ubxn1"
regulation of motor neuron axon guidance	GO:1905812	"col15a1b	nop56	reep1	sox2"
phosphate ion transmembrane transport	GO:0035435	"ankha	ankhb	slc20a1a	slc20a1b	slc20a2	slc25a10a	slc25a10b	slc25a3b	slc37a1	slc37a2	slc37a4a	slc37a4b	xpr1b"
negative regulation of nodal signaling pathway	GO:1900108	"araf	dact2	ldb2a	ncln	nomo	si:ch211-168f7.5"
neuropilin signaling pathway	GO:0038189	cdc42
microglial cell migration	GO:1904124	"cdc42	cdc42l	dock8"
filopodium assembly	GO:0046847	"amotl2a	arhgef9b	cdc42	fgd	fgd4a	fmnl3	robo4	si:zfos-741a10.3	spag6	spata13	srgap2	trpc1	ypel3"
camera-type eye photoreceptor cell development	GO:0062139	"bbs5	cdc42	neurod1	tulp1a	tulp1b"
positive regulation of cellular component organization	GO:0051130	"cdc42	cdc42l"
neuron remodeling	GO:0016322	"il1rapl1b	scarf1"
negative regulation of fatty acid biosynthetic process	GO:0045717	"dcaf5	wdtc1"
cyclooxygenase pathway	GO:0019371	"ptgs1	ptgs2a	ptgs2b"
prostaglandin biosynthetic process	GO:0001516	"prxl2b	ptges	ptges3a	ptges3b	ptgesl	ptgis	ptgs1	ptgs2a	ptgs2b"
skeletal muscle organ development	GO:0060538	"apobec2a	apobec2b	desma	desmb	lama2	large1	smyd3	unc45b"
regulation of calcium ion transport into cytosol	GO:0010522	desma
regulation of cardiac muscle contraction	GO:0055117	"desma	rnf207b	strip2"
hemangioblast cell differentiation	GO:0060217	"aggf1	enpp2	erg	etsrp	etv5a	gfi1aa	hoxd4a	lclat1	lpar1	snrkb	tal1"
early endosome to Golgi transport	GO:0034498	"snx1a	snx1b	snx2	snx8a	snx8b"
protein-RNA complex assembly	GO:0022618	"rpl38	shq1"
positive regulation of platelet-derived growth factor receptor-beta signaling pathway	GO:2000588	"hip1	hip1rb"
snRNA pseudouridine synthesis	GO:0031120	"dkc1	nhp2	nop10"
telomere maintenance via telomerase	GO:0007004	"acd	gar1	nhp2	nop10	ptges3a	ptges3b	rad50	rpa1	tert"
rRNA pseudouridine synthesis	GO:0031118	"dkc1	nhp2	nop10"
lipoprotein transport	GO:0042953	"apoc2	cd36	mia2	mia3	mttp	surf4	unc119a1	unc119b	unc119c	vmp1"
DNA damage response, signal transduction by p53 class mediator	GO:0030330	"batf	usp10"
vestibular receptor cell development	GO:0060118	"cops5	fgf3	pax2a	pax5"
vestibular reflex	GO:0060005	"pax5	slc17a8	tmc1	tmc2b"
pronephric proximal tubule morphogenesis	GO:0039011	kdm4c
respiratory burst	GO:0045730	"ncf1	ncf2	ncf4"
superoxide anion generation	GO:0042554	"cyba	cybb	ncf1	ncf2	ncf4	nox1	noxa1	noxo1a	noxo1b	sh3pxd2aa	sh3pxd2ab	sh3pxd2b"
primary miRNA processing	GO:0031053	"dgcr8	drosha	mettl3	srrt"
maturation of LSU-rRNA from tricistronic rRNA transcript (SSU-rRNA, 5.8S rRNA, LSU-rRNA)	GO:0000463	"bop1	ddx18	ftsj3	pak1ip1	pes	ppan	rbm34	rpf2	rpl35	rpl7	rpl7l1	urb1	wdr12	znhit3"
maturation of 5.8S rRNA from tricistronic rRNA transcript (SSU-rRNA, 5.8S rRNA, LSU-rRNA)	GO:0000466	"bop1	ftsj3	pes	urb1	wdr12"
blood circulation	GO:0008015	"abraa	acta2	byp	disp1	egf	gli2a	myh11a	npc1	npc2.1	rad21a	rnf213a	scube2	shha	sulf1	tnnt2a	unc45a	vegfd"
positive regulation of mast cell chemotaxis	GO:0060754	"pgfb	vegfaa	vegfba	vegfc	vegfd"
induction of positive chemotaxis	GO:0050930	"ccl39.2	cxcl12a	cxcl12b	cxcr4b	pgfb	tdgf1	vegfaa	vegfba	vegfc	vegfd"
optic nerve formation	GO:0021634	"cdk5	gli2a	klf6a	klf7b	smarca4a	tuba1a"
positive regulation of nitric oxide mediated signal transduction	GO:0010750	smarca4a
cell migration involved in heart development	GO:0060973	"erbb2	gna12a	gna13a	gna13b	s1pr2	sdc2	smarca4a"
embryonic camera-type eye morphogenesis	GO:0048596	"lum	pax2a	pitx2	rx3	six3b	six7	smarca4a	tcf7l1a	znf503	znf703"
lifelong otolith mineralization	GO:0031174	"cldnj	ptena	ptenb"
vesicle docking	GO:0048278	"stx10	stx11a	stx11b.1	stx11b.2	stx12	stx12l	stx17	stx1b	stx2a	stx3b	stx4	stx5a	stx6	stx7l	stx8	tsnare1"
antigen processing and presentation of endogenous peptide antigen via MHC class I	GO:0019885	"tapbp.1	tapbpl"
ganglioside biosynthetic process via lactosylceramide	GO:0010706	"b4galt5	st3gal1l	st3gal1l2	st3gal1l3	st3gal8"
sialylation	GO:0097503	"st3gal1l	st3gal1l2	st3gal1l3	st3gal8	st6gal1	st6gal2a	st6gal2b"
centrosome-templated microtubule nucleation	GO:0090222	cep192
protein localization to centrosome	GO:0071539	"ccdc14	cep192	nedd1	pcm1	si:dkey-243i1.1	snx10a	stil"
negative regulation of autophagosome maturation	GO:1901097	"phf23a	phf23b	rubcn	tmem39a"
epigenetic programing of male pronucleus	GO:0044727	stpg1
positive regulation of ERK5 cascade	GO:0070378	"alkal1	alkal2a	alkal2b"
cytokinetic process	GO:0032506	"anxa11a	anxa11b	ect2	spast"
amino acid catabolic process	GO:0009063	"enosf1	il4i1"
carbohydrate catabolic process	GO:0016052	"dera	enosf1"
base-excision repair, AP site formation via deaminated base removal	GO:0097510	ungb
negative regulation of muscle organ development	GO:0048635	"hhip	ptch1	ptch2"
cardioblast differentiation	GO:0010002	"cdh2	fgf8a	hand2	hoxb5b	ptch1	ptch2	sema3d	shha	smo"
negative regulation of smoothened signaling pathway	GO:0045879	"cdon	gatad2b	gpc3	hhip	ift122	kif7	lztfl1	mgrn1a	mosmob	ptch1	ptch2	rerea	rest	sox11a	sox11b	sox4a	sox4b	sufu	ube2d2"
negative regulation of NLRP3 inflammasome complex assembly	GO:1900226	"cptp	zdhhc12a	zdhhc12b"
photoreceptor cell fate specification	GO:0043704	"nrl	tbx2b"
background adaptation	GO:0120302	mchr2b
adrenal gland development	GO:0030325	"abcd1	etsrp	fn1a	foxc1a	itga5	mc2r	noto	nr5a1a	rbpja	rbpjb	tdgf1	wt1a"
regulation of focal adhesion assembly	GO:0051893	"efna5b	ek1"
mesoderm migration involved in gastrulation	GO:0007509	"apela	efna5b	epha3"
positive regulation of peptidyl-tyrosine phosphorylation	GO:0050731	"efna5b	vegfaa"
protein-containing complex organization	GO:0043933	"ash1l	kmt2ca	kmt2cb	kmt2d	nsd1a	nsd1b	nsd2	nsd3"
antibacterial innate immune response	GO:0140367	"cd44c	hamp	ripk2"
antiviral innate immune response	GO:0140374	"cd44c	dhx58	ifih1	ism1	otud6b	rigi	sirt7	zdhhc1	zdhhc11"
negative regulation of innate immune response	GO:0045824	"cactin	cd44c	parp1	trafd1	zdhhc18a	zdhhc18b"
release of cytochrome c from mitochondria	GO:0001836	"baxa	baxb	bcl2a	bcl2b	bcl2l1	bcl2l10	ifi27.1	ifi27.2	ifi27.4	ifi27.6	ifi27.8	mcl1a	mcl1b	pmaip1	zgc:153993"
intrinsic apoptotic signaling pathway in response to DNA damage	GO:0008630	"atm	atr	baxa	baxb	bbc3	bcl2a	bcl2b	bcl2l1	bcl2l10	casp2	casp9	chek1	crip1	mcl1a	mcl1b	prkdc	uacab	zgc:153993"
extrinsic apoptotic signaling pathway in absence of ligand	GO:0097192	"baxa	baxb	bcl2a	bcl2b	bcl2l1	bcl2l10	casp2	mcl1a	mcl1b	zgc:153993"
negative regulation of cysteine-type endopeptidase activity	GO:2000117	"bcl2a	bcl2l1	cenph	lamtor5	mcl1a	mcl1b"
negative regulation of osteoclast differentiation	GO:0045671	"gpr137ba	gpr137bb	tmem178a"
positive regulation of G1/S transition of mitotic cell cycle	GO:1900087	"ccnd1	ccnd2a	ccnd3	ccndx	ccne1	ccne2"
mitotic G1 DNA damage checkpoint signaling	GO:0031571	"ccnd1	waca"
positive regulation of G2/M transition of mitotic cell cycle	GO:0010971	"ccnd1	cdc25b"
positive regulation of neuron differentiation	GO:0045666	"arhgef2b	ascl1a	ascl1b	brinp1	brinp2	brinp3a.1	brinp3a.2	brinp3b	fgf3	gdpd5a	gdpd5b	impact	mdkb	neurog1	prdm1a	rest	si:ch211-194k22.8	zc4h2"
paraxial mesoderm formation	GO:0048341	"tbx16	tbx16l"
heparan sulfate proteoglycan biosynthetic process, enzymatic modification	GO:0015015	"hs2st1a	hs2st1b	hs6st1a	hs6st1b	hs6st2	hs6st3a	hs6st3b"
protein folding in endoplasmic reticulum	GO:0034975	"dnajc3a	dnajc3b	ero1a	ero1b"
purine nucleobase biosynthetic process	GO:0009113	"gart	ppat"
amino acid activation for nonribosomal peptide biosynthetic process	GO:0043041	aasdh
negative regulation of barbed-end actin filament capping	GO:2000813	cracd
maintenance of gastrointestinal epithelium	GO:0030277	cracd
growth hormone receptor signaling pathway	GO:0060396	"gh1	ghra	ghrb	smtlb"
heme export	GO:0097037	"flvcr1	flvcr2a	flvcr2b"
transport across blood-brain barrier	GO:0150104	"flvcr2a	flvcr2b"
embryonic body morphogenesis	GO:0010172	"atp1a1a.1	kat6a	smarcal1	trim71	wnt5b"
transport along microtubule	GO:0010970	"dync1i2a	kif1aa	kif1ab"
maintenance of presynaptic active zone structure	GO:0048790	erc1a
phosphatidylserine exposure on apoptotic cell surface	GO:0070782	"xkr4	xkr6b	xkr7a	xkr7b	xkr8.1	xkr8.2	xkr8.3	xkr8.4"
apoptotic process involved in development	GO:1902742	"tp53	xkr4	xkr6b	xkr7a	xkr7b	xkr8.1	xkr8.2	xkr8.3	xkr8.4"
positive regulation of DNA repair	GO:0045739	"abraxas1	babam1	babam2	eya2	eya3	rnf168	rnf8	ube2nb"
mitotic G2 DNA damage checkpoint signaling	GO:0007095	"abraxas1	babam1	babam2	cdk1	chek1	dtl	mre11a	mrnip	nbn	ticrr	topbp1"
response to ionizing radiation	GO:0010212	"abraxas1	babam1	babam2	brat1	inip	ints3	mrnip	mta1	nabp1a	nabp1b	nabp2	rnf168	rnf8	si:dkey-249d8.1	ticrr	xrcc5	xrcc6"
thiamine pyrophosphate transmembrane transport	GO:0030974	"slc25a19	slc44a4"
positive regulation of endoplasmic reticulum tubular network organization	GO:1903373	"lnpa	lnpk"
endoplasmic reticulum tubular network maintenance	GO:0071788	"cdipt	lnpa	lnpk"
regulation of glial cell differentiation	GO:0045685	"eed	mib1	nf1a	nf1b"
glycosaminoglycan metabolic process	GO:0030203	"gnsa	gnsb	hexa	sumf1"
microglial cell activation	GO:0001774	"p2ry12	sgsh"
heparan sulfate proteoglycan catabolic process	GO:0030200	sgsh
glycosaminoglycan catabolic process	GO:0006027	sgsh
negative regulation of ribosome biogenesis	GO:0090071	malsu1
endonucleolytic cleavage of tricistronic rRNA transcript (SSU-rRNA, 5.8S rRNA, LSU-rRNA)	GO:0000479	"bms1	sde2	tsr1"
positive regulation of DNA damage response, signal transduction by p53 class mediator	GO:0043517	eef1e1
[2Fe-2S] cluster assembly	GO:0044571	"fdx2	hscb	nfs1"
P450-containing electron transport chain	GO:0140647	"fdx1	fdx1b	fdx2"
[4Fe-4S] cluster assembly	GO:0044572	fdx2
electron transport chain	GO:0022900	"etfdh	fdx1	fdx1b	fdx2	mt-co1	mt-co2	ndufb3	ndufs4	sdha	wdr93"
protein prenylation	GO:0018342	"fnta	plpp6	ptar1	rabggta"
regulation of postsynaptic membrane neurotransmitter receptor levels	GO:0099072	"dlg1a	dlg1b	dlg2"
negative regulation of G1/S transition of mitotic cell cycle	GO:2000134	"cdk2ap2	dlg1a	dlg1b	e2f7	kank2	rb1	rbl1	rbl2"
receptor localization to synapse	GO:0097120	"dlg1a	dlg1b	dlg2"
fumarate metabolic process	GO:0006106	fh
urea cycle	GO:0000050	"arg1	arg2	ass1	cps1	fh	nags	otc"
positive regulation of double-strand break repair via nonhomologous end joining	GO:2001034	"fh	kmt5b	zgc:101664"
phytol metabolic process	GO:0033306	pecr
regulation of glial cell proliferation	GO:0060251	"nf1a	nf1b"
oligodendrocyte progenitor proliferation	GO:0070444	"nf1a	nf1b	shha"
memory	GO:0007613	"nf1a	nf1b"
carnitine biosynthetic process	GO:0045329	"aldh9a1a.1	aldh9a1b	bbox1	tmlhe"
protein K11-linked deubiquitination	GO:0035871	"usp30	usp37	yod1"
protein K27-linked deubiquitination	GO:1990167	yod1
protein K33-linked deubiquitination	GO:1990168	"yod1	zranb1b"
protein K29-linked deubiquitination	GO:0035523	"yod1	zranb1b"
macroautophagy	GO:0016236	"ei24	hdac10	ilrun	lamp2	pik3r4	vcp	vps41	vti1a	vti1b	yod1"
protein K48-linked deubiquitination	GO:0071108	"bap1	mindy3	mindy4	mindy4b	otud5a	usp20	usp33	usp37	yod1"
cone photoresponse recovery	GO:0036368	"eml1	grk1b	grk7a	rcvrn2	rcvrn3	rcvrna"
neuron fate specification	GO:0048665	"dcc	fgf19	fgf3	fgf8a	isl1a	isl1b	isl2a	isl2b	lhx9	mib1	ntn1a	zc4h2"
dorsal spinal cord interneuron anterior axon guidance	GO:0097380	lhx9
glycerol-3-phosphate metabolic process	GO:0006072	"gpd1a	gpd1b	gpd1c	gpd1l	gpd2	zgc:172295"
glycerol-3-phosphate catabolic process	GO:0046168	"gpd1a	gpd1b	gpd1c	gpd1l"
NADH oxidation	GO:0006116	"gpd1a	gpd1b	gpd1c"
spermatocyte division	GO:0048137	topaz1
positive regulation of cytokine production	GO:0001819	"batf	il15	il15l	il21	kat2a	lurap1	scamp5a	si:ch211-243a20.4"
positive regulation of natural killer cell mediated cytotoxicity	GO:0045954	"il15l	il21	illr3"
regulation of double-strand break repair	GO:2000779	"ppp4r3b	smek1	tp53"
signaling	GO:0023052	"appl2	dlgap1a	dlgap1b	dlgap2a	dlgap3	dlgap4a	dlgap4b	dlgap5"
response to lipid	GO:0033993	"esrrd	fabp1b.1	fabp1b.2	fabp2	nr6a1a	nr6a1b"
response to organic cyclic compound	GO:0014070	"esrrd	nr6a1a	nr6a1b"
protein localization to phagophore assembly site	GO:0034497	"atg13	atg9a	atg9b	wdr45	wdr45b	wipi1"
cellular senescence	GO:0090398	"becn1	ecrg4a	ecrg4b	spns1	tp53"
cellular response to retinoic acid	GO:0071300	"brinp1	brinp2	brinp3a.1	brinp3a.2	brinp3b	casp3a"
acrosomal vesicle exocytosis	GO:0060478	"rab3aa	rab3ab"
positive regulation of CREB transcription factor activity	GO:0032793	"crtc1a	crtc1b	crtc2	crtc3"
regulation of bone development	GO:1903010	"asb15b	dlx3b	foxe1	kat2a	kat2b	srebf1	stat3	tmem38b"
adenylate cyclase-inhibiting G protein-coupled receptor signaling pathway	GO:0007193	"gnai2a	gnai2b	gpr37a	gpr37b	gpr37l1b	insl3	palm1b	paqr7b	psap	sst6	sst7"
iron ion transmembrane transport	GO:0034755	"scara5	slc11a2	slc39a14	slc40a1"
phosphatidylcholine acyl-chain remodeling	GO:0036151	"mboat2a	mboat2b	mboat7"
phosphatidylethanolamine acyl-chain remodeling	GO:0036152	"mboat2a	mboat2b"
post-transcriptional tethering of RNA polymerase II gene DNA at nuclear periphery	GO:0000973	"nup107	nup98	pcid2"
neuroblast delamination	GO:0060234	"akna	gsc"
regulation of epithelial to mesenchymal transition	GO:0010717	"ek1	gsc	mcrip1"
maintenance of Golgi location	GO:0051684	tbccd1
maintenance of centrosome location	GO:0051661	"spout1	tbccd1"
cell surface receptor signaling pathway involved in heart development	GO:0061311	"bmp4	grem2b"
proepicardium development	GO:0003342	"acvr1l	bmp4	hand2	pbx4	sox9b	tbx5a"
embryonic anal fin morphogenesis	GO:0035125	bmp4
glucose metabolic process	GO:0006006	"adpgk	adpgk2	dcxr	g6pd	galm	gapdh	gapdhs	gck	gdpgp1	h6pd	hk1	hk2	hkdc1	ins	insb	oma1	pdha1a	pdha1b	pdhb"
pyrimidine nucleobase catabolic process	GO:0006208	dpys
cytoplasmic pattern recognition receptor signaling pathway	GO:0002753	"dhx58	mavs	rigi	sting1"
negative regulation of RIG-I signaling pathway	GO:0039536	"dhx58	gpatch3	sec14l1"
zinc ion import into Golgi lumen	GO:1904257	"slc30a5	slc30a6	slc30a7"
zinc ion import into organelle	GO:0062111	slc30a5
intracellular zinc ion homeostasis	GO:0006882	"cbwd	metap1	slc30a10	slc30a1b	slc30a5	slc30a7	slc30a9	slc39a13	slc39a14	slc39a5	slc39a6	slc39a7	slc39a9"
vesicle tethering to endoplasmic reticulum	GO:0099044	"stard3	stard3nl"
regulation of proteasome assembly	GO:0090364	ublcp1
ossification involved in bone maturation	GO:0043931	"megf6a	megf6b	sin3b"
G1 to G0 transition	GO:0070314	"ecrg4a	ecrg4b"
cellular response to pH	GO:0071467	"asic1a	asic1b	asic1c	hvcn1	nupr1b"
protein metabolic process	GO:0019538	"lap3	npepl1	zgc:152830"
regulation of cilium beat frequency	GO:0003356	"cfap206	cyb5d1"
sex determination	GO:0007530	"brca2	esr2b	fshb	igf2bp3	kdm2aa	lhb	mettl3	tcf21"
intracellular cholesterol transport	GO:0032367	"npc2.1	npc2.2	nus1	relch	star	stard4"
tryptophan catabolic process	GO:0006569	"afmid	haao	kmo	kynu	tdo2a	tdo2b"
'de novo' NAD biosynthetic process from tryptophan	GO:0034354	"afmid	haao	ido1	kmo	kynu"
tryptophan catabolic process to kynurenine	GO:0019441	"afmid	ido1	kynu	tdo2a	tdo2b"
NADH metabolic process	GO:0006734	"mdh1ab	mdh1b	nudt12	nudt17"
NAD catabolic process	GO:0019677	"nudt12	nudt17	sarm1"
NADP catabolic process	GO:0006742	"nudt12	nudt17"
type B pancreatic cell proliferation	GO:0044342	alms1
D-glucose import	GO:0046323	"alms1	slc2a11l	slc2a15a	slc2a15b	slc2a1a	slc2a1b	slc2a2	slc2a3b	slc2a9l1"
regulation of centriole replication	GO:0046599	"alms1	cep76	spice1	stil"
urea transport	GO:0015840	"rhag	slc14a2"
urea transmembrane transport	GO:0071918	"si:dkey-183c6.7	slc14a2"
regulation of microvillus length	GO:0032532	unc45a
regulation of vesicle-mediated transport	GO:0060627	"pld1a	tmem251	unc45a"
regulation of metaphase plate congression	GO:0090235	dync1li2
regulation of cytoskeleton organization	GO:0051493	"mid1ip1l	rock1	spata4	taok1b"
mitotic DNA replication termination	GO:1902979	rtf2
synaptic vesicle fusion to presynaptic active zone membrane	GO:0031629	"snap23.1	snap23.2	snap25a	snap25b	snap29	snap47	stx11a	stx11b.1	stx11b.2	stx1b	stx2a	zgc:101731"
anterior lateral line development	GO:0048899	"abhd12	adarb1a	edn1	gria2a	mib1	pcsk5a"
posterior lateral line system development	GO:0048915	"gria2a	prnprs3"
inter-Golgi cisterna vesicle-mediated transport	GO:0048219	gosr1
positive regulation of cell cycle G1/S phase transition	GO:1902808	"fam83d	pagr1"
positive regulation of intracellular estrogen receptor signaling pathway	GO:0033148	pagr1
single strand break repair	GO:0000012	"aptx	xndc1	xrcc1"
cellular detoxification of aldehyde	GO:0110095	"akr1a1a	akr1a1b"
regulation of gluconeogenesis	GO:0006111	"akr1a1b	gnmt	slc38a9"
aldehyde catabolic process	GO:0046185	"akr1a1a	akr1a1b"
dTMP biosynthetic process	GO:0006231	"dctd	tyms"
dUMP biosynthetic process	GO:0006226	"dctd	dut"
regulation of mRNA splicing, via spliceosome	GO:0048024	"fam50a	hnrnpk	hnrpkl	jmjd6	larp7	mettl16	qki2	qkia	sf1	sona	srrm1"
positive regulation of metabolic process	GO:0009893	"prkn	rbck1	ripk1l"
regulation of cellular response to oxidative stress	GO:1900407	"prkn	si:ch211-212k18.15"
regulation of mitochondrion organization	GO:0010821	"atp13a2	hspd1	mpv17	prkn	si:ch211-212k18.15	slc25a1a	slc30a9	uba5"
positive regulation of apoptotic signaling pathway	GO:2001235	"cts12	ctsh	ctsl.1	ing5a	ing5b	rps3	zgc:110239"
positive regulation of Arp2/3 complex-mediated actin nucleation	GO:2000601	"si:ch73-362m14.4	wasf2	wasf3b	zgc:109889"
mitochondrial tRNA thio-modification	GO:0070903	trmu
nuclear-transcribed mRNA catabolic process, nonsense-mediated decay	GO:0000184	"casc3	dcp1a	dcp1b	dcp2	dhx34	eif4a3	etf1a	etf1b	magoh	nbas	ncbp2	pnrc1	pnrc2	pym1	rbm8a	smg1	smg5	smg6	smg7	smg8	smg9	upf1	upf2	upf3a	upf3b"
positive regulation of catalytic activity	GO:0043085	"aph1b	dcp1a	dcp1b	phactr4a	phactr4b	zgc:114200"
RNA metabolic process	GO:0016070	"mtpap	rnaseh2a	tent2	tsn"
negative regulation of miRNA catabolic process	GO:2000626	tent2
RNA 3'-end processing	GO:0031123	"cstf3	mtpap	papola	papolg	tent2	tent4b	tut1"
regulation of axonogenesis	GO:0050770	"arhgap35a	arhgap35b	dpysl2b	dpysl3	ephb3a	gan	lrrc4ca	lrrc4cb	nrp1a	pak2a	pak2b"
ubiquitin-dependent protein catabolic process via the N-end rule pathway	GO:0071596	"ubr1	ubr2	ubr3"
rRNA modification	GO:0000154	"dimt1l	mettl25b	tfb1m	tfb2m"
microtubule severing	GO:0051013	"fignl2	katna1	katnal1	katnal2	katnb1	lzts2a	lzts2b	spast"
dehydroascorbic acid transport	GO:0070837	"slc2a11l	slc2a15a	slc2a15b	slc2a1a	slc2a1b	slc2a2	slc2a3b	slc2a9l1"
organ growth	GO:0035265	"ier3ip1	klf6a	sar1b	utp25"
regulation of hematopoietic stem cell migration	GO:2000471	"ccl25b	klf6a"
regulation of hematopoietic stem cell proliferation	GO:1902033	"ccl25b	klf6a	ptpn6	sart3"
endothelial cell migration	GO:0043542	"klf6a	loxl2a	loxl2b	plekhg5a	plekhg5b	pxna	robo4	tagln2"
lysyl-tRNA aminoacylation	GO:0006430	kars1
basophil activation involved in immune response	GO:0002276	kars1
positive regulation of macrophage activation	GO:0043032	kars1
diadenosine tetraphosphate biosynthetic process	GO:0015966	kars1
blood vessel endothelial cell differentiation	GO:0060837	"ada2b	ets1	etsrp	stab2	tmem230a"
regulation of endothelial cell apoptotic process	GO:2000351	"ets1	etsrp"
retinol metabolic process	GO:0042572	"aldh1a2	dhrs9	lrata	lratb.1	lratb.2	rdh1	rdh10a	rdh10b	rdh8a	rdh8b	retsat.1	retsat.2	si:dkey-30k22.5"
renal system process	GO:0003014	"cd164	poc1b	trpm7"
protein tetramerization	GO:0051262	"pkd2	stk3	tp53	tp63	tp73	trpm1a	trpm3	trpm6	trpm7"
monoatomic cation transmembrane transport	GO:0098655	"cnga1a	cnga1b	cnga2a	lrrc38b	p2rx1	p2rx2	p2rx3a	p2rx3b	p2rx4a	p2rx4b	p2rx5	p2rx7	p2rx8	trpm4a	trpm4b.2	trpm4b3	trpm5	trpm6	trpm7"
regulation of epithelial cell proliferation	GO:0050678	trpm7
monoatomic cation homeostasis	GO:0055080	trpm7
manganese ion transport	GO:0006828	"atp2c1	slc11a2	slc25a39	slc30a10"
response to iron ion	GO:0010039	"slc11a2	slc40a1"
monoatomic anion homeostasis	GO:0055081	"slc26a3.1	slc26a4	slc26a6"
positive regulation of hypoxia-inducible factor-1alpha signaling pathway	GO:1902073	"arnt	arnt2	nr3c1	rwdd3"
sodium ion homeostasis	GO:0055078	"gcm2	nherf1a	nr3c1	slc12a10.2	slc12a2	slc12a3	slc9a3.2"
glucocorticoid mediated signaling pathway	GO:0043402	nr3c1
response to glucocorticoid	GO:0051384	nr3c1
nuclear receptor-mediated glucocorticoid signaling pathway	GO:0042921	nr3c1
light adaption	GO:0036367	nr3c1
proton export across plasma membrane	GO:0120029	"aqp1a.1	nr3c1"
response to stress	GO:0006950	"crhr1	gcna	nr3c1	nr3c2	pink1	si:ch1073-390k14.1"
cellular response to cortisol stimulus	GO:0071387	"nr3c1	nr3c2"
nuclear receptor-mediated steroid hormone signaling pathway	GO:0030518	"ar	nr3c1	nr3c2	pgr"
chondrocyte proliferation	GO:0035988	"frzb	fzd7a	mustn1a	mustn1b	nr3c1	wls"
response to cortisol	GO:0051414	"crhr1	cyp2k22	nr3c1"
response to dexamethasone	GO:0071548	nr3c1
regulation of ER to Golgi vesicle-mediated transport	GO:0060628	"creb3l2	rint1	yipf5"
intracellular copper ion homeostasis	GO:0006878	"atp7a	sco2"
respiratory chain complex IV assembly	GO:0008535	"coa6	sco2"
mitotic sister chromatid separation	GO:0051306	ncaph2
positive regulation of fatty acid metabolic process	GO:0045923	"pparaa	pparab	pparda	ppardb	pparg"
negative regulation of cholesterol storage	GO:0010887	"pparaa	pparab	pparda	ppardb	pparg"
desmosome organization	GO:0002934	"dspa	dspb	grhl1	pkp2"
intermediate filament bundle assembly	GO:0045110	"eppk1	pkp2"
collagen-activated tyrosine kinase receptor signaling pathway	GO:0038063	"ddr1	ddr2a	ddr2b	ddr2l"
positive regulation of systemic arterial blood pressure	GO:0003084	spx
positive regulation of gastro-intestinal system smooth muscle contraction	GO:1904306	spx
negative regulation of eating behavior	GO:1903999	spx
negative regulation of heart rate	GO:0010459	"chrm2a	spx"
negative regulation of renal sodium excretion	GO:0035814	spx
triglyceride homeostasis	GO:0070328	"angptl3	angptl8	fabp2	pla2g12b	pparg	spx	yy1b"
regulation of sensory perception of pain	GO:0051930	spx
mitochondrial respiratory chain complex III assembly	GO:0034551	"bcs1l	lyrm7	stmp1	ttc19	uqcc1	uqcc2	uqcc3	uqcc4	uqcc6"
positive regulation of NLRP3 inflammasome complex assembly	GO:1900227	"mapk8b	nek7	stmp1"
positive regulation of interleukin-1 beta production	GO:0032731	stmp1
pronuclear migration	GO:0035046	lrmp
pronuclear fusion	GO:0007344	"bmb	lrmp"
single fertilization	GO:0007338	"bncr	cd9a	cd9b	cecr2	ctns	lhfpl2a	lrmp	npm2a	npm2b	park7	si:zfos-1505d6.3	spaca6	trpc2b	trpc6a	trpc7a	trpc7b	zgc:65811	zp2.2	zp2.3	zp2.6	zp2l1	zp2l2"
positive regulation of chromosome segregation	GO:0051984	lrmp
negative regulation of synaptic transmission, dopaminergic	GO:0032227	"pmch	pmchl"
negative regulation of centriole replication	GO:0046600	"kat2b	mdm1"
O-glycan processing	GO:0016266	"gxylt1b	gxylt2	pomgnt1	xxylt1"
vesicle tethering involved in exocytosis	GO:0090522	"exoc4	exoc6	exoc6b"
vesicle docking involved in exocytosis	GO:0006904	"exoc4	stxbp1a	stxbp1b	stxbp2	vps11	vps18"
regulation of mitochondrial fission	GO:0090140	marchf5l
negative regulation of TORC1 signaling	GO:1904262	"akt1s1	atm	atxn3	castor1	castor2	deptor	kics2	kptn	nprl2	rnf152	samtor	sesn2	sesn3	sesn4	si:dkeyp-97e7.9	tbc1d7"
cellular response to amino acid starvation	GO:0034198	"atf4a	dap	dap1b	impact	kics2	kptn	mios	nprl2	rnf152	samtor	seh1l	trim32	wdr24	wdr59"
protein localization to lysosome	GO:0061462	"glmp	kics2	lamtor4	lmbrd1	mfsd1	sh3bp4a"
positive regulation of heart rate	GO:0010460	"adm2a	adma	admb"
regulation of systemic arterial blood pressure	GO:0003073	"adm2a	adma	admb	ccdc80"
regulation of chondrocyte differentiation	GO:0032330	"irx5a	irx7	lss	msmo1	nup62l	pth4	pthlha	pthlhb	rnf2"
osteoblast development	GO:0002076	"pth4	pthlha	pthlhb"
triterpenoid biosynthetic process	GO:0016104	lss
nose development	GO:0043584	"foxg1a	kif3b"
photoreceptor cell differentiation	GO:0046530	"atxn7	kif3b	slbp	tgif1"
regulation of receptor-mediated endocytosis	GO:0048259	"lrp2a	mib1	notch1a	notch3	ocrl"
receptor-mediated endocytosis	GO:0006898	"cd36	dab2	ldlrad3	lmbr1l	lrp2a	mrc1a	mrc1b	ralbp1	scarb2a	si:ch211-204c21.1"
renal absorption	GO:0070293	"ctns	ehd1a	ehd1b	lrp2a"
renal filtration	GO:0097205	"bbs9	casp9	clvs2	gla	kcnq1.1	lrp2a	nostrin	ocrl"
adenylate cyclase-inhibiting serotonin receptor signaling pathway	GO:0007198	"htr1aa	htr1ab	htr1b	htr1d	htr1fa	htr1fb	or137-8	or90b1	or90b2	or90e2	or90h3	or90h4	or93a1	parietopsin	taar12m"
interneuron migration from the subpallium to the cortex	GO:0021830	arl13b
formation of radial glial scaffolds	GO:0021943	arl13b
neural tube patterning	GO:0021532	"arl13b	gli1	gli2a	notum1a	ryr1a	ryr2a	ryr3"
receptor localization to non-motile cilium	GO:0097500	"arl13a	arl13b	bbip1"
protein localization to nucleolus	GO:1902570	"heatr1	utp25"
sympathetic nervous system development	GO:0048485	"foxd3	gdnfa	hand2	utp25"
protein destabilization	GO:0031648	utp25
carbohydrate phosphorylation	GO:0046835	"galk1	galk2	gnptab	pomk	rbks"
N-glycan processing to lysosome	GO:0016256	gnptab
DNA double-strand break processing	GO:0000729	"nbn	smarcad1a	smarcad1b	ube2nb"
detoxification of hydrogen peroxide	GO:0061691	"park7	txndc12"
tubulin complex assembly	GO:0007021	"tbca	tbcb	tbcc	tbcd	tbce	tbcelb	vbp1"
positive regulation of cortical granule exocytosis by positive regulation of cytosolic calcium ion concentration	GO:0060472	ptbp1a
peptidyl-pyrromethane cofactor linkage	GO:0018160	"hmbsa	hmbsb"
bile acid metabolic process	GO:0008206	amacr
carbohydrate storage	GO:0052576	"pygma	pygmb"
glycogen catabolic process	GO:0005980	"agla	aglb	gaa	pygb	pygl	pygma	pygmb"
purine nucleoside metabolic process	GO:0042278	"macrod1	oard1"
N-terminal protein myristoylation	GO:0006499	"nmt1a	nmt1b	nmt2"
DNA replication initiation	GO:0006270	"cdc45	cdc6	mcm10	mcm2	mcm3	mcm3l	mcm4	mcm5	mcm6	mcm6l	mcm7	noc3l	orc1	orc3	orc4	orc5	orc6	pola2	prim2	topbp1"
DNA replication, synthesis of primer	GO:0006269	"prim1	prim2"
extracellular matrix organization involved in endocardium development	GO:0061148	hapln1a
protein localization to endoplasmic reticulum exit site	GO:0070973	"bcap29	bcap31	sec16b"
regulation of flagellated sperm motility	GO:1901317	"cfap206	cngk"
UDP-N-acetylglucosamine biosynthetic process	GO:0006048	"gfpt1	gfpt2	gnpnat1	pgm3	uap1	uap1l1"
angioblast cell migration from lateral mesoderm to midline	GO:0035479	"apela	apln	aplnra	aplnrb	ecscr	myo6a	sec14l8	smo	vegfaa"
complement activation, alternative pathway	GO:0006957	c9
complement activation, classical pathway	GO:0006958	"c1qa	c1qb	c1qc	c1s.2	c6.1	c6.2	c7a	c7b	c8a	c8b	c9	cfb	cfbl	si:ch1073-280e3.1	si:ch211-180a12.2"
guanine metabolic process	GO:0046098	gda
guanine catabolic process	GO:0006147	gda
protein localization to cilium	GO:0061512	"arl6	bbs1	bbs4	cdh23	dnaaf11	fam149b1	ift122	ift20	ift56	lhfpl5a	myo7aa	rab11fip3	si:dkey-220f10.4	snx10a	ttc21b"
regulation of platelet-derived growth factor receptor-alpha signaling pathway	GO:2000583	"foxc1a	foxc1b	ift20"
caveola assembly	GO:0070836	"cav1	cav2	cav3	cav4a	cav4b	pacsin2"
muscle cell fate commitment	GO:0042693	"cav3	smo"
mitochondrial fusion	GO:0008053	"baxa	baxb	gdap1	mcl1a	mcl1b	mfn1a	mfn1b	mfn2	miga1	miga2	nme3	opa1	pld6	usp30	zgc:153993"
PERK-mediated unfolded protein response	GO:0036499	"atf4a	rpap2"
snRNA transcription	GO:0009301	"rpap2	snapc2"
negative regulation of axon extension	GO:0030517	"dip2ba	epha4a	epha4b	musk	slit2	slit3	tncb"
negative regulation of collateral sprouting of intact axon in response to injury	GO:0048685	"epha4a	epha4b"
NAD metabolic process	GO:0019674	"kmo	nadk2	nadka	nadkb"
NADP biosynthetic process	GO:0006741	"nadk2	nadka	nadkb"
lipid droplet formation	GO:0140042	"aup1	bscl2	bscl2l	fitm1l	fitm2	rnf213a	si:ch211-11n16.2	zfyve1"
lipid ubiquitination	GO:0120323	rnf213a
negative regulation of non-canonical Wnt signaling pathway	GO:2000051	"rnf213a	rnf213b	znrf3"
xenophagy	GO:0098792	rnf213a
protein K63-linked ubiquitination	GO:0070534	"aktip	kcmf1	peli3	prpf19	rnf152	rnf168	rnf213a	rnf8	traf6	ube2na	ube2nb	ube2v1	ube2v2	znf598"
regulation of ribonucleoprotein complex localization	GO:2000197	"mid1ip1l	nebel"
endocardium development	GO:0003157	"apc	kctd10	npas4l"
regulation of endothelial cell differentiation	GO:0045601	"etsrp	min	npas4l"
negative regulation of cardioblast differentiation	GO:0051892	npas4l
positive regulation of hematopoietic stem cell migration	GO:2000473	npas4l
epithelial cell differentiation	GO:0030855	"apc	cdx1b	dlx3b	gata6	rdh1	tcf21"
Wnt protein secretion	GO:0061355	"porcn	porcnl	wls"
protein lipidation	GO:0006497	porcn
catecholamine metabolic process	GO:0006584	"comta	comtb	ddc	mao	sult1st1	sult1st2	sult1st3	sult1st4	sult1st7	sult1st9	tomt"
establishment of glial blood-brain barrier	GO:0060857	"fmnl2a	fmnl2b"
spliceosome conformational change to release U4 (or U4atac) and U1 (or U11)	GO:0000388	snrnp200
face development	GO:0060324	"kdm6a	phf21ab"
phosphatidylethanolamine biosynthetic process	GO:0006646	"cept1a	cept1b	chka	chkb	etnk1	etnk2	pcyt2	pisd	zgc:113516"
axonal transport of mitochondrion	GO:0019896	"kif5aa	mfn2	psen2	spast	sybu"
mitochondrion localization	GO:0051646	"mfn2	mul2"
intracellular distribution of mitochondria	GO:0048312	"cluha	dnm1l	opa1	si:dkey-32e23.4"
actin crosslink formation	GO:0051764	"baiap2l1a	baiap2l2a	baiap2l2b	dpysl3	gas2b	gas2l1	zgc:158689"
plasma membrane organization	GO:0007009	"baiap2a	baiap2b	baiap2l1a	baiap2l1b	baiap2l2a	baiap2l2b	mtss1	mtss1la	mtss1lb	otofa	otofb	tlcd1	tlcd2	zgc:158689"
actin filament bundle assembly	GO:0051017	"aif1l	baiap2l1a	baiap2l2a	baiap2l2b	fscn1a	fscn1b	fscn2a	fscn2b	lcp1	lima1a	pls1	pls3	ppp1r12a	zgc:158689"
gonad development	GO:0008406	"ambra1a	ambra1b	amh	ddx4	foxp3a"
regulation of gonad development	GO:1905939	"amh	bmpr2a"
negative regulation of androgen secretion	GO:2000835	amh
development of primary male sexual characteristics	GO:0046546	"amh	lhfpl2a"
regulation of ovarian follicle development	GO:2000354	"amh	bmpr2a	bmpr2b	gper1	nobox"
regulation of sarcomere organization	GO:0060297	"hspd1	itga3b	klhl41a	klhl41b	mgat1b	neb	nrap	rbm24a	rttn	smyd2a"
endosome organization	GO:0007032	"aktip	fhip1b	hook1	ist1	pheta2	pi4k2a	pi4k2b	plekha3	plekhf1	plekhf2	plekhj1	spast	sqstm1	usp8	vps11	vps18	washc4	washc5"
box C/D snoRNP assembly	GO:0000492	"nopchap1	nufip1	pih1d1	pih1d2	ruvbl1	ruvbl2	znhit3"
ammonium homeostasis	GO:0097272	"cps1	rh50	rhag	rhbg	rhcga	rhcgb	rhcgl1	rhd"
anterograde dendritic transport of neurotransmitter receptor complex	GO:0098971	"kif17	kif5aa	kif5c"
synaptic vesicle transport	GO:0048489	"cdk5	kif5aa	kif5c	lin7b	lin7c	pdzd11	snapin	spg11	tmem230a	tmem230b"
regulation of retinoic acid biosynthetic process	GO:1900052	"apc	hmx4	kdm1a	lef1	rcor1	tle3a"
farnesyl diphosphate biosynthetic process	GO:0045337	fdps
apoptotic mitochondrial changes	GO:0008637	"aifm2	bida	hspd1"
morphogenesis of a branching structure	GO:0001763	"fignl2	plxna4	plxnd1	sema3ab	slit2"
axonal defasciculation	GO:0007414	"plxna4	slit2"
oligopeptide transport	GO:0006857	"slc15a1a	slc15a1b	slc15a2	slc15a4"
dipeptide import across plasma membrane	GO:0140206	"slc15a1b	slc15a2	slc15a4"
peptide transport	GO:0015833	"abcb9	slc15a1a	slc15a1b	slc15a2	slc15a4	slc15a5"
tRNA pseudouridine synthesis	GO:0031119	"pus1	pus10	pus3	pusl1"
protein processing involved in protein targeting to mitochondrion	GO:0006627	"immp1l	immp2l	mipepa	mipepb	pmpca	pmpcb"
membrane repolarization during cardiac muscle cell action potential	GO:0086013	"kcnh6a	vcla"
regulation of inflammatory response	GO:0050727	"ahsg1	ahsg2	atm	brd4	cnbpa	dpp9	ggt1b	ggt1l2.2	il22	pycard	sema7a	setd6	spata2	spint1a	uba1	ufl1	zmp:0000000936"
cellular response to osmotic stress	GO:0071470	nupr1b
cellular response to temperature stimulus	GO:0071502	"nupr1b	smpd2a"
cobalt ion transport	GO:0006824	tcn2
cobalamin transport	GO:0015889	tcn2
cerebellar Purkinje cell layer structural organization	GO:0021693	"exosc3	exosc8	rbm7	stub1"
regulation of melanin biosynthetic process	GO:0048021	mfsd12a
cysteine transmembrane transport	GO:1903712	mfsd12a
pigment metabolic process involved in pigmentation	GO:0043474	mfsd12a
pigment accumulation	GO:0043476	"mfsd12a	plin6"
negative regulation of termination of RNA polymerase II transcription, poly(A)-coupled	GO:2000805	"scaf4a	scaf4b"
butyrate catabolic process	GO:0046359	acads
vitamin E metabolic process	GO:0042360	ttpa
epigenetic programming of gene expression	GO:0043045	"alx4a	h2az2b"
protein insertion into mitochondrial inner membrane from matrix	GO:0032979	"bcs1l	maip1	oxa1l"
androgen metabolic process	GO:0008209	"hsd17b1	hsd17b10"
cardiac muscle cell development	GO:0055013	"alpk2	asb2b	gsk3ab	ilk	itgb1b	lrrc10	mat2aa	mef2ca	mef2cb	nexn	nr2f2	ogg1	rbfox1l	rbfox2	tln1	vcp"
hepatocyte differentiation	GO:0070365	"apc	e2f7	e2f8	id2a	pck1	pck2	socs3a	stat3	tbx2b"
cellular response to glucose stimulus	GO:0071333	"abcc8	cyp7a1	pck1	pck2	slc39a14"
propionate catabolic process	GO:0019543	"pck1	pck2"
glycerol biosynthetic process from pyruvate	GO:0046327	"pck1	pck2"
oxaloacetate metabolic process	GO:0006107	"mdh1ab	mdh1b	nit2	pck1	pck2"
cellular response to dexamethasone stimulus	GO:0071549	"pck1	pck2"
endothelial cell-matrix adhesion via fibronectin	GO:0090674	itgb1b
S-adenosylmethionine biosynthetic process	GO:0006556	"mat1a	mat2aa	mat2ab	mat2al	mat2b	mettl16"
D-amino acid catabolic process	GO:0019478	ddo
D-amino acid metabolic process	GO:0046416	"dao.1	dao.2	dao.3	ddo"
inositol phosphate biosynthetic process	GO:0032958	"ip6k1	ip6k2a	ip6k2b	ipmka	ipmkb	ippk	itpka	itpkb	itpkca	itpkcb	si:ch73-22a13.3"
positive regulation of smoothened signaling pathway	GO:0045880	"cibar1	gas8	gli1	ift88	ihhb	ip6k2a	mycbp	shha	shhb	smo	ugdh"
protein heterotetramerization	GO:0051290	"cbr4	cpsf6	farsa	nudt21	pkd2"
otolith tethering	GO:0035889	"gas8	hsp90b1	otog	tecta"
toll-like receptor signaling pathway	GO:0002224	"chadla	mapkapk2a	mapkapk2b	mapkapk3	tlr1	tlr18	tlr19.1	tlr2	tlr20.2	tlr20f	tlr21	tlr22	tlr3	tlr4al	tlr4ba	tlr4bb	tlr5a	tlr5b	tlr8a	tlr8b	tlr9	unc93b1"
CMP-N-acetylneuraminate transmembrane transport	GO:0015782	slc35a1
sodium-independent organic anion transport	GO:0043252	"slco1c1	slco1e1	slco1f2	slco1f3	slco1f4	slco2b1	slco3a1a	slco4a1	slco5a1a"
regulation of extracellular matrix organization	GO:1903053	"abcc6a	comp"
tendon development	GO:0035989	"comp	hnrnpul1	hnrnpul1l	ilk	thbs4b"
binding of sperm to zona pellucida	GO:0007339	"si:zfos-1505d6.3	zgc:173556	zp2.1	zp2.2	zp2.3	zp2.5	zp2.6	zp2l1	zp2l2	zp3	zp3a.1	zp3a.2	zp3b	zp3d.1	zp3d.2	zp3e	zp3f.1	zp3f.2	zpcx"
positive regulation of acrosome reaction	GO:2000344	"zgc:173556	zp3	zp3a.1	zp3a.2	zp3b	zp3d.1	zp3d.2	zp3e	zp3f.1	zp3f.2	zpcx"
egg coat formation	GO:0035803	"stm	zgc:173556	zp3	zp3a.1	zp3a.2	zp3b	zp3d.1	zp3d.2	zp3e	zp3f.1	zp3f.2	zpcx"
DNA repair-dependent chromatin remodeling	GO:0140861	"babam1	hpf1	rnf168	rnf8	trip12	trrap"
cellular oxidant detoxification	GO:0098869	prdx6
leading strand elongation	GO:0006272	"pcna	pola1	pole	pole3"
replicative senescence	GO:0090399	romo1
cellular response to reactive oxygen species	GO:0034614	romo1
positive regulation of reactive oxygen species metabolic process	GO:2000379	romo1
unsaturated fatty acid biosynthetic process	GO:0006636	"elovl1a	elovl1b	elovl2	elovl4a	elovl4b	elovl5	elovl6	elovl7a	elovl7b	fads2	scd"
regulation of DNA repair	GO:0006282	"parga	pargl	si:ch73-71d17.2	usp1"
intraciliary transport involved in cilium assembly	GO:0035735	"cep131	dync2li1	ift56	si:ch211-286b5.4	ssx2ipa"
DNA ligation involved in DNA repair	GO:0051103	"lig4	xrcc4"
immunoglobulin V(D)J recombination	GO:0033152	"lig4	nhej1	prkdc	rag2	xrcc4"
regulation of potassium ion transmembrane transport	GO:1901379	"dpp6b	kcnip3b	kcnip4b"
late endosome to vacuole transport	GO:0045324	"becn1	chmp1a	chmp1b	chmp2a	chmp2ba	chmp2bb	chmp3	chmp7	pik3r4"
vesicle budding from membrane	GO:0006900	"chmp4ba	chmp4bb	chmp5a	chmp5b	chmp6a	chmp6b	chmp7"
exit from mitosis	GO:0010458	"chmp2a	chmp4ba	chmp7	clasp2	ppp2r2d	spast	ube2s"
nuclear membrane reassembly	GO:0031468	"chmp2a	chmp4ba	chmp7	nsfl1c	spast	ubxn2a"
N-terminal peptidyl-glycine N-myristoylation	GO:0018008	nmt2
response to growth factor	GO:0070848	tbc1d7
tryptophanyl-tRNA aminoacylation	GO:0006436	"wars1	wars2"
nucleoside triphosphate catabolic process	GO:0009143	"dctpp1	enpp1	itpa"
DNA protection	GO:0042262	"dctpp1	nudt1"
dCTP catabolic process	GO:0006253	dctpp1
Notch receptor processing	GO:0007220	"aph1b	ncstn	psenen	zgc:114200"
amyloid-beta formation	GO:0034205	"psen1	psen2	psenen"
regulation of calcium-mediated signaling	GO:0050848	"enpp2	lpar3	pcmt	pcmtl	rgn"
regulation of glycogen biosynthetic process	GO:0005979	"ppp1r3ab	ppp1r3b	ppp1r3c2b	ppp1r3ca	ppp1r3cb	ppp1r3db	si:ch211-167b20.8"
negative regulation of biosynthetic process	GO:0009890	gchfr
regulation of cardiolipin metabolic process	GO:1900208	dnajc19
branch elongation involved in ureteric bud branching	GO:0060681	fgf1a
positive regulation of cholesterol biosynthetic process	GO:0045542	"fgf1a	srebf2"
positive regulation of intracellular signal transduction	GO:1902533	fgf1a
positive regulation of mitochondrial translation	GO:0070131	"coa3a	rcc1l	rmnd1	trmt10c	uqcc2"
regulation of skeletal muscle cell differentiation	GO:2001014	"atoh8	uqcc2"
protein localization to secretory granule	GO:0033366	scg3
positive regulation of protein sumoylation	GO:0033235	rwdd3
mitochondrial NAD transmembrane transport	GO:1990549	"slc25a51a	slc25a51b"
cellular heat acclimation	GO:0070370	"hsbp1a	hsbp1b"
epithelial tube formation	GO:0072175	"mid1ip1b	smo"
regulation of lipid biosynthetic process	GO:0046890	"ddit3	mid1ip1a	mid1ip1b	mid1ip1l	thrsp	yy1b"
microtubule organizing center localization	GO:0061842	mid1ip1b
gamma-aminobutyrate shunt	GO:0006540	gad2
gamma-aminobutyric acid biosynthetic process	GO:0009449	"gad1b	gad2	gad3"
negative regulation of receptor signaling pathway via JAK-STAT	GO:0046426	"cisha	cishb	ptpn2a	ptpn2b	socs1a	socs1b	socs3a	socs3b"
regulation of erythrocyte differentiation	GO:0045646	"p4htma	p4htmb	rps19"
regulation of innate immune response	GO:0045088	"cd248a	cd248b	gch1	n4bp1	ptpn22	rpl11	rps19	samhd1	si:ch73-236c18.8	si:ch73-236c18.9"
prostaglandin catabolic process	GO:1905344	lypla2
regulation of intrinsic apoptotic signaling pathway in response to DNA damage	GO:1902229	pin1
pineal gland development	GO:0021982	"bsx	med12	noto	nr2e3	sox2	tbx2b"
negative regulation of G2/M transition of mitotic cell cycle	GO:0010972	"gpr132b	miip	pdik1l	pkmyt1	si:ch211-63o20.7	stk35	stk35l	wee1"
nuclear export	GO:0051168	"lsg1	lzts2a	lzts2b	rangap1a	rangap1b"
taurine biosynthetic process	GO:0042412	"cdo1	csad"
L-cysteine catabolic process	GO:0019448	cdo1
purine nucleotide metabolic process	GO:0006163	"fhit	gmpr	gmpr2	guk1a	guk1b"
diadenosine triphosphate catabolic process	GO:0015964	fhit
regulation of recycling endosome localization within postsynapse	GO:0099158	gripap1
regulation of modification of synaptic structure	GO:1905244	gripap1
neurotransmitter receptor transport, endosome to postsynaptic membrane	GO:0098887	"grip2b	gripap1	rab11a	rab11al	scrib"
regulation of neurotransmitter receptor transport, endosome to postsynaptic membrane	GO:0099152	gripap1
positive regulation of transcription of Notch receptor target	GO:0007221	"asb11	maml1	maml3	zmp:0000001236"
regulation of metallopeptidase activity	GO:1905048	svbp
enzyme-directed rRNA pseudouridine synthesis	GO:0000455	"rpusd1	tsr3"
regulation of translational fidelity	GO:0006450	"aarsd1	dnajc2	gatc	si:ch211-153b23.3	si:ch211-153b23.4	yrdc"
glutaminyl-tRNAGln biosynthesis via transamidation	GO:0070681	"gatb	gatc	qrsl1"
cortisol biosynthetic process	GO:0034651	"cyp11a1.2	fdx1b"
cristae formation	GO:0042407	"apooa	apoob	apool	chchd6a	dnajc11a	dnajc11b	immt	micos13	samm50	samm50l	uqcc3"
branching morphogenesis of a nerve	GO:0048755	"fmr1	plxna3	sema3aa	sema3ab"
regulation of mRNA stability	GO:0043488	"csdc2a	fmr1	fxr1	fxr2	pum1	rbm24a	samd4a	ythdc1	zc3h14"
cognition	GO:0050890	fmr1
regulation of dendritic spine morphogenesis	GO:0061001	"fmr1	lzts3b	tanc2a"
forebrain-midbrain boundary formation	GO:0021905	fmr1
regulation of mRNA modification	GO:0090365	"fmr1	mettl3"
regulation of translation at presynapse, modulating synaptic transmission	GO:0099577	"fmr1	fxr1	fxr2"
positive regulation of long-term neuronal synaptic plasticity	GO:0048170	"fmr1	fxr1	fxr2"
positive regulation of intracellular protein transport	GO:0090316	"oaz1a	oaz1b"
mannose metabolic process	GO:0006013	"man2a1	man2a2	man2b1	man2b2	man2c1	pmm2"
ultradian rhythm	GO:0007624	"enox1	enox2"
behavioral response to nicotine	GO:0035095	"cct8	chrna2a	gabbr1b"
pyridoxal 5'-phosphate salvage	GO:0009443	"pdxka	pdxkb"
endosome transport via multivesicular body sorting pathway	GO:0032509	"chmp1a	chmp1b	chmp2a	chmp2ba	chmp2bb	chmp3	dennd10	vps28	vps36"
negative regulation of type II interferon-mediated signaling pathway	GO:0060336	"otop1	parp14rs1	socs1a"
otolith mineralization	GO:0045299	"cep290	coch	otol1a	otop1	stm"
peptidyl-threonine phosphorylation	GO:0018107	nlk2
S-adenosylmethionine cycle	GO:0033353	"ahcy	ahcyl1	ahcyl2b"
regulation of sodium ion transmembrane transporter activity	GO:2000649	ap1b1
hair cell differentiation	GO:0035315	"ap1b1	cdh23	gfi1ab	mib1	myo7aa	pcdh15a	rbm24a	tomt"
ubiquitin-dependent protein catabolic process via the multivesicular body sorting pathway	GO:0043162	"pdcd7	ubap1	ubap1la	ubap1lb	vps37a	vps37ba	vps37bb	vps37c	vps37d"
protein targeting to vacuole	GO:0006623	"mon1a	mon1ba	mon1bb	vps37a	vps37ba	vps37bb	vps37c	vps37d	vps41	vps8"
positive regulation of release of cytochrome c from mitochondria	GO:0090200	"bbc3	bida	fam162a	mllt11"
mismatch repair	GO:0006298	"exo1	mlh1	mlh3	msh2	msh3	msh4	msh5	msh6	pcna	pms1	pms2	rnaseh2a	rpa3	xpc"
positive regulation of heart contraction	GO:0045823	"apela	apln	myl7	tafazzin"
cardiolipin acyl-chain remodeling	GO:0035965	tafazzin
cardiolipin metabolic process	GO:0032048	tafazzin
programmed cell death	GO:0012501	"caspb	gsdmea	gsdmeb	htra1a	htra1b	htra2-12	htra2-3	htra2-6	htra4	nlrp1	pgam5	pjvk	si:dkey-33c12.12	si:dkey-84o3.2	si:dkey-84o3.3	si:dkey-84o3.7	spata2"
U2-type prespliceosome assembly	GO:1903241	ddx46
positive regulation of lymphocyte differentiation	GO:0045621	ddx46
positive regulation of erythrocyte differentiation	GO:0045648	"ddx46	lpar3"
semicircular canal fusion	GO:0060879	"adgrg6	psmc3"
regulation of lymphocyte differentiation	GO:0045619	"bcl6aa	stat5a"
regulation of macrophage migration	GO:1905521	"bcl6aa	hmox1a	macir	myd88	ptpn6	tlr2"
negative regulation of intrinsic apoptotic signaling pathway by p53 class mediator	GO:1902254	"bcl6aa	bcor	mdm2	rnf2	vax1	vax2"
regulation of immune response	GO:0050776	"bcl6aa	card14	cd8b	fgl1	hcst	inppl1a	inppl1b	nlrc5	otud5a	otud5b	sc:d189	si:ch211-154o6.4	tlx1	zgc:113337	zgc:172122"
locomotor rhythm	GO:0045475	"bhlhe40	camk1gb	per2"
positive regulation of osteoblast differentiation	GO:0045669	"atraid	gdf10a	gdf10b	tmem119b"
regulation of hormone secretion	GO:0046883	"htr1aa	scg5"
reproductive process	GO:0022414	"cops5	dio2	gnrh2	gnrh3	lin9"
eukaryotic translation initiation factor 2 complex assembly	GO:1905143	cdc123
monocarboxylic acid transport	GO:0015718	"slc16a1a	slc16a1b	slc16a3a	slc16a3b	slc16a7	slc16a8	slc5a12	zgc:165507"
regulation of melanocyte differentiation	GO:0045634	"ap3d1	ctbp2a	hipk2"
regulation of long-term synaptic potentiation	GO:1900271	"calb1	calb2a	calb2b	scgn"
regulation of presynaptic cytosolic calcium ion concentration	GO:0099509	"calb1	calb2a	calb2b	scgn"
proline biosynthetic process	GO:0006561	"aldh18a1	pycr1a	pycr1b	pycr3"
protein insertion into ER membrane	GO:0045048	"ccdc47	get4	sec61a1a	tram1	tram2	wdr83os	zgc:113278"
glutamyl-tRNA aminoacylation	GO:0006424	"ears2	eprs1"
glycine betaine biosynthetic process from choline	GO:0019285	chdh
regulation of skeletal muscle tissue regeneration	GO:0043416	"asb11	atg5	becn1"
positive regulation of autophagy	GO:0010508	"becn1	gsk3aa	gsk3ab	gsk3bb	nprl2	rnf152	sh3bp4a	svip	tmem59	trim32	ufl1"
positive regulation of cysteine-type endopeptidase activity	GO:2001056	"baxa	baxb	bbc3	bcl2l16	becn1	bmf1	diabloa	diablob	e2f1	esco2	hdr	pmaip1	pycard	rad21a	rb1	tp53"
mechanosensory behavior	GO:0007638	"cib2	pkd2l1	scn8aa"
heart trabecula formation	GO:0060347	"adgrg6	erbb2	ids	npnta	nrg2a"
regulation of exit from mitosis	GO:0007096	"cdc14aa	cdc14ab	gnl2	gnl3	mad2l1bp	swap70b"
regulation of T cell differentiation	GO:0045580	"fam49a	irf7	mettl3	ndrg1b"
tRNA-guanine transglycosylation	GO:0101030	"qng1	qtrt1	qtrt2"
isoleucine biosynthetic process	GO:0009097	ilvbl
commitment of multipotent stem cells to neuronal lineage in forebrain	GO:0021898	zdhhc16a
fibroblast growth factor receptor signaling pathway involved in forebrain neuron fate commitment	GO:0021899	"zdhhc16a	zdhhc16b"
protein palmitoylation	GO:0018345	"selenok	zdhhc16a	zdhhc20a"
norepinephrine metabolic process	GO:0042415	rnf180b
serotonin metabolic process	GO:0042428	rnf180b
mitochondrial membrane organization	GO:0007006	"slc25a42	timm50"
mitochondrial seryl-tRNA aminoacylation	GO:0070158	sars2
seryl-tRNA aminoacylation	GO:0006434	"sars1	sars2"
macromolecule localization	GO:0033036	nup160
meiotic metaphase I homologous chromosome alignment	GO:0043060	mlh1
vacuole organization	GO:0007033	"krit1	vps11	vps16	vps4a"
larval heart development	GO:0007508	"nrp1a	sema3d"
regulation of axon extension	GO:0030516	"chrna1	cxcl12a	cxcr4b	dcc	ext2	extl3	kif15	ntn1a	ntn1b	sema3d"
negative regulation of clathrin-dependent endocytosis	GO:1900186	"unc119a1	unc119c"
negative regulation of caveolin-mediated endocytosis	GO:2001287	"unc119a1	unc119c"
flagellated sperm motility	GO:0030317	"ccdc135	dnaaf11	dnaaf6	gas8	iqub	mettl3	trpv1	ttll3	ttll9"
centriole assembly	GO:0098534	"ccdc61	plk4"
oxalate transport	GO:0019532	slc26a5
glycine import into mitochondrion	GO:1904983	"slc25a38a	slc25a38b"
Tie signaling pathway	GO:0048014	"angpt1	angpt2a"
cellular response to increased oxygen levels	GO:0036295	atp6v0d1
pronephric duct development	GO:0039022	"atp6v0d1	kirrel1b	kirrel3l	mib1	rbpja	rbpjb	vhl	wt1a	yap1"
left/right axis specification	GO:0070986	"atp6v0d1	dnaaf4	setdb2	snx10a"
cardiac atrium morphogenesis	GO:0003209	"fhl1a	meis2b	myh6	nr2f1a"
diencephalon development	GO:0021536	"arnt2	csrnp1b	dla	dlb	fezf2	fgf16	gdnfa	mib1	nkx2.1	shha	sim1a	smo	zic2a"
sensory perception	GO:0007600	"nxnl2	penka	penkb	pnocb"
ammonium transmembrane transport	GO:0072488	"aqp1a.1	rh50	rhag	rhbg	rhcga	rhcgb	rhcgl1	rhd	slc12a2	slc9a3.2"
cell proliferation in midbrain	GO:0033278	"fgf16	fgf22	fgfr2	zic2a	zic2b	zic5"
roof of mouth development	GO:0060021	"crispld2	fgf10a	loxl3a	loxl3b	med25	pax9	pdgfra	smad5	sox9b	tcf21	tgfb2	wwp2"
negative regulation of T-helper 17 cell lineage commitment	GO:2000329	"loxl3a	loxl3b"
peptidyl-lysine oxidation	GO:0018057	"loxa	loxl2a	loxl2b	loxl3a	loxl3b	loxl5a	loxl5b"
positive regulation of integrin-mediated signaling pathway	GO:2001046	"loxl3a	loxl3b"
lung development	GO:0030324	"bag6l	fgf7	loxl3a	loxl3b"
methionyl-tRNA aminoacylation	GO:0006431	"mars1	mars2"
ectodermal placode formation	GO:0060788	"fgf8a	foxi1	gata3	tfap2a	tfap2c"
pronephric nephron tubule epithelial cell differentiation	GO:0035778	"etv4	etv5a	irx2a	irx3b	osr1	prkci	prkcz	tfap2a"
actin filament bundle organization	GO:0061572	"prps1a	rflna	rflnb"
wound healing	GO:0042060	"arhgef19	dspa	dspb	eppk1	evpla	evplb	fgf10a	fgf10b	mmp9	pax7a	pax7b	pdgfrb	plxna1b	ppl	sdc4	vim	zgc:162255"
pericyte cell differentiation	GO:1904238	"foxf2b	pdgfba	pdgfrb"
positive regulation of epithelial cell proliferation	GO:0050679	"c5ar1	egfra	fgf7	pdgfrb"
glomerular mesangium development	GO:0072109	pdgfrb
platelet-derived growth factor receptor-beta signaling pathway	GO:0035791	"loxa	loxl5a	loxl5b	pdgfrb"
coronary vasculature development	GO:0060976	"apela	apln	aplnra	aplnrb	gpc3	pdgfrb"
angiogenesis involved in coronary vascular morphogenesis	GO:0060978	pdgfrb
vascular associated smooth muscle cell development	GO:0097084	"foxf2b	pdgfba	pdgfrb"
negative regulation of sequestering of calcium ion	GO:0051283	anxa6
apoptotic signaling pathway	GO:0097190	"anxa6	apaf1	casp8ap2	dap	dap1b	dido1	faim2a	faim2b	grinaa	grinab	mllt11	tfpt	tmbim1a	tmbim1b"
neuronal signal transduction	GO:0023041	"maco1a	maco1b	p2ry11	si:dkey-12h9.6"
positive regulation of blood vessel endothelial cell proliferation involved in sprouting angiogenesis	GO:1903589	"apela	aplnra	aplnrb	jcada"
spliceosome-depend formation of circular RNA	GO:0160091	"ilf3b	qki2	qkia"
negative regulation of mRNA splicing, via spliceosome	GO:0048025	"rbmx	ybx1"
cellular response to interleukin-1	GO:0071347	rbmx
spliceosomal tri-snRNP complex assembly	GO:0000244	"aar2	prpf31	prpf6	prpf8	tssc4"
regulation of apoptosis involved in tissue homeostasis	GO:0060785	ift88
proximal convoluted tubule development	GO:0072019	"ift88	pkd2	tbx2a	tbx2b"
mitochondrial proton-transporting ATP synthase complex assembly	GO:0033615	"atp23	atpaf1	atpaf2	tmem70"
larval feeding behavior	GO:0030536	"keap1a	keap1b	nfe2l2a"
cellular response to prostaglandin stimulus	GO:0071379	"keap1a	keap1b	nfe2l2a	unm_it275"
negative regulation of endothelial cell differentiation	GO:0045602	krit1
endothelial cell morphogenesis	GO:0001886	"amotl2a	amotl2b	eng	krit1"
endocardial cell development	GO:0060958	"fbn2b	krit1	pku300"
regulation of establishment of cell polarity	GO:2000114	"krit1	rack1	ripor2	shtn1"
chaperone-mediated protein complex assembly	GO:0051131	"bbs10	bbs12	lonp1	pfdn6	psmg1	psmg2	ptges3a	ptges3b	ptges3l	tmem35"
branched-chain amino acid catabolic process	GO:0009083	"bckdha	bckdhb	hibadha	hibadhb	hibch	slc25a44a	slc25a44b"
valine catabolic process	GO:0006574	"aldh6a1	hibadha	hibadhb	hibch"
regulation of fertilization	GO:0080154	"scarb1	wfs1a	wfs1b"
intracellular monoatomic cation homeostasis	GO:0030003	"slc39a10	slc39a14	slc39a6	tm9sf4"
aflatoxin metabolic process	GO:0046222	cyp2k6
regulation of p38MAPK cascade	GO:1900744	acsl4a
long-chain fatty-acyl-CoA metabolic process	GO:0035336	"acsl3a	acsl3b	acsl4a	far1	si:dkey-97m3.1"
protein methylation	GO:0006479	"cskmt	hemk1	mettl21a	mettl22	pcmt	prmt5	prmt7	prmt8b"
genomic imprinting	GO:0071514	prmt7
pronephric distal tubule development	GO:0035777	"emx1	irx3b	mecom	osr1	tbx2b"
tetrahydrofolate metabolic process	GO:0046653	"mtr	shmt1	shmt2"
glycine biosynthetic process from serine	GO:0019264	"shmt1	shmt2"
tetrahydrofolate interconversion	GO:0035999	"mthfd1a	mthfd1b	mthfd1l	mthfd2	mthfr	mthfs	shmt1	shmt2"
cellular response to decreased oxygen levels	GO:0036294	cpeb4a
response to ischemia	GO:0002931	"cpeb4a	popdc1"
negative regulation of cytoplasmic translation	GO:2000766	"cpeb1a	cpeb1b	cpeb4a	cpeb4b	rbm24a"
mitochondrial fragmentation involved in apoptotic process	GO:0043653	"atg3	dnm1l"
GDP-mannose biosynthetic process	GO:0009298	"gmppaa	gmppab	gmppb	mpi	pmm2"
Cajal body organization	GO:0030576	"coil	uspl1	wrap53"
ADP biosynthetic process	GO:0006172	"ak1	ak2	ak3	ak4"
AMP metabolic process	GO:0046033	"ak1	ak2	ak3	ak4	ampd3b"
ATP metabolic process	GO:0046034	"ak1	ak2	ak4	atp5f1b	atp5fa1	atp6v1aa	atp6v1ab	atp6v1b2	atp6v1ba	enpp1"
regulation of amacrine cell differentiation	GO:1902869	"ccdc141	vstm2l"
protein import into peroxisome matrix, docking	GO:0016560	"pex13	pex14"
rRNA acetylation involved in maturation of SSU-rRNA	GO:1904812	nat10
tRNA acetylation	GO:0051391	nat10
tRNA wobble cytosine modification	GO:0002101	nat10
rRNA metabolic process	GO:0016072	"heatr1	nat10"
acetyl-CoA biosynthetic process from pyruvate	GO:0006086	"dlat	pdha1a	pdha1b	pdhb	pdhx"
lipoate biosynthetic process	GO:0009107	lias
protein transport to vacuole involved in ubiquitin-dependent protein catabolic process via the multivesicular body sorting pathway	GO:0043328	"ptpn23a	ptpn23b	snf8	stam	vps25	vps28	vps36"
regulation of sodium ion transport	GO:0002028	"cldnb	nkain1	nkain4	nkain5"
response to calcium ion	GO:0051592	"stc1l	trpv6"
acrosome assembly	GO:0001675	"agfg1b	chn2"
spermatid nucleus differentiation	GO:0007289	agfg1b
negative regulation of hematopoietic stem cell differentiation	GO:1902037	"f2r	gpr182	irf7"
inorganic anion transport	GO:0015698	"aqp9a	slc22a4"
quaternary ammonium group transport	GO:0015697	"slc22a21	slc22a4"
selenium compound metabolic process	GO:0001887	"selenop	selenop2	slc22a4"
detoxification of mercury ion	GO:0050787	"abcb5	slc22a4"
phosphatidylinositol biosynthetic process	GO:0006661	"cdipt	mboat7	pi4k2a	vac14"
regulation of triglyceride metabolic process	GO:0090207	"mboat7	mpv17"
heart valve morphogenesis	GO:0003179	slc2a12
D-glucose transmembrane transport	GO:1904659	"slc2a10	slc2a12	slc2a2	slc2a8"
glucose import in response to insulin stimulus	GO:0044381	slc2a12
regulation of muscle system process	GO:0090257	dmd
somatic muscle development	GO:0007525	"dag1	dmd	msgn1	mtm1	ppp2r3a	sgcd	tbx16"
synaptic signaling	GO:0099536	"dmd	drp2	dytn	kcmf1	scn1lab"
intermediate filament cytoskeleton organization	GO:0045104	"dspa	dspb	dst	eppk1	evpla	evplb	fam83ha	fam83hb	krt18a.1	krt18b	macf1a	macf1b	pleca	plecb	ppl	synm"
L-methionine salvage from methylthioadenosine	GO:0019509	"adi1	apip	enoph1	mri1	mtap"
nucleoside metabolic process	GO:0009116	"mtap	pnp4a	pnp4b	pnp5a	pnp5b	pnp6	upp1	upp2"
paraxial mesoderm development	GO:0048339	"aldh1a2	fgf4	fgf6a	fgf8a	gadd45aa	kmt2a	pcdh10b	tbx16	tdgf1	vsx1"
trehalose metabolic process	GO:0005991	treh
stress granule assembly	GO:0034063	"atxn2	atxn2l	ddx6	ddx61	g3bp2a	g3bp2b	lsm14ab	ythdf2"
negative regulation of cell differentiation	GO:0045596	"lrrc14b	nog1	nog2	nog3	nog5	tent5c"
plasma membrane phospholipid scrambling	GO:0017121	"plscr3a	plscr3b	si:ch211-71m22.1	si:ch211-71m22.3	si:ch211-71m22.5	si:ch73-170d6.4	si:ch73-206p6.1	si:dkey-62k3.6"
mitochondrial protein processing	GO:0034982	"afg3l1	afg3l2	atp23	oma1	spg7"
regulation of transforming growth factor beta receptor signaling pathway	GO:0017015	"eng	rbms3	rlim	tgfbr3	tgif1	znf703"
cyclic-GMP-AMP transmembrane import across plasma membrane	GO:0140361	"lrrc8aa	lrrc8ab	lrrc8c	shoc2	si:zfos-323e3.4"
glycine betaine transport	GO:0031460	slc7a6
L-arginine transmembrane transport	GO:1903826	"slc38a9	slc7a2	slc7a6"
regulation of multicellular organism growth	GO:0040014	"fto	kmt5b	kmt5c	orc1"
hypochord development	GO:0055016	"dla	lamb1a	lfng	notch1a"
determination of digestive tract left/right asymmetry	GO:0071907	"furina	gpr22a	hspb12	hspb7	nphp4	pdx1	pitx2	prickle1a	rargb	septin6	spaw"
tissue remodeling	GO:0048771	"mmp2	plg"
cilium movement involved in cell motility	GO:0060294	"dnaaf11	dnah10	dnah2	dnai3	rsph4a	rsph9	tekt1	tekt2	tekt3	tekt4"
methylglyoxal catabolic process to D-lactate via S-lactoyl-glutathione	GO:0019243	"gatd1	hagh	pnkd"
regulation of canonical NF-kappaB signal transduction	GO:0043122	"nod2	optn	ppm1ab	ppm1ba	ppm1na	ppm1nb	rigi	si:ch211-153b23.7	traf1	traf3	traf4a	traf4b	traf6	ufl1"
Golgi ribbon formation	GO:0090161	"optn	vamp4"
vesicle localization	GO:0051648	"optn	ush2a"
regulation of protein glycosylation	GO:0060049	"crppa	fkrp	fktn"
isopentenyl diphosphate biosynthetic process, mevalonate pathway	GO:0019287	"mvda	mvk	pmvk"
sterol biosynthetic process	GO:0016126	"ch25h	ch25hl1.1	ch25hl1.2	ch25hl2	ch25hl3	cyb5r2	cyb5r3	cyp51	dhcr7	ebp	faxdc2	hmgcra	hmgcrb	hmgcs1	lbr	msmo1	mvda	mvk	pmvk	prkaa1	prkaa2	sc5d	si:ch1073-429i10.1	sqlea	sqleb	tm7sf2	zgc:194242"
intrinsic apoptotic signaling pathway in response to endoplasmic reticulum stress	GO:0070059	"atf4a	bag6l	bbc3	ddit3	map3k5	tmem117	tp63"
L-alanine import across plasma membrane	GO:1904273	"si:dkey-202g17.3	slc3a2a	slc3a2b	zgc:158423"
phenylalanine transport	GO:0015823	"si:dkey-202g17.3	slc3a2a	slc3a2b	zgc:158423"
L-leucine import across plasma membrane	GO:1903801	"si:dkey-202g17.3	slc3a2a	slc3a2b	zgc:158423"
hormone catabolic process	GO:0042447	ide
amyloid-beta metabolic process	GO:0050435	"bace1	ide"
regulation of compound eye pigmentation	GO:0048076	hps5
protein autoprocessing	GO:0016540	"dhh	ihha	ihhb	myrf	oma1	pisd	shha	shhb	sprtn"
regulation of osteoblast differentiation	GO:0045667	"atf4a	mef2ca	rest	ucmaa	ucmab"
maturation of 5.8S rRNA	GO:0000460	"c1d	eif6	las1l	mak16	mphosph6	mtrex	nsa2	rpf1	rrp15"
maturation of LSU-rRNA	GO:0000470	"eif6	las1l	mak16	nop2	nsa2	rpf1	rpf2	rpl7a	rrp15	trmt112"
canonical Wnt signaling pathway involved in heart development	GO:0061316	ids
mitochondrial magnesium ion transmembrane transport	GO:0045016	mrs2
rRNA (guanine-N7)-methylation	GO:0070476	bud23
endosomal vesicle fusion	GO:0034058	"tgfbrap1	vps41"
nuclear migration along microtubule	GO:0030473	tmem201
ATP synthesis coupled electron transport	GO:0042773	"mt-co1	mt-co2	mt-nd4	mt-nd4l	mt-nd5	ndufa7	ndufs1"
phosphatidylglycerol metabolic process	GO:0046471	"oc90	pla2g10	pla2g1b"
phosphatidylcholine metabolic process	GO:0046470	"abhd3	oc90	pla2g10	pla2g1b	pnpla6"
arachidonate secretion	GO:0050482	"oc90	pla2g10	pla2g12a	pla2g12b	pla2g1b	pla2g3	proca1"
dolichyl monophosphate biosynthetic process	GO:0043048	dolk
glucose 6-phosphate metabolic process	GO:0051156	"g6pc1a.1	g6pc1a.2	g6pc1b	g6pc3	gck	gpia	gpib	hk1	hk2	hkdc1"
AMP salvage	GO:0044209	"adka	adkb	aprt"
adenine salvage	GO:0006168	aprt
exocytic insertion of neurotransmitter receptor to postsynaptic membrane	GO:0098967	"stx1b	stx3b"
reciprocal meiotic recombination	GO:0007131	"dmc1	mnd1	rad51	rad51c	rad51d	rad54b	rad54l	spo11	sycp2	trip13	zgc:194246"
negative regulation of ATP-dependent activity	GO:0032780	"atp5if1a	atp5if1b"
regulation of neuroinflammatory response	GO:0150077	atp5if1a
negative regulation of mitochondrial ATP synthesis coupled proton transport	GO:1905707	"atp5if1a	atp5if1b"
norepinephrine-epinephrine-mediated vasodilation involved in regulation of systemic arterial blood pressure	GO:0002025	"adrb1	adrb2a	adrb2b	adrb3a"
DNA replication-dependent chromatin assembly	GO:0006335	"asf1ba	asf1bb	chaf1a	chaf1b	nasp	rbbp4"
lipid storage	GO:0019915	"bscl2	bscl2l	cd36	fitm1l	fitm2	ldah	npc1	plin2	plin6	scap	zgc:77486"
positive regulation of sequestering of triglyceride	GO:0010890	"plin2	plin6	zgc:77486"
positive regulation of cristae formation	GO:1903852	micu1
proteasome regulatory particle assembly	GO:0070682	psmd9
male meiosis chromosome separation	GO:0051308	m1ap
meiosis I	GO:0007127	m1ap
exon-exon junction complex disassembly	GO:1903259	pym1
regulation of astrocyte differentiation	GO:0048710	"qki2	qkia"
negative regulation of macrophage differentiation	GO:0045650	"irf2bp2b	qki2	qkia"
microtubule anchoring at centrosome	GO:0034454	"cep19	pcm1"
regulation of DNA replication	GO:0006275	"dscc1	esco2	gmnn	mcidas	obi1	pcna	pdgfba"
positive regulation of transcription of nucleolar large rRNA by RNA polymerase I	GO:1901838	nol11
maturation of SSU-rRNA	GO:0030490	"ddx52	nob1	nol11	nop14	riok1	riok2	riok3	rps28	snu13a	snu13b	srfbp1	trmt112	tsr3	wdr3"
regulation of protein catabolic process	GO:0042176	"psmd1	psmd2	psmd3"
tRNA methylthiolation	GO:0035600	cdkal1
regulation of epidermal growth factor receptor signaling pathway	GO:0042058	"mvb12a	ptpn12	rhbdf1a"
cardiac ventricle formation	GO:0003211	"ilk	mybpc3"
Golgi reassembly	GO:0090168	"pdcd10a	pdcd10b	vcpip1"
regulation of lipid transport	GO:0032368	surf4
miRNA-mediated gene silencing by mRNA destabilization	GO:0035279	"ago2	cnot7	dicer1	mov10b.1	mov10b.2"
oocyte axis specification	GO:0007309	wdr77
positive regulation of SMAD protein signal transduction	GO:0060391	bmp5
serotonin transport	GO:0006837	"slc18a3a	slc18a3b	slc6a4a"
xenobiotic transport	GO:0042908	"abcc1	slc18a2	slc18a3a	slc18a3b"
astrocyte activation	GO:0048143	"cntf	m17"
positive regulation of axon regeneration	GO:0048680	"clcf1	cntf	cntfr	il6st	m17	tncb"
ciliary neurotrophic factor-mediated signaling pathway	GO:0070120	"cntf	m17"
nucleophagy	GO:0044804	"atg3	wdr45	wdr45b	wipi1"
protein lipidation involved in autophagosome assembly	GO:0061739	"wdr45	wdr45b	wipi1"
autophagy of peroxisome	GO:0030242	"wdr45	wdr45b	wipi1"
autophagy of mitochondrion	GO:0000422	"atg12	atg3	cisd2	fundc1	fundc2	pink1	rb1cc1	usp30	wdr45	wdr45b	wipi1"
glycophagy	GO:0061723	"atg12	atg3	rb1cc1	wdr45	wdr45b	wipi1"
AMPA selective glutamate receptor signaling pathway	GO:0098990	cacng2a
peptidyl-tyrosine sulfation	GO:0006478	"tpst1	tpst1l	tpst2"
regulation of macrophage activation	GO:0043030	shpk
establishment of planar polarity involved in nephron morphogenesis	GO:0072046	upk3b
intermembrane lipid transfer	GO:0120009	"cert1a	cptp	gltpa	gltpb	gltpd2a	gltpd2b	plekha8"
ADP transport	GO:0015866	"slc25a23b	slc25a24	slc25a24l	slc25a25a	slc25a25b	slc25a42"
protein K6-linked deubiquitination	GO:0044313	usp30
negative regulation of glycogen biosynthetic process	GO:0045719	pask
sister chromatid cohesion	GO:0007062	"esco2	mcmbp	rad21a	rad21b	rad21l1	rec8b	si:ch211-269e2.1	smc1a	smc1al	smc1b	stag1a	stag1b	stag2a	stag2b"
beta-alanine biosynthetic process via 3-ureidopropionate	GO:0033396	upb1
response to reactive oxygen species	GO:0000302	"apoda.1	apoda.2	apodb	rlig1"
vitamin B6 metabolic process	GO:0042816	plpbp
calcium ion import across plasma membrane	GO:0098703	"cacna1sb	nalf1a	nalf2	p2rx7	slc8a1a	slc8a1b	slc8a4a	slc8a4b	trpv1	trpv6"
platelet-derived growth factor receptor signaling pathway	GO:0048008	"pdgfaa	pdgfab	pdgfba	pdgfbb	pdgfc	pdgfra"
spermidine catabolic process	GO:0046203	paox
arginine metabolic process	GO:0006525	"arg1	arg2"
arginine catabolic process to ornithine	GO:0019547	"arg1	arg2"
regulation of oxidoreductase activity	GO:0051341	ecsit
midbrain morphogenesis	GO:1904693	"mast3a	mast3b"
negative regulation of high voltage-gated calcium channel activity	GO:1901842	"gem	rem1	rrad"
regulation of miRNA processing	GO:1903798	"eif1axb	tarbp2"
regulation of hemoglobin biosynthetic process	GO:0046984	eif1axb
heme catabolic process	GO:0042167	"blvra	hmox1a	hmox2a	hmox2b"
heme oxidation	GO:0006788	"hmox1a	hmox2a	hmox2b"
inhibitory postsynaptic potential	GO:0060080	"insyn1	npas4a	slc6a9"
heparan sulfate proteoglycan biosynthetic process, polysaccharide chain biosynthetic process	GO:0015014	"hs2st1a	hs2st1b	ndst1a	ndst1b	ndst2b	ndst3"
heparin biosynthetic process	GO:0030210	"glcea	glceb	ndst1a	ndst1b	ndst2a	ndst2b	ndst3"
roof plate formation	GO:0021509	fgf22
hatching	GO:0035188	"cd63	gdpd5a	he1.2	klf17	rnasel5	vtg1	vtg3	xbp1"
hatching gland development	GO:0048785	"foxa3	klf17	xbp1"
cellular response to antibiotic	GO:0071236	"casp3a	crip1"
protein localization to endosome	GO:0036010	arf6a
regulation of dendritic spine development	GO:0060998	arf6a
optic vesicle formation	GO:0003403	"plxna2	sema6a"
endoplasmic reticulum organization	GO:0007029	"atl1	atl2	atl3	jagn1a	jagn1b	sec13	sec31a	spast	sptssb	zgc:158270"
centriole-centriole cohesion	GO:0010457	"cep44	cntln	rttn"
telomere maintenance via telomere lengthening	GO:0010833	"ctc1	stn1	terf2ip"
telomere capping	GO:0016233	"acd	pot1	stn1	tinf2	zgc:113263"
positive regulation of cell motility	GO:2000147	"ccdc25	cfap20	phpt1"
regulation of protein localization	GO:0032880	"adcyap1a	adcyap1b	bora	dzip1l	ghrh	plekhm2	ptk2aa	ptk2ab	pxna	rack1	tmem231	vip"
pronephric nephron tubule development	GO:0039020	"bnc2	gldc"
glycine catabolic process	GO:0006546	"amt	gldc"
xylulose metabolic process	GO:0005997	"dcxr	xylb"
D-xylose metabolic process	GO:0042732	"uxs1	xylb"
acetylcholine biosynthetic process	GO:0008292	"chata	chatb	slc44a4	slc5a7a"
choline transport	GO:0015871	"slc44a4	slc5a7a	zgc:63569"
acetylcholine secretion	GO:0061526	slc44a4
positive regulation of RIG-I signaling pathway	GO:1900246	atad5b
negative regulation of lncRNA transcription	GO:0140744	wdr82
negative regulation of DNA-templated transcription, elongation	GO:0032785	wdr82
nuclear RNA surveillance	GO:0071027	wdr82
DNA-templated transcription termination	GO:0006353	"dhx9	wdr82"
lncRNA catabolic process	GO:0110064	wdr82
mitochondrial pyruvate transmembrane transport	GO:0006850	"mpc1	mpc2a	mpc2b"
regulation of myoblast differentiation	GO:0045661	"flot2a	flot2b"
regulation of cell-cell adhesion mediated by integrin	GO:0033632	fermt3b
leukocyte cell-cell adhesion	GO:0007159	"fermt3b	itgb2	jam2a	jam2b"
integrin activation	GO:0033622	fermt3b
response to hormone	GO:0009725	"cyp2k22	dio2	gclc	lipca	nos1	nos2a	nos2b	pora	porb	slco1f4	sult2st3	thraa	timp2a	timp2b	timp4.1	timp4.3"
digestion	GO:0007586	"ccka	cckb	mttp	ucn3l"
long-chain fatty acid transport	GO:0015909	"cpt1b	mttp"
plasma lipoprotein particle assembly	GO:0034377	mttp
positive regulation of dopaminergic neuron differentiation	GO:1904340	per1b
regulation of circadian rhythm	GO:0042752	"csnk1da	csnk1db	hdac3	nptx2b	per1b	per2	ppp1cbl	pspc1	scn1lab	siah2l"
positive regulation of protein localization to chromatin	GO:0120187	"cdk9	vrk1"
phagosome-lysosome fusion	GO:0090385	"rab34a	rab34b	rab7a	rab7b	si:dkey-13a21.4	tmem175	zgc:100918"
N-terminal peptidyl-methionine acetylation	GO:0017196	"naa30	naa35	naa60"
positive regulation of RNA polymerase II transcription preinitiation complex assembly	GO:0045899	psmc6
testosterone biosynthetic process	GO:0061370	hsd17b3
regulation of Rho protein signal transduction	GO:0035023	"arhgap20	arhgef18a	arhgef2b	cdc42se1	cdc42se2	dock10	dock11	dock8	eps8l1a	eps8l2	eps8l3a	eps8l3b	inf2	kank2	rhoab	si:dkeyp-23e4.3	stard13b	stard8	tagapa	tagapb"
positive regulation of ruffle assembly	GO:1900029	"eps8l1a	eps8l2	eps8l3a	eps8l3b"
regulation of chemokine activity	GO:1900136	"arrb1	arrb2a	arrb2b"
regulation of receptor recycling	GO:0001919	"arrb1	arrb2a	arrb2b	lamtor1	ocrl"
regulation of smoothened signaling pathway	GO:0008589	"ankmy2a	arrb2b	boc	dzip1	emilin3a	emilin3b	gan	ift122	intu	qkia	wdr11	zic2a"
cellular response to mechanical stimulus	GO:0071260	"eng	tmc1	tmc2a"
organic hydroxy compound transport	GO:0015850	slc10a2
bile acid and bile salt transport	GO:0015721	"si:cabz01068815.1	slc10a1	slc10a2	slc10a3	slc51a	slco1e1	slco2b1	vps18"
cellular response to hydrogen peroxide	GO:0070301	oser1
cellular response to prostaglandin E stimulus	GO:0071380	"ptger2a	ptger2b	ptger4a	ptger4b	ptger4c"
intrinsic apoptotic signaling pathway	GO:0097193	"bbc3	coa8	ifi27.1	ifi27.2	ifi27.4	ifi27.6	ifi27.8	pycard	si:dkey-10c21.1	tp53"
demethylation	GO:0070988	"alkbh4	jmjd1ca	jmjd1cb	kdm3b"
regulation of actomyosin structure organization	GO:0110020	"alkbh4	atrn"
female gamete generation	GO:0007292	"nanos3	prdm9"
homologous chromosome pairing at meiosis	GO:0007129	"fancd2	mei4	prdm9	psmc3ip	sycp2	terb1	terb2"
male gamete generation	GO:0048232	prdm9
double-strand break repair involved in meiotic recombination	GO:1990918	"brip1	fancd2	prdm9"
mitochondrial transmembrane transport	GO:1990542	"sfxn4	sfxn5b	slc25a39	slc25a40	ucp1	ucp2	ucp3"
adaptive thermogenesis	GO:1990845	"pm20d1.1	pm20d1.2	ucp1	ucp2	ucp3"
positive regulation of stem cell differentiation	GO:2000738	"nudt21	rbm24a"
co-transcriptional mRNA 3'-end processing, cleavage and polyadenylation pathway	GO:0180010	"cpsf6	nudt21	tut1"
mRNA alternative polyadenylation	GO:0110104	"cpsf6	nudt21"
positive regulation of pro-B cell differentiation	GO:2000975	nudt21
regulation of dendrite development	GO:0050773	"cdkl5	rtn4ip1"
late distal convoluted tubule development	GO:0072068	"ppargc1a	tbx2a	tbx2b"
regulation of transcription elongation by RNA polymerase II	GO:0034243	"cdc73	trim33	zmynd11"
tube formation	GO:0035148	"cldn15a	hnf1ba	sdccag8"
intrinsic apoptotic signaling pathway in response to oxidative stress	GO:0008631	"diabloa	map3k5	uacab"
T cell proliferation	GO:0042098	klf9
regulation of oxygen metabolic process	GO:2000374	klf9
positive regulation of protein localization to cilium	GO:1903566	"entr1	gas8"
Fc-epsilon receptor signaling pathway	GO:0038095	fer
rRNA methylation	GO:0031167	"dimt1l	fbl	ftsj3	mettl5	mrm1	nsun3	tfb2m	zcchc4"
pointed-end actin filament capping	GO:0051694	"lmod1a	lmod1b	lmod2a	lmod2b	lmod3	tmod1	tmod2	tmod4"
Rap protein signal transduction	GO:0032486	"rap1aa	rap1ab	rap1b	rap2aa	rap2ab	rap2b	rap2c"
protein localization to cytoskeleton	GO:0044380	"fam83ha	fam83hb"
positive regulation of protein tyrosine kinase activity	GO:0061098	"dok7a	dok7b"
aldehyde metabolic process	GO:0006081	"aldh2.1	aldh3a1	aldh3a2a	aldh3a2b	aldh3b1	aldh3b4	aldh9a1a.1	aldh9a1b"
nucleate erythrocyte development	GO:0048823	"ddx41	epoa	kmt2a	pink1	smim1	tal1"
mesenchyme migration	GO:0090131	"acta2	actc2"
hexose transmembrane transport	GO:0008645	slc2a2
hindbrain formation	GO:0021576	"kcnh1a	kcnh1b"
regulation of systemic arterial blood pressure by renin-angiotensin	GO:0003081	agt
pancreatic juice secretion	GO:0030157	cel.1
dGTP catabolic process	GO:0006203	"nudt15	samhd1	si:ch73-236c18.8	si:ch73-236c18.9"
DNA strand resection involved in replication fork processing	GO:0110025	samhd1
dATP catabolic process	GO:0046061	samhd1
negative regulation of type I interferon-mediated signaling pathway	GO:0060339	"mettl3	pias4a	samhd1	ythdf2"
regulation of cholesterol biosynthetic process	GO:0045540	samhd1
somatic hypermutation of immunoglobulin genes	GO:0016446	samhd1
ciliary basal body-plasma membrane docking	GO:0097711	"cep290	pam"
microvillus assembly	GO:0030033	pam
cellular response to gamma radiation	GO:0071480	"si:dkey-74k8.3	si:dkey-9i23.15"
3'-UTR-mediated mRNA destabilization	GO:0061158	"cth1	plekhn1	rbm24a	sb:cb81	zc3h12ab	zfp36l1a	zfp36l1b	zfp36l2	zgc:114130	zgc:162730"
phototransduction, visible light	GO:0007603	"gna11b	gnat1	grk7a	parapinopsina	ush2a"
cysteinyl-tRNA aminoacylation	GO:0006423	"cars1	cars2"
microtubule organizing center organization	GO:0031023	"clasp2	haus2	haus3	pafah1b1a	pafah1b1b	sdccag8	stil"
regulation of myofibril size	GO:0014881	"hspb1	smyhc1"
adult heart development	GO:0007512	"apela	myh7	smyhc1	smyhc2	smyhc3"
muscle filament sliding	GO:0030049	"myh7	smyhc1	smyhc2	smyhc3"
tyrosine metabolic process	GO:0006570	"hgd	iyd	ttc36"
positive regulation of T-helper 17 cell lineage commitment	GO:2000330	"brd4	opa1"
regulation of blood coagulation	GO:0030193	"gp9	serpinc1"
kynurenine metabolic process	GO:0070189	"kmo	kyat3.2"
bile acid biosynthetic process	GO:0006699	"cyp39a1	cyp7a1	cyp7b1"
positive regulation of NF-kappaB transcription factor activity	GO:0051092	"bcl10	terf2ip	ube2nb"
regulation of centrosome duplication	GO:0010824	"cep131	chordc1b	fbxw5	npm1a"
positive regulation of gluconeogenesis	GO:0045722	"arpp19a	prkag1	prkag2b	prkag3b"
regulation of epidermal cell differentiation	GO:0045604	maff
eye photoreceptor cell differentiation	GO:0001754	"agtpbp1	apc	bco1	dctn2	pdx1	rdh5"
glyoxylate metabolic process	GO:0046487	"agxtb	hyi"
regulation of cell cycle process	GO:0010564	"ankk1	banp	ddb1	insm1a	insm1b	tbl3"
pentose-phosphate shunt	GO:0006098	"h6pd	pgd	pgls	rpe	taldo1"
positive regulation of exit from mitosis	GO:0031536	cdca5
mitotic metaphase chromosome alignment	GO:0007080	"birc5b	ccnb1	cdca5	seh1l	ska2	ska3	spdl1"
axo-dendritic transport	GO:0008088	spg11
branchiomotor neuron axon guidance	GO:0021785	"capn1a	rest"
AMP catabolic process	GO:0006196	nt5e
nucleotide catabolic process	GO:0009166	"nt5e	upp1	upp2"
hematopoietic stem cell migration	GO:0035701	"bmi1a	cebpa	cnr2	cxcl12a	mmp2	mmp9	myb	selp	selplg	sox32"
embryonic brain development	GO:1990403	"rpl10	tbc1d23"
vesicle tethering to Golgi	GO:0099041	"fam91a1	tbc1d23	wdr11	zgc:153240"
receptor recycling	GO:0001881	"pheta2	plekha3	plekhj1	prkcg	sb:cb470	snx16"
import into the mitochondrion	GO:0170036	"slc25a39	slc25a40"
glutathione import into mitochondrion	GO:0160007	slc25a39
actin filament fragmentation	GO:0030043	"cfl1	cfl1l	cfl2"
cell-cell adhesion involved in gastrulation	GO:0070586	"cdh1	cdk5rap3	cfl1"
regulation of Golgi organization	GO:1903358	"armh3	si:ch73-95l15.5"
negative regulation of epidermal growth factor-activated receptor activity	GO:0007175	"zfyve28	zgpat"
cell motility	GO:0048870	"brk1	elmo1	gas8	iqgap3	lratd1	ptenb"
arginyl-tRNA aminoacylation	GO:0006420	"dalrd3	rars1	rars2"
central nervous system neuron axonogenesis	GO:0021955	"ap4s1	sfpq	slc33a1	spast"
acetyl-CoA transmembrane transport	GO:0035348	slc33a1
viral budding	GO:0046755	mvb12a
receptor catabolic process	GO:0032801	mvb12a
virus maturation	GO:0019075	mvb12a
endosome to lysosome transport via multivesicular body sorting pathway	GO:0032510	"mvb12a	vcp"
progesterone metabolic process	GO:0042448	"cyp17a1	cyp17a2"
androst-4-ene-3,17-dione biosynthetic process	GO:1903449	cyp17a1
male sex determination	GO:0030238	"cyp17a1	dmrt1"
neuron cell-cell adhesion	GO:0007158	"cdh2	nlgn3a	nlgn3b"
postsynaptic membrane assembly	GO:0097104	"nlgn3a	nlgn3b"
presynaptic membrane assembly	GO:0097105	"nlgn3a	nlgn3b"
heart rudiment development	GO:0003313	"eif3ba	ogg1	tbx20"
pole plasm mRNA localization	GO:0019094	pum1
miRNA processing	GO:0035196	"ago2	dicer1	pum1	snip1	spout1	zc3h7a	zc3h7bb"
podocyte cell fate commitment	GO:0072149	"foxc1a	rbpja	rbpjb	wt1a"
regulation of type B pancreatic cell apoptotic process	GO:2000674	zranb3
body morphogenesis	GO:0010171	"invs	stil"
protein localization to ciliary inversin compartment	GO:1904108	invs
pronephros formation	GO:0072116	"bbs5	invs	nek8"
signal complex assembly	GO:0007172	"ptk2aa	ptk2ab	ptk2ba	ptk2bb"
regulation of cellular component organization	GO:0051128	"abl1	abl2	mtor	ptk2aa	ptk2ab	ptk2ba	ptk2bb"
multicellular organism growth	GO:0035264	"doc2a	tlcd3ba	wdr11"
membrane raft distribution	GO:0031580	yjefn3
regulation of cholesterol efflux	GO:0010874	"abca1a	abcg1	yjefn3"
regulation of melanosome transport	GO:1902908	"ift27	ube3d"
regulation of pH	GO:0006885	"ca15a	ca2	cahz	slc9a1a	slc9a1b	slc9a2	slc9a3.1	slc9a3.2	slc9a5	slc9a6a	slc9a6b	slc9a7	slc9a8"
L-ornithine transmembrane transport	GO:1903352	"slc7a1a	slc7a2	zgc:175280"
L-arginine import across plasma membrane	GO:0097638	"slc7a1a	slc7a2	zgc:175280"
protein import into peroxisome matrix	GO:0016558	"lonp2	pex1	pex10	pex12	pex2	pex26	pex6	pex7"
protein targeting to peroxisome	GO:0006625	lonp2
circadian sleep/wake cycle, wakefulness	GO:0042746	hcrt
eating behavior	GO:0042755	"hcrt	trh"
positive regulation of transmission of nerve impulse	GO:0051971	hcrt
temperature homeostasis	GO:0001659	hcrt
microtubule bundle formation	GO:0001578	"ccser2a	gas2l1	spast	tppp2	tppp3	trim46a	ttll6"
translational termination	GO:0006415	"abce1	etf1a	etf1b	hemk1	mrpl58	mtrf1	mtrf1l	mtrfr"
cytoplasmic translational termination	GO:0002184	"etf1a	etf1b"
pigment granule dispersal	GO:0051876	"kcnj13	mlpha"
negative regulation of phosphatase activity	GO:0010923	"ppp1r26	ppp1r35"
positive regulation of centriole elongation	GO:1903724	ppp1r35
coenzyme A biosynthetic process	GO:0015937	"coasy	dcakd	pank1a	pank1b	pank2	pank4	ppcdc	ppcs"
intracellular glucose homeostasis	GO:0001678	"gck	hk1	hk2	hkdc1"
establishment of endothelial intestinal barrier	GO:0090557	"f11r.1	f11r.2	tjp3"
intestinal absorption	GO:0050892	"f11r.1	f11r.2"
hematopoietic or lymphoid organ development	GO:0048534	"f11r.1	jam2a	rag2"
regulation of membrane permeability	GO:0090559	"f11r.1	f11r.2"
glycyl-tRNA aminoacylation	GO:0006426	gars1
synaptic assembly at neuromuscular junction	GO:0051124	"gars1	musk	smn1	vwa1"
atrial ventricular junction remodeling	GO:0003294	"pdlim7	tbx5a"
mammillary body development	GO:0021767	"fezf2	foxb1a	otpa	otpb"
netrin-activated signaling pathway	GO:0038007	"shtn1	unc5a	unc5b	unc5ca	unc5cb	unc5da	unc5db"
pore complex assembly	GO:0046931	pdzd11
peptidyl-lysine methylation	GO:0018022	"eef1akmt1	eef1akmt2	setd6"
calcium-ion regulated exocytosis	GO:0017156	sdf4
DNA double-strand break processing involved in repair via single-strand annealing	GO:0010792	"rbbp8	rbbp8l"
N-terminal peptidyl-serine dimethylation	GO:0035572	ntmt1
N-terminal peptidyl-serine trimethylation	GO:0035573	ntmt1
N-terminal protein amino acid methylation	GO:0006480	"ntmt1	ntmt2"
N-terminal peptidyl-glycine methylation	GO:0018013	ntmt1
N-terminal peptidyl-proline dimethylation	GO:0018016	ntmt1
regulation of chromosome organization	GO:0033044	uchl5
animal organ regeneration	GO:0031100	"cebpd	klf1	top2a	uhrf1	wt1b"
sensory perception of light stimulus	GO:0050953	"cep131	gja9a	pde6d	ush1ga	ush2a"
thermosensory behavior	GO:0040040	trpv1
circadian sleep/wake cycle	GO:0042745	fbxl3a
protein localization to chromosome	GO:0034502	rpa1
cellular response to nutrient levels	GO:0031669	"mios	seh1l	ucn3l	wdr24"
protein K6-linked ubiquitination	GO:0085020	"bard1	rnf8	wdr24"
neuroblast division in subventricular zone	GO:0021849	akna
epithelial to mesenchymal transition	GO:0001837	"akna	eng	erbb2	loxl2a	loxl2b	prrx1a	ptpn21	slc39a10	slc39a6	snai1a	stat3	tgfbr3"
peptidyl-lysine modification to peptidyl-hypusine	GO:0008612	"dhps	dohh"
spermidine metabolic process	GO:0008216	dhps
regulation of protein kinase C signaling	GO:0090036	"akap12a	akap12b	sez6l"
synapse maturation	GO:0060074	"palm1b	prkcg	sez6l	sybu"
vesicle transport along microtubule	GO:0047496	"bicdl1	bicdl2	bicdl2l	kif16bb	kif23	nde1	ndel1a	ndel1b	pafah1b1a	pafah1b1b	si:ch211-235m3.5	stard9	trak2"
Golgi to secretory granule transport	GO:0055107	"bicdl1	bicdl2	bicdl2l	si:ch211-235m3.5"
transcription initiation at RNA polymerase I promoter	GO:0006361	"cavin1a	cavin1b	rrn3"
termination of RNA polymerase I transcription	GO:0006363	"cavin1a	cavin1b	polr1h	ttf1.4	ttf1.5	ttf1.6"
carnitine metabolic process	GO:0009437	"cpt1aa	cpt1ab	cpt1b"
response to (R)-carnitine	GO:0061959	"acaca	cpt1b	dgat2	fasn	g6pc1a.2	lpla"
negative regulation of cortisol secretion	GO:0051463	asip2b
positive regulation of potassium ion import across plasma membrane	GO:1903288	"wnk1a	wnk4b"
negative regulation of sodium ion transport	GO:0010766	"wnk1a	wnk4b"
regulation of cristae formation	GO:1903850	oma1
diet induced thermogenesis	GO:0002024	oma1
integrated stress response signaling	GO:0140467	"atf4a	oma1"
HRI-mediated signaling	GO:0140468	"atf4a	oma1"
regulation of phosphatase activity	GO:0010921	ppp1r17
transcription-coupled nucleotide-excision repair	GO:0006283	"ercc3	ercc8	polr2i	uvssa"
catabolic process	GO:0009056	pter
positive regulation of epiboly involved in gastrulation with mouth forming second	GO:1904088	"plcd4a	sec14l8"
regulation of convergent extension involved in axis elongation	GO:1901232	"plcd4a	sec14l8"
Wnt signaling pathway, calcium modulating pathway	GO:0007223	"fzd2	plcd4a	ryk	sec14l8	wnt5b"
G protein-coupled adenosine receptor signaling pathway	GO:0001973	"adora1a	adora1b	adora2aa	adora2ab	adora2b	adora3a.1	gnai2a	gnai2b"
regulation of cell proliferation involved in tissue homeostasis	GO:0060784	"adora2aa	lef1"
regulation of type B pancreatic cell proliferation	GO:0061469	"adora2aa	bbs1	bbs4"
uroporphyrinogen III biosynthetic process	GO:0006780	uros
chemical synaptic transmission, postsynaptic	GO:0099565	ric3b
negative regulation of TORC2 signaling	GO:1903940	"deptor	si:dkeyp-97e7.9"
Spemann organizer formation at the embryonic shield	GO:0060063	"admp	cftr	fgf4	foxh1	tbx16	tbxta"
regulation of heme biosynthetic process	GO:0070453	"tmem14a	tmem14ca	tmem14cb"
positive regulation of cytokine production involved in immune response	GO:0002720	"zgc:153631	zgc:153759	zgc:158862"
positive regulation of T cell migration	GO:2000406	"dock8	socs1a	zgc:153631	zgc:153759	zgc:158862"
negative regulation of alpha-beta T cell proliferation	GO:0046642	"zgc:153631	zgc:153759	zgc:158862"
synaptic vesicle priming	GO:0016082	"otofa	otofb	rims3	snap23.1	snap23.2	snap25a	snap25b	snap29	snap47	zgc:101731"
antibiotic biosynthetic process	GO:0017000	eevs
regulation of vasculogenesis	GO:2001212	"elmo1	elmo2	elmo3	stag1a	stag2b	vezf1b"
regulation of collagen biosynthetic process	GO:0032965	"pkd1a	pkd1b	pkd2"
RNA catabolic process	GO:0006401	"exosc8	mtrex	rnaseh2c	rnaset2	skic2	skic3	ythdf2"
complement receptor mediated signaling pathway	GO:0002430	"cmklrl2	fpr1	si:ch73-160i9.3	si:dkey-117a8.1	si:dkey-211g8.1	si:dkey-42l23.4	si:dkey-42l23.7"
establishment of tissue polarity	GO:0007164	ccdc57
lymphocyte differentiation	GO:0030098	"akap10	asm	cam	il2rga	jak3	jas	rag2	sart3	stat5a	tbl3"
regulation of natural killer cell mediated cytotoxicity	GO:0042269	"pik3r6a	pik3r6b"
folic acid-containing compound metabolic process	GO:0006760	ggh
tetrahydrofolylpolyglutamate metabolic process	GO:0046900	"ggh	zgc:171566"
chitin catabolic process	GO:0006032	"chia.2	chia.3	chia.4"
serotonin biosynthetic process	GO:0042427	"ddc	th2	tph1a	tph1b	tph2"
catecholamine biosynthetic process	GO:0042423	"ddc	hdc	th	th2"
regulation of cell-cell adhesion mediated by cadherin	GO:2000047	"flot2a	hs2st1a	htt	prnpb"
pattern recognition receptor signaling pathway	GO:0002221	"tlr21	tlr22"
antibacterial humoral response	GO:0019731	"si:ch211-180a12.2	tfa	tlr21	tlr9	wfdc2"
cardiac atrium development	GO:0003230	"acvr1l	grem2b	myh6"
muscle cell fate specification	GO:0042694	"disp1	gli1	gli2a	myl2a	myl2b	scube2	shha	sox6"
nuclear-transcribed mRNA catabolic process, 3'-5' exonucleolytic nonsense-mediated decay	GO:0070478	"skic2	skic8"
regulation of dendrite extension	GO:1903859	gjd2b
adipose tissue development	GO:0060612	"arid5b	gh1	mtch2	rspo3	sox6"
xenobiotic detoxification by transmembrane export across the plasma membrane	GO:1990961	"slc22a18	slc47a1	slc47a2.1	slc47a2.2	slc47a3	slc47a4	slc47a5"
positive regulation of nuclear cell cycle DNA replication	GO:0010571	"dbf4	dbf4b"
neural precursor cell proliferation	GO:0061351	"ankle2	heatr1	kctd13	melk	vrk1"
melatonin biosynthetic process	GO:0030187	"aanat1	aanat2	asmt2"
biogenic amine catabolic process	GO:0042402	mao
positive regulation of protein targeting to mitochondrion	GO:1903955	tomm7
negative regulation of organ growth	GO:0046621	"wwc1	wwc3"
negative regulation of neuron migration	GO:2001223	"nexmifb	srgap2"
dendritic spine development	GO:0060996	"ephb3a	srgap2"
positive regulation of myeloid cell differentiation	GO:0045639	"csf3a	csf3b	stat5a"
regulation of monoatomic ion transport	GO:0043269	"fxyd11	fxyd2	fxyd3	fxyd5	fxyd6	fxyd6l	fxyd7"
mitochondrial translational termination	GO:0070126	"mrpl58	mtrf1l"
positive regulation of calcium ion-dependent exocytosis	GO:0045956	"cacna1ia	doc2a	doc2b	doc2g	rph3ab	scamp5a"
pigment granule organization	GO:0048753	bloc1s1
surfactant homeostasis	GO:0043129	bloc1s1
low-density lipoprotein particle clearance	GO:0034383	"cd36	stab1	stab2"
receptor-mediated endocytosis involved in cholesterol transport	GO:0090118	"ldlra	stab1	stab2"
positive regulation of lymphangiogenesis	GO:1901492	"hoxc9a	stab1	stab2"
oxidised low-density lipoprotein particle clearance	GO:0150024	"stab1	stab2"
tRNA export from nucleus	GO:0006409	"nol6	xpot"
tRNA re-export from nucleus	GO:0071528	xpot
establishment of mitotic spindle localization	GO:0040001	"clasp2	diaph2	nusap1	rhoab"
positive regulation of sodium ion export across plasma membrane	GO:1903278	"fxyd11	fxyd2	fxyd3	fxyd5	fxyd6	fxyd7"
negative regulation of multicellular organism growth	GO:0040015	igfbp2a
positive regulation of Ras protein signal transduction	GO:0046579	"shoc2	stk19"
regulation of DNA strand resection involved in replication fork processing	GO:0110026	znf365
regulation of double-strand break repair via homologous recombination	GO:0010569	"rtel1	shld2	terf2ip	zgc:101664	znf365"
negative regulation of voltage-gated calcium channel activity	GO:1901386	cbarpb
transdifferentiation	GO:0060290	"insm1a	insm1b"
regulation of signal transduction by p53 class mediator	GO:1901796	urb2
late endosome to lysosome transport	GO:1902774	arl8ba
lysosome localization	GO:0032418	"arl8ba	bloc1s2	borcs5	borcs6	kxd1	plekhm2	snapin	tmem106bb"
autophagosome-lysosome fusion	GO:0061909	"arl8ba	atp13a2	epg5"
regulation of type I interferon-mediated signaling pathway	GO:0060338	cav1
regulation of defense response to virus	GO:0050688	"cav1	irf1b	traf3"
regulation of cell cycle G2/M phase transition	GO:1902749	stmn4
positive regulation of developmental process	GO:0051094	"ndr1	runx2a	runx2b	tdgf1"
positive regulation of mitotic metaphase/anaphase transition	GO:0045842	"anapc11	anapc7	cdc16	cdc23"
adult locomotory behavior	GO:0008344	"btbd9	tdp1"
urate catabolic process	GO:0019628	"uox	urad	uraha"
purine nucleobase metabolic process	GO:0006144	"adka	adkb	allc	cgasa	gmpr	gmpr2	ttr	uox	urad	uraha	urahb"
calcium ion export across plasma membrane	GO:1990034	"mlnl	slc35g1"
mitotic spindle assembly checkpoint signaling	GO:0007094	"bub1	bub1ba	bub1bb	bub3	mad1l1	mad2l1	spdl1	ttk	zw10	zwilch"
negative regulation of membrane protein ectodomain proteolysis	GO:0051045	"timp2a	timp2b	timp4.1	timp4.3"
disruption of plasma membrane integrity in another organism	GO:0051673	"h2ax1	hist1h2a1	si:dkey-108k21.15"
atrial cardiac muscle cell differentiation	GO:0055011	"isl1a	nr2f1a"
pancreatic D cell development	GO:0003324	isl1a
sinoatrial node cell development	GO:0060931	isl1a
self proteolysis	GO:0097264	"adgrv1	asah1b	caspa	caspb	ihhb	shha	shhb"
regulation of oligodendrocyte progenitor proliferation	GO:0070445	"adgrg1	ihhb"
intein-mediated protein splicing	GO:0016539	"dhh	ercc6l	ihha	ihhb	shha"
chondrocyte intercalation involved in growth plate cartilage morphogenesis	GO:0003428	"chrna1	kmt2d	rap1aa	rap1b"
membrane repolarization	GO:0086009	chrna1
lateral line nerve glial cell development	GO:0048937	foxd3
pigment cell differentiation	GO:0050931	"alx4a	foxd3	mib1	nrarpa	sox10"
DNA replication preinitiation complex assembly	GO:0071163	cdt1
regulation of DNA-templated DNA replication initiation	GO:0030174	"cdt1	gmnc	gmnn	ticrr"
regulation of autophagosome assembly	GO:2000785	"tbc1d12b	tbc1d14"
positive regulation of autophagy of mitochondrion	GO:1903599	fbxo7
microtubule nucleation	GO:0007020	"clasp2	haus2	nde1	ndel1a	ndel1b	nedd1	tubg1	tubgcp2	tubgcp3	tubgcp4	tubgcp5	zgc:66447"
mitotic centrosome separation	GO:0007100	"aurka	nde1	ndel1a	ndel1b"
neuroinflammatory response	GO:0150076	"epm2a	nde1"
centrosome localization	GO:0051642	"dlgap5	ints13	nde1	ndel1a	ndel1b"
regulation of cell projection size	GO:0032536	nde1
establishment of chromosome localization	GO:0051303	"nde1	ndel1a	ndel1b"
L-glutamate import across plasma membrane	GO:0098712	"slc1a2a	slc1a2b	slc1a3a	slc1a3b	slc1a9"
L-aspartate transmembrane transport	GO:0070778	"slc1a2a	slc1a2b	slc1a9"
regulation of inclusion body assembly	GO:0090083	bag5
negative regulation of endoplasmic reticulum stress-induced intrinsic apoptotic signaling pathway	GO:1902236	herpud1
regulation of ERAD pathway	GO:1904292	"herpud1	rnf121"
positive regulation of exocytosis	GO:0045921	rab27a
isopentenyl diphosphate biosynthetic process	GO:0009240	idi1
dimethylallyl diphosphate biosynthetic process	GO:0050992	idi1
spermidine acetylation	GO:0032918	"sat1a.1	sat1a.2"
putrescine catabolic process	GO:0009447	"sat1a.1	sat1a.2	sat1b"
antimicrobial humoral immune response mediated by antimicrobial peptide	GO:0061844	"cxcl14	cxcl8a"
negative regulation of transcription by RNA polymerase III	GO:0016480	"maf1a	maf1b"
dorsal spinal cord development	GO:0021516	"draxina	neurog1"
commissural neuron differentiation in spinal cord	GO:0021528	draxina
glycerol metabolic process	GO:0006071	"dgat2	gk5	mogat3a	tkfc	zgc:172295"
regulation of response to endoplasmic reticulum stress	GO:1905897	"dgat2	mbtps2	mia2	mia3	scfd1	sigmar1	tm6sf2b	trappc11	wfs1b"
diacylglycerol biosynthetic process	GO:0006651	"dgat2	mogat2"
sensory perception of taste	GO:0050909	"gng13a	gng13b	ora3.1	tas1r1	tas2r200.1	tas2r200.2	tas2r201.1	tas2r201.2	tas2r202	tas2r203	tas2r3"
regulation of Fc receptor mediated stimulatory signaling pathway	GO:0060368	csk
organelle organization	GO:0006996	"cluha	mul1	mul2	mul3	si:ch211-166a6.5"
resolution of meiotic recombination intermediates	GO:0000712	"cenps	cenpx	eme1	ercc4	msrb1b	mus81	rmi1	top2a	top2b	zgc:85936"
regulation of RNA metabolic process	GO:0051252	"hnrnpaba	hnrnpabb	hnrnpd"
positive regulation of macromolecule biosynthetic process	GO:0010557	"hnrnpaba	hnrnpabb	hnrnpd"
termination of mitochondrial transcription	GO:0006393	mterf2
tRNA C3-cytosine methylation	GO:0106217	dalrd3
sterol transport	GO:0015918	"npc1	npc2.1	npc2.2"
neural tube closure	GO:0001843	"arhgef19	bbs9	ccdc85b	grhl3	phactr4a	phactr4b	tdgf1	vaspa	vaspb"
meiotic chromosome separation	GO:0051307	espl1
regulation of ribosome biogenesis	GO:0090069	urb1
induction of bacterial agglutination	GO:0043152	"itln2	tmsb"
positive regulation of cardiac muscle cell proliferation	GO:0060045	"hdac1	itga3b"
L-methionine salvage from S-adenosylmethionine	GO:0019284	"apip	enoph1	mri1"
lens fiber cell morphogenesis	GO:0070309	"atf4a	fn1a	itga5	mipa	mipb	pikfyve	ptk2ab"
regulation of convergent extension involved in gastrulation	GO:1904103	"lurap1	pigp	pitx2	ptk2ab"
activation of protein kinase A activity	GO:0034199	prrc1
positive regulation of toll-like receptor 3 signaling pathway	GO:0034141	wdfy1
positive regulation of toll-like receptor 4 signaling pathway	GO:0034145	"ninj1	wdfy1"
positive regulation of non-canonical Wnt signaling pathway	GO:2000052	"lbx2	rspo3	tpbg1b	wnt5b"
p38MAPK cascade	GO:0038066	"map3k4	map3k5	mapk14a	mapk14b	si:ch211-1i11.3"
limb development	GO:0060173	"crbn	intu	kat2a	kat2b"
regulation of intrinsic apoptotic signaling pathway in response to DNA damage by p53 class mediator	GO:1902165	topbp1
positive regulation of substrate adhesion-dependent cell spreading	GO:1900026	triobpb
SREBP signaling pathway	GO:0032933	"erlin1	insig1	insig2	scap	srebf2"
calcium activated phosphatidylcholine scrambling	GO:0061590	ano6
calcium activated phosphatidylserine scrambling	GO:0061589	ano6
negative regulation of cell adhesion	GO:0007162	"plxnb1b	plxnb2a.1	plxnb2b	plxnb3	plxnd1	ripor2"
serotonin receptor signaling pathway	GO:0007210	"htr2ab	htr2b	htr2cl1	nos1"
phospholipase C-activating serotonin receptor signaling pathway	GO:0007208	"htr2ab	htr2b	htr2cl1"
exocyst localization	GO:0051601	"exoc3	exoc3l1	exoc3l4	si:dkey-196h17.9	si:dkey-45k15.1	tnfaip2b"
collagen metabolic process	GO:0032963	"p3h1	p3h2	p3h3"
regulation of skeletal muscle fiber development	GO:0048742	"carm1	dnm1a	fbxo22	fkrp	hnrnpl2	jam2a	mpv17	mymk	neu1	prmt5	sgcd"
skeletal muscle atrophy	GO:0014732	sgcd
negative regulation of nuclear-transcribed mRNA catabolic process, nonsense-mediated decay	GO:2000623	"dhx34	nbas"
peripheral nervous system myelin maintenance	GO:0032287	adgrg1
selenocysteine biosynthetic process	GO:0016260	"sephs1	sephs3"
phosphatidic acid biosynthetic process	GO:0006654	"abhd8b	agpat2	dgkaa	pld1a	pld1b	pld2"
regulation of microvillus assembly	GO:0032534	"pld1a	podxl"
regulation of mitochondrial mRNA stability	GO:0044528	"fastk	fastkd1	fastkd2	fastkd3	tbrg4"
positive regulation of B cell receptor signaling pathway	GO:0050861	si:ch211-243a20.4
regulation of B cell differentiation	GO:0045577	si:ch211-243a20.4
long-term synaptic potentiation	GO:0060291	"grin2ab	grin2bb	grin2ca	grin2cb	grin2da"
dendritic cell antigen processing and presentation	GO:0002468	"cd209	cd74a	cd80/86	cd83"
alanyl-tRNA aminoacylation	GO:0006419	"aars1	aars2"
protein deubiquitination involved in ubiquitin-dependent protein catabolic process	GO:0071947	"otud7a	zranb1b"
embryonic limb morphogenesis	GO:0030326	"sp8b	sp9"
cellular response to vascular endothelial growth factor stimulus	GO:0035924	"kdr	mapkapk2a	mapkapk2b"
supramolecular fiber organization	GO:0097435	sdc2
positive regulation of interferon-alpha production	GO:0032727	hspd1
positive regulation of type II interferon production	GO:0032729	hspd1
positive regulation of interleukin-6 production	GO:0032755	"hspd1	tlr8a	tlr8b	tlr9"
mitochondrial unfolded protein response	GO:0034514	hspd1
fatty acid elongation	GO:0030497	"elovl5	elovl6	hacd1	hacd2	hacd3	hacd4"
axis specification	GO:0009798	"gdf3	macf1a"
oocyte animal/vegetal axis specification	GO:0060832	"buc	macf1a"
detoxification of cadmium ion	GO:0071585	abcc1
detoxification	GO:0098754	"abcc1	abcc4"
glutathione transmembrane transport	GO:0034775	abcc1
heme transmembrane transport	GO:0035351	abcc5
inhibition of non-skeletal tissue mineralization	GO:0140928	abcc6a
very long-chain fatty acid catabolic process	GO:0042760	"abcd1	abcd3a	abcd3b	abcd4"
long-chain fatty acid import into peroxisome	GO:0015910	"abcd1	abcd3a	abcd3b	abcd4"
Fas signaling pathway	GO:0036337	casp8ap2
spindle assembly involved in female meiosis II	GO:0007058	birc5b
astral microtubule organization	GO:0030953	birc5b
meiotic metaphase chromosome alignment	GO:0051311	birc5b
protein localization to microtubule	GO:0035372	"mapre1a	mapre2"
peptidyl-aspartic acid hydroxylation	GO:0042264	"asph	unm_hu7910"
microglia differentiation	GO:0014004	"csf1ra	trim35-28	xpr1b"
neuromast deposition	GO:0048885	"aldh1l1	lmln	prox1a	sulf1"
regulation of syncytium formation by plasma membrane fusion	GO:0060142	"slc3a2a	slc3a2b"
response to acidic pH	GO:0010447	"gpr132a	gpr132b	gpr4	gpr68"
lymphoid lineage cell migration into thymus	GO:0097535	"cbfb	ccl25a	ccl25b	ccr9a	cftr	cxcl12a	cxcl12b	irf4a	tnnt2a"
positive regulation of cytokinesis	GO:0032467	"aurkb	cdc14aa	cdc14ab	cspp1a	cspp1b	map10"
regulation of postsynaptic density assembly	GO:0099151	"lrrc4ba	lrrc4bb"
negative regulation of reactive oxygen species biosynthetic process	GO:1903427	"abcb7	hace1	park7"
cardiac ventricle morphogenesis	GO:0003208	"arnt2	fgf8a	fhl1a	hace1	ltbp3	myh6"
ribophagy	GO:0034517	rb1cc1
protein O-linked fucosylation	GO:0036066	"pofut1	pofut2"
cerebral cortex development	GO:0021987	"btbd3a	pals1a	tacc3"
myo-inositol transport	GO:0015798	slc5a3a
snRNA modification	GO:0040031	"mepcea	mepceb"
GMP metabolic process	GO:0046037	"nt5c2a	nt5c2b"
myelination of anterior lateral line nerve axons	GO:0048914	"erbb2	erbb3b	nsfa"
regulation of early endosome to late endosome transport	GO:2000641	"dennd10	map2k1	map2k2a	map2k2b"
RNA polymerase II core complex assembly	GO:1990114	"gtf2b	pfdn5"
transcriptional start site selection at RNA polymerase II promoter	GO:0001174	gtf2b
transcription preinitiation complex assembly	GO:0070897	"brf1a	brf1b	brf2	gtf2b"
cardiac muscle myosin thick filament assembly	GO:0071690	smyd1b
regulation of cardiac muscle fiber development	GO:0055018	"scfd1	smyd1b"
DNA damage response, signal transduction by p53 class mediator resulting in cell cycle arrest	GO:0006977	e2f7
negative regulation of cytokinesis	GO:0032466	"aurkb	chmp4bb	e2f7	e2f8"
positive regulation of DNA endoreduplication	GO:0032877	"e2f7	e2f8"
mitotic G2/M transition checkpoint	GO:0044818	"chfr	ints3	nabp1a	nabp1b	nabp2	si:dkey-249d8.1"
negative regulation of necroptotic process	GO:0060546	"adprs	birc2"
regulation of release of sequestered calcium ion into cytosol	GO:0051279	"bcl2l10	tmem38a	tmem38b"
folic acid-containing compound biosynthetic process	GO:0009396	"fpgs	mthfs"
purine nucleobase catabolic process	GO:0006145	"uox	zgc:103559"
urate metabolic process	GO:0046415	uox
positive regulation of intermediate filament depolymerization	GO:0030844	nes
embryonic camera-type eye development	GO:0031076	"bicdl1	fgf8a	gdf6a	hspa8	igf1ra	igf1rb	irx1a	lmo4a	mab21l2	mib1	nes	shha	smo"
positive regulation of neural precursor cell proliferation	GO:2000179	"gper1	nes"
mitochondrial ATP transmembrane transport	GO:1990544	"si:dkey-251i10.1	slc25a17l	slc25a24	slc25a4	slc25a5	slc25a6"
mitochondrial ADP transmembrane transport	GO:0140021	"si:dkey-251i10.1	slc25a17l	slc25a4	slc25a5	slc25a6"
negative regulation of retinal cell programmed cell death	GO:0046671	"cct3	crx"
mitotic DNA replication initiation	GO:1902975	"gins3	mcm2	mcm3	mcm3l	mcm4	pola1"
sensory neuron axon guidance	GO:0097374	"ext2	mmp25b	ptprfa	ptprfb"
anterior/posterior axon guidance	GO:0033564	"dcc	extl3	fzd3a	ntn1a	robo2	scrib	slit2	unc5b	vangl2"
regulation of sister chromatid segregation	GO:0033045	rmi2
maintenance of rDNA	GO:0043007	rmi2
retrotransposition	GO:0032197	si:ch211-196c10.15
chondrocyte morphogenesis	GO:0090171	"mpi	pmm2"
negative regulation of synapse assembly	GO:0051964	"robo2	slit1a"
regulation of organelle organization	GO:0033043	"mapk1	mapk3"
paraxial mesodermal cell differentiation	GO:0048342	msgn1
axis elongation	GO:0003401	"ap1g1	ap1g2	cbsb	ctnnd1	fn1a	gdpd5b	itga5	nat8	nphp4	stat3	stk25a	vangl2"
ventral midline development	GO:0007418	"foxa2	rfx4"
detection of calcium ion	GO:0005513	"kcnmb2a	kcnmb3	s100p"
pyrimidine nucleobase metabolic process	GO:0006206	tymp
pyrimidine nucleoside metabolic process	GO:0006213	tymp
regulation of vitellogenesis	GO:1903186	gper1
negative regulation of oocyte maturation	GO:1900194	gper1
negative regulation of meiotic cell cycle	GO:0051447	gper1
snRNA import into nucleus	GO:0061015	"ran	snupn"
detection of chemical stimulus involved in sensory perception	GO:0050907	trpa1b
chemosensory behavior	GO:0007635	trpa1b
sensory perception of chemical stimulus	GO:0007606	"cd36	gnal	taar13c	trpa1b"
detection of chemical stimulus involved in sensory perception of pain	GO:0050968	trpa1b
proline catabolic process to glutamate	GO:0010133	"aldh4a1	prodha	zgc:92040"
pronephric proximal tubule development	GO:0035776	"ift74	mecom	ocrl	osr1	sim1a"
asparagine transport	GO:0006867	"slc38a3b	slc38a7	slc38a9"
histidine transport	GO:0015817	slc38a3b
global gene silencing by mRNA cleavage	GO:0098795	"dicer1	tarbp2"
positive regulation of ATP-dependent activity	GO:0032781	rgn
L-ascorbic acid biosynthetic process	GO:0019853	rgn
hexose metabolic process	GO:0019318	galm
galactose catabolic process via UDP-galactose	GO:0033499	"gale	galm	galt"
response to prostaglandin	GO:0034694	"cd36	fabp4b"
amyloid-beta clearance by cellular catabolic process	GO:0150094	cd36
response to vitamin B3	GO:0033552	"cd36	fabp4b	gpr109al"
meiotic sister chromatid cohesion	GO:0051177	"hormad1	ppp2r5cb	ppp2r5d	rec8b	sgo2"
regulation of homologous chromosome segregation	GO:0060629	hormad1
meiotic DNA double-strand break formation	GO:0042138	"hormad1	mei4	mre11a	spo11	zgc:195212"
dolichol biosynthetic process	GO:0019408	"nus1	srd5a3"
regulation of cardiac muscle tissue regeneration	GO:1905178	"cebpd	shha	trpc6a"
neural tissue regeneration	GO:0097719	cebpd
granulocyte differentiation	GO:0030851	"cebpa	csf3r	dnmt1	ncoa2	plcg1	rnf4	sbds	srp54"
organelle localization	GO:0051640	tspan4a
organelle assembly	GO:0070925	"tdrd6	tspan4a	tspan6"
polyadenylation-dependent ncRNA catabolic process	GO:0043634	tent4b
protein localization to Golgi membrane	GO:1903292	"arl5a	arl5c	arl8	rab41	rab6bb"
glycine biosynthetic process, by transamination of glyoxylate	GO:0019265	"agxta	agxtb"
sterol metabolic process	GO:0016125	"arv1	ebp	ebpl"
pronephric nephron development	GO:0039019	"pls3	sec61a1a"
cell dedifferentiation	GO:0043697	"apobec2a	apobec2b	ascl1a	cdk6	dkk1b	id2a	insm1a	klf1	pou5f3"
positive regulation of DNA binding	GO:0043388	"apobec2a	apobec2b"
cytidine to uridine editing	GO:0016554	"aicda	apobec2a	apobec2b"
ovulation cycle process	GO:0022602	lhcgr
luteinizing hormone signaling pathway	GO:0042700	"lhcgr	pgr"
ovulation	GO:0030728	"fshb	lepr	lhb	lhcgr	pgr	pgrmc1	pgrmc2"
oocyte maturation	GO:0001556	"ar	bmp15	ccnb1	ddx5	gsdf	igf3	lepr	lhb	mettl3	nemp1	nemp2	paqr7b	pgrmc1	pgrmc2	star	ybx1"
nuclear division	GO:0000280	"apoa2	sass6"
negative regulation of response to endoplasmic reticulum stress	GO:1903573	dnajb6b
RNA biosynthetic process	GO:0032774	ddx52
cotranslational protein targeting to membrane	GO:0006613	"arl6ip1	sec61a1a"
mitotic cell cycle phase transition	GO:0044772	"ccna2	ccnb1	ccnb2	ccnb3	ccnd2a	cdc6"
mitochondrial translational initiation	GO:0070124	"mtif2	mtif3"
negative regulation of inflammatory response to antigenic stimulus	GO:0002862	mkrn2
phosphatidylinositol-3-phosphate biosynthetic process	GO:0036092	"pik3c2b	pik3ca	pik3cb	pik3cd	zgc:158659"
synaptic vesicle budding from presynaptic endocytic zone membrane	GO:0016185	"dnm2b	mxa	mxb	mxc	mxd	mxe	mxf"
receptor internalization	GO:0031623	"dnm2b	fscn1a	mxa	mxb	mxc	mxd	mxe	mxf	ramp1	ramp2	tfr1a	tfr1b"
regulation of defense response to virus by host	GO:0050691	ifnphi1
cell migration involved in sprouting angiogenesis	GO:0002042	"arfgef2	cxcl12b	cxcr4a	efnb2a	fn1a	itga5	sirt1"
trigeminal sensory nucleus development	GO:0021730	"ackr3b	cxcl12a	cxcl12b	cxcr4b"
neutrophil activation	GO:0042119	"cxcr2	il15	il1b	il1fma"
lipid droplet organization	GO:0034389	"aup1	bscl2	bscl2l	fitm1l	fitm2	rab18a	rab18b	spast"
protein localization to lipid droplet	GO:1990044	aup1
detection of chemical stimulus	GO:0009593	trpa1a
neurotransmitter loading into synaptic vesicle	GO:0098700	"slc17a6a	slc17a6b	slc17a7a	slc17a8	slc32a1"
regulation of synapse structure or activity	GO:0050803	"ache	slc17a6a	slc17a6b	slc17a7a	slc17a8"
phosphate ion homeostasis	GO:0055062	"enpp1	entpd5a	slc17a6a	slc17a6b	slc17a8"
L-glutamate import	GO:0051938	"slc17a6a	slc17a6b"
synaptic transmission, glycinergic	GO:0060012	"glrba	slc6a5"
regulation of locomotor rhythm	GO:1904059	"nr1d1	opn4.1	opn4xb	scn1lab"
negative regulation of epiboly involved in gastrulation with mouth forming second	GO:1904087	fdx1
sulfur compound metabolic process	GO:0006790	"chst2a	chst2b	mmut	si:ch73-62b13.1	suox"
retinal blood vessel morphogenesis	GO:0061304	"cfi	lmo2"
monocyte activation	GO:0042117	"ccr2	myd88"
negative regulation of bone mineralization	GO:0030502	"ahsg1	ahsg2	fap	lgmn"
regulation of neuromuscular junction development	GO:1904396	"gan	nop56	smn1"
regulation of somitogenesis	GO:0014807	"cfap20	gan"
regulation of mitotic cell cycle phase transition	GO:1901990	nek11
tryptophan catabolic process to acetyl-CoA	GO:0019442	"tdo2a	tdo2b"
chitin biosynthetic process	GO:0006031	chs1
somatic cell DNA recombination	GO:0016444	aicda
positive regulation of amino acid transport	GO:0051957	cltrn
negative regulation of neutrophil chemotaxis	GO:0090024	"cxcl12a	cxcr4b	inpp5d	inppl1a"
transcription initiation-coupled chromatin remodeling	GO:0045815	"atad2b	phf2	vps72a	vps72b	zgc:158260"
mRNA transcription by RNA polymerase II	GO:0042789	c5ar1
mitochondrial tRNA 5'-end processing	GO:0097745	"prorp	trmt10c"
mitochondrial coenzyme A transmembrane transport	GO:1990559	slc25a16
regulation of translational termination	GO:0006449	"ogfod1	shfl"
nitrate metabolic process	GO:0042126	marc1
molybdopterin cofactor metabolic process	GO:0043545	mocos
rRNA base methylation	GO:0070475	"emg1	fdxacb1	mettl15	mettl16	nop2"
hematopoietic stem cell migration to bone marrow	GO:0097241	"cnr2	selp	selplg"
neutrophil activation involved in immune response	GO:0002283	"fpr1	myd88	syk"
positive regulation of cell adhesion mediated by integrin	GO:0033630	syk
cellular response to molecule of bacterial origin	GO:0071219	"cxcl8a	il1b	psmb9a"
mRNA 3'-end processing by stem-loop binding and cleavage	GO:0006398	"cpsf2	cpsf3	slbp2"
regulation of chromosome segregation	GO:0051983	"gcna	mki67	si:ch211-244o22.2"
apoptotic process involved in blood vessel morphogenesis	GO:1902262	"angptl4	cdh13	pdcd2l	perp	tp53"
malonyl-CoA biosynthetic process	GO:2001295	"acaca	acacb"
regulation of membrane depolarization	GO:0003254	"hcn1	hcn3"
positive regulation of osteoclast differentiation	GO:0045672	tmem64
multivesicular body sorting pathway	GO:0071985	"pdcd6ip	ptpn23a	ptpn23b	snf8	vps25"
cleavage in ITS2 between 5.8S rRNA and LSU-rRNA of tricistronic rRNA transcript (SSU-rRNA, 5.8S rRNA, LSU-rRNA)	GO:0000448	"gnl2	nol9"
sodium ion import across plasma membrane	GO:0098719	"ca15a	ca2	slc9a1b	slc9a2	slc9a3.1	slc9a3.2	slc9a5	slc9a6b	slc9a7"
regulation of endopeptidase activity	GO:0052548	psen1
bicarbonate transport	GO:0015701	"cftr	slc4a1a	slc4a1b	slc4a2b	slc4a3	slc4a8"
positive regulation of DNA replication	GO:0045740	"ctc1	npm2b"
vein smooth muscle contraction	GO:0014826	"edn1	edn2	edn3b	si:ch211-202p1.5"
regulation of systemic arterial blood pressure by endothelin	GO:0003100	"edn1	edn2	edn3b	si:ch211-202p1.5"
positive regulation of smooth muscle contraction	GO:0045987	"chrm3a	edn1	edn2	edn3b	si:ch211-202p1.5"
neuronal stem cell population maintenance	GO:0097150	"ccndx	cdh2	epas1b	fezf2	notch1b	notch3"
retinol transport	GO:0034633	"rbp4	stra6	stra6l"
peptidyl-arginine hydroxylation	GO:0030961	ndufaf5
regulation of xanthophore differentiation	GO:0050938	"csf1ra	pax7a	pax7b"
meiotic DNA integrity checkpoint signaling	GO:0044778	zgc:162895
secondary metabolic process	GO:0019748	acmsd
negative regulation of quinolinate biosynthetic process	GO:1904985	acmsd
neuromuscular junction development, skeletal muscle fiber	GO:0098529	"inpp5ka	myo9aa	myo9ab"
nuclear pore organization	GO:0006999	"ndc1	nup35	seh1l"
regulation of endodermal cell differentiation	GO:1903224	osr1
regulation of nodal signaling pathway	GO:1900107	"aplnra	aplnrb	fscn1a	gdf3	net1	osr1	smad4a"
intermediate mesoderm development	GO:0048389	"osr1	tbx16"
podocyte differentiation	GO:0072112	"kif21a	osr1	ptpro	wt1a	wt1b"
angioblast cell differentiation	GO:0035779	"etsrp	osr1"
glycoprotein transport	GO:0034436	scfd1
estrogen receptor signaling pathway	GO:0030520	"esr1	esr2a	esr2b"
regulation of transmission of nerve impulse	GO:0051969	kcnab2b
regulation of action potential	GO:0098900	kcnab2b
regulation of Golgi inheritance	GO:0090170	"map2k1	map2k2a	map2k2b"
regulation of stress-activated MAPK cascade	GO:0032872	"map2k1	map2k2a	map2k2b"
positive regulation of cell cycle G2/M phase transition	GO:1902751	"cdc25b	cdc25d	dyrk3"
stress granule disassembly	GO:0035617	"dyrk3	zfand1"
L-arginine biosynthetic process	GO:0006526	"ass1	nags"
argininosuccinate metabolic process	GO:0000053	ass1
regulation of oocyte maturation	GO:1900193	"inha	oxr1a"
regulation of response to oxidative stress	GO:1902882	"nfe2	oxr1a	oxr1b"
positive regulation of long-chain fatty acid import across plasma membrane	GO:0010747	acsl5
protein-containing complex localization	GO:0031503	"epb41l5	utp3"
positive regulation of double-strand break repair via homologous recombination	GO:1905168	"actr2a	actr2b	hdgfl2	mrnip	pias4a	rnf8	wdr48b"
histidyl-tRNA aminoacylation	GO:0006427	hars
Golgi localization	GO:0051645	"arcn1a	arcn1b	copb2"
UDP-galactose transmembrane transport	GO:0072334	slc35b1
negative regulation of circadian rhythm	GO:0042754	"cipca	cipcb	si:ch211-132b12.7"
water transport	GO:0006833	"aqp10a	aqp10b	aqp3a	aqp3b	aqp4	aqp8a.1	aqp8a.2	aqp9a	aqp9b	mipa	mipb"
protein exit from endoplasmic reticulum	GO:0032527	"sec13	steep1	tecpr2"
endoplasmic reticulum membrane organization	GO:0090158	"reep5	steep1	vapb"
carbohydrate derivative metabolic process	GO:1901135	"gfpt1	gfpt2	gpia	gpib"
UDP-N-acetylglucosamine metabolic process	GO:0006047	"b4galnt2.1	b4galnt2.2	gfpt1	gfpt2	gne"
carbohydrate derivative biosynthetic process	GO:1901137	"gfpt1	gfpt2"
fat pad development	GO:0060613	scd
monounsaturated fatty acid biosynthetic process	GO:1903966	scd
response to fatty acid	GO:0070542	scd
positive regulation of stress fiber assembly	GO:0051496	"limk1a	limk1b	ppm1e	ppm1f	rock1	tesk1a	tesk1b"
error-prone translesion synthesis	GO:0042276	"pole2	polh	polk	primpol	rev1"
error-free translesion synthesis	GO:0070987	"poldip2	poln	rev1"
negative regulation of cellular senescence	GO:2000773	"tert	ybx1"
adherens junction maintenance	GO:0034334	"cdh1	ctnna1	fyna	inavaa	inavab	jupa	prkci	prnpb	yes1"
calcitriol biosynthetic process from calciol	GO:0036378	"cyp27a1.1	cyp27a1.2	cyp27a1.4	cyp27a2	cyp27a3	cyp27b1	zgc:136333"
regulation of ubiquinone biosynthetic process	GO:0010795	"pptc7a	pptc7b"
tRNA wobble base cytosine methylation	GO:0002127	nsun3
regulation of mitochondrial translation	GO:0070129	nsun3
maintenance of lens transparency	GO:0036438	"hsf4	mipa	mipb	pgrmc1"
aspartyl-tRNA aminoacylation	GO:0006422	"dars1	dars2"
membrane protein intracellular domain proteolysis	GO:0031293	"mbtps2	rgma"
protein adenylylation	GO:0018117	ficd
phagocytosis, engulfment	GO:0006911	"bin2a	bin2b	clcn7	ywhaba"
regulation of cell junction assembly	GO:1901888	rock2a
protein catabolic process in the vacuole	GO:0007039	rock2a
mesodermal cell differentiation	GO:0048333	rock2a
positive regulation of centrosome duplication	GO:0010825	"rock2a	rock2b"
peptidyl-cysteine S-trans-nitrosylation	GO:0035606	gapdh
protein palmitoleylation	GO:0045234	zdhhc15b
peptide hormone processing	GO:0016486	"ece1	furina	furinb	pcsk1	pcsk2	pcsk5b"
smoothened signaling pathway involved in ventral spinal cord patterning	GO:0021910	boc
heart field specification	GO:0003128	"fn1a	fn1b	lft2	mespaa"
U2 snRNA 3'-end processing	GO:0034474	ints1
neuron projection guidance	GO:0097485	plxna1b
trigeminal nerve morphogenesis	GO:0021636	cad
glossopharyngeal nerve morphogenesis	GO:0021615	cad
facial nerve morphogenesis	GO:0021610	"cad	rest"
vagus nerve morphogenesis	GO:0021644	cad
regulation of homocysteine metabolic process	GO:0050666	cbsb
negative regulation of centrosome duplication	GO:0010826	ccnf
vacuolar protein processing	GO:0006624	"lgmn	tmem208"
chondroitin sulfate proteoglycan metabolic process	GO:0050654	dcn
cellular response to ethanol	GO:0071361	glra1
response to ATP	GO:0033198	"p2rx1	p2rx2	p2rx3a	p2rx3b	p2rx4a	p2rx4b	p2rx5	p2rx7	p2rx8"
immune response-regulating cell surface receptor signaling pathway	GO:0002768	cd40
TRIF-dependent toll-like receptor signaling pathway	GO:0035666	"cd40	ticam1"
maintenance of mitochondrion location	GO:0051659	"snpha	snphb"
negative regulation of myelination	GO:0031642	"fbxw7	tnfrsf21"
replication fork reversal	GO:0071932	"carm1	dna2	parp1"
DNA replication, Okazaki fragment processing	GO:0033567	dna2
microtubule nucleation by interphase microtubule organizing center	GO:0051415	mzt1
paracrine signaling	GO:0038001	cgasa
positive regulation of defense response to virus by host	GO:0002230	"bmp8a	cgasa	sting1"
cellular response to exogenous dsRNA	GO:0071360	cgasa
nucleate erythrocyte differentiation	GO:0043363	"ago2	rasa3"
vasodilation	GO:0042311	"adora2b	drd1b"
cell aggregation	GO:0098743	st14a
maintenance of epithelial cell apical/basal polarity	GO:0045199	"epb41l5	lin7c	pals1a	prkci	rras"
dorsal motor nucleus of vagus nerve development	GO:0021744	"epb41l5	gmds	pals1a	prkci"
L-arabinose metabolic process	GO:0046373	"otog	otogl"
DNA topological change	GO:0006265	"ercc3	top1a	top1b	top1mt	top2a	top2b	top3a	top3b	zgc:173742"
lagging strand elongation	GO:0006273	"lig1	lig3	pola1"
leucyl-tRNA aminoacylation	GO:0006429	"lars1b	lars2"
membrane fission	GO:0090148	"chmp4ba	coro1ca	spast"
endosome membrane tubulation	GO:0097750	coro1ca
endosome fission	GO:0140285	"coro1ca	washc5"
succinyl-CoA metabolic process	GO:0006104	"sucla2	suclg2"
glutamate catabolic process	GO:0006538	"glud1a	glud1b"
positive regulation of vacuole organization	GO:0044090	elapor1
epithelial cell-cell adhesion	GO:0090136	"cldn7b	plekha7a	popdc1	svep1"
zonula adherens maintenance	GO:0045218	plekha7a
skeletal muscle acetylcholine-gated channel clustering	GO:0071340	"grna	musk"
specification of animal organ axis polarity	GO:0010084	"atp1a2a	dand5"
fluid transport	GO:0042044	"atp1a2a	slc8a4a"
cardiocyte differentiation	GO:0035051	"atp1a1a.1	hand2"
cell migration involved in heart formation	GO:0060974	"atp1a1a.1	cemip2"
GDP-mannose metabolic process	GO:0019673	gmds
regulation of vascular associated smooth muscle cell proliferation	GO:1904705	gmds
vagus nerve development	GO:0021564	"gli1	gmds"
ventricular cardiac muscle tissue morphogenesis	GO:0055010	"gata4	mybpc3	tnnt2a"
cardiac atrium formation	GO:0003210	mybpc3
positive regulation of intrinsic apoptotic signaling pathway	GO:2001244	"bida	styxl1"
regulation of type B pancreatic cell development	GO:2000074	"crb2b	lama1"
establishment of epithelial cell apical/basal polarity involved in camera-type eye morphogenesis	GO:0003412	lama1
R-loop processing	GO:0062176	"nbn	primpol"
protein localization to site of double-strand break	GO:1990166	"nbn	slf1"
optic chiasma development	GO:0061360	slit2
optic nerve morphogenesis	GO:0021631	"six3a	six3b	slit2"
regulation of muscle organ development	GO:0048634	"pip4k2aa	taf3"
cortisol metabolic process	GO:0034650	"cyp11a1.1	cyp11c1	hsd11b2"
C21-steroid hormone biosynthetic process	GO:0006700	cyp11a1.1
glucocorticoid biosynthetic process	GO:0006704	"cyp11a1.1	cyp21a2"
cellular response to peptide hormone stimulus	GO:0071375	cyp11a1.1
positive regulation of microtubule polymerization	GO:0031116	"clip1a	cyp11a1.1	zgc:66447"
vacuole fusion, non-autophagic	GO:0042144	vps16
homotypic cell-cell adhesion	GO:0034109	"cd99	cxadr"
positive regulation of lipopolysaccharide-mediated signaling pathway	GO:0031666	"ly86	myd88"
regulation of proteasomal protein catabolic process	GO:0061136	"psme1	psme2	psme3	rhbdf1a	traf7"
regulation of protein secretion	GO:0050708	rhbdf1a
negative regulation of protein secretion	GO:0050709	"rhbdf1a	rhbdf1b	sergef"
regulation of fibroblast growth factor receptor signaling pathway	GO:0040036	"cnpy1	dusp6	foxc1a	hspa8	htra1a	ncl	ptpro	rerea	spry4"
establishment of epithelial cell apical/basal polarity	GO:0045198	"cdh2	cldn3c	cldn7b	fn1a	myo9aa	myo9ab	traf4a"
endocardial cell differentiation	GO:0060956	"fn1a	itga4	itga5	shha	shhb	smo"
cardioblast migration to the midline involved in heart rudiment formation	GO:0003319	"ednrab	fn1a	hspb7	s1pr2	spns2	vegfaa"
phenylacetate catabolic process	GO:0010124	acaa1
generation of catalytic spliceosome for second transesterification step	GO:0000350	"isy1	prpf18	si:dkey-86e18.1"
type II interferon-mediated signaling pathway	GO:0060333	"nod2	rigi"
response to muramyl dipeptide	GO:0032495	nod2
negative regulation of protein import into nucleus	GO:0042308	nkd1
necroptotic process	GO:0070266	"cyld	itpk1a"
protein linear deubiquitination	GO:1990108	"cyld	spata2"
regulation of intrinsic apoptotic signaling pathway	GO:2001242	cyld
negative regulation of p38MAPK cascade	GO:1903753	"cyld	dusp1"
CMP-N-acetylneuraminate metabolic process	GO:0046381	cmah
N-acetylneuraminate metabolic process	GO:0006054	"cmah	cmasa	cmasb"
regulation of mechanosensory behavior	GO:1905790	smpx
positive regulation of pseudopodium assembly	GO:0031274	"cdc42ep1a	cdc42ep1b	cdc42ep2	cdc42ep3	cdc42ep4a	cdc42ep4b	cdc42ep5	zgc:154093"
riboflavin transport	GO:0032218	"slc52a2	slc52a3-1	slc52a3-2a	slc52a3-2b"
'de novo' GMP biosynthetic process	GO:0106387	impdh1a
threonine catabolic process	GO:0006567	"gcat	tdh	tdh2	tha1"
glycine biosynthetic process	GO:0006545	tha1
activation of immune response	GO:0002253	"tlr2	tlr5a	tlr5b"
toll-like receptor 5 signaling pathway	GO:0034146	tlr5b
regulation of oogenesis	GO:1905879	"brca2	igf3	tdrd6	tp53"
cell communication by electrical coupling	GO:0010644	"gja1a	gja1b	gja2	gja3	tjp1b"
gap junction-mediated intercellular transport	GO:1990349	"gja8a	gja8b	gjb8"
positive regulation of tumor necrosis factor-mediated signaling pathway	GO:1903265	trim32
neuronal stem cell division	GO:0036445	sdc4
adenohypophysis morphogenesis	GO:0048855	"gli1	gli2a	gli2b	usp39"
abducens nerve development	GO:0021560	gli1
facial nerve development	GO:0021561	"gli1	hoxb1a"
glossopharyngeal nerve development	GO:0021563	gli1
pituitary gland development	GO:0021983	"gli1	gli2a	greb1	prop1"
regulation of ERK1 and ERK2 cascade	GO:0070372	"fam83d	styx	zdhhc17"
regulation of neurotrophin TRK receptor signaling pathway	GO:0051386	zdhhc17
negative regulation of GTPase activity	GO:0034260	sh3bp4a
negative regulation of cell growth	GO:0030308	"cgrrf1	minar1	mul2	nme6	osgn1	sh3bp4a"
positive regulation of endocytosis	GO:0045807	"dab2	flot1a	flot1b	gpc3	si:ch211-204c21.1"
regulation of cardiac muscle cell differentiation	GO:2000725	dab2
cerebellar granule cell differentiation	GO:0021707	"atoh1c	atxn7	cfdp1	hgfa	hgfb	klf8	met"
establishment of left/right asymmetry	GO:0061966	"dand5	flt1	klf8	myo1d	pierce1	spaw"
positive regulation of collagen fibril organization	GO:1904028	colgalt1b
positive regulation of pyroptotic inflammatory response	GO:0140639	"caspb	nlrp3	zdhhc9"
pyroptotic inflammatory response	GO:0070269	"caspa	caspb	gsdmea	gsdmeb	nlrp3"
regulation of programmed cell death	GO:0043067	"bnip3la	bnip3lb	caspb	nlrp3	zgc:73226"
NLRP3 inflammasome complex assembly	GO:0044546	nlrp3
glutamate biosynthetic process	GO:0006537	"glsa	glsl"
glutamine catabolic process	GO:0006543	"glsa	glsl"
galactose metabolic process	GO:0006012	"gale	galk1	galk2	galt"
cell proliferation in forebrain	GO:0021846	"fgf16	zic2a"
subpallium development	GO:0021544	fgf16
sphingomyelin biosynthetic process	GO:0006686	"kdsr	sgms1a	sgms1b	sgms2a	sgms2b"
noradrenergic neuron development	GO:0003358	phox2a
locus ceruleus development	GO:0021703	"bmp2b	bmp7a	fgf3	fgf8a	pax2a	phox2a"
regulation of thyroid hormone receptor signaling pathway	GO:0002155	gphb5
negative regulation of homotypic cell-cell adhesion	GO:0034111	znf703
adherens junction assembly	GO:0034333	"tbcd	znf703"
cellular response to UV	GO:0034644	"aurkb	ciao2a	cops9	mapk14a	mapk14b	mettl3"
epidermal cell differentiation	GO:0009913	"foxi3a	ovol1a	ovol1b	pth1a	svep1	zgc:171929"
epithelial cell proliferation	GO:0050673	"cdx1b	hdac1	zgc:162255"
positive regulation of cell cycle	GO:0045787	"tp53	zgc:162255"
growth plate cartilage chondrocyte development	GO:0003431	tsku
sphingosine metabolic process	GO:0006670	"asah2	sgpp1a	sphk2"
ameboidal-type cell migration	GO:0001667	"cxcr4b	wnt5b"
regulation of inflammatory response to wounding	GO:0106014	"cxcl12a	cxcr4b	tmsb"
localization of cell	GO:0051674	cxcr4b
protein targeting to lysosome involved in chaperone-mediated autophagy	GO:0061740	"hspa8	lamp2"
negative regulation of blood pressure	GO:0045776	"apln	nos1	nos2a	nos2b"
arginine catabolic process	GO:0006527	"nos1	nos2a	nos2b"
actin filament bundle retrograde transport	GO:0061573	shtn1
cytoplasmic actin-based contraction involved in cell motility	GO:0060327	shtn1
endoplasmic reticulum polarization	GO:0061163	shtn1
substrate-dependent cell migration, cell extension	GO:0006930	shtn1
bone regeneration	GO:1990523	"esco2	wnt16"
autophagosome membrane docking	GO:0016240	atg14
inner ear receptor cell differentiation	GO:0060113	"camk2g1	dla	mib1	pax2a"
mitotic DNA replication	GO:1902969	"mcm6	mcm6l"
D-alanine catabolic process	GO:0055130	"dao.1	dao.2	dao.3"
D-serine catabolic process	GO:0036088	"dao.1	dao.2	dao.3"
mitochondrial S-adenosyl-L-methionine transmembrane transport	GO:1990543	slc25a26
S-adenosyl-L-methionine transport	GO:0015805	slc25a26
dopamine metabolic process	GO:0042417	"comta	comtb	tomt"
catecholamine catabolic process	GO:0042424	"comta	comtb	tomt"
negative regulation of transcription of nucleolar large rRNA by RNA polymerase I	GO:1901837	"macroh2a1	macroh2a2"
inositol catabolic process	GO:0019310	miox
negative regulation of activin receptor signaling pathway	GO:0032926	"dand5	fsta	fstb	fstl3"
neuron-neuron synaptic transmission	GO:0007270	hcn1
negative regulation of microtubule depolymerization	GO:0007026	"apc	bmerb1	camsap1b	si:ch211-266i6.3"
L-alanine catabolic process, by transamination	GO:0019481	agxt2
glyoxylate catabolic process	GO:0009436	"agxt2	hoga1"
positive regulation of epithelial cell migration	GO:0010634	plcg1
regulation of angioblast cell migration involved in selective angioblast sprouting	GO:0035477	"plcg1	vegfaa"
malate-aspartate shuttle	GO:0043490	"slc25a12	slc25a18	slc25a22a	slc25a22b	slc25a55a	slc25a55b"
efferent axon development in posterior lateral line nerve	GO:0048929	"kifbp	nsfa"
neuron projection maintenance	GO:1990535	"kif1b	kif5aa	kifbp"
regulation of synaptic plasticity	GO:0048167	"atf4a	jph3a	jph3b	kat2a	lzts1	npas4a	si:ch211-51h9.6"
pentose-phosphate shunt, oxidative branch	GO:0009051	"h6pd	pgd	pgls"
cellular response to ceramide	GO:0106097	"cers2b	sphk2"
plasma membrane lactate transport	GO:0035879	"slc16a1a	slc16a1b	zgc:165507"
peptide modification	GO:0031179	"ggt1b	ggt1l2.2	lancl1	lancl2"
nucleotide-excision repair, DNA gap filling	GO:0006297	"lig4	pold1	pole"
DNA replication proofreading	GO:0045004	"pold1	pole"
base-excision repair, gap-filling	GO:0006287	"pold1	pole"
protein K11-linked ubiquitination	GO:0070979	"anapc1	anapc10	anapc13	anapc15	anapc2	asb11	cdc26	ube2s"
metaphase/anaphase transition of mitotic cell cycle	GO:0007091	"anapc1	anapc2	cdc27"
stress-activated MAPK cascade	GO:0051403	"map2k7	pbk"
protein import into peroxisome matrix, receptor recycling	GO:0016562	pex2
response to amino acid starvation	GO:1990928	pex2
mitotic spindle microtubule depolymerization	GO:1990755	ccsapb
positive regulation of cell adhesion	GO:0045785	tnfrsf18
regulation of axon regeneration	GO:0048679	"col12a1a	col12a1b	sarm1"
endocardium morphogenesis	GO:0003160	"fbn2b	noto	pku300	prss23	smarce1	tal1"
regulation of cell proliferation involved in heart valve morphogenesis	GO:0003250	"fbn2b	pku300"
regulation of postsynaptic neurotransmitter receptor activity	GO:0098962	"shisa7b	shisa8b	shisa9a	shisa9b"
regulation of short-term neuronal synaptic plasticity	GO:0048172	"shisa8b	shisa9a	shisa9b	syap1"
neuromuscular process controlling posture	GO:0050884	"ankfn1a	ankfn1b"
vesicle cytoskeletal trafficking	GO:0099518	"ccdc186	f8a	synj1"
manganese ion homeostasis	GO:0055071	"atp2c1	slc30a10	slc39a14"
detoxification of zinc ion	GO:0010312	"abcb7	slc30a10	slc30a1b"
formation of translation preinitiation complex	GO:0001731	"denr	eif2d	eif2s2	eif2s3	eif4ba	eif4bb	eif4h	mcts1"
eukaryotic translation initiation factor 4F complex assembly	GO:0097010	"eif4ba	eif4bb	eif4h"
basement membrane organization	GO:0071711	"col4a5	col4a6	fras1	hmcn1"
axon extension involved in axon guidance	GO:0048846	"col19a1	col4a5	col4a6	dcc	hnrnpr	nrxn2a	ntn1a	stim1a"
hepatocyte proliferation	GO:0072574	"ahctf1	angptl3	ptena	wnt2	wnt2bb	zfyve9a"
phospholipid homeostasis	GO:0055091	"angptl3	tlcd1	tlcd2"
proton-transporting ATP synthase complex assembly	GO:0043461	atpaf2
dense core granule exocytosis	GO:1990504	"cadps2	cadpsa	cadpsb"
positive regulation of T cell receptor signaling pathway	GO:0050862	"cd226	si:ch211-196f2.6"
positive regulation of natural killer cell cytokine production	GO:0002729	"cd226	si:ch211-196f2.6"
positive regulation of immunoglobulin mediated immune response	GO:0002891	"cd226	si:ch211-196f2.6"
positive regulation of Fc receptor mediated stimulatory signaling pathway	GO:0060369	"cd226	si:ch211-196f2.6"
regulation of synaptic transmission, glycinergic	GO:0060092	slc6a9
ventricular cardiac myofibril assembly	GO:0055005	"cmlc1	myh7	myl7	mylk3"
regulation of keratinocyte differentiation	GO:0045616	"errfi1a	errfi1b"
negative regulation of epidermal growth factor receptor signaling pathway	GO:0042059	"cbl	cblb	errfi1a	errfi1b	zfyve28"
glycoprotein metabolic process	GO:0009100	"oga	ogal	si:dkey-183c6.8"
cytosolic mRNA polyadenylation	GO:0180011	cpsf1
positive regulation of single strand break repair	GO:1903518	parp1
regulation of circadian sleep/wake cycle, sleep	GO:0045187	"egfra	hcrtr2	parp1	tgfa"
protein auto-ADP-ribosylation	GO:0070213	parp1
regulation of osteoclast differentiation	GO:0045670	"mafbb	tfe3b"
positive regulation of protein localization to Cajal body	GO:1904871	"larp7	mepcea"
snRNA metabolic process	GO:0016073	mepcea
positive regulation of snRNA transcription by RNA polymerase II	GO:1905382	"larp7	mepcea	myod1"
regulation of DNA stability	GO:0097752	ddi2
cellular response to hydroxyurea	GO:0072711	ddi2
negative regulation of insulin-like growth factor receptor signaling pathway	GO:0043569	"inppl1a	inppl1b	pitpnc1a"
regulation of actin filament length	GO:0030832	myo3a
glycoprotein biosynthetic process	GO:0009101	b4galt5
nuclear transport	GO:0051169	"xpo4	xpo7"
dermatan sulfate proteoglycan metabolic process	GO:0050655	chst14
coenzyme A metabolic process	GO:0015936	"hmgcra	hmgcrb"
anterograde synaptic vesicle transport	GO:0048490	"dtnbp1a	dtnbp1b	trim46a"
cytolysis	GO:0019835	ninj1
cellular hyperosmotic response	GO:0071474	"ninj1	oxsr1a	oxsr1b"
muscle cell differentiation	GO:0042692	"cited4b	lbx1b	lbx2	ninj1	wnt5b"
heterotypic cell-cell adhesion	GO:0034113	ninj1
ferroptosis	GO:0097707	ninj1
apical constriction	GO:0003383	ccdc88c
response to manganese ion	GO:0010042	gpr68
response to cobalt ion	GO:0032025	gpr68
regulation of non-canonical Wnt signaling pathway	GO:2000050	"gpc3	prdm5"
inorganic cation transmembrane transport	GO:0098662	"lrrc38b	pkd2	si:dkey-162b23.4"
N-acylethanolamine metabolic process	GO:0070291	"gde1	gdpd1	napepld"
choline metabolic process	GO:0019695	"ache	enpp6"
response to fluid shear stress	GO:0034405	acvrl1
cellular response to acetylcholine	GO:1905145	"chrne	chrng"
1-phosphatidyl-1D-myo-inositol 4,5-bisphosphate biosynthetic process	GO:1902635	pip4k2ca
multi-ciliated epithelial cell differentiation	GO:1903251	"e2f5	efhc2	gmnc	mecom"
female somatic sex determination	GO:0019101	e2f5
presynaptic dense core vesicle exocytosis	GO:0099525	"stxbp1a	stxbp1b	stxbp2"
dendrite arborization	GO:0140059	ulk2
negative regulation of collateral sprouting	GO:0048671	"ulk1b	ulk2"
potassium ion homeostasis	GO:0055075	"slc12a10.2	slc12a2	slc12a3	slc12a4	slc12a7a	slc12a9	zgc:153039"
cell volume homeostasis	GO:0006884	"clns1a	piezo1	slc12a10.2	slc12a2	slc12a3	slc12a4	slc12a7a	slc12a9	zgc:153039"
mitochondrial respiratory chain complex II assembly	GO:0034553	"sdhaf1	sdhaf2	sdhaf3	sdhaf4"
female meiosis I	GO:0007144	moto
detection of mechanical stimulus	GO:0050982	"pkd1l2a	pkd1l2b	pkd2	stx4"
mRNA splicing, via endonucleolytic cleavage and ligation	GO:0070054	dhx8
malonyl-CoA catabolic process	GO:2001294	mlycd
mitotic actomyosin contractile ring assembly actin filament organization	GO:1903479	"iqgap1	iqgap2	iqgap3"
fibroblast migration	GO:0010761	iqgap1
epithelial cell differentiation involved in kidney development	GO:0035850	"ezrb	inpp5e"
motor behavior	GO:0061744	"abcd1	cdkl5	npc2.1	wfs1b"
cortical granule exocytosis	GO:0060471	dchs1b
mitotic cleavage furrow formation	GO:1903673	dchs1b
egg activation	GO:0007343	"dchs1b	slc39a9	ybx1"
microtubule polymerization or depolymerization	GO:0031109	"dchs1b	ttc28"
neuron maturation	GO:0042551	"rest	srrm4"
negative regulation of stem cell population maintenance	GO:1902455	"loxl2a	loxl2b"
positive regulation of chondrocyte differentiation	GO:0032332	"loxl2a	loxl2b	sox6	sox9a	sox9b"
leukocyte tethering or rolling	GO:0050901	"selp	selplg"
positive regulation of excitatory synapse assembly	GO:1904891	si:zfos-741a10.3
protein targeting to lysosome	GO:0006622	"m6pr	scarb2a	sorl1"
protein retention in Golgi apparatus	GO:0045053	sorl1
positive regulation of lipid catabolic process	GO:0050996	gh1
myeloid cell activation involved in immune response	GO:0002275	"ptena	ptenb"
amyloid precursor protein metabolic process	GO:0042982	tmcc2
aerobic electron transport chain	GO:0019646	"mt-co3	ppargc1a"
electron transport coupled proton transport	GO:0015990	"mt-nd4	mt-nd5	ndufs7"
hatching behavior	GO:0035187	"b4galt7	nod1"
response to peptidoglycan	GO:0032494	nod1
tRNA wobble base 5-methoxycarbonylmethyl-2-thiouridinylation	GO:0002926	"elp1	elp3"
Toll signaling pathway	GO:0008063	"irak1	irak3	myd88	traf3"
regulation of molecular function	GO:0065009	"dapk1	irak1	ripk1l	ripk2"
lipopolysaccharide-mediated signaling pathway	GO:0031663	"irak1	irak3	traf6"
interleukin-1-mediated signaling pathway	GO:0070498	"irak1	irak3"
growth hormone receptor signaling pathway via JAK-STAT	GO:0060397	"jak1	jak2a	jak2b	jak3	stat5a	stat5b	stat6	tyk2"
melatonin metabolic process	GO:0030186	hcrtr2
circadian sleep/wake cycle process	GO:0022410	hcrtr2
galactosylceramide metabolic process	GO:0006681	aldh5a1
gamma-aminobutyric acid catabolic process	GO:0009450	"abat	aldh5a1"
short-chain fatty acid metabolic process	GO:0046459	aldh5a1
methylglyoxal biosynthetic process	GO:0019242	"tpi1a	tpi1b"
glyceraldehyde-3-phosphate biosynthetic process	GO:0046166	"tpi1a	tpi1b"
glycerol catabolic process	GO:0019563	"gk5	tkfc	tpi1a	tpi1b	zgc:172295"
entrainment of circadian clock	GO:0009649	"cry1a	gna11b"
negative regulation of HRI-mediated signaling	GO:0141191	kcmf1
negative regulation of fatty acid beta-oxidation using acyl-CoA dehydrogenase	GO:1904736	etfbkmt
creatine transmembrane transport	GO:0015881	"slc16a12a	slc16a12b"
dendrite self-avoidance	GO:0070593	"bsg	cntn3a.1	dscamb	emb	nexn	nptnb	robo4"
regulation of meiotic cell cycle process involved in oocyte maturation	GO:1903538	"pgrmc1	ythdf2"
positive regulation of sensory perception of pain	GO:1904058	atpsckmt
regulation of mitochondrial ATP synthesis coupled proton transport	GO:1905706	"antkmt	atpsckmt	si:dkey-190g11.3"
quinolinate biosynthetic process	GO:0019805	"haao	kmo	kynu"
anthranilate metabolic process	GO:0043420	"haao	kmo	kynu"
quinolinate metabolic process	GO:0046874	haao
tRNA nucleoside ribose methylation	GO:0002128	ftsj1
response to immobilization stress	GO:0035902	crhb
regulation of chondrocyte development	GO:0061181	"atg13	mmachc	rflna	rflnb"
tRNA threonylcarbamoyladenosine modification	GO:0002949	"osgep	osgepl1	tprkb"
regulation of intracellular cholesterol transport	GO:0032383	npc1
megakaryocyte development	GO:0035855	npc1
intestinal cholesterol absorption	GO:0030299	"npc1	sar1b"
retinal rod cell differentiation	GO:0060221	"cdk1	insm1a	nr2e3	pax6a	pdx1	tubgcp4"
learning	GO:0007612	npas4a
long-term memory	GO:0007616	"kat2a	npas4a"
short-term memory	GO:0007614	npas4a
regulation of synaptic transmission, GABAergic	GO:0032228	"npas4a	usp46"
pyrimidine ribonucleotide biosynthetic process	GO:0009220	dhodh
reverse cholesterol transport	GO:0043691	cetp
axis elongation involved in somitogenesis	GO:0090245	"bbs4	itga5	itgav"
midbrain-hindbrain boundary structural organization	GO:0021552	slc7a6os
protein insertion into mitochondrial outer membrane	GO:0045040	"samm50	samm50l"
semicircular canal formation	GO:0060876	"bmp2b	chsy1	cldn7b	nbl1"
adenylate cyclase-activating dopamine receptor signaling pathway	GO:0007191	gnal
D-ribose metabolic process	GO:0006014	"rbks	rpia"
positive regulation of isotype switching	GO:0045830	"kmt5b	zgc:101664"
nuclear-transcribed mRNA poly(A) tail shortening	GO:0000289	"cnot3a	cnot3b	pan2	pan3	parn	samd4a	tnrc6a"
sperm flagellum assembly	GO:0120316	"dzip1	yif1b"
complement activation, lectin pathway	GO:0001867	colec11
antimicrobial humoral response	GO:0019730	colec11
positive regulation of neutrophil chemotaxis	GO:0090023	"il6r	ripor2"
regulation of respiratory gaseous exchange	GO:0043576	"hmox1a	vhl"
diacylglycerol metabolic process	GO:0046339	dgkaa
adenylate cyclase-inhibiting G protein-coupled acetylcholine receptor signaling pathway	GO:0007197	"chrm2a	chrm3a	chrm3b	chrm4a	chrm4b	chrm5a	chrm5b"
regulation of locomotion	GO:0040012	"chrm4a	htr1d"
cardiac conduction system development	GO:0003161	"chrm2a	chrm3a	gja3	rnf2"
saliva secretion	GO:0046541	chrm3a
response to vitamin D	GO:0033280	"cyp24a1	rny2"
vitamin D catabolic process	GO:0042369	cyp24a1
regulation of viral transcription	GO:0046782	tarbp2
RISC complex assembly	GO:0070922	"clp1	tarbp2"
regulation of regulatory ncRNA processing	GO:0070920	"prkra	tarbp2"
regulation of siRNA processing	GO:0070921	tarbp2
regulation of fatty acid beta-oxidation	GO:0031998	"acaa2	cpt1aa	cpt1ab	etfa	tysnd1"
activation of store-operated calcium channel activity	GO:0032237	stim1a
cellular response to fatty acid	GO:0071398	"si:ch211-231m23.4	si:dkey-211g8.6	si:dkey-211g8.7"
microtubule polymerization	GO:0046785	"ckap5	tppp2	tppp3"
establishment or maintenance of microtubule cytoskeleton polarity	GO:0030951	"ckap5	clstn1"
synchronous neurotransmitter secretion	GO:0071911	syt2b
dipeptide transmembrane transport from lysosomal lumen to cytosol	GO:0141204	mfsd1
regulation of cell activation	GO:0050865	dync1h1
transsulfuration	GO:0019346	"cth	cthl"
common bile duct development	GO:0061009	"gpc1a	wnt2bb"
glycerolipid metabolic process	GO:0046486	"agk	dgke	dgkh	dgki"
heart process	GO:0003015	"kcnk1a	kcnk1b	rbfox1l"
positive regulation of T cell chemotaxis	GO:0010820	"oxsr1a	oxsr1b"
axonemal central apparatus assembly	GO:1904158	rsph9
radial spoke assembly	GO:0062177	rsph9
negative regulation of SMAD protein signal transduction	GO:0060392	"araf	piwil2	smad6a"
neural crest-derived cardiac glial cell differentiation	GO:0060951	metrn
amide biosynthetic process	GO:0043604	"pm20d1.1	pm20d1.2"
amide catabolic process	GO:0043605	"pm20d1.1	pm20d1.2"
zinc ion import across plasma membrane	GO:0071578	"slc39a10	slc39a14	slc39a6"
vitamin A import into cell	GO:0071939	stra6
positive regulation of mitochondrial depolarization	GO:0051901	mllt11
insulin secretion	GO:0030073	"hnf1a	hnf1ba	hnf1bb	park7"
neuromast hair cell differentiation involved in neuromast regeneration	GO:0070658	"mgat5	pho"
regulation of mitochondrial membrane permeability involved in apoptotic process	GO:1902108	grinaa
posterior lateral line nerve development	GO:0048918	"kif1b	neurog1"
posterior lateral line ganglion development	GO:0048917	kif1b
axonal transport	GO:0098930	"clstn1	kif1b"
negative regulation of extrinsic apoptotic signaling pathway in absence of ligand	GO:2001240	"eya2	eya3	ntn1b"
positive regulation of bone mineralization	GO:0030501	"atraid	clec11a	tmem119b"
collateral sprouting	GO:0048668	"asah1b	nos1"
gallbladder development	GO:0061010	"slx4	wnt2bb"
hepatic duct development	GO:0061011	"dkk1b	slx4	wnt2bb"
regulation of microglial cell activation	GO:1903978	arrb1
striated muscle tissue development	GO:0014706	"fkrp	pgm5"
cerebellar Purkinje cell layer morphogenesis	GO:0021692	"coq8b	reln"
negative regulation of macrophage activation	GO:0043031	"sc:d189	zgc:113337	zgc:172122"
DNA replication, removal of RNA primer	GO:0043137	"fen1	rnaseh2a"
mitotic cell cycle checkpoint signaling	GO:0007093	"siah2l	ticrr	ttk"
cranial ganglion development	GO:0061550	"cdh6	fgf5	foxi1	oxr1b	pgk1"
lateral line ganglion development	GO:0048890	"cdh6	foxi1"
muscle tissue development	GO:0060537	"csrp1a	csrp1b	csrp2	mybpc2b	selenon"
negative regulation of insulin receptor signaling pathway	GO:0046627	"grb10a	pid1"
negative regulation of autophagosome assembly	GO:1902902	"mtm1	phf23a	phf23b	smcr8b	tmem39a"
cytokine production	GO:0001816	"aep1	il1fma"
endothelial cell activation involved in immune response	GO:0002264	tcima
leukocyte activation	GO:0045321	"prdx1	prdx2"
meiotic telomere clustering	GO:0045141	"smc1b	terb1	terb2"
meiotic attachment of telomere to nuclear envelope	GO:0070197	"terb1	terb2"
protein polyglycylation	GO:0018094	ttll3
cell-cell junction maintenance	GO:0045217	"mapk7	prkci"
regulation of NMDA receptor activity	GO:2000310	prnprs3
calcium-independent cell-cell adhesion via plasma membrane cell-adhesion molecules	GO:0016338	"cldnd	cldng	prnpb"
regulation of protein tyrosine kinase activity	GO:0061097	prnpb
cell differentiation in spinal cord	GO:0021515	"dbx1a	dbx1b"
synaptic vesicle docking	GO:0016081	rims3
positive regulation of establishment of T cell polarity	GO:1903905	dock8
post-chaperonin tubulin folding pathway	GO:0007023	"tbca	tbcb	tbcc	tbcd	tbce	tbcelb"
apoptotic process involved in morphogenesis	GO:0060561	"en2a	grhl2b	scrib"
positive regulation of Wnt signaling pathway, planar cell polarity pathway	GO:2000096	"dvl2	dvl3a	nphp4"
mitochondrial phosphate ion transmembrane transport	GO:1990547	"slc25a3a	slc25a3b"
bone remodeling	GO:0046849	"col1a1a	crocc2	gpr137ba	htr1b	lgr4	spp2"
negative regulation of toll-like receptor signaling pathway	GO:0034122	"lgr4	usp4"
hypothalamus gonadotrophin-releasing hormone neuron development	GO:0021888	lgr4
negative regulation of epithelial to mesenchymal transition	GO:0010719	"llgl2	usf3"
regulation of meiosis I	GO:0060631	"smc1b	wee2"
IRE1-mediated unfolded protein response	GO:0036498	dnajc10
vitamin A metabolic process	GO:0006776	"lrata	lratb.1	lratb.2	rab28	rbp1.2"
multicellular organismal-level iron ion homeostasis	GO:0060586	"cybrd1	glrx3	hamp	tfr2"
transferrin transport	GO:0033572	"tfr1a	tfr1b	tfr2"
endocytic iron import into cell	GO:0140298	tfr2
lymphocyte migration	GO:0072676	tbx21
leptin-mediated signaling pathway	GO:0033210	lepr
cyclic nucleotide catabolic process	GO:0009214	cnp
regulation of supramolecular fiber organization	GO:1902903	"clasp1a	clasp2"
DNA metabolic process	GO:0006259	"dmc1	dnase2	dnase2b	rad51	spo11	top2a	top2b"
chromosome organization involved in meiotic cell cycle	GO:0070192	"dmc1	rad50	rad51	spo11"
DNA strand invasion	GO:0042148	"dmc1	rad51	rad51d"
regulation of GTPase activity	GO:0043087	plxnc1
sympathetic ganglion development	GO:0061549	"ascl1a	phox2bb"
actin filament debranching	GO:0071846	"gmfb	gmfg"
negative regulation of Arp2/3 complex-mediated actin nucleation	GO:0034316	"gmfb	gmfg"
SCF complex assembly	GO:0010265	"cand1	cand2"
establishment of skin barrier	GO:0061436	"dspa	dspb	popdc1"
regulation of ATPase-coupled calcium transmembrane transporter activity	GO:1901894	pln1
mitochondrial ATP synthesis coupled electron transport	GO:0042775	"coa6	ndufb6"
specification of axis polarity	GO:0065001	cfap20
regulation of dopaminergic neuron differentiation	GO:1904338	"cdnf	gdnfa	slc18a2"
response to toxic substance	GO:0009636	"abcb4	ahr2	arnt	blmh	ephx5	gstp1.1	nr1i2"
negative regulation of glucocorticoid receptor signaling pathway	GO:2000323	arnt
dopamine catabolic process	GO:0042420	"dbh	moxd1	moxd1l"
norepinephrine biosynthetic process	GO:0042421	"dbh	moxd1	moxd1l"
octopamine biosynthetic process	GO:0006589	"dbh	moxd1	moxd1l"
rhodopsin metabolic process	GO:0046154	bbs4
postsynapse to nucleus signaling pathway	GO:0099527	prr7
GCN2-mediated signaling	GO:0140469	impact
regulation of cytoplasmic translational initiation in response to stress	GO:1990611	impact
left ventricular cardiac muscle tissue morphogenesis	GO:0003220	"rbfox1	rbfox2"
detection of gravity	GO:0009590	stm
sequestering of metal ion	GO:0051238	stm
protein ufmylation	GO:0071569	"uba5	ufc1	ufl1	ufm1"
atrial cardiac myofibril assembly	GO:0055004	"myh6	myl7"
embryonic pelvic fin morphogenesis	GO:0035119	tbx4
embryonic hindlimb morphogenesis	GO:0035116	tbx4
viral translational frameshifting	GO:0075523	shfl
response to interferon-beta	GO:0035456	shfl
negative regulation of translational frameshifting	GO:2001125	"rack1	shfl"
positive regulation of proteolysis	GO:0045862	aurkaip1
striated muscle contraction	GO:0006941	"mylk2	tnnt2a"
response to selenium ion	GO:0010269	selenow1
cardiac chamber morphogenesis	GO:0003206	"fhl1a	smarcc1a	tbx5a"
skeletal muscle satellite cell differentiation	GO:0014816	fhl1a
growth plate cartilage chondrocyte proliferation	GO:0003419	foxe1
regulation of cellular response to drug	GO:2001038	aldh2.2
presynapse assembly	GO:0099054	"bdnf	mecp2"
myoblast differentiation	GO:0045445	mkxa
activation of NF-kappaB-inducing kinase activity	GO:0007250	"traf2b	traf4a	traf4b"
optic vesicle elongation	GO:0003405	traf4a
lateral line system development	GO:0048925	"cdh4	col17a1b"
regulation of myeloid leukocyte differentiation	GO:0002761	"med12	spi1a"
oxidation-dependent protein catabolic process	GO:0070407	lonp1
positive regulation of inositol phosphate biosynthetic process	GO:0060732	pth1r
glycerol transmembrane transport	GO:0015793	"aqp10a	aqp10b	aqp3a	aqp3b	aqp9a	aqp9b"
steroid catabolic process	GO:0006706	hsd17b14
negative regulation of striated muscle cell apoptotic process	GO:0010664	bag3
regulation of transcription by RNA polymerase III	GO:0006359	brf2
positive regulation of TORC2 signaling	GO:1904515	"otud5a	otud5b"
skeletal muscle fiber differentiation	GO:0098528	"klhl40a	klhl40b	noto"
regulation of carbon utilization	GO:0043609	"prkag1	prkag2b	prkag3b"
regulation of glycolytic process	GO:0006110	"prkag1	prkag2b	prkag3b	scn1lab	slc38a9"
positive regulation of rRNA processing	GO:2000234	"trmt112	wdr75"
commitment of neuronal cell to specific neuron type in forebrain	GO:0021902	"tbr1a	tbr1b"
protein localization to actin cytoskeleton	GO:1903119	"cttnbp2nla	filip1l	luzp1"
negative regulation of G2/MI transition of meiotic cell cycle	GO:0110031	"pdik1l	pkmyt1	si:ch211-63o20.7	stk35	stk35l"
mammillothalamic axonal tract development	GO:0061374	foxb1a
telencephalon cell migration	GO:0022029	foxb1a
visual learning	GO:0008542	foxb1a
hypothalamus cell migration	GO:0021855	foxb1a
inferior colliculus development	GO:0061379	foxb1a
axon target recognition	GO:0007412	"col4a5	efnb2a	foxb1a	top2b"
cell migration in diencephalon	GO:0061381	foxb1a
positive regulation of mitochondrial fusion	GO:0010636	mief1
protein unfolding	GO:0043335	"pex1	pex6"
macrophage apoptotic process	GO:0071888	"dub	plekho2"
negative regulation of hh target transcription factor activity	GO:1990787	prkaa1
connective tissue development	GO:0061448	sh3pxd2b
tRNA N2-guanine methylation	GO:0002940	trmt1
protein demethylation	GO:0006482	"phf2	ppme1"
RNA (guanine-N7)-methylation	GO:0036265	"mettl1	wdr4"
tRNA (guanine-N7)-methylation	GO:0106004	"mettl1	wdr4"
positive regulation of mitotic cell cycle	GO:0045931	"cdc25b	mdka	mdm2"
positive regulation of G2/MI transition of meiotic cell cycle	GO:0110032	cdc25b
cell surface receptor protein tyrosine phosphatase signaling pathway	GO:0007185	ptprub
medial fin development	GO:0033338	"fndc3a	gja1b	rspo2"
regulation of interleukin-13 production	GO:0032656	"tet1	tet3"
Sertoli cell differentiation	GO:0060008	tcf21
lung vasculature development	GO:0060426	tcf21
spleen development	GO:0048536	"tcf21	tlx1"
embryonic digestive tract morphogenesis	GO:0048557	"gli2a	shha	smo	tcf21"
gland development	GO:0048732	tcf21
lung morphogenesis	GO:0060425	tcf21
negative regulation of androgen receptor signaling pathway	GO:0060766	tcf21
metanephric mesenchymal cell differentiation	GO:0072162	tcf21
reproductive structure development	GO:0048608	tcf21
bronchiole development	GO:0060435	tcf21
branching involved in ureteric bud morphogenesis	GO:0001658	"gdnfa	tcf21"
metanephric glomerular capillary formation	GO:0072277	tcf21
regulation of TORC1 signaling	GO:1903432	smcr8b
positive regulation of autophagosome maturation	GO:1901098	"fyco1a	smcr8b"
negative regulation of macroautophagy	GO:0016242	"mtor	smcr8b"
lymphocyte homeostasis	GO:0002260	tnfsf13
negative regulation of gastric acid secretion	GO:0060455	ptger3
intestine smooth muscle contraction	GO:0014827	ptger3
positive regulation of oxidative phosphorylation	GO:1903862	"pgk1	smn1"
axon arborization	GO:0140060	"clstn1	emilin1a	smn1"
optic nerve development	GO:0021554	"lhx2b	rb1	rtn4a	rtn4b	six3a	six3b	tbx5a	tbx5b	tncb	vax1	vax2"
cardiac left ventricle formation	GO:0003218	"tbx5a	tbx5b"
spinal cord patterning	GO:0021511	"cdh2	rnf220a"
desmosome assembly	GO:0002159	"dsc2l	dsg2.1"
extracellular matrix assembly	GO:0085029	"has2	itga5"
regulation of phosphate metabolic process	GO:0019220	ppp1r15b
regulation of protein modification process	GO:0031399	ppp1r15b
alcohol metabolic process	GO:0006066	"adh8a	adh8b"
ethanol metabolic process	GO:0006067	adh8a
octanol metabolic process	GO:0006070	adh8b
formaldehyde metabolic process	GO:0046292	adh8b
regulation of lipid catabolic process	GO:0050994	"si:ch1073-406l10.2	zgc:195173"
regulation of wound healing	GO:0061041	macir
negative regulation of cytokine production involved in inflammatory response	GO:1900016	macir
negative regulation of fibroblast migration	GO:0010764	macir
negative regulation of macrophage chemotaxis	GO:0010760	macir
regulation of behavior	GO:0050795	"htr1aa	htr1b	htr1d	htr2b"
determination of adult lifespan	GO:0008340	"acd	coq7"
protein localization to chromosome, telomeric region	GO:0070198	acd
negative regulation of telomere maintenance via telomerase	GO:0032211	"acd	ten1"
positive regulation of hormone secretion	GO:0046887	nmbb
lens placode formation involved in camera-type eye formation	GO:0046619	"foxh1	ndr2	tdgf1"
axial mesodermal cell fate specification	GO:0048327	"foxh1	noto"
cellular response to cytokine stimulus	GO:0071345	"dapk1	foxh1	ripk1l"
adenine biosynthetic process	GO:0046084	gart
glutamate metabolic process	GO:0006536	"dglucy	gclc	nags	pnpo"
pyridoxine biosynthetic process	GO:0008615	pnpo
gamma-aminobutyric acid metabolic process	GO:0009448	"abat	pnpo"
pyridoxal biosynthetic process	GO:0042821	pnpo
glycine metabolic process	GO:0006544	pnpo
Wnt signalosome assembly	GO:1904887	prdm16
optic vesicle morphogenesis	GO:0003404	"efnb1	efnb2a	epha4a"
Fc receptor signaling pathway	GO:0038093	"kita	kitb"
Kit signaling pathway	GO:0038109	"kita	kitb"
N-acetylneuraminate biosynthetic process	GO:0046380	nanp
creatinine metabolic process	GO:0046449	slc16a12b
asparagine metabolic process	GO:0006528	nit2
positive regulation of fat cell differentiation	GO:0045600	"aamdc	carm1	crebl2	wdfy2"
negative regulation of SCF-dependent proteasomal ubiquitin-dependent catabolic process	GO:0062026	styx
peptidyl-lysine trimethylation	GO:0018023	"cskmt	setd4"
T cell proliferation involved in immune response	GO:0002309	tnfsf18
positive regulation of mesenchymal cell proliferation	GO:0002053	barx1
heart trabecula morphogenesis	GO:0061384	"kdm6ba	kdm6bb"
regulation of autophagosome maturation	GO:1901096	tbc1d25
positive regulation of monooxygenase activity	GO:0032770	gdnfa
regulation of morphogenesis of a branching structure	GO:0060688	gdnfa
regulation of dopamine uptake involved in synaptic transmission	GO:0051584	gdnfa
positive regulation of ureteric bud formation	GO:0072107	gdnfa
postganglionic parasympathetic fiber development	GO:0021784	gdnfa
metanephros development	GO:0001656	"gdnfa	robo2"
transposable element silencing by heterochromatin formation	GO:0141005	piwil2
secondary piRNA processing	GO:0140965	piwil2
germ-line stem cell population maintenance	GO:0030718	piwil2
tyrosyl-tRNA aminoacylation	GO:0006437	"yars1	yars2"
positive regulation of iridophore differentiation	GO:0050945	tfec
atrial cardiac muscle cell to AV node cell communication by electrical coupling	GO:0086044	"gja5a	gja5b"
fatty acid elongation, unsaturated fatty acid	GO:0019368	elovl5
SREBP-SCAP complex retention in endoplasmic reticulum	GO:0036316	"insig1	insig2"
nucleoside phosphate metabolic process	GO:0006753	"nudt14	nudt5	rbks	zgc:136858"
L-phenylalanine metabolic process	GO:0006558	qdpra
negative regulation of double-strand break repair via nonhomologous end joining	GO:2001033	si:ch211-127m7.2
cardiac muscle cell action potential	GO:0086001	"kcne1	kcnq1.1	slc4a3"
membrane repolarization during ventricular cardiac muscle cell action potential	GO:0098915	kcnq1.1
positive regulation of steroid hormone biosynthetic process	GO:0090031	cyp11a1.2
establishment of protein localization to membrane	GO:0090150	ovol1a
copper ion import	GO:0015677	"atp7a	steap3	steap4"
regulation of cytokine production involved in immune response	GO:0002718	ly96
nerve growth factor signaling pathway	GO:0038180	"kidins220b	ngfa	ngfb	ntrk1"
mannose trimming involved in glycoprotein ERAD pathway	GO:1904382	"edem1	edem2	edem3	si:ch211-282j22.3"
endoplasmic reticulum mannose trimming	GO:1904380	"edem1	edem2	edem3	si:ch211-282j22.3"
positive regulation of urine volume	GO:0035810	has2
renal water absorption	GO:0070295	has2
polysaccharide biosynthetic process	GO:0000271	has2
regulation of chromatin organization	GO:1902275	ssrp1a
neurotrophin TRK receptor signaling pathway	GO:0048011	akt1s1
heme A biosynthetic process	GO:0006784	"cox10	cox15"
positive regulation of circadian rhythm	GO:0042753	"ezh2	per2"
positive regulation of hemopoiesis	GO:1903708	"cdkn2aip	erf	ezh2"
tissue homeostasis	GO:0001894	"bcl2l1	celsr1a	ctnna1	ezh2	foxf2a	foxf2b	mcl1a"
central nervous system formation	GO:0021556	"acvr1l	nop56"
cell cycle comprising mitosis without cytokinesis	GO:0033301	e2f8
digestive tract mesoderm development	GO:0007502	prkci
morphogenesis of a polarized epithelium	GO:0001738	prkci
detoxification of inorganic compound	GO:0061687	abcc4
prostaglandin secretion	GO:0032310	abcc4
regulation of glutamate uptake involved in transmission of nerve impulse	GO:0051946	slc1a2b
synaptic vesicle recycling	GO:0036465	"git1	otofa	otofb"
carbon dioxide transport	GO:0015670	"aqp1a.1	ca2	cahz"
renal water transport	GO:0003097	"aqp1a.1	aqp1a.2"
hyperosmotic response	GO:0006972	"aqp1a.1	aqp1a.2	dclk2a"
carbon dioxide transmembrane transport	GO:0035378	"aqp1a.1	aqp1a.2"
aortic valve morphogenesis	GO:0003180	piezo2a.2
host-mediated regulation of intestinal microbiota composition	GO:0048874	sox10
galactosylceramide catabolic process	GO:0006683	"galca	galcb"
negative regulation of bone resorption	GO:0045779	"gpr137ba	gpr137bb"
regulation of lysosome size	GO:0062196	gpr137ba
astrocyte development	GO:0014002	"rbpja	sash1a"
segment polarity determination	GO:0007367	rbpja
prevention of polyspermy	GO:0060468	"si:zfos-1505d6.3	zp2.1	zp2.2	zp2.3	zp2.5	zp2.6	zp2l1	zp2l2"
sulfolipid metabolic process	GO:0046505	sumf1
NADPH oxidation	GO:0070995	fdxr
mitotic S phase	GO:0000084	"cdk1	top2a"
retinal cone cell differentiation	GO:0042670	"cdk1	gdf6a	insm1a	pax6a	pdx1	thrb	tubgcp4"
regulation of cell size	GO:0008361	"arhgap35a	arhgap35b	arhgap5	lamtor4	myo5b	stat3"
cardiac chamber ballooning	GO:0003242	"adprhl1	myo5b"
cardiac muscle tissue growth involved in heart morphogenesis	GO:0003245	myo5b
intestinal lipid absorption	GO:0098856	myo5b
negative regulation of ERAD pathway	GO:1904293	"svip	usp14"
dopamine biosynthetic process from tyrosine	GO:0006585	"th	tyr"
regulation of biosynthetic process	GO:0009889	gsdmeb
phospholipase C-activating G protein-coupled glutamate receptor signaling pathway	GO:0007206	"grm1a	grm1b	grm5a	grm5b"
trans-synaptic signaling by endocannabinoid, modulating synaptic transmission	GO:0099553	"grm5a	grm5b"
positive regulation of non-canonical NF-kappaB signal transduction	GO:1901224	"ddx41	myd88	rigi	sting1"
RIG-I signaling pathway	GO:0039529	rigi
branched-chain amino acid transport	GO:0015803	"slc25a44a	slc25a44b"
L-serine biosynthetic process	GO:0006564	"phgdh	psat1	psph"
regulation of circadian sleep/wake cycle, wakefulness	GO:0010840	pitpnc1a
negative regulation of neuron maturation	GO:0014043	rest
smoothened signaling pathway involved in dorsal/ventral neural tube patterning	GO:0060831	rest
negative regulation of defense response to virus	GO:0050687	"egln3	foxo3b	marchf8"
heart valve development	GO:0003170	"apc	dkk1b	foxn4	sema3fb	sox9b	tnni1b"
forebrain neuron differentiation	GO:0021879	"dkk1b	fezf2	fzd8a	lef1	wnt8b"
endocardial cushion development	GO:0003197	"cemip2	dkk1b"
neutrophil clearance	GO:0097350	"sema3fa	sema3fb"
protein-FAD linkage	GO:0018293	sdhaf2
dermatan sulfate metabolic process	GO:0030205	"dse	dsela"
chondroitin sulfate metabolic process	GO:0030204	"dse	dsela"
regulation of intestinal lipid absorption	GO:1904729	nr1h3
protein localization to ciliary transition zone	GO:1904491	"tctn1	tctn2	tmem107	tmem107l"
detection of cold stimulus involved in thermoception	GO:0120169	grik2
regulation of steroid biosynthetic process	GO:0050810	star
negative regulation of protein K48-linked deubiquitination	GO:1903094	ubxn1
protein arginylation	GO:0016598	si:ch211-274p24.2
L-alanine transport	GO:0015808	"slc36a1	slc36a4"
post-embryonic eye morphogenesis	GO:0048050	gja3
mitochondrion distribution	GO:0048311	"mtm1	trak2"
anterograde axonal transport of mitochondrion	GO:0098957	trak2
establishment of cell polarity involved in ameboidal cell migration	GO:0003365	"amot	amotl2a	amotl2b"
response to nutrient	GO:0007584	bckdhb
regulation of primitive erythrocyte differentiation	GO:0010725	"gata1a	klf1	klf17	nfe2	p2ry12"
gamma-aminobutyric acid receptor clustering	GO:0097112	shisa7b
RNA 3' uridylation	GO:0071076	"tut4	tut7"
'de novo' CTP biosynthetic process	GO:0044210	"ctps1a	ctps1b"
detection of stimulus involved in sensory perception	GO:0050906	"ppef1	ppef2a"
heart rudiment morphogenesis	GO:0003314	dnaaf1
cell migration involved in heart jogging	GO:0003305	dnaaf1
cellular developmental process	GO:0048869	"prdm1a	prdm1b	prdm1c"
galactose catabolic process	GO:0019388	glb1l
negative regulation of T cell activation	GO:0050868	"fgl1	pag1	ptpn22	si:dkey-70p6.1"
anterior commissure morphogenesis	GO:0021960	"dcc	ntn1a	ntn1b"
glycerophospholipid metabolic process	GO:0006650	"gpam	gpat2"
thymocyte migration	GO:0072679	ccl25a
male germ cell proliferation	GO:0002176	dmrt1
negative regulation of microglial cell activation	GO:1903979	"grna	grnb"
hypothalamus cell differentiation	GO:0021979	"arnt2	etv5b	lef1	sim1a"
limb morphogenesis	GO:0035108	"etv4	etv5a	etv5b"
protein localization to kinetochore	GO:0034501	"aurkb	knl1	mtbp	spdl1	ttk	zwilch"
meiotic spindle assembly checkpoint signaling	GO:0033316	ttk
male meiosis chromosome segregation	GO:0007060	ttk
negative regulation of exit from mitosis	GO:0001100	ttk
female meiosis chromosome segregation	GO:0016321	ttk
cellular response to cold	GO:0070417	"nrf1	pparab	tmem39a"
negative regulation of axon regeneration	GO:0048681	"fignl2	sfpq	socs3a"
antigen processing and presentation of peptide antigen via MHC class II	GO:0002495	"marchf1	marchf8"
positive regulation of oocyte development	GO:0060282	smad2
body fluid secretion	GO:0007589	cse1l
regulation of telomere maintenance via telomerase	GO:0032210	pot1
positive regulation of mitotic cell cycle spindle assembly checkpoint	GO:0090267	ndc80
metaphase chromosome alignment	GO:0051310	"cenpf	fam83d	ndc80	spice1"
mitotic sister chromatid biorientation	GO:1990758	"aurkb	ndc80"
response to hydrogen peroxide	GO:0042542	"cat	cry1a	per1a	per2"
lamellipodium morphogenesis	GO:0072673	myo9b
regulation of attachment of spindle microtubules to kinetochore	GO:0051988	"knstrn	si:dkey-25o16.4"
stem cell differentiation	GO:0048863	"jarid2b	mettl5	psmd11a	psmd11b"
response to testosterone	GO:0033574	"cyp2k22	sult2st3"
proline transmembrane transport	GO:0035524	slc36a1
ventriculo bulbo valve morphogenesis	GO:0003187	"hoxa1a	hoxb1b	rad21a"
replication-born double-strand break repair via sister chromatid exchange	GO:1990414	"nipbla	nipblb	rad21a	rad21b	rad21l1"
mannoprotein catabolic process	GO:0006058	"edem2	si:ch211-282j22.3"
ubiquitin-dependent glycoprotein ERAD pathway	GO:0097466	"edem2	si:ch211-282j22.3"
embryonic cleavage	GO:0040016	"cdh1	kif23	kl	mapk14a	sass6	slbp2"
detection of chemical stimulus involved in sensory perception of bitter taste	GO:0001580	"gnat2	tas2r200.2	tas2r201.1	tas2r202	tas2r203"
regulation of ryanodine-sensitive calcium-release channel activity	GO:0060314	selenon
renal sodium ion absorption	GO:0070294	klhl3
distal tubule morphogenesis	GO:0072156	klhl3
MDA-5 signaling pathway	GO:0039530	ifih1
spermine catabolic process	GO:0046208	"paox1	smox"
regulation of reactive oxygen species biosynthetic process	GO:1903426	acod1
regulation of mesodermal cell fate specification	GO:0042661	"churc1	eve1	ved	vent	vox"
regulation of endodermal cell fate specification	GO:0042663	"dusp6	notch1a	pou5f3	sox32	tbx16	tbxta	ved	vent	vox"
positive regulation of protein polymerization	GO:0032273	"tppp2	tppp3"
iodide transmembrane transport	GO:1904200	slc5a5
negative regulation of cell adhesion mediated by integrin	GO:0033629	nexmifb
negative regulation of cell-matrix adhesion	GO:0001953	nexmifb
negative regulation of cell-cell adhesion mediated by cadherin	GO:2000048	"gna12a	gna13a	nexmifb"
valyl-tRNA aminoacylation	GO:0006438	"vars1	vars2"
monoacylglycerol catabolic process	GO:0052651	"abhd12	abhd16a	si:ch211-117n7.6	si:ch211-117n7.7"
phosphatidylserine catabolic process	GO:0006660	"abhd12	abhd16a	si:ch211-117n7.6	si:ch211-117n7.7"
dopamine biosynthetic process	GO:0042416	"th	th2"
regulation of lens fiber cell differentiation	GO:1902746	"hsf4	vps45"
caudal fin development	GO:0033336	"atp6v1e1b	col9a1c	lef1	rspo2	smyd2a"
t-circle formation	GO:0090656	xrcc3
telomere maintenance via recombination	GO:0000722	"rad50	xrcc3"
resolution of mitotic recombination intermediates	GO:0071140	xrcc3
asparagine catabolic process via L-aspartate	GO:0033345	"asrgl1	si:ch211-256m1.8"
fatty-acyl-CoA catabolic process	GO:0036115	fitm2
fatty acid beta-oxidation using acyl-CoA oxidase	GO:0033540	"acox1	acox3"
threonyl-tRNA aminoacylation	GO:0006435	"tars1	tars2	tars3"
glutathione biosynthetic process	GO:0006750	"gclc	gclm	gss"
renal tubule morphogenesis	GO:0061333	gla
meiotic DNA recombinase assembly	GO:0000707	rad51c
positive regulation of cyclin-dependent protein serine/threonine kinase activity	GO:0045737	"her5	mnat1	spdya"
estrogen metabolic process	GO:0008210	"hsd17b10	sult1st2"
deoxyribonucleotide catabolic process	GO:0009264	dera
deoxyribose phosphate catabolic process	GO:0046386	dera
mitochondrial citrate transmembrane transport	GO:0006843	"si:dkey-178e17.1	slc25a1a	slc25a1b"
nitric oxide catabolic process	GO:0046210	"cygb1	cygb2"
regulation of neural crest cell differentiation	GO:1905292	"cygb1	rnf2"
arterial endothelial cell differentiation	GO:0060842	"dlc	notch3"
Wnt-Frizzled-LRP5/6 complex assembly	GO:1904701	adgra2
central nervous system vasculogenesis	GO:0022009	"adgra2	vegfaa"
dorsal root ganglion development	GO:1990791	"adgra2	reck	ryr1a	ryr3"
homologous chromosome segregation	GO:0045143	pttg1
thiamine diphosphate metabolic process	GO:0042357	si:dkey-191c17.2
2-oxoglutarate metabolic process	GO:0006103	"dldh	gpt	kgd4"
FMN biosynthetic process	GO:0009398	rfk
riboflavin biosynthetic process	GO:0009231	rfk
riboflavin metabolic process	GO:0006771	rfk
regulation of granuloma formation	GO:0002631	"cxcl8a	tnfrsf1a"
granulocyte chemotaxis	GO:0071621	"cxcl18b	cxcl8a"
cellular response to vitamin D	GO:0071305	"cxcl8a	cyp2r1"
germ-line stem cell division	GO:0042078	bmpr1bb
meiotic DNA double-strand break processing	GO:0000706	spo11
regulation of myoblast fusion	GO:1901739	"plekho1a	plekho1b"
epicardium morphogenesis	GO:1905223	alpk2
regulation of acetylcholine uptake	GO:0051631	slc17a8
positive regulation of glutamate uptake involved in transmission of nerve impulse	GO:0051951	slc17a8
tendon formation	GO:0035992	"cyp26b1	scxa	scxb"
intracellular sphingolipid homeostasis	GO:0090156	"kdsr	ormdl1	ormdl2	ormdl3	wnt5b"
regulation of ceramide biosynthetic process	GO:2000303	"ormdl1	ormdl2	ormdl3"
epinephrine secretion	GO:0048242	vip
prolactin secretion	GO:0070459	"vip	vipb"
nicotinamide nucleotide metabolic process	GO:0046496	naxd
metabolite repair	GO:0110051	naxd
regulation of podocyte apoptotic process	GO:1904633	gadd45ba
positive regulation of mesoderm development	GO:2000382	cdkn2aip
positive regulation of developmental growth	GO:0048639	cdkn2aip
DNA strand elongation involved in mitotic DNA replication	GO:1902983	gins1
CDP-diacylglycerol biosynthetic process	GO:0016024	"agpat9l	cds1	cds2	gpam	gpat3	lclat1	tamm41"
thiamine diphosphate biosynthetic process	GO:0009229	tpk1
regulation of membrane lipid distribution	GO:0097035	"tlcd1	tlcd2"
membrane assembly	GO:0071709	"tlcd1	tlcd2"
negative regulation of catecholamine secretion	GO:0033604	chga
negative regulation of insulin secretion	GO:0046676	chga
adenylate cyclase-activating adrenergic receptor signaling pathway involved in cardiac muscle relaxation	GO:0086030	chga
cilium movement involved in otolith formation	GO:0003355	"gas8	lrrc23"
protein modification by small protein conjugation	GO:0032446	"atg10	sae1"
L-alpha-amino acid transmembrane transport	GO:1902475	slc1a9
protein de-ADP-ribosylation	GO:0051725	"adprh	adprhl1"
skeletal muscle tissue regeneration	GO:0043403	"fhl2b	large1"
response to muscle stretch	GO:0035994	csrp3
fatty-acyl-CoA biosynthetic process	GO:0046949	"gcdha	gcdhb"
positive regulation of RNA splicing	GO:0033120	"dyrk1aa	dyrk1ab	rbm22	zgc:103482"
ribosome hibernation	GO:0141014	"dap	dap1b	zgc:103482"
dendrite extension	GO:0097484	"llph	tmem108"
maintenance of transcriptional fidelity during transcription elongation by RNA polymerase II	GO:0001193	polr2i
regulation of RNA biosynthetic process	GO:2001141	kctd15a
sno(s)RNA catabolic process	GO:0016077	zgc:103759
regulation of synaptic vesicle lumen acidification	GO:1901546	dmxl2
positive regulation of D-glucose import	GO:0046326	"akt2	crebl2"
positive regulation of circadian sleep/wake cycle, sleep	GO:0045938	"aanat2	npvf	npy"
synaptic vesicle lumen acidification	GO:0097401	atp6v1g1
regulation of developmental process	GO:0050793	"notch1a	notch1b	notch2	notch3"
somatic stem cell population maintenance	GO:0035019	notch3
maintenance of blood-brain barrier	GO:0035633	"mfsd2aa	notch3"
symmetric cell division	GO:0098725	notch3
C-terminal protein deglutamylation	GO:0035609	"agbl5	agtpbp1"
protein side chain deglutamylation	GO:0035610	"agbl2	agbl5	agtpbp1"
negative regulation of long-term synaptic potentiation	GO:1900272	"fxr1	si:ch211-51h9.6"
negative regulation of B cell activation	GO:0050869	samsn1a
embryo development ending in birth or egg hatching	GO:0009792	"fbln1	pax1a	pax1b	prpf4	tbpl1	tbpl2"
cellular response to phosphate starvation	GO:0016036	"xpr1a	xpr1b"
growth hormone secretion	GO:0030252	ghrh
cellular response to chemokine	GO:1990869	ripor2
negative regulation of Rho guanyl-nucleotide exchange factor activity	GO:2001107	ripor2
positive regulation of neutrophil extravasation	GO:2000391	"cd99	rac2	ripor2"
negative regulation of protein localization to cell leading edge	GO:1905872	ripor2
negative regulation of establishment of T cell polarity	GO:1903904	ripor2
negative regulation of T cell migration	GO:2000405	ripor2
anterior/posterior axis specification, embryo	GO:0008595	"adar	cactin	ndr1"
enamel mineralization	GO:0070166	"fam20a	fam20cb	fam20cl"
box C/D sno(s)RNA 3'-end processing	GO:0000494	"fbl	larp7"
U6 2'-O-snRNA methylation	GO:1990438	larp7
early stripe melanocyte differentiation	GO:0050933	dennd5a
regulation of catalytic activity	GO:0050790	"ctsba	ctsbb"
acylglycerol metabolic process	GO:0006639	mgll
tyrosine biosynthetic process	GO:0006571	pah
glyoxylate cycle	GO:0006097	"idh1	idh2	ugl"
NADP metabolic process	GO:0006739	"idh1	idh2"
RNA polymerase I assembly	GO:1990113	pfdn5
RNA polymerase III assembly	GO:1990115	pfdn5
recombinational repair	GO:0000725	"hrob	rhno1"
negative regulation of vasculogenesis	GO:2001213	hoxc9a
spinal cord radial glial cell differentiation	GO:0021531	"fzd8a	notch1a"
smooth muscle cell migration	GO:0014909	plat
plasminogen activation	GO:0031639	"plat	plaua	plaub"
microcystin transport	GO:1905431	"slco1d1	slco1f2	slco1f4"
DNA strand elongation	GO:0022616	poln
positive regulation of megakaryocyte differentiation	GO:0045654	"mturn	pithd1"
regulation of Rab protein signal transduction	GO:0032483	dennd4a
epicardial cell to mesenchymal cell transition	GO:0003347	rock1
negative regulation of adherens junction organization	GO:1903392	rock1
vitamin D3 metabolic process	GO:0070640	cyp2r1
regulation of basement membrane organization	GO:0110011	"lama5	mpzl2b"
regulation of cell division	GO:0051302	"fsd1	rack1"
internal peptidyl-lysine acetylation	GO:0018393	"bag6l	kat2a	kat2b"
negative regulation of rRNA processing	GO:2000233	kat2b
positive regulation of attachment of mitotic spindle microtubules to kinetochore	GO:1902425	kat2b
protein acetylation	GO:0006473	kat2b
positive regulation of mitophagy	GO:1901526	"ambra1a	ambra1b"
positive regulation of regulatory T cell differentiation	GO:0045591	"ambra1a	ambra1b"
positive regulation of free ubiquitin chain polymerization	GO:1904544	"ambra1a	ambra1b"
establishment of endothelial blood-brain barrier	GO:0014045	"tnfrsf19	tnfrsf21"
negative regulation of dendrite development	GO:2000171	"bcl11aa	bcl11ab"
protein localization to early endosome	GO:1902946	hspa8
positive regulation of receptor-mediated endocytosis	GO:0048260	hspa8
embryonic organ morphogenesis	GO:0048562	her5
GTP metabolic process	GO:0046039	"ak3	ak4	opa1	ran"
ribosomal subunit export from nucleus	GO:0000054	"eif6	lsg1	ran"
immune system development	GO:0002520	"gata2b	gata3"
regulation of epithelial cell differentiation	GO:0030856	"gata2b	gata3"
hepatoblast differentiation	GO:0061017	nr5a2
axial mesoderm structural organization	GO:0048331	"cdh2	noto"
embryonic medial fin morphogenesis	GO:0035122	"fbln1	hmcn2"
mesenchymal cell migration	GO:0090497	"fbln1	hmcn2"
ventricular cardiac muscle cell differentiation	GO:0055012	fgf8a
cerebellum formation	GO:0021588	"atp13a2	fgf8a	pax2a"
positive regulation of somitomeric trunk muscle development	GO:0014709	fgf8a
taste bud formation	GO:0061195	"ascl1a	fgf8a	mib1"
striated muscle cell differentiation	GO:0051146	"fgf8a	popdc1	popdc2	popdc3	scube2	six1b"
rhombomere 5 development	GO:0021571	"fgf3	fgf8a	hnf1ba	mafba"
rhombomere 6 development	GO:0021572	"fgf3	fgf8a	hnf1ba	mafba"
regulation of bone remodeling	GO:0046850	"fgf20a	fgf8a	neu1	suco"
angioblast cell migration involved in selective angioblast sprouting	GO:0035475	"efnb2a	ephb4a"
synaptic target recognition	GO:0008039	efnb2a
regulation of chemotaxis	GO:0050920	efnb2a
osteoclast differentiation	GO:0030316	"csf1ra	efna2a	gpr183a"
dendritic spine morphogenesis	GO:0060997	"ctnnd2a	dock10	ephb3a"
fasciculation of motor neuron axon	GO:0097156	ek1
melanocyte apoptotic process	GO:1902362	"kita	vps11"
stem cell fate commitment	GO:0048865	kita
negative regulation of adenylate cyclase-activating adrenergic receptor signaling pathway	GO:0071878	npy
replication fork arrest	GO:0043111	"timeless	tipin"
maintenance of translational fidelity	GO:1990145	rps12
cellular response to alcohol	GO:0097306	otx2b
oligodendrocyte cell fate commitment	GO:0021779	foxa2
spinal cord oligodendrocyte cell fate specification	GO:0021530	nkx2.2a
lateral semicircular canal development	GO:0060875	otx1
I-kappaB phosphorylation	GO:0007252	ikbkg
N-terminal peptidyl-aspartic acid acetylation	GO:0017190	naa20
N-terminal peptidyl-glutamine acetylation	GO:0017192	naa20
N-terminal peptidyl-glutamic acid acetylation	GO:0018002	naa20
regulation of tubulin deacetylation	GO:0090043	"hdac10	hdac6	sirt2"
cellular response to L-arginine	GO:1903577	"castor1	castor2"
Golgi calcium ion transport	GO:0032472	tmem165
Golgi calcium ion homeostasis	GO:0032468	tmem165
mitochondrial L-ornithine transmembrane transport	GO:1990575	"slc25a15a	slc25a15b	slc25a29"
negative regulation of axon extension involved in axon guidance	GO:0048843	robo2
olfactory bulb interneuron development	GO:0021891	robo2
menaquinone biosynthetic process	GO:0009234	ubiad1
vitamin K biosynthetic process	GO:0042371	ubiad1
cellular response to fluid shear stress	GO:0071498	ubiad1
attachment of spindle microtubules to kinetochore	GO:0008608	"abraxas1	abraxas2	knl1"
negative regulation of tumor necrosis factor production	GO:0032720	fxr1
regulation of store-operated calcium channel activity	GO:1901339	tmem33
L-alanine metabolic process	GO:0042851	gpt
negative regulation of rDNA heterochromatin formation	GO:0061188	"phf2	phf8"
regulation of ubiquitin-dependent protein catabolic process	GO:2000058	"ube3a	vcp"
regulation of protein localization to chromatin	GO:1905634	vcp
proteasome core complex assembly	GO:0080129	psmg1
molybdate ion transport	GO:0015689	mfsd5
UDP-N-acetylgalactosamine metabolic process	GO:0019276	"b4galnt2.1	b4galnt2.2"
non-myelinated axon ensheathment	GO:0032285	erbb2
box H/ACA sno(s)RNA 3'-end processing	GO:0000495	dkc1
positive regulation of lipid biosynthetic process	GO:0046889	crebl2
tRNA import into mitochondrion	GO:0016031	tomm20b
translation reinitiation	GO:0002188	"denr	eif3s10"
cell-substrate adhesion	GO:0031589	vwf
hepatocyte homeostasis	GO:0036333	"ftcd	tulp3"
renal tubule development	GO:0061326	"nek8	tulp3"
COPII vesicle coating	GO:0048208	"klhl12	pef1	sec16a	sec16b	tfg"
collagen biosynthetic process	GO:0032964	"bmp1a	plod2"
neural crest cell migration involved in sympathetic nervous system development	GO:1903045	"cxcr4a	fscn1a"
import into nucleus	GO:0051170	htatip2
protein polymerization	GO:0051258	"fga	fgb	fgg"
blood coagulation, common pathway	GO:0072377	fga
positive regulation of heterotypic cell-cell adhesion	GO:0034116	fga
regulation of retrograde axon cargo transport	GO:2001017	bicd1a
regulation of DNA-templated transcription elongation	GO:0032784	"supt5h	znf326"
negative regulation of luteinizing hormone secretion	GO:0033685	npvf
protein-DNA covalent cross-linking repair	GO:0106300	"hmces	sprtn	tex264a	vcpip1"
brain renin-angiotensin system	GO:0002035	agtr1a
determination of left/right asymmetry in diencephalon	GO:0035462	"acvr1l	cdx1b	dand5	lft1	pitx2	spaw	tbxta	tcf7l2"
isoleucyl-tRNA aminoacylation	GO:0006428	"iars1	iars2"
centriole elongation	GO:0061511	cenpj
negative regulation of neural precursor cell proliferation	GO:2000178	"cdh2	chd8	dner"
cellular response to cAMP	GO:0071320	"crtc2	rap1aa	rap1ab	rap1b"
negative regulation of synaptic vesicle exocytosis	GO:2000301	"rap1aa	rap1ab	rap1b"
CAAX-box protein processing	GO:0071586	"rce1a	rce1b	zmpste24"
retinoic acid biosynthetic process	GO:0002138	"rbp1.2	rdh10a"
telomerase holoenzyme complex assembly	GO:1905323	"ptges3a	ptges3b"
pigment granule maturation	GO:0048757	"nsfb	vps18"
positive regulation of protein localization to ciliary membrane	GO:1903569	efcab7
D-ribose catabolic process	GO:0019303	rbks
ciliary basal body organization	GO:0032053	"cp110	dzip1	rttn"
convergent extension involved in organogenesis	GO:0060029	"eaf1	eaf2"
muscle cell migration	GO:0014812	"eaf1	eaf2	gpc4	met	vangl2"
regulation of mitotic cytokinesis	GO:1902412	ankrd53
heparan sulfate proteoglycan metabolic process	GO:0030201	"glcea	sulf1"
angiotensin maturation	GO:0002003	ren
peptidyl-serine autophosphorylation	GO:0036289	camk1da
regulation of granulocyte chemotaxis	GO:0071622	"camk1da	camk1db"
post-embryonic hemopoiesis	GO:0035166	"il2rga	trim33"
regulation of glutamate receptor signaling pathway	GO:1900449	si:cabz01007794.1
positive regulation of myelination	GO:0031643	"abcd1	bace1	mtor	myrf	rnf10	tenm4	znf16l"
L-histidine metabolic process	GO:0006547	"amdhd1	ftcd	hal	uroc1"
L-histidine catabolic process	GO:0006548	"amdhd1	hal	uroc1"
L-histidine catabolic process to glutamate and formate	GO:0019557	"amdhd1	ftcd	hal	uroc1"
L-histidine catabolic process to glutamate and formamide	GO:0019556	"amdhd1	ftcd	hal	uroc1"
desmosome maintenance	GO:0002160	jupa
porphyrin-containing compound catabolic process	GO:0006787	urod
nephron tubule morphogenesis	GO:0072078	ponzr1
glomerular endothelium development	GO:0072011	nostrin
regulation of CD4-positive, alpha-beta T cell differentiation	GO:0043370	sh3rf1
regulation of CD8-positive, alpha-beta T cell proliferation	GO:2000564	sh3rf1
meiosis I cell cycle process	GO:0061982	adad1
male germ-line stem cell population maintenance	GO:0036098	adad1
adenosine to inosine editing	GO:0006382	"adad1	adad2	adar	adarb1a"
positive regulation of skeletal muscle acetylcholine-gated channel clustering	GO:1904395	mesd
positive regulation of protein processing	GO:0010954	"caspa	caspb"
miRNA transport	GO:1990428	ybx1
RNA transport	GO:0050658	ybx1
negative regulation of mRNA processing	GO:0050686	ybx1
establishment of RNA localization	GO:0051236	ybx1
tRNA transport	GO:0051031	ybx1
nerve development	GO:0021675	"dag1	ngfa	ngfb"
tRNA wobble adenosine to inosine editing	GO:0002100	adat2
positive regulation of cell size	GO:0045793	"prr16	si:ch211-178n15.1"
mitochondrial transport	GO:0006839	"flvcr1	slc25a20"
peripheral nervous system myelin formation	GO:0032290	adgrg6
CDP biosynthetic process	GO:0046705	"ak9	cmpk"
UDP biosynthetic process	GO:0006225	"ak9	cmpk	mpv17"
immune response-activating signaling pathway	GO:0002757	"crfb1	il10rb"
regulation of hepatocyte apoptotic process	GO:1903943	ahctf1
ER to Golgi ceramide transport	GO:0035621	cert1a
negative regulation of G protein-coupled receptor signaling pathway	GO:0045744	"mgrn1a	mgrn1b"
Notch signaling pathway involved in arterial endothelial cell fate commitment	GO:0060853	"hey2	mettl3"
regulation of telomere maintenance via telomere lengthening	GO:1904356	tinf2
tRNA 3'-end processing	GO:0042780	ptcd1
lactate catabolic process	GO:1903457	ldhd
Golgi disassembly	GO:0090166	"plk3	vrk1"
mitotic G1/S transition checkpoint signaling	GO:0044819	plk3
negative regulation of oocyte development	GO:0060283	bmp15
mating behavior	GO:0007617	cyp11c1
positive regulation of insulin secretion involved in cellular response to glucose stimulus	GO:0035774	rfx6
slit diaphragm assembly	GO:0036060	"crb2b	inf2	tjp1a"
glomerular capillary formation	GO:0072104	"crb2b	myh9a"
defense response to protozoan	GO:0042832	batf
T-helper 2 cell differentiation	GO:0045064	batf
T-helper 17 cell lineage commitment	GO:0072540	batf
T-helper 17 cell differentiation	GO:0072539	batf
isotype switching	GO:0045190	"batf	rnf168	rnf8	sanbr"
vesicle cargo loading	GO:0035459	mia3
ribose phosphate metabolic process	GO:0019693	"nudt14	nudt5"
positive regulation of protein neddylation	GO:2000436	dcun1d4
myosin II filament disassembly	GO:0031037	eef2k
compound eye corneal lens development	GO:0048058	chm
protein geranylgeranylation	GO:0018344	"chm	pggt1b	rabggtb"
negative regulation of hematopoietic stem cell migration	GO:2000472	cxcl12a
positive regulation of axon extension involved in axon guidance	GO:0048842	"cxcl12a	dscamb"
synaptic vesicle uncoating	GO:0016191	"sh3gl1b	sh3gl2a	sh3gl3a	sh3gl3b"
pteridine-containing compound metabolic process	GO:0042558	mtr
response to antibiotic	GO:0046677	hsp90aa1.2
purine ribonucleotide biosynthetic process	GO:0009152	adsl
proximal straight tubule development	GO:0072020	"ppargc1a	sim1a"
mitochondrial tRNA 3'-end processing	GO:1990180	"elac2	trnt1"
tRNA 3'-terminal CCA addition	GO:0001680	trnt1
regulation of endocytic recycling	GO:2001135	"inpp5f	rab11fip3	rab25a	rab25b"
sequestering of TGFbeta in extracellular matrix	GO:0035583	nrros
beta-alanine biosynthetic process	GO:0019483	"dpyda.1	dpydb"
regulation of response to tumor cell	GO:0002834	dgat1a
regulation of protein lipidation	GO:1903059	rabl3
natural killer cell differentiation	GO:0001779	"jak3	rabl3"
positive regulation of Golgi to plasma membrane protein transport	GO:0042998	"cnsta	cnstb"
L-methylmalonyl-CoA metabolic process	GO:0046491	mcee
positive regulation of SREBP signaling pathway	GO:2000640	spring1
ascorbate homeostasis	GO:0140576	cybrd1
positive regulation of synaptic transmission	GO:0050806	"clstn1	clstn2a	clstn2b	clstn3"
positive regulation of hippo signaling	GO:0035332	"frmd6	zgc:153615"
regulation of glomerulus development	GO:0090192	ctns
proximal tubule development	GO:0072014	ctns
L-cystine transport	GO:0015811	ctns
glycosylceramide catabolic process	GO:0046477	gba3
blood vessel maturation	GO:0001955	"gdf6a	hmgcrb	pggt1b	reck"
mitochondrial tyrosyl-tRNA aminoacylation	GO:0070184	gtpbp3
mitochondrial tryptophanyl-tRNA aminoacylation	GO:0070183	"gtpbp3	wars2"
mitochondrial methionyl-tRNA aminoacylation	GO:0070155	gtpbp3
mitochondrial leucyl-tRNA aminoacylation	GO:0070153	gtpbp3
mitochondrial alanyl-tRNA aminoacylation	GO:0070143	gtpbp3
mitochondrial lysyl-tRNA aminoacylation	GO:0070154	gtpbp3
tRNA stabilization	GO:0036416	gtpbp3
mitochondrial tRNA modification	GO:0070900	"cdk5rap1	gtpbp3"
cellular response to thyroid hormone stimulus	GO:0097067	med1l
mitochondrial protein catabolic process	GO:0035694	spata18
mitophagy by internal vacuole formation	GO:0035695	spata18
osteoclast development	GO:0036035	"csf1ra	spi1b"
negative regulation of neutrophil differentiation	GO:0045659	spi1b
intestinal epithelial cell development	GO:0060576	epg5
intestinal stem cell homeostasis	GO:0036335	epg5
negative regulation of protein processing	GO:0010955	chac1
regulation of microtubule polymerization	GO:0031113	"camsap1b	traf3ip1"
COP9 signalosome assembly	GO:0010387	"cops7a	cops8"
negative regulation of alpha-beta T cell activation	GO:0046636	vsir
prostaglandin transport	GO:0015732	slco3a1a
neutrophil mediated immunity	GO:0002446	"jagn1a	jagn1b	ntrk1	rac2"
positive regulation of pancreatic A cell differentiation	GO:2000228	ins
negative regulation of feeding behavior	GO:2000252	"ins	mc4r"
positive regulation of BMP secretion	GO:1900144	marcksb
epithelial cell morphogenesis involved in gastrulation	GO:0003381	marcksb
determination of intestine left/right asymmetry	GO:0071908	"cc2d1a	hand2	ikzf5"
positive regulation of synaptic assembly at neuromuscular junction	GO:0045887	tncb
axon regeneration at neuromuscular junction	GO:0014814	tncb
alanine transport	GO:0032328	"slc38a2	slc6a17"
proline transport	GO:0015824	"slc38a2	slc6a17"
ketone body catabolic process	GO:0046952	"oxct1a	oxct1b"
ketone body metabolic process	GO:1902224	"oxct1a	oxct1b"
cellular response to L-leucine	GO:0071233	"sesn2	sesn3	sesn4"
cellular response to leucine starvation	GO:1990253	"sesn2	sesn3	sesn4"
embryonic camera-type eye formation	GO:0060900	tcf7l1a
endothelial cell fate specification	GO:0060847	"tcf7l1a	tcf7l1b"
head morphogenesis	GO:0060323	"cyp26b1	tcf7l1a"
cell proliferation in dorsal spinal cord	GO:0010456	"tcf7l1a	tcf7l1b"
regulation of cyclic nucleotide-gated ion channel activity	GO:1902159	nudt9
SRP-dependent cotranslational protein targeting to membrane, signal sequence recognition	GO:0006617	srp19
cerebellar Purkinje cell layer development	GO:0021680	snx14
regulation of growth rate	GO:0040009	lin28b
regulation of appetite	GO:0032098	"htr4	si:dkey-247m21.3"
nucleosome organization	GO:0034728	"hoxb1b	nanog	pou5f3	supt6h"
aspartate catabolic process	GO:0006533	"got2a	got2b"
polyprenol catabolic process	GO:0016095	srd5a3
dolichol metabolic process	GO:0019348	"dpm2	srd5a3"
oculomotor nerve development	GO:0021557	rtn4b
trochlear nerve development	GO:0021558	rtn4b
cartilage condensation	GO:0001502	"cdh2	inka1a	kat6a"
negative regulation of neuron projection development	GO:0010977	"bicdl1	minar1"
nuclear mRNA surveillance of mRNA 3'-end processing	GO:0071031	dis3
regulation of post-transcriptional gene silencing	GO:0060147	focad
subtelomeric heterochromatin formation	GO:0031509	hat1
cellular response to copper ion	GO:0071280	cox17
peptidyl-serine ADP-deribosylation	GO:0140290	adprs
antigen processing and presentation of exogenous peptide antigen via MHC class I	GO:0042590	"mfsd6a	mfsd6b"
regulation of vesicle fusion	GO:0031338	cplane2
regulation of mitotic cell cycle spindle assembly checkpoint	GO:0090266	"anapc15	lcmt1"
cholesterol biosynthetic process via lathosterol	GO:0033490	sc5d
establishment of mitotic sister chromatid cohesion	GO:0034087	"naa50	nipbla	nipblb"
establishment of protein localization to chromatin	GO:0071169	"lrwd1	nipbla	nipblb"
negative regulation of stress granule assembly	GO:0062030	styxl1
negative regulation of myeloid cell differentiation	GO:0045638	"cisha	irf4a	smyd5"
regulation of stem cell differentiation	GO:2000736	smyd5
regulation of stem cell division	GO:2000035	smyd5
maintenance of mitotic sister chromatid cohesion	GO:0034088	dscc1
regulation of response to stress	GO:0080134	hsd11b2
glucocorticoid metabolic process	GO:0008211	hsd11b2
lipid digestion	GO:0044241	vps51
regulation of phospholipase activity	GO:0010517	vps51
vascular associated smooth muscle cell differentiation	GO:0035886	foxc1a
hepaticobiliary system process	GO:0061007	"pkd1l1	utp4"
regulation of response to food	GO:0032095	ghrl
regulation of homophilic cell adhesion	GO:1903385	tenm3
dendrite guidance	GO:0070983	tenm3
intracellular receptor signaling pathway	GO:0030522	ahr2
multicellular organismal reproductive process	GO:0048609	ahr2
oocyte differentiation	GO:0009994	fsta
negative regulation of hemopoiesis	GO:1903707	"cisha	gpr65"
negative regulation of lymphocyte differentiation	GO:0045620	cisha
protein localization to cell-cell junction	GO:0150105	"cgnl1	tjp3"
positive regulation of blood-brain barrier permeability	GO:1905605	tjp3
multicellular organismal-level homeostasis	GO:0048871	tjp3
regulation of plasma membrane bounded cell projection organization	GO:0120035	nrp1a
angiogenesis involved in wound healing	GO:0060055	"hpse	nrp1a"
cell activation	GO:0001775	nrp1a
phospholipase C-activating opsin-mediated signaling pathway	GO:0030265	opn4.1
regulation of actin polymerization or depolymerization	GO:0008064	brk1
protein repair	GO:0030091	"msrb1a	msrb2	msrb3"
protein-RNA covalent cross-linking repair	GO:0160127	rnf14
DNA damage response, signal transduction resulting in transcription	GO:0042772	mad2l2
positive regulation of peptidyl-serine phosphorylation	GO:0033138	mad2l2
positive regulation of lamellipodium assembly	GO:0010592	"akirin1	rac2"
regulation of establishment or maintenance of cell polarity	GO:0032878	"llgl2	rac2"
secondary heart field specification	GO:0003139	"hdac1	isl2b	rarab	ripply3"
positive regulation of protein kinase A signaling	GO:0010739	"adgrv1	akap12a	akap12b"
regulation of protein kinase A signaling	GO:0010738	"akap12a	akap12b"
mitochondrion-endoplasmic reticulum membrane tethering	GO:1990456	pdzd8
regulation of intracellular estrogen receptor signaling pathway	GO:0033146	carm1
Schwann cell proliferation	GO:0014010	gle1
regulation of cytokinesis, actomyosin contractile ring assembly	GO:2000431	ect2
negative regulation of vascular endothelial growth factor production	GO:1904046	sars1
positive regulation of insulin receptor signaling pathway	GO:0046628	"igf2a	igf2b"
positive regulation of vascular endothelial cell proliferation	GO:1905564	"igf2a	igf2b"
positive regulation of activated T cell proliferation	GO:0042104	"igf2a	igf2b"
regulation of muscle cell differentiation	GO:0051147	"igf2a	igf2b"
atrial cardiac muscle tissue morphogenesis	GO:0055009	tnnt2a
regulation of nitric oxide mediated signal transduction	GO:0010749	tnnt2a
regulation of retina development in camera-type eye	GO:1902866	"crb2a	eys	id2a	sf3b4"
positive regulation of RNA export from nucleus	GO:0046833	"cpsf6	ncbp2"
regulation of neuron migration	GO:2001222	"nsmfa	nsmfb"
regulation of intrinsic apoptotic signaling pathway by p53 class mediator	GO:1902253	"nup62l	sart3	tp53"
tRNA metabolic process	GO:0006399	"dtd1	dtd2"
negative regulation of corticotropin secretion	GO:0051460	crhbp
positive regulation of neuromuscular synaptic transmission	GO:1900075	rapsn
sulfur oxidation	GO:0019417	mical1
regulation of tyrosine phosphorylation of STAT protein	GO:0042509	socs1a
response to lithium ion	GO:0010226	tcf7l2
regulation of photoreceptor cell differentiation	GO:0046532	id2a
regulation of cell proliferation involved in compound eye morphogenesis	GO:2000495	id2a
positive regulation of DNA-templated transcription, elongation	GO:0032786	"ccnk	ccnt2a	ccnt2b"
endodermal cell fate determination	GO:0007493	"acvr1ba	sox32"
inorganic ion homeostasis	GO:0098771	gnav1
cranial suture morphogenesis	GO:0060363	"cyp26b1	sp7"
dentinogenesis	GO:0097187	sp7
regulation of osteoblast proliferation	GO:0033688	sp7
cell-cell adhesion involved in mesendodermal cell migration	GO:0003370	cdh1
regulation of mesenchymal stem cell differentiation	GO:2000739	pum2
regulation of mitochondrial transcription	GO:1903108	"kansl3	mtres1"
negative regulation of lymphoid progenitor cell differentiation	GO:1905457	bloc1s2
positive regulation of myeloid progenitor cell differentiation	GO:1905455	bloc1s2
positive regulation of plasminogen activation	GO:0010756	plgrkt
arsenite transport	GO:0015700	aqp9a
phagolysosome assembly involved in apoptotic cell clearance	GO:0090387	adgrb1b
phosphatidylserine biosynthetic process	GO:0006659	"ptdss1a	ptdss1b	ptdss2"
regulation of cobalamin metabolic process	GO:0106064	clybl
regulation of feeding behavior	GO:0060259	gnrh2
iron import into cell	GO:0033212	slc39a14
response to radiation	GO:0009314	polh
positive regulation of protein monoubiquitination	GO:1902527	pef1
regulation of release of sequestered calcium ion into cytosol by sarcoplasmic reticulum	GO:0010880	stac3
positive regulation of voltage-gated calcium channel activity	GO:1901387	stac3
positive regulation of protein localization to plasma membrane	GO:1903078	stac3
negative regulation of interleukin-1 beta production	GO:0032691	cptp
ceramide 1-phosphate transport	GO:1902389	cptp
negative regulation of type B pancreatic cell development	GO:2000077	tm4sf4
negative regulation of pancreatic A cell differentiation	GO:2000227	tm4sf4
meiotic joint molecule formation	GO:0000709	psmc3ip
meiotic strand invasion involved in reciprocal meiotic recombination	GO:0010774	psmc3ip
spindle midzone assembly	GO:0051255	"ccdc69	lzts2a	lzts2b"
nucleotide-sugar transmembrane transport	GO:0015780	"slc35d1a	slc35d1b"
afferent axon development in posterior lateral line nerve	GO:0048933	nsfa
pigment granule localization	GO:0051875	nsfa
ventral spinal cord interneuron fate commitment	GO:0060579	foxn4
positive regulation of protein-containing complex assembly	GO:0031334	vegfaa
positive regulation of focal adhesion assembly	GO:0051894	"cfap77	vegfaa"
regulation of meiotic cell cycle	GO:0051445	"ddx4	mettl3"
detection of light stimulus	GO:0009583	"dlat	rho"
G protein-coupled opsin signaling pathway	GO:0016056	rho
embryo development	GO:0009790	"brca2	tp53"
epidermis morphogenesis	GO:0048730	"abca12	snap29	tp53	tp63"
programmed cell death involved in cell development	GO:0010623	tp53
DNA damage response, signal transduction by p53 class mediator resulting in transcription of p21 class mediator	GO:0006978	"rps6kal	tp53"
negative regulation of cell division	GO:0051782	tp53
transposable element silencing	GO:0010526	tp53
retinal cone cell fate determination	GO:0042671	"gdf6a	tbx2b	thrb"
thyroid hormone receptor signaling pathway	GO:0002154	"thraa	thrb"
positive regulation of sarcomere organization	GO:0060298	"rbm24a	thraa	thrab"
NK T cell differentiation	GO:0001865	itk
venous endothelial cell fate commitment	GO:0060845	nr2f2
lymphatic endothelial cell fate commitment	GO:0060838	nr2f2
respiratory burst involved in defense response	GO:0002679	cftr
transepithelial water transport	GO:0035377	cftr
cellular response to forskolin	GO:1904322	cftr
RNA stabilization	GO:0043489	"elavl1a	zcchc17"
bile acid secretion	GO:0032782	abcb11b
canalicular bile acid transport	GO:0015722	abcb11a
iron-sulfur cluster export from the mitochondrion	GO:0140466	abcb7
cellular detoxification	GO:1990748	abcb7
positive regulation of heme biosynthetic process	GO:0070455	"abcb10	abcb7"
V(D)J recombination	GO:0033151	"rag1	rag2"
protein-DNA complex assembly	GO:0065004	"rag1	rag2"
somatic diversification of immune receptors via germline recombination within a single locus	GO:0002562	rag1
non-canonical Wnt signaling pathway involved in heart development	GO:0061341	"dub	fzd2"
retina vasculature morphogenesis in camera-type eye	GO:0061299	"fzd4	unm_t32235"
cardiac muscle progenitor cell migration to the midline involved in heart field formation	GO:0003261	"pdgfaa	pdgfra	snai1b"
cardioblast cell midline fusion	GO:0003317	pdgfra
paraxial mesodermal cell fate specification	GO:0048348	vsx1
negative regulation of axial mesodermal cell fate specification	GO:0048329	vsx1
repair of mitotic kinetochore microtubule attachment defect	GO:0140273	aurkb
positive regulation of mitotic sister chromatid segregation	GO:0062033	aurkb
negative regulation of B cell apoptotic process	GO:0002903	aurkb
conversion of methionyl-tRNA to N-formyl-methionyl-tRNA	GO:0071951	mtfmt
positive regulation of phagocytosis, engulfment	GO:0060100	vtg2
vitelline membrane formation	GO:0030704	vtg2
negative regulation of hypoxia-induced intrinsic apoptotic signaling pathway	GO:1903298	hyou1
cellular response to redox state	GO:0071461	gja5b
adult behavior	GO:0030534	gja5b
cerebellar cortex development	GO:0021695	clp1
detection of visible light	GO:0009584	"exorh	opn1sw2	synj1"
phototaxis	GO:0042331	opn1sw2
regulation of cell adhesion mediated by integrin	GO:0033628	"plaub	tesca	tescb"
positive regulation of centriole replication	GO:0046601	plk4
de novo centriole assembly involved in multi-ciliated epithelial cell differentiation	GO:0098535	"cep63	plk4"
positive regulation of cholesterol storage	GO:0010886	srebf2
snoRNA splicing	GO:0034247	rnf113a
microtubule-based transport	GO:0099111	gja1b
regulation of cardiac muscle cell contraction	GO:0086004	fbxl22
convergent extension involved in nephron morphogenesis	GO:0072045	"tbx16	tbxta	tdgf1"
hypoblast development	GO:0090008	"bmp2b	tdgf1"
cell fate determination	GO:0001709	ndr2
anterior lateral line nerve development	GO:0048909	neurog1
positive regulation of mesodermal cell fate specification	GO:0048337	notch1a
Notch signaling involved in heart development	GO:0061314	notch1a
dorsal fin morphogenesis	GO:0035142	cdh2
hindbrain structural organization	GO:0021577	cdh2
regulation of eye photoreceptor cell development	GO:0042478	"bbs2	cdh2	cdh4"
cell migration involved in somitogenic axis elongation	GO:0090248	cdh2
ventral aorta development	GO:0035908	ntn1a
negative regulation of growth	GO:0045926	mstnb
negative regulation of cardiac muscle myoblast proliferation	GO:0110023	mstnb
negative regulation of growth rate	GO:0045967	mstnb
negative regulation of striated muscle tissue development	GO:0045843	mstnb
cardiac muscle myoblast proliferation	GO:0110021	"inhbaa	mstnb"
negative regulation of skeletal muscle tissue development	GO:0048642	mstnb
regulation of muscle hyperplasia	GO:0014738	mstnb
regulation of biological quality	GO:0065008	mdm2
negative regulation of epithelial cell apoptotic process	GO:1904036	mdm2
very-low-density lipoprotein particle remodeling	GO:0034372	lpla
anterior neural plate formation	GO:0090017	htt
positive regulation of brain-derived neurotrophic factor receptor signaling pathway	GO:0031550	htt
reactive gliosis	GO:0150103	"gmfb	pdx1"
hindbrain maturation	GO:0021578	hoxb1a
rhombomere 4 development	GO:0021570	"hoxb1a	hoxb1b"
atrial cardiac muscle cell action potential	GO:0086014	prrx1a
maintenance of DNA repeat elements	GO:0043570	"msh2	msh6"
relaxation of skeletal muscle	GO:0090076	atp2a1
negative regulation of muscle contraction	GO:0045932	atp2a1
'de novo' cotranslational protein folding	GO:0051083	"dnajc2	telo2"
purine ribonucleotide catabolic process	GO:0009154	hint1
regulation of stem cell population maintenance	GO:2000036	"cnot3a	cnot3b"
endosome to pigment granule transport	GO:0043485	vps18
organelle fusion	GO:0048284	"vps11	vps18"
osteoblast proliferation	GO:0033687	hdac1
snRNA export from nucleus	GO:0006408	"ncbp2	phax"
mRNA 5'-splice site recognition	GO:0000395	"prpf39	sfswap	snrpc"
peptidyl-serine phosphorylation	GO:0018105	csnk1a1
regulation of cardiac myofibril assembly	GO:1905304	"rnf2	washc5"
regulation of neural crest cell fate specification	GO:1905295	rnf2
positive regulation of Wnt signaling pathway, calcium modulating pathway	GO:0045813	vangl2
mucus secretion	GO:0070254	"si:ch73-234b20.5	vamp8"
regulation of fear response	GO:1903365	kiss1
positive regulation of ubiquitin-dependent protein catabolic process	GO:2000060	ccdc22
free ubiquitin chain polymerization	GO:0010994	ube2s
positive regulation of release of sequestered calcium ion into cytosol	GO:0051281	"aplnra	aplnrb"
endodermal cell differentiation	GO:0035987	"apela	aplnra	aplnrb	dhx16"
biotin transport	GO:0015878	slc5a6b
pantothenate transmembrane transport	GO:0015887	slc5a6b
vesicle targeting, trans-Golgi to periciliary membrane compartment	GO:0097712	cep19
tricellular tight junction assembly	GO:1904274	lsr
alpha-ketoglutarate transport	GO:0015742	slc13a2
cellular response to lithium ion	GO:0071285	slc13a2
succinate transmembrane transport	GO:0071422	"slc13a2	slc13a3	slc25a10a	slc25a10b"
photoreceptor cell morphogenesis	GO:0008594	"cfap418	ift122	ift56	llgl2"
negative regulation of excitatory synapse assembly	GO:1904890	clstn3
regulation of excitatory synapse assembly	GO:1904889	"clstn3	epb41l3a"
positive regulation of inhibitory synapse assembly	GO:1905704	clstn3
endothelin receptor signaling pathway	GO:0086100	"bcar3	ednraa	ednrab	ednrba"
sequestering of BMP from receptor via BMP binding	GO:0038098	"grem1a	grem2a	nbl1"
negative regulation of intracellular protein transport	GO:0090317	cep131
negative regulation of programmed cell death	GO:0043069	"ntf3	tm7sf3"
coenzyme A transmembrane transport	GO:0035349	"slc25a17l	slc25a42"
regulation of cell migration involved in sprouting angiogenesis	GO:0090049	"prkcz	rab5c	reck"
endothelial tip cell filopodium assembly	GO:0120084	rab5c
pyruvate biosynthetic process	GO:0042866	agxtb
extraocular skeletal muscle development	GO:0002074	"myf5	myod1	six1b"
positive regulation of peptidyl-lysine acetylation	GO:2000758	dip2ba
positive regulation of vesicle fusion	GO:0031340	"syt3	syt9a	syt9b"
protein localization to adherens junction	GO:0071896	"arhgef7b	mpp7a	rhov"
N-glycan fucosylation	GO:0036071	fut8a
mesenchymal to epithelial transition	GO:0060231	"cxcr4a	rtn4a	thbs3a"
TORC2 signaling	GO:0038203	"mapkap1	prr5a	prr5l	syap1"
regulation of lymphocyte proliferation	GO:0050670	"hlk	otg"
telencephalon regionalization	GO:0021978	gbx2
protein farnesylation	GO:0018343	fntb
response to muscle activity	GO:0014850	"metrnla	perm1b"
negative regulation of DNA recombination at telomere	GO:0048239	terf2ip
forebrain radial glial cell differentiation	GO:0021861	"mettl14	mettl3"
positive regulation of microtubule depolymerization	GO:0031117	spast
reactive oxygen species metabolic process	GO:0072593	"myh11a	sh3pxd2aa	spast"
soluble molecule recognition	GO:0009995	taar13c
response to odorant	GO:1990834	taar13c
protein insertion into membrane	GO:0051205	si:ch211-276k2.1
negative regulation of metaphase/anaphase transition of meiotic cell cycle	GO:1902103	mos
propanoate transmembrane transport	GO:0015730	slc5a8l
nicotinate transport	GO:2001142	slc5a8l
acetate transport	GO:0006846	slc5a8l
pyruvate transport	GO:0006848	slc5a8l
nitrate transmembrane transport	GO:0015706	slc5a8l
iodide transport	GO:0015705	slc5a8l
lactate transport	GO:0015727	slc5a8l
organic anion transport	GO:0015711	"slc22a6l	slco1d1"
polyprenol biosynthetic process	GO:0016094	dhdds
glucose-6-phosphate transport	GO:0015760	"slc37a1	slc37a2	slc37a4a	slc37a4b"
postsynaptic density organization	GO:0097106	tmem108
retrograde axonal transport	GO:0008090	"mapk8ip3	pafah1b1a	pafah1b1b	tmem108	vezt"
positive regulation of translational termination	GO:0045905	"eif5a	eif5a2	jmjd4"
negative regulation of hematopoietic progenitor cell differentiation	GO:1901533	nfkbiaa
renal system development	GO:0072001	slc20a1a
response to epinephrine	GO:0071871	"inpp5b	ocrl"
chromosome passenger complex localization to kinetochore	GO:0072356	rcc2
positive regulation of attachment of spindle microtubules to kinetochore	GO:0051987	rcc2
ether lipid metabolic process	GO:0046485	agmo
membrane lipid metabolic process	GO:0006643	agmo
triglyceride metabolic process	GO:0006641	"apoc1	gk5	slc7a3a"
glycerol-3-phosphate biosynthetic process	GO:0046167	gk5
vacuolar transmembrane transport	GO:0034486	"si:dkey-5g14.1	slc46a3"
neuronal action potential propagation	GO:0019227	"cdkl5	depdc5	sv2a"
regulation of mast cell degranulation	GO:0043304	zgc:154077
regulation of telomere maintenance	GO:0032204	"mre11a	ufl1	ufm1	ylpm1"
muscle cell fate determination	GO:0007521	prdm1a
positive regulation of striated muscle cell differentiation	GO:0051155	prdm1a
positive regulation of extracellular matrix assembly	GO:1901203	cemip2
positive regulation of vascular endothelial growth factor signaling pathway	GO:1900748	"cds2	cemip2"
N-terminal protein amino acid modification	GO:0031365	"metap2b	pdf"
peptidyl-methionine modification	GO:0018206	"metap2b	pdf"
high-density lipoprotein particle clearance	GO:0034384	apoc2
lipoprotein catabolic process	GO:0042159	apoc2
D-aspartate import across plasma membrane	GO:0070779	"slc1a3a	slc1a3b"
hindbrain tangential cell migration	GO:0021934	prickle1b
cellular response to UV-B	GO:0071493	crip1
phototransduction, UV	GO:0007604	parapinopsina
absorption of UV light	GO:0016039	parapinopsina
negative regulation of heart contraction	GO:0045822	bnip3lb
cytoplasmic translational initiation	GO:0002183	"eif2b3	eif3i	eif3m	eif4a1a	eif4a1b	eif4a2"
oxidative phosphorylation	GO:0006119	tefm
transcription elongation by mitochondrial RNA polymerase	GO:0006392	tefm
interleukin-15-mediated signaling pathway	GO:0035723	il15ra
AMP transport	GO:0080121	slc25a42
positive regulation of osteoblast proliferation	GO:0033690	tmem119b
B cell chemotaxis	GO:0035754	ch25h
regulation of clathrin-dependent endocytosis	GO:2000369	"aak1b	bmp2k	ccdc32"
mitochondrial DNA repair	GO:0043504	"mgme1	primpol"
interstitial cell of Cajal differentiation	GO:0061453	med24
regulation of synapse structural plasticity	GO:0051823	ctnna2
DNA synthesis involved in DNA repair	GO:0000731	"pold4	wrnip1"
intraciliary anterograde transport	GO:0035720	ift56
insulin receptor internalization	GO:0038016	lmbrd1
N-acetylmannosamine metabolic process	GO:0006051	renbp
RNA repair	GO:0042245	"fto	rlig1"
organic cation transport	GO:0015695	"slc22a16	slc22a2	slc22a3	slc47a2.1"
allantoin catabolic process	GO:0000256	"allc	zgc:103559"
chondrocyte activation	GO:0044566	wls
regulation of mitotic metaphase/anaphase transition	GO:0030071	anapc4
nucleoside triphosphate biosynthetic process	GO:0009142	"ak1	ak3	ak4	nme3"
ITP metabolic process	GO:0046041	ak3
negative regulation of glial cell proliferation	GO:0060253	"dner	mmp9"
positive regulation of granuloma formation	GO:0002633	mmp9
growth plate cartilage development	GO:0003417	mmp9
alpha-tubulin acetylation	GO:0071929	atat1
fibroblast growth factor receptor signaling pathway involved in somitogenesis	GO:0090243	"churc1	zeb2a"
calcium-dependent self proteolysis	GO:1990092	capn3b
nucleotide-excision repair, preincision complex assembly	GO:0006294	gtf2h5
melanosome assembly	GO:1903232	"hps1	hps4"
10-formyltetrahydrofolate biosynthetic process	GO:0009257	mthfd1l
trigeminal ganglion development	GO:0061551	"diras1a	diras1b	mib1"
regulation of blood-brain barrier permeability	GO:1905603	wt1a
osteoclast maturation	GO:0036179	csf1ra
immune response in brain or nervous system	GO:0002383	csf1ra
positive regulation of macrophage chemotaxis	GO:0010759	"akirin1	csf1ra"
polyamine transmembrane transport	GO:1902047	atp13a2
cellular response to manganese ion	GO:0071287	atp13a2
stress response to metal ion	GO:0097501	atp13a2
regulation of autophagosome size	GO:0016243	atp13a2
regulation of D-glucose import	GO:0046324	c1qtnf12
negative regulation of fibrinolysis	GO:0051918	serpinf2b
angiotensin-activated signaling pathway	GO:0038166	agtrap
diacylglycerol catabolic process	GO:0046340	"dagla	daglb"
endocannabinoid signaling pathway	GO:0071926	dagla
retrograde trans-synaptic signaling by endocannabinoid	GO:0098921	dagla
positive regulation of skeletal muscle hypertrophy	GO:1904206	mymk
plasma membrane fusion	GO:0045026	mymk
negative regulation of adenylate cyclase activity	GO:0007194	"adgrv1	galr1a"
production of molecular mediator involved in inflammatory response	GO:0002532	"il4r.1	il4r.2"
specification of pronephric distal tubule identity	GO:0039010	efhc2
positive regulation of type I interferon-mediated signaling pathway	GO:0060340	"rnf185	trim33l"
regulation of secondary heart field cardioblast proliferation	GO:0003266	lamb1a
cellular response to steroid hormone stimulus	GO:0071383	hamp
cellular response to progesterone stimulus	GO:0071393	hamp
regulation of extracellular matrix constituent secretion	GO:0003330	creb3l2
anal fin development	GO:0033335	rspo2
regulation of action potential firing pattern	GO:0099608	"auts2a	tsc2"
negative regulation of heterochromatin formation	GO:0031452	"prdm14	unga"
regulation of receptor signaling pathway via JAK-STAT	GO:0046425	mst1
positive regulation of hematopoietic stem cell proliferation	GO:1902035	tpd52
assembly of large subunit precursor of preribosome	GO:1902626	eif6
regulation of Wnt signaling pathway, planar cell polarity pathway	GO:2000095	"adgra3	dact1"
ventral spinal cord development	GO:0021517	nos1
amino-acid betaine transport	GO:0015838	slc22a21
negative regulation of Rac protein signal transduction	GO:0035021	arhgap24
negative regulation of ruffle assembly	GO:1900028	arhgap24
wound healing, spreading of epidermal cells	GO:0035313	arhgap24
podosome assembly	GO:0071800	"bin2a	bin2b"
drinking behavior	GO:0042756	apln
cell migration involved in mesendoderm migration	GO:0090134	"apela	apln	mapkap1"
karyomere membrane fusion	GO:0061472	bmb
karyogamy	GO:0000741	bmb
endocardial cushion morphogenesis	GO:0003203	"actc1a	apc	vcana"
negative regulation of viral genome replication	GO:0045071	"n4bp1	usp5"
nucleotide-excision repair involved in interstrand cross-link repair	GO:1901255	"ercc4	xpa"
regulation of establishment of blood-brain barrier	GO:0090210	reck
negative regulation of metalloendopeptidase activity	GO:1904684	reck
ventriculo bulbo valve development	GO:0003173	"piezo1	pkd2	yap1"
positive regulation of sequestering of calcium ion	GO:0051284	pkd2
protein localization to motile cilium	GO:0120229	dnaaf11
regulation of transcription by RNA polymerase I	GO:0006356	dhx33
positive regulation of pattern recognition receptor signaling pathway	GO:0062208	"zdhhc5a	zdhhc5b"
thiosulfate transport	GO:0015709	"slc25a10a	slc25a10b"
malate transmembrane transport	GO:0071423	"slc25a10a	slc25a10b"
norepinephrine transport	GO:0015874	slc6a2
dopamine uptake involved in synaptic transmission	GO:0051583	slc6a2
xanthine catabolic process	GO:0009115	xdh
UDP-D-xylose biosynthetic process	GO:0033320	uxs1
regulation of glycogen catabolic process	GO:0005981	ppp1r3b
cortical microtubule organization	GO:0043622	nanog
yolk syncytial layer development	GO:0106336	nanog
negative regulation of beta-catenin-TCF complex assembly	GO:1904864	nanog
regulation of germ cell proliferation	GO:1905936	nanog
COPII-coated vesicle budding	GO:0090114	"sec13	sec23a	sec23b"
homologous recombination	GO:0035825	hdac10
spermidine deacetylation	GO:0106048	hdac10
polyamine deacetylation	GO:0106047	hdac10
sphingolipid mediated signaling pathway	GO:0090520	"kdsr	smpd2a	sphk2"
protein branched polyubiquitination	GO:0141198	"anapc15	cdc26"
carbohydrate transmembrane transport	GO:0034219	"tmem144a	tmem144b"
negative regulation of plasminogen activation	GO:0010757	"serpine1	serpine2"
negative regulation of vascular wound healing	GO:0061044	serpine1
epidermal cell fate specification	GO:0009957	"foxi1	foxi3a	foxi3b	gcm2"
spinal cord dorsal/ventral patterning	GO:0021513	tcf7
aspartate family amino acid metabolic process	GO:0009066	aspg
regulation of ferroptosis	GO:0110075	"slc39a7	tulp1a	tulp1b"
leukotriene D4 biosynthetic process	GO:1901750	ggt5a
citrulline biosynthetic process	GO:0019240	otc
arginine biosynthetic process via ornithine	GO:0042450	"asl	otc"
sensory perception of umami taste	GO:0050917	tas1r3
sensory perception of sweet taste	GO:0050916	tas1r3
folate transmembrane transport	GO:0098838	slc19a1
establishment of cell polarity involved in gastrulation cell migration	GO:0003379	gpc4
cerebellum morphogenesis	GO:0021587	"hgfa	hgfb	met	ptpro	roraa	smo	wnt1"
positive regulation of transcription by RNA polymerase III	GO:0045945	ice2
trachea cartilage development	GO:0060534	unm_tx224
negative regulation of retrograde protein transport, ER to cytosol	GO:1904153	svip
negative regulation of VCP-NPL4-UFD1 AAA ATPase complex assembly	GO:1904240	svip
coenzyme A catabolic process	GO:0015938	nudt7
spinal cord association neuron specification	GO:0021519	mib1
optic cup formation involved in camera-type eye development	GO:0003408	mib1
rhombomere development	GO:0021546	mib1
lateral line nerve development	GO:0048892	mib1
epithelial cell development	GO:0002064	mib1
formation of anatomical boundary	GO:0048859	"mib1	sfpq"
activation of adenylate cyclase activity	GO:0007190	cap1
regulation of cardiac muscle contraction by regulation of the release of sequestered calcium ion	GO:0010881	casq2
hexose biosynthetic process	GO:0019319	chst15
positive regulation of mitotic recombination	GO:0045951	ercc2
sarcosine catabolic process	GO:1901053	sardh
positive regulation of glucocorticoid receptor signaling pathway	GO:2000324	"nr3c2	vhl"
regulation of mitophagy	GO:1901524	clec16a
negative regulation of stem cell differentiation	GO:2000737	ythdf2
spermatogonial cell division	GO:0007284	ythdf2
midbody abscission	GO:0061952	mitd1
epoxide metabolic process	GO:0097176	ephx1
regulation of protein export from nucleus	GO:0046825	uhmk1
regulation of regulatory T cell differentiation	GO:0045589	kat2a
peptidyl-lysine glutarylation	GO:0106227	kat2a
sperm-egg recognition	GO:0035036	"bncr	spaca6"
fusion of sperm to egg plasma membrane involved in single fertilization	GO:0007342	"bncr	spaca6"
cardiogenic plate morphogenesis	GO:0003142	hand2
embryonic heart tube formation	GO:0003144	hand2
noradrenergic neuron differentiation	GO:0003357	hand2
polarized epithelial cell differentiation	GO:0030859	hand2
atrioventricular canal morphogenesis	GO:1905222	"pou6f1	rangrf"
ionocyte differentiation	GO:0062236	"foxi3a	foxi3b	mafba"
negative regulation of cell-cell adhesion	GO:0022408	"podxl	snai1b"
endocardium formation	GO:0060214	tal1
regulation of skeletal muscle contraction by regulation of release of sequestered calcium ion	GO:0014809	"casq1a	casq1b"
negative regulation of calcium-dependent cell-cell adhesion	GO:0046588	acvr1l
negative regulation of mesoderm development	GO:2000381	dcaf1
protein localization to perinuclear region of cytoplasm	GO:1905719	fhip1b
spliceosomal complex disassembly	GO:0000390	"dnajc17	tfip11"
snoRNA guided rRNA pseudouridine synthesis	GO:0000454	gar1
ethanolamine metabolic process	GO:0006580	gde1
priRNA 3'-end processing	GO:1990431	parn
siRNA 3'-end processing	GO:1990432	parn
regulation of epiboly involved in gastrulation with mouth forming second	GO:1904086	"flot2a	gdf3"
protein kinase C signaling	GO:0070528	"flot1a	flot1b"
positive regulation of cell junction assembly	GO:1901890	"flot1a	flot1b"
positive regulation of cell-cell adhesion mediated by cadherin	GO:2000049	"flot1a	flot1b"
protein O-linked glycosylation via serine	GO:0018242	poglut2
cellular response to virus	GO:0098586	nlrc5
conversion of seryl-tRNAsec to selenocys-tRNAsec	GO:0001717	sepsecs
3-keto-sphinganine metabolic process	GO:0006666	kdsr
sperm DNA condensation	GO:0035092	"piwil1	rnf8"
regulation of actin nucleation	GO:0051125	washc5
meiotic spindle organization	GO:0000212	"aurka	tubg1"
uridine catabolic process	GO:0006218	upp2
rhombomere 6 morphogenesis	GO:0021667	hnf1ba
rhombomere 5 morphogenesis	GO:0021664	hnf1ba
pancreas field specification	GO:0061131	"aldh1a2	bmp2b"
cell-cell signaling involved in cell fate commitment	GO:0045168	bmp2b
protein-containing complex localization to centriolar satellite	GO:0140706	dzip1
neurohypophysis development	GO:0021985	fgf3
vitamin A biosynthetic process	GO:0035238	rdh5
asynchronous neurotransmitter secretion	GO:0071912	syt7b
coronary vasculature morphogenesis	GO:0060977	vclb
establishment of synaptic specificity at neuromuscular junction	GO:0007529	lrp4
AMPA glutamate receptor clustering	GO:0097113	dlg4b
positive regulation of skeletal muscle fiber differentiation	GO:1902811	rbm24a
regulation of myotube differentiation	GO:0010830	rbm24a
positive regulation of 3'-UTR-mediated mRNA stabilization	GO:1905870	rbm24a
negative regulation of nuclear-transcribed mRNA poly(A) tail shortening	GO:0060212	rbm24a
pinocytosis	GO:0006907	snx5
dendritic cell homeostasis	GO:0036145	gpr183a
T follicular helper cell differentiation	GO:0061470	gpr183a
T cell chemotaxis	GO:0010818	gpr183a
dendritic cell chemotaxis	GO:0002407	gpr183a
regulation of astrocyte chemotaxis	GO:2000458	gpr183a
ligamentous ossification	GO:0036076	mef2ca
positive regulation of hemoglobin biosynthetic process	GO:0046985	abcb10
oligopeptide export from mitochondrion	GO:0090374	abcb10
mitochondrial RNA processing	GO:0000963	"fastk	fastkd1	fastkd3	tbrg4"
neural keel formation	GO:0014025	hoxb1b
rhombomere 4 formation	GO:0021663	hoxb1b
rhombomere morphogenesis	GO:0021593	hoxb1b
negative regulation of pre-miRNA processing	GO:2000632	bcdin3d
intracellular oxygen homeostasis	GO:0032364	foxo4
corticotropin hormone secreting cell differentiation	GO:0060128	dmrta2
thromboxane A2 signaling pathway	GO:0038193	tbxa2r
positive regulation of blood pressure	GO:0045777	"tac3a	tbxa2r"
detection of virus	GO:0009597	serinc5
sphingomyelin catabolic process	GO:0006685	"smpd1	smpd4	smpd5	smpdl3a	smpdl3b"
regulation of cellular response to hypoxia	GO:1900037	slc38a9
susceptibility to natural killer cell mediated cytotoxicity	GO:0042271	cadm1b
detection of stimulus	GO:0051606	cadm1b
cell recognition	GO:0008037	cadm1b
allantoin metabolic process	GO:0000255	urad
cranial nerve formation	GO:0021603	"hgfa	met"
hepatocyte growth factor receptor signaling pathway	GO:0048012	hgfa
lysobisphosphatidic acid metabolic process	GO:2001311	acp6
dUTP catabolic process	GO:0046081	dut
regulation of heart growth	GO:0060420	"dusp6	ruvbl1	ruvbl2"
negative regulation of intrinsic apoptotic signaling pathway in response to DNA damage	GO:1902230	"ddias	ptpn11a"
cell-cell recognition	GO:0009988	epha4a
DNA-templated transcription elongation	GO:0006354	supt5h
positive regulation of type II interferon-mediated signaling pathway	GO:0060335	supt5h
negative regulation of vascular endothelial growth factor signaling pathway	GO:1900747	gdf6a
retinal cell apoptotic process	GO:1990009	gdf6a
negative regulation of melanocyte differentiation	GO:0045635	gdf6a
photoreceptor cell fate commitment	GO:0046552	gdf6a
IMP biosynthetic process	GO:0006188	ampd3b
endothelium development	GO:0003158	"etsrp	fev"
negative regulation of DNA-binding transcription factor activity	GO:0043433	"kctd10	prox1a"
neuromast hair cell differentiation	GO:0048886	prox1a
coronal suture morphogenesis	GO:0060365	cyp26b1
regulation of glutamate secretion, neurotransmission	GO:1903294	slc38a2
L-glutamine import across plasma membrane	GO:1903803	slc38a2
L-serine import across plasma membrane	GO:1903812	slc38a2
L-proline import across plasma membrane	GO:1904271	slc38a2
amino acid import	GO:0043090	slc38a2
positive regulation of Rac protein signal transduction	GO:0035022	robo4
positive regulation of small GTPase mediated signal transduction	GO:0051057	robo4
positive regulation of cell-matrix adhesion	GO:0001954	robo4
positive regulation of protein secretion	GO:0050714	"edn1	ier3ip1"
positive regulation of extracellular matrix constituent secretion	GO:0003331	ier3ip1
regulation of heart morphogenesis	GO:2000826	"ptprz1b	rangrf"
regulation of intracellular transport	GO:0032386	dzank1
regulation of mRNA cis splicing, via spliceosome	GO:1905744	"rpl22	rpl22l1"
negative regulation of focal adhesion assembly	GO:0051895	itgb1bp1
P granule assembly	GO:1903863	tdrd6
regulation of double-strand break repair via nonhomologous end joining	GO:2001032	mrnip
positive regulation of protein kinase activity	GO:0045860	mrnip
protein localization to chromatin	GO:0071168	mrnip
positive regulation of programmed cell death	GO:0043068	bnip4
anterior lateral line neuromast development	GO:0048901	"edn1	s1pr2"
negative regulation of receptor internalization	GO:0002091	lrpap1
negative regulation of very-low-density lipoprotein particle clearance	GO:0010916	"apoc1	lrpap1"
acrosome reaction	GO:0007340	"iftap	trim36"
tripeptide import across plasma membrane	GO:0140207	slc15a2
regulation of nucleotide-binding domain, leucine rich repeat containing receptor signaling pathway	GO:0070424	slc15a2
peptidoglycan transport	GO:0015835	slc15a2
mRNA 3'-splice site recognition	GO:0000389	isy1
thyroid hormone metabolic process	GO:0042403	crym
positive regulation of convergent extension involved in gastrulation	GO:1904105	"lbx2	wnt5b"
regulation of humoral immune response	GO:0002920	spns2
regulation of T cell migration	GO:2000404	"spns2	zbtb17"
regulation of bile acid biosynthetic process	GO:0070857	fgfr4
regulation of ubiquitin-protein transferase activity	GO:0051438	fem1a
myoblast maturation	GO:0048628	nup210
positive regulation of calcineurin-NFAT signaling cascade	GO:0070886	chp2
proximal/distal pattern formation involved in pronephric nephron development	GO:0072196	mecom
thymidine metabolic process	GO:0046104	tk1
hard palate morphogenesis	GO:1905748	"esrp1	esrp2	irf6"
regulation of protein ubiquitination	GO:0031396	mtbp
traversing start control point of mitotic cell cycle	GO:0007089	mtbp
cholesterol biosynthetic process via 24,25-dihydrolanosterol	GO:0033488	cyp51
erythrocyte aggregation	GO:0034117	smarca5
astrocyte differentiation	GO:0048708	sox9a
positive regulation of retinal ganglion cell axon guidance	GO:1902336	atoh7
regulation of cerebellar neuron development	GO:1905079	polr3b
tRNA transcription	GO:0009304	polr3b
B cell proliferation	GO:0042100	il4
regulation of T-helper 2 cell cytokine production	GO:2000551	il4
homeostatic process	GO:0042592	unm_t32232
mitochondrial mRNA catabolic process	GO:0000958	supv3l1
mitochondrial RNA 3'-end processing	GO:0000965	supv3l1
positive regulation of mitochondrial RNA catabolic process	GO:0000962	supv3l1
mitochondrial ncRNA surveillance	GO:0035945	supv3l1
mitochondrial mRNA surveillance	GO:0035946	supv3l1
S-methylmethionine cycle	GO:0033528	zgc:172121
positive regulation of cell-cell adhesion mediated by integrin	GO:0033634	podxl
positive regulation of oogenesis	GO:1905881	zar1
regulation of lysosomal lumen pH	GO:0035751	tmem175
lysosomal lumen pH elevation	GO:0035752	tmem175
synaptonemal complex organization	GO:0070193	si:ch211-199g17.9
protein localization to microtubule plus-end	GO:1904825	gas2l1
regulation of hyaluronan biosynthetic process	GO:1900125	kctd10
positive regulation of nuclear-transcribed mRNA catabolic process, nonsense-mediated decay	GO:2000624	upf1
late stripe melanocyte differentiation	GO:0050934	"aqp3a	igsf11"
D-gluconate catabolic process	GO:0046177	pgd
D-gluconate metabolic process	GO:0019521	pgd
extraction of mislocalized protein from ER membrane	GO:0140569	atp13a1
regulation of ruffle assembly	GO:1900027	sh3yl1
regulation of lymphangiogenesis	GO:1901490	"bcar1	prkd1"
positive regulation of cap-independent translational initiation	GO:1903679	mettl3
regulation of hydrogen peroxide metabolic process	GO:0010310	mpx
myotube cell development involved in skeletal muscle regeneration	GO:0014906	tmem182a
negative regulation of myoblast differentiation	GO:0045662	tmem182a
negative regulation of myoblast fusion	GO:1901740	tmem182a
positive regulation of deoxyribonuclease activity	GO:0032077	hsf4
negative regulation of cardiac muscle cell apoptotic process	GO:0010667	snx13
negative regulation of t-circle formation	GO:1904430	rtel1
telomeric loop disassembly	GO:0090657	rtel1
erythrocyte enucleation	GO:0043131	nemp1
tetrahydrofolylpolyglutamate biosynthetic process	GO:0046901	fpgs
positive regulation of gene expression via chromosomal CpG island demethylation	GO:0044029	apex1
purine deoxyribonucleotide metabolic process	GO:0009151	nudt1
geranyl diphosphate metabolic process	GO:0033383	plpp6
geranylgeranyl diphosphate catabolic process	GO:1902247	plpp6
farnesyl diphosphate catabolic process	GO:0045339	plpp6
mitotic DNA damage checkpoint signaling	GO:0044773	"stk33	zgc:77398"
retrograde transport, vesicle recycling within Golgi	GO:0000301	golga5
non-replicative DNA transposition	GO:0098038	pgbd5
aromatic amino acid transport	GO:0015801	slc16a10
negative regulation of G0 to G1 transition	GO:0070317	"gabrr1	trpv6"
neuroblast differentiation	GO:0014016	pgk1
mitotic DNA replication preinitiation complex assembly	GO:1902977	cdc45
regulation of late endosome to lysosome transport	GO:1902822	mcoln1a
mitochondrial large ribosomal subunit assembly	GO:1902775	ddx28
actin cortical patch localization	GO:0051666	bin3
regulation of polarized epithelial cell differentiation	GO:0030860	myh11a
retrograde axonal protein transport	GO:0099642	mapk8ip3
peripheral T cell tolerance induction	GO:0002458	aire
regulation of thymocyte migration	GO:2000410	aire
thymus epithelium morphogenesis	GO:0097536	aire
central tolerance induction to self antigen	GO:0002509	aire
negative thymic T cell selection	GO:0045060	aire
regulation of proton transport	GO:0010155	ednraa
acetylcholine catabolic process	GO:0006581	ache
response to amphetamine	GO:0001975	"ache	nad"
clustering of voltage-gated calcium channels	GO:0070073	"ctbp2a	ctbp2l"
negative regulation of osteoblast proliferation	GO:0033689	atraid
negative regulation of fat cell differentiation	GO:0045599	enpp1
inorganic diphosphate transport	GO:0030505	enpp1
cellular response to tumor necrosis factor	GO:0071356	"chuk	smpd4"
myeloid cell homeostasis	GO:0002262	kdm6bb
common myeloid progenitor cell proliferation	GO:0035726	"kdm6bb	thpo"
rhombomere formation	GO:0021594	spry4
N-terminal protein amino acid acetylation	GO:0006474	"naa10	naa50	naa60"
regulation of protein localization to centrosome	GO:1904779	rab11fip3
sarcosine metabolic process	GO:1901052	gnmt
S-adenosylmethionine metabolic process	GO:0046500	gnmt
S-adenosylhomocysteine metabolic process	GO:0046498	gnmt
mitochondrial double-strand break repair via homologous recombination	GO:0097552	mre11a
positive regulation of granulocyte differentiation	GO:0030854	"tesca	tescb"
negative regulation of vitamin D receptor signaling pathway	GO:0070563	kank2
chromosome passenger complex localization to spindle midzone	GO:0035853	klhl21
iron incorporation into metallo-sulfur cluster	GO:0018283	fxn
UV-damage excision repair	GO:0070914	"ercc1	xpa"
iron import into the mitochondrion	GO:0048250	"slc25a28	slc25a37"
toll-like receptor 4 signaling pathway	GO:0034142	"myd88	tlr4al	tlr4bb"
MyD88-dependent toll-like receptor signaling pathway	GO:0002755	"myd88	tlr4al	tlr4bb"
detection of lipopolysaccharide	GO:0032497	"tlr4al	tlr4bb"
regulation of translational initiation by eIF2 alpha phosphorylation	GO:0010998	eif2ak4
cell proliferation in hindbrain ventricular zone	GO:0021923	gas2l3
regulation of barbed-end actin filament capping	GO:2000812	mtpn
regulation of myotome development	GO:2000290	"sulf1	tpcn2"
myoblast migration involved in skeletal muscle regeneration	GO:0014839	akirin1
negative regulation of skeletal muscle satellite cell proliferation	GO:1902723	akirin1
positive regulation of protein localization to cell surface	GO:2000010	tmem35
aspartate biosynthetic process	GO:0006532	"got1	got1l1"
regulation of pigmentation	GO:0120305	nnt
NADPH regeneration	GO:0006740	nnt
positive regulation of mitotic centrosome separation	GO:0046604	ranbp1
positive regulation of interleukin-17 production	GO:0032740	opa1
mitochondrial inner membrane fusion	GO:1990627	opa1
membrane tubulation	GO:0097749	opa1
hydrogen sulfide metabolic process	GO:0070813	ethe1
regulation of cardiac muscle cell myoblast differentiation	GO:2000690	fosl2
stabilization of membrane potential	GO:0030322	kcnk18
RNA splicing, via transesterification reactions	GO:0000375	dbr1
thymine catabolic process	GO:0006210	"aldh6a1	dpydb"
UDP-N-acetylglucosamine transmembrane transport	GO:1990569	slc35b4
sister chromatid segregation	GO:0000819	"top2a	top2b"
regulation of uterine smooth muscle contraction	GO:0070472	setd3
peptidyl-histidine methylation	GO:0018021	setd3
actin modification	GO:0030047	setd3
female germ-line stem cell population maintenance	GO:0036099	nanos3
bone mineralization involved in bone maturation	GO:0035630	col1a1a
calcium-independent cell-matrix adhesion	GO:0007161	vwa2
regulation of autophagic cell death	GO:1904092	tmbim4
pentose metabolic process	GO:0019321	fggy
uracil catabolic process	GO:0006212	dpydb
thymidine catabolic process	GO:0006214	dpydb
midbrain-hindbrain boundary initiation	GO:0021547	sfpq
mesonephros development	GO:0001823	ift122
establishment of endothelial barrier	GO:0061028	cldn5a
'de novo' actin filament nucleation	GO:0070060	jmy
actin polymerization-dependent cell motility	GO:0070358	jmy
negative regulation of blood coagulation	GO:0030195	f7i
heterotrimeric G-protein complex assembly	GO:1902605	pdcl
adrenomedullin receptor signaling pathway	GO:1990410	"adma	admb"
negative regulation of chondrocyte development	GO:0061182	"rflna	rflnb"
negative regulation of bone mineralization involved in bone maturation	GO:1900158	"rflna	rflnb"
regulation of chondrocyte hypertrophy	GO:1903041	ewsr1a
glyoxal metabolic process	GO:1903189	park7
positive regulation of oxidative phosphorylation uncoupler activity	GO:2000277	park7
guanine deglycation	GO:0106044	park7
glycolate biosynthetic process	GO:0046295	park7
guanine deglycation, glyoxal removal	GO:0106046	park7
guanine deglycation, methylglyoxal removal	GO:0106045	park7
regulation of long-term neuronal synaptic plasticity	GO:0048169	"rab5aa	rab5ab"
negative regulation of smoothened signaling pathway involved in dorsal/ventral neural tube patterning	GO:1901621	gpr161b
regulation of calcium ion transport	GO:0051924	gpr161b
extraction of mislocalized protein from mitochondrial outer membrane	GO:0140570	"atad1a	atad1b"
mitotic recombination-dependent replication fork processing	GO:1990426	rad51
immunoglobulin heavy chain V-D-J recombination	GO:0071707	prkdc
T cell receptor V(D)J recombination	GO:0033153	prkdc
transposable element silencing by piRNA-mediated heterochromatin formation	GO:0141006	"piwil1	tdrd9"
regulation of cytoplasmic translation	GO:2000765	piwil1
propionate metabolic process, methylmalonyl pathway	GO:0019678	mmut
regulation of vascular endothelial cell proliferation	GO:1905562	slc39a9
regulation of cellular response to testosterone stimulus	GO:2000654	slc39a9
serotonin uptake	GO:0051610	"slc6a4a	slc6a4b"
endoplasmic reticulum localization	GO:0051643	copb2
negative regulation of stress fiber assembly	GO:0051497	"arhgap28	rhpn2"
chromosomal DNA methylation maintenance following DNA replication	GO:0141119	hells
regulation of complement activation	GO:0030449	susd4
U6 snRNA 3'-end processing	GO:0034477	usb1
regulation of tumor necrosis factor-mediated signaling pathway	GO:0010803	spata2
regulation of necroptotic process	GO:0060544	spata2
regulation of calcineurin-mediated signaling	GO:0106056	"hhatla	ndufa7"
histamine catabolic process	GO:0001695	hnmt
regulation of Wnt signaling pathway, calcium modulating pathway	GO:0008591	"rgs3a	wnt5b"
negative regulation of Wnt signaling pathway, calcium modulating pathway	GO:0045812	rgs3a
enzyme-linked receptor protein signaling pathway	GO:0007167	"crk	crkl"
nephron development	GO:0072006	nup85
mitotic sister chromatid cohesion, centromeric	GO:0071962	naa50
L-ascorbic acid transmembrane transport	GO:0015882	slc23a1
positive regulation of telomere maintenance via telomerase	GO:0032212	nek7
snRNA (adenine-N6)-methylation	GO:0120049	mettl16
protein mannosylation	GO:0035268	dpm1
granulocyte colony-stimulating factor signaling pathway	GO:0038158	"jagn1a	jagn1b"
glucosylceramide biosynthetic process	GO:0006679	ugcg
hemidesmosome assembly	GO:0031581	llgl2
establishment of spindle orientation	GO:0051294	llgl2
gamma-aminobutyric acid transport	GO:0015812	slc32a1
plus-end-directed vesicle transport along microtubule	GO:0072383	fyco1a
regulation of melanosome organization	GO:1903056	pmela
amyloid fibril formation	GO:1990000	pmela
ethanolamine transport	GO:0034229	zgc:63569
co-translational protein modification	GO:0043686	pdf
phagocytosis, recognition	GO:0006910	colec12
intracellular pH reduction	GO:0051452	si:ch73-390b10.2
regulation of glomerular filtration	GO:0003093	"ptpro	vcana"
DNA transposition	GO:0006313	si:ch73-217n20.1
nucleosome disassembly	GO:0006337	atad2b
intracellular sterol transport	GO:0032366	"arv1	gramd1c"
development of secondary sexual characteristics	GO:0045136	tshba
platelet dense granule organization	GO:0060155	"dtnbp1a	dtnbp1b"
regulation of circadian sleep/wake cycle	GO:0042749	"dhx30	pigq"
proprioception	GO:0019230	otog
positive regulation of protein localization	GO:1903829	amotl2a
bleb assembly	GO:0032060	akap12b
slow muscle cell migration	GO:1904969	akap12b
arginine catabolic process to proline via ornithine	GO:0010121	oat
arginine catabolic process to glutamate	GO:0019544	oat
UDP-glucuronate biosynthetic process	GO:0006065	ugdh
heart valve formation	GO:0003188	ugdh
glycolipid translocation	GO:0034203	rft1
positive regulation of stress-activated MAPK cascade	GO:0032874	taok1b
positive regulation of protein metabolic process	GO:0051247	mtor
endoplasmic reticulum stress-induced pre-emptive quality control	GO:0061857	bag6l
aggresome assembly	GO:0070842	trim37
activation of protein kinase activity	GO:0032147	tpx2
ruffle assembly	GO:0097178	aif1l
sperm motility	GO:0097722	lpgat1
third ventricle development	GO:0021678	fgfrl1a
lateral ventricle development	GO:0021670	fgfrl1a
regulation of programmed necrotic cell death	GO:0062098	tp63
oligodendrocyte apoptotic process	GO:0097252	tnfrsf21
negative regulation of B cell proliferation	GO:0030889	tnfrsf21
mitochondrial tRNA methylation	GO:0070901	trmt5
negative regulation of lens fiber cell differentiation	GO:1902747	foxe3
zona limitans intrathalamica formation	GO:0022006	apc
superior colliculus development	GO:0061380	apc
amine metabolic process	GO:0009308	"aoc1	aoc2"
ammonium excretion	GO:0140734	"mfsd14a1	mfsd14a2"
somatic recombination of immunoglobulin genes involved in immune response	GO:0002204	msh2
protein K69-linked ufmylation	GO:1990592	"ddrgk1	ufm1"
neurotransmitter receptor transport to postsynaptic membrane	GO:0098969	rab8a
detection of mechanical stimulus involved in sensory perception of pain	GO:0050966	tmem120aa
myosin filament organization	GO:0031033	hspb9l
regulation of phagosome maturation	GO:1905162	rab28
negative regulation of hypoxia-inducible factor-1alpha signaling pathway	GO:1902072	vhl
limb epidermis development	GO:0060887	llgl1
glucan metabolic process	GO:0044042	epm2a
regulation of glycogen metabolic process	GO:0070873	epm2a
copper ion export	GO:0060003	atp7a
T cell extravasation	GO:0072683	cd99
Okazaki fragment processing involved in mitotic DNA replication	GO:1903461	lig1
DNA ligation	GO:0006266	lig1
anterior head development	GO:0097065	zgc:162025
cysteine metabolic process	GO:0006534	gclc
male sex differentiation	GO:0046661	dmrt3a
ATP generation from poly-ADP-D-ribose	GO:1990966	"parga	pargl"
nucleotide-sugar metabolic process	GO:0009225	"parga	pargl"
peptidyl-lysine hydroxylation to 5-hydroxy-L-lysine	GO:0018395	jmjd6
cGAS/STING signaling pathway	GO:0140896	sting1
regulation of type I interferon production	GO:0032479	sting1
positive regulation of cholesterol efflux	GO:0010875	zdhhc8b
regulation of retrograde vesicle-mediated transport, Golgi to ER	GO:2000156	bet1l
negative regulation of calcineurin-mediated signaling	GO:0106057	kcnh2a
regulation of cell migration involved in somitogenic axis elongation	GO:0090249	ppp2r3a
sphinganine metabolic process	GO:0006667	degs2
regulation of mRNA 3'-end processing	GO:0031440	cpeb1b
endoplasmic reticulum membrane fusion	GO:0016320	vcpip1
chordate pharynx development	GO:0160093	wdr55
endocytosis involved in viral entry into host cell	GO:0075509	tpcn2
morphogenesis of follicular epithelium	GO:0016333	buc
pole plasm assembly	GO:0007315	buc
oocyte anterior/posterior axis specification	GO:0007314	buc
pericardium morphogenesis	GO:0003344	tbx5a
cell migration involved in vasculogenesis	GO:0035441	sema3aa
positive regulation of locomotion	GO:0040017	popdc1
positive regulation of receptor recycling	GO:0001921	popdc1
succinate metabolic process	GO:0006105	sdhaf3
positive regulation of anterograde synaptic vesicle transport	GO:1903744	borcs5
positive regulation of excitatory postsynaptic potential	GO:2000463	neto1
regulation of intestinal epithelial cell development	GO:1905298	il10
lysosomal protein catabolic process	GO:1905146	clcn7
positive regulation of membrane repolarization during cardiac muscle cell action potential	GO:1905033	rnf207b
positive regulation of membrane repolarization during ventricular cardiac muscle cell action potential	GO:1905026	rnf207b
positive regulation of melanin biosynthetic process	GO:0048023	htr2aa
toll-like receptor 9 signaling pathway	GO:0034162	unc93b1
toll-like receptor 7 signaling pathway	GO:0034154	unc93b1
putrescine metabolic process	GO:0009445	aoc1
aminoacyl-tRNA metabolism involved in translational fidelity	GO:0106074	dtd2
FAD biosynthetic process	GO:0006747	flad1
protein deglutamylation	GO:0035608	agbl5
protein branching point deglutamylation	GO:0035611	agbl5
vestibular receptor cell morphogenesis	GO:0060116	cldn3c
regulation of cardiac muscle hypertrophy	GO:0010611	"hhatla	myh7l"
protein localization to mitotic spindle	GO:1902480	fam83d
heterochromatin boundary formation	GO:0033696	trip12
epidermal cell division	GO:0010481	piezo1
homeostasis of number of cells within a tissue	GO:0048873	piezo1
ciliary transition zone assembly	GO:1905349	cep290
regulation of retinal cell programmed cell death	GO:0046668	cep290
amino-acid betaine catabolic process	GO:0006579	bhmt
L-methionine salvage	GO:0071267	bhmt
negative regulation of protein localization to cilium	GO:1903565	lztfl1
protein K27-linked ubiquitination	GO:0044314	rnf185
regulation of plasma membrane sterol distribution	GO:0097036	arv1
GPI anchor metabolic process	GO:0006505	pgap3
regulation of DNA damage checkpoint	GO:2000001	etaa1a
neurohypophysis morphogenesis	GO:0048848	oxtra
maternal process involved in parturition	GO:0060137	"oxtra	oxtrb"
oculomotor nerve formation	GO:0021623	chn1
brown fat cell differentiation	GO:0050873	metrnla
positive regulation of brown fat cell differentiation	GO:0090336	metrnla
putrescine biosynthetic process from arginine, using agmatinase	GO:0033389	agmat
regulation of postsynaptic specialization assembly	GO:0099150	arhgef9a
Wnt receptor catabolic process	GO:0038018	"kremen1	znrf3"
anterior lateral line neuromast hair cell differentiation	GO:0048903	kremen1
protein hydroxylation	GO:0018126	jmjd4
deoxyribonucleoside triphosphate catabolic process	GO:0009204	itpa
regulation of actin filament-based process	GO:0032970	abracl
peptidyl-arginine methylation, to symmetrical-dimethyl arginine	GO:0019918	"ndufaf7	prmt5"
modification of synaptic structure	GO:0099563	cyfip1
ruffle organization	GO:0031529	cyfip1
regulation of cell projection assembly	GO:0060491	mapkap1
mesodermal to mesenchymal transition involved in gastrulation	GO:0060809	tbx16
peptide pheromone maturation	GO:0007323	fnta
NAD salvage	GO:0034355	naprt
microvillus organization	GO:0032528	"rab11fip5a	rab11fip5b"
terminal web assembly	GO:1902896	"rab11fip5a	rab11fip5b"
cerebellar neuron development	GO:0098749	atg4da
carnitine transmembrane transport	GO:1902603	slc25a20
positive regulation of interferon-beta production	GO:0032728	ticam1
negative regulation of MyD88-independent toll-like receptor signaling pathway	GO:0034128	sarm1
development of primary female sexual characteristics	GO:0046545	lhfpl2a
nuclear DNA replication	GO:0033260	zgc:77398
posterior lateral line neuromast mantle cell differentiation	GO:0048924	irx4a
regulation of synaptic transmission, cholinergic	GO:0032222	atcaya
asparaginyl-tRNA aminoacylation	GO:0006421	"nars1	nars2"
polyuridylation-dependent mRNA catabolic process	GO:1990074	dis3l2
miRNA catabolic process	GO:0010587	dis3l2
negative regulation of mesenchymal cell proliferation involved in lung development	GO:2000791	phf14
negative regulation of mesenchymal cell proliferation	GO:0072201	phf14
mesenchymal cell proliferation involved in lung development	GO:0060916	phf14
mesenchymal cell proliferation	GO:0010463	phf14
negative regulation of platelet-derived growth factor receptor-alpha signaling pathway	GO:2000584	phf14
forebrain cell migration	GO:0021885	alcamb
canonical Wnt signaling pathway involved in negative regulation of apoptotic process	GO:0044336	nup62l
negative T cell selection	GO:0043383	themis
positive T cell selection	GO:0043368	themis
homocysteine catabolic process	GO:0043418	blmh
negative regulation of cardiac muscle tissue regeneration	GO:1905179	dusp6
TRAIL-activated apoptotic signaling pathway	GO:0036462	hdr
base-excision repair, DNA ligation	GO:0006288	lig3
double-strand break repair via alternative nonhomologous end joining	GO:0097681	lig3
cap-dependent translational initiation	GO:0002191	eif3d
reelin-mediated signaling pathway	GO:0038026	"pafah1b1a	pafah1b1b"
microtubule sliding	GO:0051012	"pafah1b1a	pafah1b1b"
sorbitol catabolic process	GO:0006062	sord
regulation of adenylate cyclase activity	GO:0045761	npffr2a
regulation of cAMP-dependent protein kinase activity	GO:2000479	npffr2a
positive regulation of motile cilium assembly	GO:1905505	zmynd10
nucleotide-excision repair, DNA damage recognition	GO:0000715	xpa
regulation of smooth muscle tissue development	GO:1905899	ltbp3
monosaccharide metabolic process	GO:0005996	fuom
behavioral response to pain	GO:0048266	lpar5a
oxygen metabolic process	GO:0072592	cln5
regulation of cellular response to stress	GO:0080135	hapstr1b
negative regulation of signal transduction by p53 class mediator	GO:1901797	hapstr1b
negative regulation of integrin-mediated signaling pathway	GO:2001045	"phactr4a	phactr4b"
tooth replacement	GO:0061648	scpp5
regulation of opsin-mediated signaling pathway	GO:0022400	grk1a
polyamine metabolic process	GO:0006595	srm
telomere tethering at nuclear periphery	GO:0034398	nup98
B cell activation	GO:0042113	"prkcbb	skap2"
negative regulation of IRE1-mediated unfolded protein response	GO:1903895	"ddrgk1	ufl1"
positive regulation of reticulophagy	GO:0140501	"ddrgk1	ufl1"
negative regulation of vascular permeability	GO:0043116	plcb3
negative regulation of calcium ion import	GO:0090281	plcb3
positive regulation of chondrocyte proliferation	GO:1902732	atg13
peptidyl-arginine N-methylation	GO:0035246	prmt5
regulation of lymphocyte migration	GO:2000401	stk10
establishment of apical/basal cell polarity	GO:0035089	scrib
neurotransmitter receptor transport postsynaptic membrane to endosome	GO:0098968	scrib
action potential initiation	GO:0099610	auts2a
kinetochore organization	GO:0051383	nuf2
L-serine transport	GO:0015825	slc1a4
neutral lipid metabolic process	GO:0006638	sbds
snoRNA localization	GO:0048254	znhit3
negative regulation of translational elongation	GO:0045900	srp9
endonucleolytic cleavage to generate mature 3'-end of SSU-rRNA from (SSU-rRNA, 5.8S rRNA, LSU-rRNA)	GO:0000461	rps21
bulbus arteriosus formation	GO:0003234	cadm4
regulation of dense core granule exocytosis	GO:1905413	baiap3
positive regulation of neurotransmitter secretion	GO:0001956	baiap3
retinal cone cell fate commitment	GO:0046551	tbx2b
positive regulation of gamma-aminobutyric acid secretion	GO:0014054	trh
negative regulation of glutamate secretion	GO:0014050	trh
histamine metabolic process	GO:0001692	trh
negative regulation of cholesterol transport	GO:0032375	apoc1
negative regulation of lipid catabolic process	GO:0050995	apoc1
regulation of cellular response to heat	GO:1900034	dhx30
thigmotropism	GO:0009652	piezo2b
negative regulation of oligodendrocyte progenitor proliferation	GO:0070446	sirt2
cellular response to caloric restriction	GO:0061433	sirt2
positive regulation of execution phase of apoptosis	GO:1900119	sirt2
negative regulation of reactive oxygen species metabolic process	GO:2000378	sirt2
tubulin deacetylation	GO:0090042	sirt2
male meiotic nuclear division	GO:0007140	tdrd9
male courtship behavior	GO:0008049	ar
epithelial cell maturation	GO:0002070	ascl1a
forebrain dorsal/ventral pattern formation	GO:0021798	smo
antigen processing and presentation of peptide antigen via MHC class I	GO:0002474	b2m
positive regulation of serine C-palmitoyltransferase activity	GO:1904222	wnt5b
compound eye photoreceptor cell differentiation	GO:0001751	six7
positive regulation of glial cell proliferation	GO:0060252	stat3
positive regulation of trophoblast cell migration	GO:1901165	apela
mesendoderm migration	GO:0090133	apela
membrane hyperpolarization	GO:0060081	kctd7
L-asparagine biosynthetic process	GO:0070981	asns
monocyte proliferation	GO:0061516	asxl1
nuclear-transcribed mRNA catabolic process, non-stop decay	GO:0070481	pelo
RNA surveillance	GO:0071025	pelo
nonfunctional rRNA decay	GO:0070651	pelo
nuclear-transcribed mRNA catabolic process, no-go decay	GO:0070966	pelo
regulation of collateral sprouting	GO:0048670	clstn1
protein localization to endoplasmic reticulum	GO:0070972	ddrgk1
aggressive behavior	GO:0002118	vrk2
farnesyl diphosphate biosynthetic process, mevalonate pathway	GO:0010142	hmgcs1
acetyl-CoA metabolic process	GO:0006084	hmgcs1
glutaminyl-tRNA aminoacylation	GO:0006425	qars1
regulation of chaperone-mediated autophagy	GO:1904714	gfap
regulation of cellular respiration	GO:0043457	sigmar1
basement membrane disassembly	GO:0034769	adamts16
gap junction assembly	GO:0016264	tjp1b
positive regulation of muscle tissue development	GO:1901863	megf10
protein localization to Cajal body	GO:1904867	uspl1
